source_protein,target_protein,interaction_type,effect,direct,condition,pmids,evidence,confidence,status,note,verified_on,verified_note,partner,site,evidence_kind,necessity,redundant_with,strength,layer,timing
AIM22,LAT1,enzymatic,activate,direct,,19570983,,high,new,AIM22＝LIP3。リポイル基転移酵素として PDH の E2（Lat1）をリポイル化する。リポイル化は E2 の働きに必須,2026-10-04,要旨: LIP3 は Lat1 と Kgd2 のリポイル化に必要で、Lip3 の酵素活性が欠かせない（19570983）,,,in_vivo;genetic,necessary,,,activity,
AIM22,KGD2,enzymatic,activate,direct,,19570983,,high,new,AIM22＝LIP3。α-ケトグルタル酸脱水素酵素の E2（Kgd2）をリポイル化する,2026-10-04,要旨: LIP3 は Lat1 と Kgd2 のリポイル化に必要で、Lip3 の酵素活性が欠かせない（19570983）,,,in_vivo;genetic,necessary,,,activity,
BI3,COB,other,activate,直接かは不明,,2538624,,high,new,bI3 マチュラーゼは COB（シトクロム b）の mRNA の第 3 イントロン（bI3）のスプライシングに要る。変異で成熟 mRNA ができない,2026-10-04,要旨: bi3 の ORF が作るタンパク質はシトクロム b の mRNA のスプライシングに働く特異的なマチュラーゼ（2538624）,,,in_vivo;genetic,necessary,,,expression,
MRS1,COB,other,activate,直接かは不明,,1699677,,high,new,MRS1＝PET157。COB の bI3 イントロン（と COX1 の aI5β）の切り出しに要る。bI3 マチュラーゼと組んで働く,2026-10-04,要旨: pet157 変異で前駆体 mRNA がたまり、PET157 の産物は cob-box の bI3 と coxI の aI6 の切り出しに必要（1699677）,BI3,,in_vivo;genetic,necessary,,,expression,
ERG12,RSF2,activation,activate,直接かは不明,,29374778,,medium,new,メバロン酸キナーゼの活性が 10% に下がった erg12-d 変異で RSF2 の発現が下がる（網羅的な発現解析）。仕組みは不明,2026-10-04,要旨: erg12-d の発現解析で、呼吸の遺伝子の転写因子 RSF2 の発現が特異的に下がる（29374778）,,,in_vivo,,,,expression,
IMP3,MPP10,binding,none,direct,,10409734,,high,new,U3 snoRNP（SSU プロセソーム）の構成要素どうし。2 ハイブリッドで見つかり、生体内でも Mpp10 と会合,2026-10-04,要旨: Mpp10 と結合するタンパク質として 2 ハイブリッドで Imp3 と Imp4 を同定。どちらも生体内で Mpp10 と会合（10409734）,,,in_vivo,,,,,
MRP17,PET122,other,none,直接かは不明,,1279374,,medium,new,mrp17 変異は PET122（COX3 の翻訳の活性化因子）の C 末欠失の対立遺伝子特異的な抑圧変異。PET122 がミトコンドリアのリボソーム小サブユニットと働き合うことを示す（遺伝学のみ）,2026-10-04,要旨: PET122 の C 末欠失を対立遺伝子特異的に抑圧する新しい遺伝子として MRP17 と PET127 を同定（1279374）,,,genetic,,,,,
MSI1,NPR1,inhibition,inhibit,直接かは不明,,11238915,,medium,new,MSI1＝CAC3。Cac3 は Npr1 と会合し、Npr1 を隔離して RAS/cAMP 経路を抑える（CAF-I とは別の働き）,2026-10-04,要旨: Cac3 は Npr1 と会合し、余分な Cac3 は Npr1 を隔離して RAS/cAMP 経路を抑える。NPR1 の過剰発現でこの抑制が妨げられる（11238915）,,,in_vivo;genetic,,,,,
MSI1,RHO5,inhibition,inhibit,via NPR1,浸透圧ストレス,18621925,,medium,new,MSI1 は活性型 RHO5 の浸透圧感受性（ste50 欠失のもと）の多コピー抑圧因子。Npr1 を介して働く,2026-10-04,要旨: Msi1 は Npr1 を介して活性型 Rho5 のシグナルも抑える（18621925）,,,genetic,,,,,
PAD1,FDC1,enzymatic,activate,直接かは不明,,28283523,,medium,new,Pad1 はプレニル化 FMN（prFMN）補因子を作るミトコンドリアの酵素。Fdc1 によるフェニルアクリル酸の脱炭酸に要る,2026-10-04,要旨: PAD1 は補因子 prFMN を作る酵素。細菌の AroY-B が Fdc1 による脱炭酸での Pad1 の働きを代われる（28283523）,,,in_vivo,necessary,,,activity,
PRP24,LSM2,binding,none,direct,,29717126,,high,new,U6 snRNP の構成要素どうし。Prp24 の RRM4 が Lsm2 と、C 末（SNFFL box）が Lsm5・Lsm7 と接する（結晶構造）,2026-10-04,本文: U6 snRNP の結晶構造で Prp24 の RRM4 と Lsm2、C 末と Lsm5・Lsm7 の接触が見える（29717126）,,,structural,,,,,
PRP24,LSM5,binding,none,direct,,29717126,,high,new,U6 snRNP の構成要素どうし。Prp24 の RRM4 が Lsm2 と、C 末（SNFFL box）が Lsm5・Lsm7 と接する（結晶構造）,2026-10-04,本文: U6 snRNP の結晶構造で Prp24 の RRM4 と Lsm2、C 末と Lsm5・Lsm7 の接触が見える（29717126）,,,structural,,,,,
PRP24,LSM7,binding,none,direct,,29717126,,high,new,U6 snRNP の構成要素どうし。Prp24 の RRM4 が Lsm2 と、C 末（SNFFL box）が Lsm5・Lsm7 と接する（結晶構造）,2026-10-04,本文: U6 snRNP の結晶構造で Prp24 の RRM4 と Lsm2、C 末と Lsm5・Lsm7 の接触が見える（29717126）,,,structural,,,,,
SSL2,SUA7,other,none,直接かは不明,,22081613,,medium,new,ssl2（H508R）は sua7-1（TFIIB E62K）の低温感受性の抑圧変異で、転写開始点の選択と遺伝子ループを一部戻す,2026-10-04,要旨: ssl2 変異が sua7-1 の生育の欠陥を抑圧し、開始点の選択と遺伝子ループを一部戻す。TFIIB と Ssl2 の機能的な相互作用（22081613）,,,genetic;in_vivo,,,,,
KGD4,LPD1,binding,activate,direct,,25165143,,high,new,Kgd4 は E1-E2 の芯と E3（Lpd1）の両方に結合するアダプターで、Lpd1 を α-KGDH 複合体に呼び込む,2026-10-04,本文: kgd4 欠失では Lpd1 が Kgd1・Kgd2 と一緒に移動しない。Lpd1 と Kgd1・Kgd2 の安定な結合は Kgd4 に依存（25165143）,,,in_vivo,necessary,,,activity,
MGR2,TIM23,binding,none,direct,,32186971,,high,new,TIM23 複合体の構成要素どうし。Mgr2 は前駆体を内膜へ横に放す門番,2026-10-04,要旨: Mgr2 はチャネルを作る Tim23 と直接会合する（32186971）,,,in_vivo,,,,,
MGR2,TIM21,binding,none,直接かは不明,,32186971,,medium,new,Mgr2 の TM1 が Tim23・Tim21 との会合に要る。TM2 は Tim21 を介して呼吸鎖複合体と TIM23 をつなぐ,2026-10-04,要旨: 変異解析で Mgr2 の TM1 が Tim23・Tim21 との会合に必須（32186971）,,,in_vivo,,,,,
CDC36,NOT5,binding,none,直接かは不明,,12215412,,medium,new,CDC36＝NOT2。CCR4-NOT 複合体の構成要素どうし。Not2 の N 末が Not5 の複合体への会合を安定にする,2026-10-04,要旨: NOT2 の N 末の変異で NOT5 の CCR4-NOT への会合が変わり、Not2 の N 末が Not5 と接して安定にする（12215412）,,,in_vivo,,,,,
CDC36,CDC39,binding,none,direct,,24121231,,high,new,CDC36＝NOT2・CDC39＝NOT1。Not1-Not2-Not5 の結晶構造。三者の結合を壊すと生体内で生育が強く損なわれる,2026-10-04,要旨: Not1 の C 末・Not2・Not5 の芯の複合体の結晶構造で、Not2 と Not5 が Not1 に巻き付く（24121231）,,,structural;in_vivo,,,,,
CDC36,ADA2,binding,none,直接かは不明,,12215412,,medium,new,CDC36＝NOT2。Not2 は SAGA の Ada2 と結合する（変異で結合が失われても重い表現型にはならない）,2026-10-04,要旨: not2-4・not2::R165G で NOT2 と ADA2 の結合が失われる（12215412）,,,in_vivo,,,,,
AFT2,GEX1,transcription,activate,直接かは不明,鉄の制限,21490148,,high,new,鉄欠乏で GEX1 が誘導され、主に Aft2 に依存。GEX1 のプロモーターに Aft2 の結合配列がある。Aft1 より Aft2 の方が強く誘導,2026-10-04,要旨: Gex1 の発現は鉄欠乏で誘導され、主に鉄に応答する転写因子 Aft2 に依存（21490148）,,,in_vivo,necessary,AFT1,,expression,
AFT1,GEX1,transcription,activate,直接かは不明,鉄の制限,21490148,,medium,new,AFT1 も GEX1 を誘導するが Aft2 より弱い,2026-10-04,本文: 野生型 AFT1・AFT2 の発現で GEX1 が発現し、両方の標的。AFT2 の方が効率がよい（21490148）,,,in_vivo,,AFT2,weak,expression,
ALG8,WBP1,other,activate,直接かは不明,,8016100,,medium,new,Alg8 などのグルコースを足す酵素が作る Glc3Man9GlcNAc2 はオリゴ糖転移酵素（Wbp1 を含む OST）の好む基質。alg8 と wbp1-1 は合成で強い生育の欠陥（ALG8 はこの合成表現型で単離）,2026-10-04,要旨: グルコースを付ける段階の変異を wbp1-1 と組み合わせると、最適でない糖鎖がたまり OST 活性も低いため強い生育の欠陥になる。この表現型で ALG8 を単離（8016100）,,,genetic,,,,,
GPI11,LAS21,activation,activate,直接かは不明,,10793139,,medium,new,LAS21＝GPI7。Gpi11 を欠くと Gpi7 による 2 番目のマンノースへの EthN-P 付加が損なわれる（たまる脂質が gpi7 欠失と似る）。Gpi11 は EthN-P 転移酵素と組んで働くと推定,2026-10-04,要旨: Gpi11 欠損でたまる脂質は Gpi7 欠損と似ており、Gpi11 の欠損が Gpi7 による Man-2 への EthN-P 付加に影響する（10793139）,,,in_vivo,,,,,
MHF2,MHF1,binding,none,direct,,22325783,,high,new,MHF 複合体（Mhf1-Mhf2 のヘテロ四量体）。四量体の形成が DNA 修復の働きに必須（遺伝学）,2026-10-04,要旨: MHF1 と MHF2 はヒストン様の折りたたみをとりヘテロ四量体を作る。四量体の形成は DNA 修復に必須（22325783）,,,structural;genetic,,,,,
ELG1,MHF2,binding,none,直接かは不明,,23624835,,medium,new,Elg1 は Mhf1/Mhf2 複合体と物理的に結合する。Mhf1/2 の効果は elg1 欠失のもと HU で見える,2026-10-04,要旨: Elg1 は Mhf1/Mhf2 複合体と物理的に接し、MPH1・CHL1 と遺伝的に相互作用する（23624835）,,,in_vivo,,,,,
RAD6,SWD2,ubiquitination,activate,direct,,18849979,,high,new,Rad6/Bre1 が COMPASS の Swd2 の K68・K69 をユビキチン化し、H3K4 のトリメチル化（Spp1 の呼び込み）を進める,2026-10-04,要旨: H2B のユビキチン化を担う Rad6/Bre1 が Swd2 の修飾にも直接関わる。Swd2 の K68・K69 の変異で H3K4me3 が大きく減る（18849979）,BRE1,K68;K69,in_vivo,necessary,,,activity,
BRE1,SWD2,ubiquitination,activate,direct,,18849979,,high,new,Rad6/Bre1 が Swd2 の K68・K69 をユビキチン化し、H3K4 のトリメチル化を進める,2026-10-04,要旨: Rad6/Bre1 が Swd2 の修飾に直接関わる（18849979）,RAD6,K68;K69,in_vivo,necessary,,,activity,
SWD2,SPP1,localization,activate,直接かは不明,,18849979,,high,new,ユビキチン化された Swd2 が、トリメチル化に要る COMPASS の Spp1 を呼び込む,2026-10-04,要旨: Swd2 のユビキチン化が、トリメチル化に必要な COMPASS の Spp1 の呼び込みを制御する（18849979）,,,in_vivo,necessary,,,localization,
SWD2,SET1,binding,none,直接かは不明,,32358498,,high,new,Set1 の N 末と Swd2 は互いに結合し、COMPASS の Pol II CTD への結合に両方が要る。Set1 との結合を壊す Swd2 の点変異で COMPASS のクロマチンへの呼び込みと H3K4 メチル化が損なわれる,2026-10-04,要旨: Set1 の N 末と Swd2 は互いに結合し、どちらも CTD への効率的な結合に必要（32358498）,,,in_vivo,,,,,
YRB30,GSP1,binding,none,direct,,12578832,,high,new,Yrb30 は GTP 型の Gsp1（Ran）に Yrb1 と競合して結合する,2026-10-04,要旨: Yrb30 は Yrb1 と競合して GTP 型の Gsp1 に結合し、RanGTP・カリオフェリンと三者複合体を作る（12578832）,,,in_vitro,,,,,
YRB30,RNA1,inhibition,inhibit,direct,,12578832,,high,new,Yrb30 は Rna1（RanGAP）による Gsp1 の GTP 加水分解を抑える（Yrb1 は逆に促進）,2026-10-04,要旨: Yrb30 は Yrb1 と違い、Rna1 による Ran の GTP 加水分解を抑える（12578832）,,,in_vitro,,,,activity,
RMD9,DSS1,inhibition,inhibit,直接かは不明,,38599301,,medium,new,Rmd9 は 15S rRNA の 3′ 末端領域に結合し、mtEXO（Dss1 を含む）の働きを制限する（rmd9 と dss1 の遺伝的相互作用）,2026-10-04,要旨: Rmd9 は 15S の 3′ 末端領域に結合し、rmd9 と dss1 の遺伝的相互作用から 3′ スペーサーの処理で mtEXO の活性を制限する（38599301）,,,genetic;in_vivo,,,,activity,
OGG1,RAP1,localization,activate,直接かは不明,,19942858,,medium,new,ogg1 欠失でテロメアの酸化グアニン（8-oxoG）が増え、テロメアに結合する Rap1 が減る（8-oxoG は試験管内で Rap1 の結合を弱める）,2026-10-04,要旨: ogg1Δ でテロメアに結合した Rap1 と Rif2 の量が減る（19942858）,,,in_vivo,,,,localization,
OGG1,RIF2,localization,activate,直接かは不明,,19942858,,medium,new,ogg1 欠失でテロメアに結合する Rif2 が減る（テロメアのグアニンの酸化損傷による）,2026-10-04,要旨: ogg1Δ でテロメアに結合した Rap1 と Rif2 の量が減る（19942858）,,,in_vivo,,,,localization,
AIM23,COX1,other,activate,直接かは不明,,26728900,,medium,new,ミトコンドリアの翻訳開始因子 mIF3（Aim23）は Cox1・Cox2・Cox3 の合成に要る（欠失で抑えられる）,2026-10-04,要旨: aim23 欠失で Cox1・Cox2・Cox3 の発現が抑えられ、Atp9 の合成速度は上がる（26728900）,,,in_vivo,partial,,,expression,
AIM23,OLI1,other,inhibit,直接かは不明,,26728900,,medium,new,Atp9 は OLI1 の別名。aim23 欠失で Atp9 の合成速度が上がる（翻訳の偏り）,2026-10-04,要旨: aim23 欠失で Atp9 の合成速度が上がる（26728900）,,,in_vivo,,,,expression,
BI4,NAM2,binding,none,直接かは不明,,11142386,,medium,new,bI4 マチュラーゼと Nam2（ミトコンドリアのロイシル tRNA 合成酵素）はどちらも COB の bI4 イントロンに直接結合し、イントロンを介して三者の複合体になる（COB の bI4 イントロンのスプライシング）,2026-10-04,要旨: Nam2p と bI4 マチュラーゼはそれぞれ bI4 イントロンに結合し、イントロンが両者の結合を橋渡しする（11142386）,,,in_vivo,,,,activity,
GOT1,SFT2,other,none,直接かは不明,,10406798,,medium,new,Got1 と Sft2 は合成致死で、どちらかがあればゴルジ体への小胞の融合が起こる（働きが重なる）,2026-10-04,要旨: got1 sft2 の二重欠失で ER→ゴルジ体の輸送が止まり、どちらか一方があれば小胞の融合が起こる（10406798）,,,genetic,,SFT2,,,
GOT1,YIP1,other,none,直接かは不明,,19383723,,medium,new,GOT1 の多コピーは温度感受性 yip1-2 を抑圧する（最も強い抑圧因子。sec23・sec31 も中程度に抑圧）,2026-10-04,要旨: GOT1 は yip1-2 の多コピー抑圧因子として得られ、COPII 小胞に取り込まれて ER とゴルジ体を往復する（19383723）,,,genetic,,,,,
INA22,INA17,binding,none,直接かは不明,,24942160,,high,new,INA 複合体の構成要素どうし。ATP 合成酵素の周辺軸の組み立てを助ける,2026-10-04,要旨: Ina22 と Ina17 は INA 複合体の構成要素で、F1 部分と周辺軸に結合する（24942160）,,,in_vivo,,,,,
MSL5,MUD2,binding,none,direct,,22287628,,high,new,Msl5（BBP）と Mud2 は分岐点で異種二量体になる。Mud2 結合部位（35-54 番）自体は生育に必須でない,2026-10-04,要旨: Msl5 は生体内で Mud2 と異種二量体をつくり、U1 snRNP と結合している（22287628）,,,in_vivo,,,,,
PRP39,PRP42,binding,none,direct,,29051543,,high,new,U1 snRNP の補助タンパク質。Prp42 と Prp39 が C 末端の TPR 領域で異種二量体になり、補助タンパク質を核に結び付ける（本文の図の説明から引用）,2026-10-04,本文: Prp39 と Prp42 は C 末端の TPR 領域で互いに結合する（U1 snRNP のクライオ電顕構造、29051543）,,,structural,,,,,
ARL3,SLO1,binding,none,direct,,12620189,,medium,new,Slo1 は Arl1 ではなく Arl3 に結合する（試験管内）,2026-10-04,要旨: SCOCO に似た Slo1p は試験管内で Arl1p ではなく Arl3p に結合する（12620189）,,,in_vitro,,,,,
TMS1,VPS55,other,none,直接かは不明,,39271159,,medium,new,Tms1 と Vps55/Vps68 はエンドソームで並行して働く（二重欠失で MVB の積み荷の選別が強く損なわれる）。どちらも ESCRT-III と結合する,2026-10-04,要旨: tms1 と Vps55/Vps68 複合体の欠失を重ねると MVB の積み荷の選別に相乗的な欠陥が出る（39271159）,,,genetic,,VPS55,,,
UTP15,UTP10,binding,none,direct,,20385600,,medium,new,t-Utp（UTP-A）亜複合体の中の二者の結合（ツーハイブリッド）。Utp15 は Utp9 とも結合する（本文から引用）,2026-10-04,本文: Utp15 は Utp9・Utp10 と結合する（t-Utp 亜複合体のツーハイブリッド地図、20385600）,,,in_vivo,,,,,
UTP5,UTP15,binding,none,direct,,20385600,,medium,new,t-Utp（UTP-A）亜複合体の中の二者の結合（ツーハイブリッド。本文から引用）,2026-10-04,本文: Utp5 は Utp15 とも結合する（20385600）,,,in_vivo,,,,,
CDC40,TAF14,other,activate,直接かは不明,,15133121,,high,new,ANC1 は TAF14 の別名。Cdc40（Prp17）は ANC1 のイントロンのスプライシングに要り、ANC1 のイントロンを除くと cdc40 の細胞周期停止と温度感受性が解消する,2026-10-04,要旨: CDC40 が制御する標的は ANC1 で、ANC1 のイントロンを除くと cdc40 変異の細胞周期の停止が解消する（15133121）,,,in_vivo;genetic,necessary,,,expression,
MON2,DOP1,localization,activate,直接かは不明,,16301316,,high,new,Mon2 は Dop1 と複合体をつくり、ゴルジ体の Dop1 を集める足場として働く,2026-10-04,要旨: Mon2 は Dop1 と複合体をつくり、mon2 欠失で Dop1 がゴルジ体から外れる（16301316）,,,in_vivo,necessary,,,localization,
DOP1,NEO1,binding,none,直接かは不明,,20477991,,high,new,Dop1・Neo1・Ysl2（Mon2）の複合体。dop1-3 で Neo1 と Ysl2 の量が減り、neo1 の変異で Dop1 の量が減る,2026-10-04,要旨: Dop1p はエンドソームで Neo1p・Ysl2p と複合体をつくる（20477991）,,,in_vivo,,,,,
PSD2,GPI13,other,activate,via phosphatidylethanolamine,,12441642,,medium,new,MPC1 は GPI13 の別名。PSD2 の多コピーは mpc1 変異を抑圧し、psd2 欠失は mpc1 と合成的に生育が悪い（基質のホスファチジルエタノールアミンの供給）,2026-10-04,要旨: Mpc1 は Psd2 が作るホスファチジルエタノールアミンを優先して使うと考えられる（遺伝学、12441642）,,,genetic,,,,activity,
KHA1,FET3,activation,activate,via K+,,26966178,,medium,new,Kha1 がトランスゴルジ網に運ぶ K+ が、アポ Fet3 への銅の結合（成熟）を助ける。K+ は Fet3 に安定には結合しない,2026-10-04,要旨: Kha1p による K+ のトランスゴルジ網への取り込みが Fet3p への銅の結合を促す（題名・要旨、26966178）,,,in_vivo,,,,activity,
MIC12,MIC10,binding,none,直接かは不明,,25918844,,medium,new,MICOS の Mic27/Mic10/Mic12 亜複合体（組み立てに呼吸鎖複合体とカルジオリピンが要る）,2026-10-04,要旨: MICOS は Mic27/Mic10/Mic12 と Mic60/Mic19 の二つの亜複合体からなる（25918844）,,,in_vivo,,,,,
MIC12,MIC60,binding,none,直接かは不明,,26968360,,medium,new,Mic12 は Mic10 側の亜複合体と Mic60-Mic19 亜複合体をつなぐのに要る,2026-10-04,要旨: Mic12 は MICOS の二つの亜複合体（Mic60-Mic19 と Mic10-Mic12-Mic26-Mic27）の結合に要る（26968360）,,,in_vivo,necessary,,,,
PAC2,TUB1,binding,none,direct,,9725898,,high,new,Pac2（チューブリン補因子 E に相当）は α チューブリンと結合する。tub1-724 細胞では PAC2 の過剰発現が致死,2026-10-04,要旨: Pac2p は α チューブリンと結合し、その複合体を直接示した（9725898）,,,in_vitro;in_vivo,,,,,
POP1,RMP1,binding,none,direct,,32651392,,high,new,RNase MRP のクライオ電顕構造。Pop1 の N 末端のヘリックスが RNase MRP 固有の Rmp1 と結合する（本文から引用）,2026-10-04,本文: RNase MRP では Pop1 のヘリックス α1 が Pop5 ではなく Rmp1 と接する（32651392）,,,structural,,,,,
SGF11,UBP8,activation,activate,direct,,15657441,,high,new,Sgf11 は Ubp8 の SAGA への結合と H2B の脱ユビキチン化に要る（SAGA の脱ユビキチン化の部品）,2026-10-04,要旨: Sgf11 は Ubp8 が SAGA に結合するのと H2B の脱ユビキチン化に必要（15657441）,,,in_vivo,necessary,,,activity;localization,
UAF30,RRN5,binding,none,直接かは不明,,11500378,,medium,new,p30 が UAF30 の産物と同定された。UAF 複合体の構成要素どうし（Rrn9・Rrn10 も）,2026-10-04,要旨: UAF は Rrn5p・Rrn9p・Rrn10p・H3・H4 と p30 からなり、p30 の遺伝子を UAF30 と同定した（11500378）,,,in_vivo,,,,,
APL6,APL5,binding,none,direct,,39330471,,medium,new,AP-3 の二つの大サブユニット。どちらのヒンジを切り詰めても AP-3 はゴルジ体に来るが小胞の出芽が損なわれる,2026-10-04,要旨: AP-3 の核は小・中サブユニットと二つの大サブユニット β3（Apl6）・δ（Apl5）からなる（39330471）,,,in_vivo,,,,,
CVM1,CVM2,binding,none,直接かは不明,,40601406,,high,new,Cvm1-Cvm2 複合体。複合体の形成が働きに要り、Cvm1 が PI(3)P に結合して複合体を液胞に運ぶ,2026-10-04,要旨: Cvm1 はパラログ Cvm2（Yml020w）と複合体をつくり、複合体の形成が働きに必要（40601406）,,,in_vivo,,,,,
POR1,CVM1,other,activate,直接かは不明,,40601406,,medium,new,Cvm1 がつくる液胞とミトコンドリアの接触にポリン Por1・Por2 が要る,2026-10-04,要旨: Cvm1 による液胞-ミトコンドリアの接触にはポリン Por1 と Por2 が必要（40601406）,,,in_vivo,necessary,,,localization,
GPN2,GPN3,binding,none,直接かは不明,,23267056,,high,new,GPN の三つの GTPase（Npa3/Gpn1・Gpn2・Gpn3）は RNA ポリメラーゼ II・III の組み立てと核への輸送に働く,2026-10-04,要旨: Gpn2 は Gpn3 と Npa3/Gpn1 の両方に結合する（23267056）,,,in_vivo,,,,,
NPA3,GPN3,binding,none,直接かは不明,,32985767,,high,new,GPN3 の多コピーは npa3ts を抑圧し、Npa3 と Gpn3 は互いの量を保つ（AID で片方を分解すると他方も減る）,2026-10-04,要旨: Npa3 は Gpn3・Rba50 と結合し、Npa3 と Gpn3 のタンパク質量は互いに依存する（32985767）,,,in_vivo,,,,,
QRI5,COX1,other,activate,直接かは不明,,16339141,,high,new,COX24 は QRI5 の別名。COX1 の前駆 mRNA のイントロン aI2・aI3 の除去に要り、COX1 mRNA の翻訳にも関わると考えられている,2026-10-04,要旨: cox24 欠失では COX1 のイントロン aI2・aI3 の除去が止まる（16339141）,,,in_vivo,necessary,,,expression,
SNF5,SWP82,binding,none,direct,,28249160,,high,new,SWI/SNF 複合体の中で Snf5・Swp82・Taf14 が一つの部品（サブモジュール）をつくる,2026-10-04,要旨: Snf5 は Swp82・Taf14 と一つのサブモジュールをつくる（架橋質量分析とサブユニット欠失、28249160）,,,in_vitro;in_vivo,,,,,
YSF3,CUS1,other,activate,直接かは不明,,16314500,,high,new,RCP10 は YSF3 の別名。SF3b の安定性と Cus1 の量を保つのに要る,2026-10-04,要旨: Rcp10p（Ysf3）は SF3b の p10 で、Cus1p の量を保つのと U2 snRNP の取り込みに必要（16314500）,,,in_vivo,necessary,,,stability,
AIP1,COF1,binding,activate,direct,,16421248;17483419,,high,new,Aip1 はコフィリンと組んでアクチン繊維の分解を進める（協同）,2026-10-04,要旨: Aip1 のコフィリン結合だけを失う変異体を得た。Aip1–コフィリン界面の変異で cof1・aip1 の活性亢進型が得られ三者複合体のモデルを支持（16421248・17483419）,,,in_vivo;in_vitro;genetic,,,,,
AIP1,ACT1,binding,inhibit,direct,,17483419,,medium,new,Aip1 はコフィリンとともにアクチン繊維を分解する（繊維の安定性を下げる）,2026-10-04,要旨: ACT1 の変異スクリーニングでアクチン上の新しい Aip1 結合部位を同定。Aip1 はアクチン繊維の回転を積極的に進める（17483419）,,,genetic;in_vitro,,,,stability,
BIG1,VPH1,binding,activate,直接かは不明,,39259764,,medium,new,Big1 は V-ATPase が十分に働くのに必要（組み立て）。結合は BiFC と共沈で、主に ER–液胞の接触部位,2026-10-04,本文: Big1 と Vph1・Vma21 の結合を BiFC と共免疫沈降で検出。要旨: Big1 は V-ATPase が十分に働くのに必要（39259764）,,,in_vivo,,,,,
BIG1,VMA21,binding,none,直接かは不明,,39259764,,medium,new,どちらも V-ATPase の組み立てに関わる,2026-10-04,本文: Big1 と組み立て因子 Vma21 の結合を BiFC と共免疫沈降で検出（39259764）,,,in_vivo,,,,,
CQD1,POR1,binding,none,直接かは不明,,37073556,,high,new,ミトコンドリアの内膜と外膜をつなぐ接触部位（MICOS とは別）,2026-10-04,要旨: 内膜の Cqd1 と外膜の Por1・Om14 が新しいミトコンドリア接触部位をつくる（37073556）,,,in_vivo,,,,,
CQD1,OM14,binding,none,直接かは不明,,37073556,,high,new,ミトコンドリアの内膜と外膜をつなぐ接触部位（MICOS とは別）,2026-10-04,要旨: 内膜の Cqd1 と外膜の Por1・Om14 が新しいミトコンドリア接触部位をつくる（37073556）,,,in_vivo,,,,,
DIB1,PRP8,binding,none,direct,,42556727;26829225,,medium,new,tri-snRNP・B 複合体の中の結合（クライオ電顕の構造）。Dib1 の C 末端を削ると Dib1 が不安定になり増殖できない,2026-10-04,要旨: Dib1 の C 末端はスプライソソームで Prp8・Prp31 と接する。U6 の ACAGAGA ヘアピンを Dib1 と Prp8 が安定化（42556727・26829225）,,,structural;genetic,,,,,
MSS2,COX18,binding,none,直接かは不明,,11950926,,high,new,Cox2 の C 末端の膜の外への運び出しで共に働く,2026-10-04,要旨: Mss2・Pnt1 が Cox18 と共免疫沈降し、Cox2 の運び出しで共に働く（11950926）,,,in_vivo;genetic,,,,,
MSS2,COX2,localization,activate,直接かは不明,,11604502,,high,new,mss2 では Cox2 の C 末端の運び出しと組み込みが止まり、Cox2 が蓄積しない,2026-10-04,要旨: Mss2 は Cox2 の C 末端をマトリックスで認識し、膜間腔への運び出しを促す（11604502）,,,in_vivo,necessary,,strong,localization,
PRP45,PRP22,binding,activate,直接かは不明,,19016306,,medium,new,prp45(1-169) ではスプライソソームの Prp22 の量比が下がる,2026-10-04,要旨: prp45(1-169) で Cwc2 と共精製されるスプライソソームの Prp22 が減る。Prp45 は Prp22 との相互作用を通じて非典型基質のスプライシング効率を支える（19016306）,,,in_vivo;genetic,,,,activity,
IOC4,ISW1,binding,activate,direct,,19273607;33602956,,high,new,ISW1b 複合体（Isw1・Ioc2・Ioc4）。Ioc4 の PWWP が H3K36me3 に結合して ISW1b を遺伝子本体に呼び込む,2026-10-04,要旨: Isw1b 複合体は Isw1・Ioc2・Ioc4 からなる。ISW1b はヌクレオソームの間隔の調整とジヌクレオソームの解消を主に担う（19273607・33602956）,,,in_vivo,,,,,
SET2,IOC4,localization,activate,via HHT1,,22922743,,high,new,Set2 による H3K36 メチル化（HHT1/HHT2）を Ioc4 の PWWP ドメインが読む。印: H3K36me3,2026-10-04,要旨: Set2 による H3K36 メチル化が Ioc4 の PWWP ドメインを通じて Isw1b を ORF に呼び込む（生体内・試験管内）（22922743）,,,in_vivo;in_vitro,necessary,,,localization,
SLX9,RIO2,binding,none,direct,,25895666,,high,new,40S 前駆体の核外輸送のための Crm1 輸送複合体の足場,2026-10-04,要旨: 試験管内で Slx9 は Rio2 と RanGTP に結合して複合体をつくる（25895666）,,,in_vitro,,,,,
SLX9,CRM1,binding,activate,direct,,25895666,,high,new,Slx9–Rio2–RanGTP 複合体が Crm1 を直接載せる。Slx9 の変異で 40S 前駆体の核外輸送が落ちる,2026-10-04,要旨: Slx9 は RanGTP と NES を Crm1 に差し出す足場で、40S 前駆体の核外輸送を引き起こす（25895666）,,,in_vitro;in_vivo,,,,,
SWT1,MLP1,other,none,直接かは不明,,19127978,,low,new,遺伝学的相互作用だけ。核膜孔周辺の mRNP 品質管理で共に働く。Swt1 のヌクレアーゼ不活化で mlp1Δ に poly(A) RNA の核内蓄積,2026-10-04,要旨: Swt1 は Mlp1・Nup60・Esc1 と遺伝学的に相互作用し、mlp1Δ でヌクレアーゼ不活化により poly(A)+ RNA が核に蓄積（19127978）,,,genetic,,,,,
TPM2,MGM1,other,inhibit,直接かは不明,,42341033,,low,new,tpm2Δ でミトコンドリアが管状に伸び、融合因子 Mgm1 が増える（相関の観察）,2026-10-04,要旨: tpm2Δ で分裂・融合の頻度が下がり、融合因子 Mgm1 が増える（42341033）,,,in_vivo,,,,,
UTP30,EMG1,other,none,直接かは不明,,22588997,,low,new,Nep1 = EMG1。Δutp30 は Δnep1 と合成致死、nep1-1(ts) の表現型を強め、UTP30 の高発現が nep1-1 を一部救う,2026-10-04,要旨: Utp30 と Nep1 は 90S 前駆体の形成で共に働く（遺伝学と生化学）。UTP30 の高発現が nep1-1(ts) の増殖を一部回復（22588997）,,,genetic,,,,,
CEX1,SEC27,binding,none,直接かは不明,,33753324,,medium,new,Cex1 は COPI の被覆タンパク質と相互作用する COPI 機構の構成要素,2026-10-04,要旨: Cex1 は COPI 被覆の Sec27・Sec28・Sec33（Ret1/Cop1）と相互作用する（33753324）,,,in_vivo,,,,,
CEX1,COP1,binding,none,直接かは不明,,33753324,,medium,new,Sec33 = COP1。Cex1 は Sec33 陽性の膜構造に局在,2026-10-04,要旨: Cex1 は COPI 被覆の Sec33（Ret1/Cop1）と相互作用し、Sec33 陽性の構造に局在（33753324）,,,in_vivo,,,,,
CEX1,WBP1,localization,activate,直接かは不明,,33753324,,medium,new,cex1Δ で Wbp1 の局在が乱れる（COPI による ER への回収）,2026-10-04,要旨: cex1Δ で Wbp1 が誤った場所に運ばれる（33753324）,,,in_vivo,necessary,,,localization,
SUV3,DSS1,activation,activate,direct,,17658549,,high,new,ミトコンドリアのデグラドソーム（mtEXO）の 2 つの構成要素,2026-10-04,要旨: 試験管内で再構成した複合体で、Suv3 があると Dss1 のエキソリボヌクレアーゼ活性が大きく高まる（17658549）,,,in_vitro,,,strong,activity,
DSS1,SUV3,activation,activate,direct,,17658549,,high,new,ミトコンドリアのデグラドソーム（mtEXO）の 2 つの構成要素,2026-10-04,要旨: Suv3 単独ではヘリカーゼ活性がなく、Dss1 と複合体をつくったときにだけ現れる（17658549）,,,in_vitro,necessary,,strong,activity,
KRE28,SPC105,binding,activate,直接かは不明,,35042402,,high,new,Kre28 と Spc105 は動原体に 1:1 で局在し、互いの動原体への集まりに必要,2026-10-04,要旨: Kre28–Spc105 の相互作用は Spc105 のタンパク質の回転に重要で、互いの動原体への集まりに必須（35042402）,,,in_vivo;genetic,necessary,,,localization,
KRE28,IPL1,localization,activate,direct,分裂期,40281358,,high,new,Spc105/Kre28 複合体が外側動原体で Ipl1/Sli15 を受け止め、誤った結合の修正（二極性の確立）に働く。生化学で Ipl1/Sli15 が Spc105/Kre28 に直接結合,2026-10-04,要旨: Spc105/Kre28 は外側動原体での Ipl1・Sli15 の受容体。変異で誤結合の修正が損なわれ、Ipl1 の人工的な呼び込みで救われる（40281358）,,,in_vivo;in_vitro;genetic,,,,localization,
PCL6,GLC8,phosphorylation,activate,direct,,12407105,,high,new,Pho85 のサイクリンとして。Glc8 の働きはリン酸化で制御され、glc7-R121K は pho85Δ と合成致死（glc8Δ と同じ）,2026-10-04,要旨: Pho85 と Pcl6・Pcl7 が生体内・試験管内での主要な Glc8 キナーゼ（12407105）,,,in_vivo;in_vitro;genetic,,PCL7,,activity,
PCL6,PHO85,activation,activate,direct,,12407105,,medium,new,Glc8 のリン酸化について。PCL7・PCL8・PCL10 と重複,2026-10-04,要旨: pcl6・pcl7・pcl8・pcl10 の欠失で glc7-R121K が致死になり、これらのサイクリンが重複して Pho85 を活性化する（12407105）,,,genetic;in_vitro,,PCL7;PCL8;PCL10,,activity,
SHE2,SHE3,binding,none,direct,,36921931,,medium,new,mRNA を芽に運ぶ複合体（locasome）。She2 のリン酸化模倣変異で She3 との結合が落ちる,2026-10-04,要旨: She2 の T109D 変異で四量体化と She3・Srp1 との相互作用が阻害される（36921931）,,,in_vivo,,,,,
SHE2,ASH1,localization,activate,direct,,36921931,,high,new,She2 が ASH1 mRNA に結合して芽の先端に局在させる（mRNA の局在）,2026-10-04,要旨: She2 は ASH1 mRNA の芽先端への局在に必要。リン酸化模倣変異で RNA 結合と ASH1 mRNA の局在が壊れる（36921931）,,,in_vivo,necessary,,,localization,
MNE1,COX1,other,activate,直接かは不明,,21257754,,high,new,COX1 の aI5β イントロンのスプライシング。Mne1 は COX1 mRNA と結びついた大きな RNP 複合体にある。MRS1 の高発現が mne1Δ を一部救う,2026-10-04,要旨: COX1 の aI5β イントロンのスプライシングは Mne1 に依存。mne1Δ の主な欠陥はこのイントロンのスプライシング（21257754）,,,in_vivo,necessary,,,expression,
HLJ1,STE6,proteolysis,activate,直接かは不明,,15252059,,medium,new,変異型 Ste6p*（多回膜貫通の ERAD のモデル基質）の小胞体関連分解。YDJ1 と協同,2026-10-04,要旨: Ssa1 と Hsp40 の Ydj1・Hlj1 は Ste6p* の ERAD に重要（15252059）,,,in_vivo,,YDJ1,,stability,
RAV2,RAV1,binding,none,direct,,26405040,,high,new,RAVE 複合体（Rav1・Rav2・Skp1）。V-ATPase の組み立てを促す,2026-10-04,要旨: Rav2 は Rav1 の N 末端ドメインに結合する（共免疫沈降・ツーハイブリッド・プルダウン）（26405040）,,,in_vivo;in_vitro,,,,,
SYH1,EBP2,other,activate,直接かは不明,,25849478,,low,new,遺伝学だけ（高発現による抑圧と合成増殖欠損）。60S サブユニットの形成。SMY2 と重複,2026-10-04,要旨: SYH1 の高発現が ebp2 変異の増殖とリボソーム形成の欠陥を一部抑圧し、syh1Δ は ebp2 と合成増殖欠損（25849478）,,,genetic,,SMY2,,,
ARC15,ARP2,binding,activate,直接かは不明,,10377407,,high,new,Arp2/3 複合体の組み立て。Arc15 が無いと Arp2 と Arc40 が複合体から外れる,2026-10-04,要旨: Arc15 は Arp2 と Arc40 が Arp2/3 複合体に結合するのに必要（10377407）,,,in_vivo,necessary,,,,
ARC15,LAS17,binding,none,直接かは不明,,10322115,,high,new,Bee1/Las17（WASP 型）と Arp2/3 複合体の結合に Arc15 と Arc19 が要る。Las17 の C 末端は Arp2/3 の核形成を促す,2026-10-04,要旨: Bee1/Las17 と Arp2/3 複合体の共免疫沈降には Arc15 と Arc19 の両方が必要（10322115）,,,in_vivo,necessary,,,,
BIT61,SLM1,binding,none,直接かは不明,,15689497,,medium,new,TORC2 の構成要素 Bit61 は Slm1 と結合し、Slm1 の細胞膜への局在の調節に関わる（Slm2・Avo2 も同様）,2026-10-04,要旨: Slm1・Slm2 は TORC2 の Avo2・Bit61 と物理的に結合し、これらの結合が Slm1 の細胞膜への局在を調節する（15689497）,,,,,,,,
BIT61,TOR2,binding,none,直接かは不明,,16002396,,medium,new,TORC2 の構成要素どうし,2026-10-04,要旨: 酵母の TORC2 は AVO1・AVO2・AVO3・BIT61・LST8・TOR2 の 6 つからなる（16002396）,,,,,,,,
CSE2,MED4,binding,none,direct,,19077037,,high,new,Med9/Cse2 の C 末端半分が Med4・Med7 の N 末端に直接結合し、Mediator の Middle モジュールに組み込まれる,2026-10-04,要旨: Med9（CSE2）の C 末端側は Med4 と Med7 の N 末端に直接結合し、Middle モジュールへの組み込みに働く（19077037）,,,in_vitro,,,,,
CSE2,MED7,binding,none,direct,,19077037,,high,new,Med9/Cse2 の C 末端半分が Med7 の N 末端に直接結合（Mediator の Middle モジュール）,2026-10-04,要旨: Med9（CSE2）の C 末端側は Med4 と Med7 の N 末端に直接結合する（19077037）,,,in_vitro,,,,,
DID2,VPS4,activation,activate,direct,,18194652,,high,new,Did2 は Vps4 の ATPase 活性を、MIT ドメインを介して直接、または Vta1 を介して促す（MVB 経路）,2026-10-04,要旨: Vps2 は Vps4 を直接、Vps60 は Vta1 を介して促し、Did2 は場面によって両方の仕組みで Vps4 の ATPase 活性を促す（18194652）,,,in_vitro,,,,activity,
IST1,DID2,binding,none,direct,,19477918,,high,new,Ist1 の N 末端ドメインが Did2 の C 末端 MIM1 に結合する（結晶構造と結合実験）,2026-10-04,要旨: Ist1 の N 末端ドメインは ESCRT-III の Did2 に特異的に結合し、共結晶で Did2 の C 末端 MIM1 との結合様式が分かった（19477918）,,,in_vitro;structural,,,,,
VPS64,FAR7,localization,activate,直接かは不明,,23625923,,high,new,Far9（VPS64）と Far10 が Far3-7-8 の部分複合体を小胞体へ呼び寄せる（Far 複合体の段階的な組み立て）,2026-10-04,要旨: Far3・Far7・Far8 は部分複合体をつくり、Far9/10 によって小胞体に呼び寄せられる（23625923）,,,in_vivo,,FAR10,,localization,
FAR7,PPG1,binding,none,直接かは不明,,29925000,,medium,new,Far 複合体と Ppg1 は協調して Atg32 を脱リン酸化し、過剰なマイトファジーを防ぐ,2026-10-04,要旨: Far3・Far7・Far8・Far9・Far10・Far11 を Ppg1 に結合するタンパク質として同定。Ppg1 と Far 複合体は協調して Atg32 を脱リン酸化しマイトファジーを抑える（29925000）,,,in_vivo,,,,,
GPI16,GPI8,binding,activate,直接かは不明,,11598210,,high,new,GPI トランスアミダーゼ複合体（Gaa1・Gpi8・Gpi16）。Gpi16 が無いと Gpi8 が不安定になる（逆も同じ）,2026-10-04,要旨: GPI トランスアミダーゼ複合体は Gaa1・Gpi8・Gpi16 からなり、Gpi8 と Gpi16 は片方を除くともう片方が不安定になる（11598210）,,,in_vivo,necessary,,,stability,
IRC21,RAD53,inhibition,inhibit,直接かは不明,,28648781,,medium,new,Irc21 はジヒドロセラミドの合成を介して PP2A を活性化し、DNA 損傷応答（Mec1-Rad53）を弱める。ヒドロキシ尿素（複製ストレス）で調べた,2026-10-04,本文: IRC21 の欠失で mec1Δ sml1Δ の Rad53 のリン酸化が戻り、sml1Δ では Rad53 の脱リン酸化が遅れる。要旨: Irc21 は PP2A を活性化して DNA 損傷応答を抑える（28648781）,,,in_vivo;genetic,,,,activity,
MRH4,MTG1,localization,activate,直接かは不明,,40865570,,medium,new,ミトコンドリアリボソーム大サブユニットの後期の組み立て。Mrh4 による bL33m の取り込みが Mtg1 の 21S rRNA への呼び込みに先立つ,2026-10-04,要旨: Mrh4 による bL33m の組み込みが、Mtg1 の 21S rRNA への呼び込みより先に起こる（40865570）,,,in_vivo;in_vitro;structural,,,,localization,
SWI5,PCL9,transcription,activate,直接かは不明,分裂期の終わり・G1 期,9593297;9529390,,high,confirm,PCL9 のプロモーターに Swi5 の結合部位がある。PCL1・PCL2 は G1 後期に SBF が主に制御,2026-10-04,要旨: PCL9 は M 期の終わり〜G1 期の初めに発現し、転写因子 Swi5 によって活性化される（9593297; 9529390）,,,in_vivo,,,,expression,
PCL9,PHO85,binding,activate,direct,,9593297,,high,new,Pcl9 は Pho85 のサイクリンとして結合し、キナーゼ活性（Pho4 のリン酸化）をもつ複合体をつくる,2026-10-04,要旨: Pcl9 と Pho85 は複合体をつくり、Pcl9 に結合したキナーゼ活性は PHO85 に依存する（9593297）,,,in_vivo;in_vitro,,,,activity,
PRS4,PRS1,binding,activate,直接かは不明,,15280369,,medium,new,PRPP 合成酵素は異種多量体。大腸菌で 2 つずつ発現させると PRS1 と PRS4（PRS5 と PRS4 も）の組で活性が出る。単独では活性なし,2026-10-04,要旨: 出芽酵母の PRS 遺伝子は単独では PRPP 合成活性がなく、PRS1 PRS4 などの組み合わせで活性のある酵素ができる（大腸菌での発現）（15280369）,,,in_vitro,,,,activity,
SMA1,SPO14,binding,none,直接かは不明,胞子形成,16148007,,high,new,前胞子膜の形成。Spo14 の局在は Sma1 に依存せず、Sma1 と複合体をつくる PLD は活性が高い,2026-10-04,要旨: PLD/Spo14 は減数分裂で発現する Sma1 と複合体をつくる（16148007）,,,in_vivo,,,,,
SYS1,ARL3,localization,activate,直接かは不明,,15077114;15077113,,high,new,N 末端がアセチル化された Arl3 のゴルジ体への局在に Sys1 が要る（受容体と考えられる）,2026-10-04,要旨: Arl3 のゴルジ体への局在には NatC による N 末端アセチル化とゴルジ体の膜タンパク質 Sys1 が必要（15077114; 15077113）,,,in_vivo,necessary,,,localization,
VMA10,VMA4,binding,none,direct,,15751969,,high,new,V-ATPase の固定子（stator）の構成要素どうし。Vma4 の 19〜38 番目の残基が Vma10 との結合に働く,2026-10-04,要旨: GST-Vma10 は無細胞系で発現させた Vma4 と強く結合する（15751969）,,,in_vitro,,,,,
INO2,APL2,binding,none,直接かは不明,,17090927,,high,new,Ino2・Ino4・Apl2 は三者複合体をつくる（ツーハイブリッドと共免疫沈降）,2026-10-04,要旨: Ino2・Ino4・Apl2 は三者複合体をつくり、Ino2 と Ino4 は Apl2 の同じ領域に結合する（17090927）,,,in_vivo,,,,,
INO4,APL2,binding,none,直接かは不明,,17090927,,high,new,Ino2・Ino4・Apl2 は三者複合体をつくる（ツーハイブリッドと共免疫沈降）,2026-10-04,要旨: Ino2 と Ino4 はそれぞれ独立に Apl2 に結合し、両方あるとより強く結合する（17090927）,,,in_vivo,,,,,
CHP1,EGD2,binding,none,direct,,38360885,,high,new,Chp1 は NAC の α サブユニット Egd2 の UBA ドメインに直接結合し、NAC の助けでリボソームに呼び込まれる,2026-10-04,本文: Chp1 は Egd2 への直接の結合で NAC と複合体をつくる（共免疫沈降・精製タンパク質）。要旨: Chp1 は NAC の助けでリボソームに呼び込まれる（38360885）,,,in_vivo;in_vitro,,,,,
CHP1,HSF1,inhibition,inhibit,直接かは不明,,38360885,,medium,new,Chp1 が無いと eEF1A の折りたたみが乱れ、タンパク質の凝集が起きて Hsf1 が活性化される（間接）,2026-10-04,要旨: Chp1 が無いと eEF1A の生合成が乱れ、分解・凝集・Hsf1 によるストレス転写の活性化が起こる（38360885）,,,in_vivo,,,,activity,
DYN3,DYN1,localization,activate,直接かは不明,分裂期,15642746,,high,new,ダイニン軽中間鎖 Dyn3（LIC）は重鎖 Dyn1（HC）の細胞表層の点への局在に要る（中間鎖 Pac11 も要る）。プラス端への局在は Dyn3 に依存しない,2026-10-04,要旨: LIC/Dyn3 はダイニンの働きに必須で、HC/Dyn1 の細胞表層の点への局在は IC と LIC の両方に依存する（15642746）,PAC11,,in_vivo,necessary,,,localization,
HFL1,ATG8,localization,activate,直接かは不明,定常期,34088313,,high,new,定常期に近づいた細胞の液胞膜タンパク質の分解（ESCRT 依存）で、Hfl1 が Atg8 を液胞膜に呼び寄せる。Hfl1 と Atg8 は結合する（30451685）,2026-10-04,要旨: 定常期に近づく細胞で液胞膜タンパク質の分解を Atg8 と Atg8 結合タンパク質 Hfl1 が促し、Hfl1 の主な働きは Atg8 の膜への呼び込み（34088313）,,,in_vivo,,,,localization,
MLC1,IQG1,localization,activate,direct,分裂期の終わり,10873803,,high,new,収縮環の形成。Mlc1 は Iqg1 の IQ モチーフに結合し、Iqg1 を芽の首に呼び寄せる。Mlc1 の局在は Iqg1 に依存しない,2026-10-04,要旨: Mlc1 は Cyk1/Iqg1 の IQ モチーフに結合し、その結合で Iqg1 を芽の首に呼び寄せる（10873803）,,,in_vivo;in_vitro,,,,localization,
MLC1,MYO1,binding,none,direct,,15210731,,high,new,Mlc1 は Myo1 の必須軽鎖。ただし Mlc1-Myo1 の結合を弱めても細胞質分裂に目立った異常は出ない,2026-10-04,要旨: Mlc1 は II 型ミオシン Myo1 の必須軽鎖である（Myo2・Iqg1 の軽鎖でもある）（15210731）,,,in_vivo,,,,,
PDR17,PSD2,activation,activate,direct,,32303746,,high,new,Sfh4（PDR17）は Psd2 と物理的に結合して Psd2 のホスファチジルセリン脱炭酸活性を生体内で促す（PI 輸送活性は不要）,2026-10-04,要旨: Psd2 の活性を生体内で調節するのは Sfh4 と Stt4 だけで、Sfh4 は Psd2 との物理的な結合を介して働く（32303746）,,,in_vivo,,,,activity,
RRN10,RRN9,binding,none,直接かは不明,,8846924,,high,new,UAF（RNA ポリメラーゼ I の上流活性化因子）の構成要素どうし,2026-10-04,要旨: UAF は RRN5・RRN9・RRN10 にコードされる 3 つのタンパク質を含む多タンパク質の転写因子（8846924）,,,in_vivo;in_vitro,,,,,
ATG44,DNM1,activation,activate,直接かは不明,,38818923,,high,new,Atg44（Mdi1）はミトコンドリアの内側（膜間腔）から、Dnm1 は外側から協調して分裂を完了させる。Atg44 が無いと Dnm1 はくびれ部位で止まる,2026-10-04,要旨: Atg44 は Dnm1 によるミトコンドリアの分裂を完了させるのに必要（38818923）,,,in_vivo,necessary,,,activity,
DAD2,DAM1,binding,none,直接かは不明,,11756468,,high,new,Dam1（DASH）複合体の構成要素どうし,2026-10-04,要旨: 酵母の抽出液から Dam1・Duo1・Dad1・Spc19・Spc34・Dad2・Ask1 を含む約 245 kD の複合体を精製（11756468）,,,in_vivo,,,,,
TFC8,SPT15,binding,activate,direct,,10567530,,high,new,TFIIIC の tau60（TFC8）は TBP と結合し、TFIIIB の組み立てに働く。TBP を増やすと tau60 変異の転写の欠損が和らぐ,2026-10-04,要旨: tau60（TFC8）は TBP と直接結合し、その結合を介して TFIIIB の組み立てに関わる（10567530）,,,in_vivo;in_vitro;genetic,,,,activity,
PSY2,MTH1,dephosphorylation,none,direct,,24277933,,high,new,PPH3 と組む PP4 の調節サブユニット。Psy2 の EVH1 ドメインが Mth1 に結合し、PKA によるリン酸化に対抗して Mth1 を脱リン酸化する。グルコースを抜いたときの HXT 遺伝子の抑制に必要。働きへの向きは要旨からは決めない,2026-10-04,要旨: Pph3-Psy2 は Psy2 の EVH1 ドメインで Mth1 に直接結合して脱リン酸化し、HXT の発現の調節に働く（24277933）,PPH3,,in_vivo;in_vitro,,,,activity,
PSY2,RAD53,dephosphorylation,inhibit,direct,DNA 損傷,17517611,,high,new,PPH3 と組む。MMS による DNA 損傷からの回復で活性化した Rad53 を脱リン酸化して不活性化し、止まった複製フォークの再開に働く,2026-10-04,要旨: Pph3-Psy2 は活性化した Rad53 に結合して脱リン酸化する。欠くと回復時の Rad53 の脱リン酸化が遅れる（17517611）,PPH3,,in_vivo;genetic,necessary,,,activity,
PSY2,MAF1,dephosphorylation,activate,direct,,22333918,,high,new,Psy2 は PP4 の足場サブユニット（触媒は PPH3）。ストレスで Maf1 を脱リン酸化し、核に入れて Pol III を抑えさせる,2026-10-04,要旨: PP4（Pph3・Psy2・Rrd1・Tip41）が Maf1 の主な脱リン酸化酵素で、Maf1 の核への集積と Pol III の抑制に働く（22333918）,PPH3,,in_vivo;in_vitro,,,,activity;localization,
ARC19,ARP2,binding,none,direct,,10377407,,high,new,Arp2/3 複合体の足場。arc19 欠失で Arp2・Arp3・Arc40 が複合体から外れる,2026-10-04,要旨: arc19 欠失細胞では Arp2p・Arp3p・Arc40p が単量体の画分に落ち、Arc19p は複合体の中心の足場（10377407）,,,in_vivo,necessary,,,stability,
ARC19,ARP3,binding,none,direct,,10377407,,high,new,Arp2/3 複合体の足場。arc19 欠失で Arp2・Arp3・Arc40 が複合体から外れる,2026-10-04,要旨: arc19 欠失細胞では Arp2p・Arp3p・Arc40p が単量体の画分に落ち、Arc19p は複合体の中心の足場（10377407）,,,in_vivo,necessary,,,stability,
DIE2,ITR1,transcription,activate,直接かは不明,,7565092,,medium,new,多コピーの DIE2 で発現が上がる（欠失では ITR1 の発現は失われない）。DIE2 は糖転移酵素で、仕組みは書かれていない,2026-10-04,要旨: 多コピーの DIE2 で ITR1 と INO1 の lacZ 融合遺伝子の発現が上がる（7565092）,,,in_vivo,,,,expression,
DIE2,INO1,transcription,activate,直接かは不明,,7565092,,medium,new,多コピーの DIE2 で発現が上がる（欠失では ITR1 の発現は失われない）。DIE2 は糖転移酵素で、仕組みは書かれていない,2026-10-04,要旨: 多コピーの DIE2 で ITR1 と INO1 の lacZ 融合遺伝子の発現が上がる（7565092）,,,in_vivo,,,,expression,
GPI8,GAA1,binding,none,direct,,28893510,,high,new,GPI トランスアミダーゼの構成要素どうし。可溶性ドメインどうしで α2β2 の複合体をつくる,2026-10-04,要旨: Gpi8 と Gaa1 の可溶性ドメインはほかのサブユニットなしに特異的に結合する（28893510）,,,in_vitro,,,,,
IRS4,INP51,activation,activate,direct,,15265867,,high,new,"TAX4 と重複して働く。INP51 の NPF モチーフに結合して活性化し、PI(4,5)P2 を下げ、細胞壁の維持の経路を負に制御する",2026-10-04,要旨: TAX4 と IRS4 は INP51 の NPF モチーフに結合して活性化する（15265867）,,,,,TAX4,,activity,
IRS4,ATG17,localization,activate,直接かは不明,,18298591,,high,new,オートファジーを誘導する条件（飢餓）で、TAX4 と重複して Atg17 を PAS に集める,2026-10-04,要旨: オートファジー誘導時、Irs4p と Tax4p は PAS に一部局在し、Atg17p を PAS に効率よく集めるのに必要（18298591）,,,in_vivo,necessary,TAX4,,localization,
SKI7,MTR3,binding,none,direct,,27345150,,high,new,細胞質のエキソソーム（Exo10）の結晶構造。Ski7 のエキソソーム結合ドメインが Csl4・Mtr3・Rrp43 に巻き付く,2026-10-04,本文: Ski7 はエキソソームの上半分に結合し、Csl4 と RNase PH 様の Mtr3・Rrp43 と接する（27345150、PMC4942675）,,,structural,,,,,
RXT2,RPD3,binding,none,direct,,16314178,,high,new,Rpd3L 複合体の構成要素として質量分析で同定,2026-10-04,要旨: Rpd3L 複合体の構成要素として Rpd3・Sds3・…・Rxt2 などを質量分析で同定（16314178）,,,in_vivo,,,,,
VMA16,VPS41,localization,none,直接かは不明,,18405665,,medium,new,vma16 欠失で Vps41 が液胞の点に溜まる（液胞からの放出が減る）。リン酸化の異常ではない。Vps41 の働きへの向きは書かれていない,2026-10-04,要旨: vma16Δ では Vps41 が液胞の点に溜まり、これはリン酸化の異常ではなく液胞からの放出の低下による（18405665）,,,in_vivo,,,,localization,
CHC1,APM1,localization,activate,直接かは不明,,7749194,,medium,new,クラスリン重鎖がないと Apm1p（AP-1）が小胞に付かない。後期ゴルジでの選別,2026-10-04,要旨: Apm1p はクラスリンと同じ小胞の画分に分かれ、CHC1 欠失株では小胞との結合が失われる（7749194）,,,in_vivo,necessary,,,localization,
CLP1,PCF11,binding,none,direct,,22216186,,high,new,CF IA の構成要素どうし。Clp1 の P ループの変異で Pcf11 との結合が失われる,2026-10-04,要旨: 組換え CF IA の組み立てに Clp1 が要り、P ループ変異の一部は Pcf11 と結合できない（22216186）,,,in_vitro,,,,,
RCF2,MRA1,inhibition,inhibit,直接かは不明,,38508182,,high,new,Rcf2 の結合と Atp9 を翻訳するミトリボソームとの結合で Mra1 が分解され、複合体 IV の組み立ての停止が解ける,2026-10-04,要旨: Mra1 は複合体 IV の組み立てを止め、Rcf2 の結合などが Mra1 の分解を起こして組み立てを進める（38508182）,,,in_vivo,,,,stability,
PEX39,PEX7,binding,activate,direct,,40739340,,high,new,PEX39 の (R/K)PWE モチーフで PEX7 に結合し、PTS2 をもつ積み荷との結合を安定にする。酵母とヒトの細胞で調べている,2026-10-04,要旨: PEX39 は PEX7 に結合して PTS2 積み荷との相互作用を安定にし、PTS2 タンパク質のペルオキシソームへの輸送を助ける（40739340）,,,in_vivo;in_vitro,,,,activity,
YOR034C-A,FLO11,transcription,activate,直接かは不明,,25009170,,medium,new,Σ1278b 株の欠失株の網羅的な調べ。欠失で FLO11 の誘導が落ち、バイオフィルムができない,2026-10-04,要旨: 定量ノーザンで、YOR034C-A などは FLO11 の誘導を介してバイオフィルムを制御する（25009170）,,,in_vivo,,,,expression,
TPT1,HAC1,enzymatic,activate,direct,小胞体ストレス,29212664,,medium,new,Tpt1 は Trl1 が連結した HAC1 mRNA の連結部の 2'-リン酸を外す（RNA 修復）。tpt1 欠失でスプライス後の HAC1 mRNA が減る（ツニカマイシン）,2026-10-04,要旨: Tpt1 は連結部の 2'-リン酸を外す。2'-リン酸は連結後の HAC1 mRNA にある。tpt1Δ ではスプライス後の HAC1 mRNA が減る（29212664）,,,in_vivo,partial,,moderate,expression,
SMB1,SNP1,binding,none,direct,,25897024,,medium,new,U1 snRNP の中で SmB は U1-70K/Snp1 と接する（ヒトの構造に基づく）。接する面の変異は mud1 欠失と合成の異常を示す,2026-10-04,要旨: SmD3・SmB・Yhc1 の Snp1 との接触面の変異は単独では影響がないが、mud1Δ で合成の異常を示す（25897024）,,,genetic,,,,,
MRP4,MRPS16,binding,none,direct,,12392552,,medium,new,S ペプチドを付けた Mrp4 でミトコンドリアのリボソームを精製し、質量分析で Ypl013c（MrpS16）を小サブユニットの構成要素と確かめた,2026-10-04,要旨: 小サブユニットの Mrp4 に付けた標識でミトリボソームを精製し、Ypl013c（MrpS16）を小サブユニットの構成要素と確定（12392552）,,,in_vivo,,,,,
SLD7,SLD3,binding,none,direct,,21487389,,high,new,細胞周期を通じて Sld3 と複合体をつくる。Sld3 の Cdc45 への親和性を下げる一方、欠くと細胞内の Sld3 の量が減る（向きは一つに決めない）,2026-10-04,要旨: Sld7 は Sld3 の N 末端に結合し、Cdc45 への親和性を下げる。欠くと Sld3 が減り S 期が遅れる（21487389）,,,,,,,,
YHC3,YCK3,activation,activate,直接かは不明,,21987636,,medium,new,Btn1（YHC3）は Yck3 を介して Sed5 のリン酸化と後期エンドソーム→ゴルジの逆行輸送を制御する。Yck3 を膜貫通ドメインに置き換えると btn1 欠失が抑えられる,2026-10-04,要旨: Btn1 は SNARE と直接は結合せず、パルミトイル化キナーゼ Yck3 を調節して Sed5 のリン酸化を制御する（21987636）,,,in_vivo;genetic,,,,,
SDO1,YHC3,binding,none,direct,,20015955,,high,new,著者は Sdo1p が Btn1p を調節すると提案（向きは要旨からは決めない）。液胞の pH・V-ATPase に関わる,2026-10-04,要旨: CLN3–SBDS の結合は酵母の Btn1p と Sdo1p でも保たれる（20015955）,,,,,,,,
IKI1,ELP4,binding,none,direct,,22343726,,high,new,Elp456 亜複合体（ELP5 = IKI1）の結晶構造。六量体の RecA 様の環をつくる,2026-10-04,要旨: Elp4・Elp5・Elp6 の亜複合体は六量体の RecA 様 ATPase の環で、3 つとも複合体の維持に必要（22343726）,,,structural;in_vitro;in_vivo,,,,,
ELP2,IKI1,binding,none,direct,,12424236,,high,new,Tot5p（Elp5p）= IKI1。Elp2 との結合には ELP1・ELP4・ELP6 が要る,2026-10-04,要旨: Tot2p（Elp2p）と Tot5p（Elp5p）の結合は Tot1p（Elp1p）に依存し、elp4Δ・elp6Δ でも失われる（12424236）,,,in_vivo,,,,,
RRP43,RRP46,binding,none,direct,,12364597,,medium,new,ツーハイブリッド。温度感受性の rrp43 変異タンパク質は Rrp46p と結合しない,2026-10-04,要旨: Rrp43p は Rrp46p を介してエキソソームと結合し、ts 変異体は Rrp46p と結合しない（12364597）,,,in_vivo,,,,,
MLC2,MYO1,binding,none,direct,分裂期の終わり,15210731,,high,new,Myo1（II 型ミオシン）の調節軽鎖。細胞質分裂での Myo1 の環の解体に働く,2026-10-04,要旨: Mlc2p は Myo1p の調節軽鎖で、Myo1p の環の解体に働く（15210731）,,,in_vivo,,,,,
RAD24,RFC2,binding,none,direct,,16793392,,medium,new,Rad24-RFC（Rad24 と Rfc2-5）を酵母で大量発現して精製。CTF18・ELG1 も同じく Rfc2-5 と組む,2026-10-04,要旨: 別のクランプローダーは Rfc2-5 を共有し、大サブユニットだけ Rad24・Ctf18・Elg1 に替わる。これらを酵母で精製した（16793392）,,,in_vivo,,,,,
GCN4,ARO7,transcription,none,direct,,2277632,,medium,reject,DB に GCN4→ARO7 の記録はないが、取り込まないための記録。ARO7 の上流の GCN4 認識配列は試験管内で GCN4 と結合するが、生体内では GCN4 による転写制御は起こらない,2026-10-04,要旨: ARO7 プロモーターの GCN4 認識配列は試験管内で GCN4 と特異的に結合するが、生体内で GCN4 依存の転写制御には十分でない（2277632）,,,in_vitro;in_vivo,,,,expression,
SKP1,CTF13,binding,none,direct,,10352012,,high,new,CBF3 動原体複合体の構成要素。Ctf13 はユビキチン依存で分解される不安定なタンパク質で、Skp1・Cep3 と組むと安定になる,2026-10-04,要旨: CBF3 の Skp1 と Ctf13 はヘテロ二量体を作る。Ctf13 が CBF3 の構造の芯になる（10352012）,,,in_vitro,,,,activity,
SGT1,CTF13,activation,activate,直接かは不明,,15340069,,medium,new,Sgt1 は Hsp90 とともに Skp1-Ctf13 の結合を促し、CBF3 の組み立て（Ctf13 の活性化）に働く,2026-10-04,要旨: Sgt1 と Hsp90 が Skp1 と Ctf13 の結合を促し、CBF3 の組み立てで Ctf13 を活性化する（15340069）,,,,,,,activity,
HST1,BNA6,transcription,inhibit,直接かは不明,,36007612,,medium,new,"NAD+ 依存の脱アセチル化酵素 Hst1 が BNA 遺伝子（de novo の NAD+ 合成）を抑える。hst1Δ で BNA6 の発現が上がる（qPCR, Fig. 4A）。引用は本文の考察",2026-10-04,本文: hst1Δ と hst1Δrpd3Δ で BNA6 の発現が高い（36007612）。要旨: Hst1 は BNA 遺伝子の発現を抑えて de novo の NAD+ 合成を抑える,,,in_vivo,necessary,,,expression,
PWP2,DIP2,binding,none,直接かは不明,,15231838,,high,new,UTP-B（SSU プロセソームの下位複合体）の構成要素どうし。DIP2＝UTP12,2026-10-04,要旨: U3 snoRNP の組み立てを止めると Pwp2 は Dip2・Utp6・Utp13・Utp18・Utp21 と複合体を作って溜まる（15231838）,,,in_vivo,,,,activity,
DIP2,UTP13,binding,none,direct,,28600509,,high,new,DIP2＝UTP12。Utp12-Utp13 はヘテロ二量体で、Pwp2・Utp21 の C 末端領域を介して UTP-B に組み込まれる,2026-10-04,要旨: Utp12p:Utp13p のヘテロ二量体が Pwp2p・Utp21p の C 末端で UTP-B に組み込まれる（28600509）,,,,,,,activity,
VAC14,FIG4,localization,activate,直接かは不明,,14528018,,high,new,"Vac14 は Fig4（PtdIns(3,5)P2 ホスファターゼ）と膜の複合体を作り、Fig4 を液胞膜に局在させる",2026-10-04,要旨: Vac14 がないと Fig4-GFP は液胞に局在しない。Fig4 は Vac14 と物理的に結合する（14528018）,,,in_vivo,necessary,,,localization,
FAB1,FIG4,binding,none,direct,,18653468,,high,new,Fab1（PI3P 5-キナーゼ）・Vac14・Fig4 が液胞の 1 つの複合体を作る。Vac14 と Fig4 は互いに直接結合し、Fab1 との結合に互いを要する,2026-10-04,要旨: Fab1 はシャペロニン様ドメインで Vac14・Fig4 と結合し、液胞の複合体を作る（18653468）,,,,,,,activity,
JHD1,HHT1,demethylation,inhibit,direct,,17369256,,medium,new,印: H3K36me2・H3K36me1（Set2 が付ける転写伸長の印）。jhd1Δ で増え、過剰発現で逆になる。H3 は HHT1・HHT2 が同じタンパク質,2026-10-04,要旨: 質量分析でヒストン H3 の K36me2・K36me が jhd1Δ 株で溜まり、過剰発現では逆の変化（17369256）,,,in_vivo,necessary,,,activity,
JHD1,HHT2,demethylation,inhibit,direct,,17369256,,medium,new,印: H3K36me2・H3K36me1（Set2 が付ける転写伸長の印）。jhd1Δ で増え、過剰発現で逆になる。H3 は HHT1・HHT2 が同じタンパク質,2026-10-04,要旨: 質量分析でヒストン H3 の K36me2・K36me が jhd1Δ 株で溜まり、過剰発現では逆の変化（17369256）,,,in_vivo,necessary,,,activity,
MXR2,MGE1,activation,activate,direct,酸化ストレス,25428986,,high,new,ミトコンドリアのメチオニンスルホキシド還元酵素 Mxr2 が、酸化された Mge1（mtHsp70 のヌクレオチド交換因子）の Met155 を還元して働きを戻す,2026-10-04,要旨: Mxr2 は Mge1 の 155 番の酸化メチオニンを選んで還元し、試験管内と生体内で Mge1 の活性を戻す（25428986）,,Met155,in_vivo;in_vitro,,,,activity,
MXR2,APE1,other,activate,direct,,38246354,,high,new,Mxr2 は Cvt 経路の Ape1・Atg19 と生体内で結合し、Ape1 の前駆体ペプチドの Met17 に依存して結合する。mxr2Δ で Ape1 が不安定になる,2026-10-04,要旨: MXR2 の欠失で未成熟の Ape1・Atg19 が不安定になり、Ape1 の活性が下がる。Mxr2 は Ape1 と Met17 依存で結合（38246354）,,Met17,in_vivo,necessary,,,stability;activity,
MRX6,PET20,binding,none,直接かは不明,,31532710,,medium,new,Mrx6・Pet20・Mam33・Pim1（Lon プロテアーゼ）の複合体が mtDNA のコピー数を調節する,2026-10-04,要旨: Mrx6 は Pim1 と、Mam33 と Mrx6 に似た Pet20 を含む複合体を作る（31532710）,,,in_vivo,,,,activity,
SAD1,BRR2,inhibition,inhibit,直接かは不明,,24190974,,medium,new,Brr2 は ATP 依存で U4/U6.U5 tri-snRNP を解離させる。Sad1 はそれに拮抗して tri-snRNP を保つ（Brr2 の解離作用への拮抗）,2026-10-04,要旨: Sad1 は Brr2 による tri-snRNP の ATP 依存の解離に拮抗し、tri-snRNP を保つ（24190974）,,,in_vitro,,,,activity,
MMS21,SMC6,sumoylation,none,直接かは不明,化学物質・G1 期・G2 期・分裂期,33788582,,medium,new,急なエタノールのストレス（7.5% 以下で一過性）で Smc5・Smc6 が Mms21 依存で SUMO 化される。G1 期と G2/M で起こり、S 期では起こらない。SUMO 化の働きへの向きは書かれていない,2026-10-04,要旨: 急なエタノール処理で Smc5・Smc6 が E3 の Mms21 の活性に依存して SUMO 化される。G1 期と G2/M 期で起こる（33788582）,,,in_vivo,necessary,,,activity,
INO2,TAF4,binding,none,direct,,28994223,,medium,new,Ino2 の活性化ドメインが TFIID の Taf1・Taf4・Taf6・Taf10・Taf12 と結合する（試験管内）。生体内での呼び込みは Taf1・Taf6 で示されている,2026-10-04,要旨: TFIID の Taf1・Taf4・Taf6・Taf10・Taf12 が Ino2 の活性化ドメインと試験管内で結合する（28994223）,,,in_vitro,,,,activity,
VMA21,VMA9,binding,none,直接かは不明,,16569636,,high,new,V-ATPase の V0 の組み立て因子 Vma21 が小胞体で Vma9（サブユニット e）と V0 サブユニットに結合する。Vma9 の小胞体からの搬出には組み立て因子が要る,2026-10-04,要旨: 小胞体で Vma9p と V0 サブユニットが組み立て因子 Vma21p と結合する（16569636）,,,in_vivo,,,,activity,
LAS17,YSC84,activation,activate,direct,,19158382,,high,new,Las17（WASP）のポリプロリン領域の配列が Ysc84 のアクチン結合を活性化し、両者でアクチン重合を促す（エンドサイトーシス）,2026-10-04,要旨: 全長の Ysc84 だけではアクチンと結合しないが、Las17 のポリプロリン領域の配列で結合が活性化される（19158382）,,,in_vitro,necessary,,,activity,
POL30,APN2,activation,activate,direct,,12192046,,high,new,Apn2 は PCNA 結合配列で PCNA と結合し（試験管内・ツーハイブリッド）、PCNA が Apn2 の 3'→5' エキソヌクレアーゼと 3'-ホスホジエステラーゼ活性を高める,2026-10-04,要旨: PCNA は Apn2 と結合し、Apn2 の 3'→5' エキソヌクレアーゼと 3'-ホスホジエステラーゼ活性を促す（12192046）,,,in_vitro;in_vivo,,,,activity,
CMG1,PRP43,activation,activate,direct,,26821976,,high,new,G-patch タンパク質 Cmg1 が DEAH-box ヘリカーゼ Prp43 の補因子。G-patch タンパク質どうしが Prp43 を奪い合い、Prp43 の局在と働きの配分を変える,2026-10-04,要旨: G-patch タンパク質 Cmg1（YLR271W）は Prp43 の新しい補因子で、Prp43 の RNA 結合と ATPase 活性を促す（26821976）,,,in_vitro,,,,activity,
MID1,ECM7,other,activate,直接かは不明,,21252230,,medium,new,高親和性 Ca2+ 取り込み系（HACS: Cch1・Mid1・Ecm7）。シグナルのないときに Mid1 が Ecm7 を安定にする,2026-10-04,要旨: シクロヘキシミド追跡で、Ecm7 は Mid1 により、Mid1 は Cch1 により安定化される（21252230）,,,in_vivo,,,,stability,
ECM7,CCH1,activation,activate,直接かは不明,,28742147,,medium,new,低 Ca2+ 培地で働く Cch1/Mid1 チャネル。Ecm7（γ サブユニットに似る）が Ca2+ 取り込みを支え、カルシニューリンがないとき特に要る,2026-10-04,要旨: ECM7 の欠失で Cch1/Mid1 の Ca2+ 取り込みが下がり、cnb1Δ では大きく下がる（28742147）,,,in_vivo;genetic,partial,,,activity,
YPK1,SLI1,other,none,直接かは不明,薬剤・化学物質,15025559,,low,new,ミリオシン（ISP-1）耐性で働く。YPK1 の多コピーで上がる耐性が sli1 欠失でほぼ消える（遺伝学だけ）。Sli1 は ISP-1 を N-アセチル化して不活化する,2026-10-04,要旨: sli1 欠失では YPK1 の導入による ISP-1 耐性の上昇がほぼ消え、Sli1p は Ypk1p と協力して耐性を担う（15025559）,,,genetic,necessary,,,activity,
MLO127,ACC1,activation,activate,直接かは不明,,28076367,,low,new,MLO127＝YJR039W（論文では SOR3）。欠失でソラフェン A（Acc1 阻害剤）に感受性になり、脂肪酸の鎖長が短くなる（Acc1 の活性が下がると推定）。Snf1 とは独立,2026-10-04,要旨: SOR3（YJR039W）の欠失で脂肪酸の鎖長が短くなり、Acc1p が下がっていると考えられる（28076367）,,,in_vivo;genetic,,,,activity,
BIL1,BUD6,activation,activate,direct,,23671312,,high,new,BIL1＝YOR304C-A。Bud6 の調節配列に結合して、フォルミン Bnr1 への核形成促進（NPF）作用を解き放つ。生体内でも Bud6 の結合相手,2026-10-04,要旨: 精製 Bil1 は Bud6 の調節配列に結合し、Bud6 の Bnr1 への NPF 作用を引き起こす（23671312）,,,in_vitro;in_vivo,,,,activity,
PEX17,DYN2,binding,none,direct,,27823812,,high,new,ペルオキシソームのドッキング複合体（Pex13・Pex14・Pex17）。Dyn2 が Pex14/Pex17 複合体の芯の構成要素で、生体内で Dyn2 が Pex14 と結合するには Pex17 が要る,2026-10-04,要旨: Pex14p と Pex17p はどちらも Dyn2p と直接結合し、生体内で Dyn2p が Pex14p と結合するには Pex17p が要る（27823812）,,,in_vitro;in_vivo,,,,activity,
RRT2,CAN1,localization,activate,直接かは不明,,21880895,,high,new,RRT2＝ERE1。レトロマー経路で、取り込まれたアルギニン輸送体 Can1 を細胞膜へ戻す。Ere1 は Can1 と物理的に結合する,2026-10-04,要旨: Ere1 はレトロマー経路での Can1 の再利用に要り、取り込まれた Can1 と物理的に結合する（21880895）,,,in_vivo,necessary,,,localization,
RTT10,RRT2,binding,none,直接かは不明,,21880895,,medium,new,RTT10＝ERE2、RRT2＝ERE1。エンドソームで Ere1 と複合体を作り、Ere1 を調節する（向きは書かれていない）,2026-10-04,要旨: Ere2 はエンドソームで Ere1 を含む複合体にあり、Ere1 の調節因子として働く（21880895）,,,in_vivo,,,,activity,
TLD1,TGL3,inhibition,inhibit,直接かは不明,,37889293,,medium,new,Tld1 は TG の多い脂肪滴に局在し、Tgl3 による TG 分解を抑える,2026-10-04,要旨: Tld1 欠損では脂肪滴の形成は正常だが、リパーゼ Tgl3 に依存した TG 分解が増える（37889293）,,,in_vivo,necessary,,,activity,
ECM16,BUD23,binding,none,direct,,24710271,,high,new,40S 前駆体の形成で組んで働く。ECM16 の変異が bud23Δ の生育と A2 切断の欠陥を抑える（遺伝学的にも結びつく）。2 ハイブリッドで結合部位を決めた,2026-10-04,要旨: Bud23 が DEAH-box ヘリカーゼ Ecm16（Dhr1）と物理的・機能的に結びつく（24710271）,,,in_vivo;genetic,,,,,
TRM112,BUD23,binding,activate,direct,,25489090,,high,new,Trm112 は MTase の Bud23 の共活性化因子（coactivator）。複合体として 18S rRNA の G1575 を N7 メチル化する,2026-10-04,要旨: Bud23–Trm112 の結晶構造。両者は β ジッパーで結合して複合体を安定にし、Trm112 は共活性化因子として誘導適合する。複合体形成とプレリボソームへの呼び込みに要る Bud23 の残基を同定（25489090）,,,structural;in_vivo,,,,,
CUE1,UBC7,activation,activate,direct,,27264873,,high,new,CUE ドメインが伸びるユビキチン鎖を Ubc7 に向けて並べ、K48 鎖の伸長を速める。乱すと ERAD の基質の分解が遅れる,2026-10-04,要旨: Ubc7 の活性化因子 Cue1 の CUE ドメインが Ubc7 による K48 ポリユビキチン化を大きく促す（NMR と試験管内のユビキチン化）。乱すと ERAD の基質分解が遅れる（27264873）,,,in_vitro;in_vivo,,,,,
FPK1,DNF3,activation,activate,直接かは不明,,32661085,,medium,correct,記録は phosphorylation。要旨は Fpk1/Fpk2 が Dnf3 のフリップ活性を正に制御すると書くが、Dnf3 のリン酸化そのものは要旨に書かれていない（Dnf1・Dnf2 では既報）。本文は PMC になく確かめられない,2026-10-04,要旨: Dnf3p のリン脂質フリップ活性は Fpk1p と Fpk2p で正に制御される（32661085）,,,in_vivo,,FPK2,,activity,
KAR1,CDC31,localization,activate,direct,,8188750,,high,new,Cdc31p は試験管内で Kar1p の SPB 複製に必須の領域に結合し、kar1 変異では SPB から外れる。SPB 複製に必要,2026-10-04,要旨: Cdc31p は Kar1p の必須領域に試験管内で結合し、生体内でも結びつく。kar1 変異で Cdc31p の SPB への局在が失われる（8188750）,,,in_vitro;in_vivo,necessary,,,localization,
PEX19,PEX15,localization,activate,直接かは不明,,40344504,,high,new,新しく作られた Pex15（テイルアンカー型）のペルオキシソームへの送り込み。Msp1 が誤局在や局在中の Pex15 を引き抜いた後の戻りも Pex19–Pex3 経路による,2026-10-04,要旨: 新しく合成された Pex15 は主に Pex19・Pex3 に依存する経路でペルオキシソームへ送られる（40344504）,,,in_vivo,,,,localization,
TRS130,TCA17,binding,none,direct,,21453443,,high,new,TRAPPII の特異的サブユニットどうし。Tca17 は TRAPPII 特異的サブユニットとコア複合体の安定な結びつきを促す,2026-10-04,要旨: Tca17 は TRAPPII の 4 つ目の特異的成分で、Trs65 と Tca17 は Trs130 の別のドメインと結合する（21453443）,,,in_vivo,,,,,
TCA17,TRS65,binding,activate,直接かは不明,,19220810,,medium,new,Tca17 は Trs33・Trs65 に依存して TRAPP に結びつき、Trs65 の TRAPP への結びつきを保つ（複合体の組み立て・安定化）,2026-10-04,要旨: TCA17 か TRS33 の変異で Trs65 の TRAPP 複合体への結びつきが乱れ、Rab の Ypt31 の局在が変わる（19220810）,,,in_vivo,necessary,TRS33,,,
GCN4,TRP5,transcription,activate,直接かは不明,アミノ酸の制限,2689869,,medium,confirm,アミノ酸の一般制御。PALO によるアルギニン制限で HIS3・TRP5 のプロモーター–lacZ の発現が上がり、その上昇は GCN4 に依存する,2026-10-04,要旨: PALO でアルギニンを制限すると HIS3 と TRP5 のプロモーター融合の発現が上がり、上昇は GCN4 タンパク質に依存する（2689869）,,,in_vivo,necessary,,,expression,
VPS51,TLG1,binding,activate,直接かは不明,,12686613,,high,new,GARP（Vps51-54）を後期ゴルジの t-SNARE Tlg1p の N 末端ドメインにつなぐ。エンドソームから TGN への逆行輸送,2026-10-04,要旨: Vps51p が Vps52/53/54 と t-SNARE Tlg1p の結びつきを仲立ちし、Tlg1p の N 末端ドメインに結合する（12686613）,,,in_vivo;in_vitro,,,,localization,
ARC15,ARC40,binding,activate,直接かは不明,,10377407,,medium,new,Arp2/3 複合体の組み立て。Arc15p がないと Arp2p と Arc40p が複合体に入らない。Arc19p・Arc35p の欠失でも Arc40p は単量体の側に落ちる,2026-10-04,要旨: Arc15p は Arp2p と Arc40p の複合体への結びつきに必要（ほかのサブユニットには不要）（10377407）,,,in_vivo,necessary,,,,
MPD1,CNE1,inhibition,inhibit,direct,,16002399,,high,new,試験管内の活性測定。逆向きに Cne1p は Mpd1p の還元活性を高める（別の行）,2026-10-04,要旨: Mpd1p は Cne1p と結合してそのシャペロン活性を抑え、Cne1p は Mpd1p の還元活性を高める（16002399）,,,in_vitro,,,,activity,
CNE1,MPD1,activation,activate,direct,,16002399,,high,new,試験管内の活性測定。逆向きに Mpd1p は Cne1p のシャペロン活性を抑える（別の行）,2026-10-04,要旨: Cne1p が Mpd1p の還元活性を高める（16002399）,,,in_vitro,,,,activity,
RIM101,EMA17,transcription,none,直接かは不明,pH ストレス,19220866,,medium,new,プロピオン酸（弱酸）ストレス（pH 4.0）での転写プロファイルで Rim101p に依存して変わる新しい標的。要旨は上がるか下がるかを書かないので effect は none。直接の結合は示していない,2026-10-04,要旨: プロピオン酸ストレス下の Rim101p 依存の転写変化に、新しい標的として YIL029c（EMA17）が含まれ、プロピオン酸への最大の耐性に必要（19220866）,,,in_vivo,,,,expression,
HPM1,RPL3,methylation,none,direct,,24865971,,high,new,Rpl3 の His243 の 3-メチルヒスチジン化。hpm1 欠失では初期の rRNA プロセシングが欠け 60S が足りなくなり、翻訳の正確さが下がる,2026-10-04,要旨: Hpm1p はリボソームに結合した Rpl3p をメチル化する（遊離の Rpl3p はしない）。Rpl3p のメチル化は Hpm1p に依存する（24865971）,,H243,in_vitro;in_vivo,necessary,,,activity,
AFT1,LSO1,transcription,activate,直接かは不明,鉄の制限,26450372,,high,new,鉄レギュロンの標的。プロモーターに Aft1/2 の結合配列が 3 つ。パラログ LSO2 は鉄に応じない,2026-10-04,要旨: LSO1 のプロモーターに Aft1/2 の結合配列が 3 つあり、LSO1-lacZ は低鉄で Aft1 に依存して強く誘導される（26450372）,,,in_vivo,necessary,,strong,expression,
MME1,MRS2,other,none,直接かは不明,,25585246,,medium,new,遺伝学的な抑圧。Mme1 はミトコンドリアの Mg2+ 排出体、Mrs2 は取り込み体で、両者でミトコンドリアの Mg2+ 量を決める（働きは逆向き）,2026-10-04,要旨: Mme1 の変異が mrs2Δ の呼吸欠陥を抑える。Mme1 は Mg2+ の排出体で、取り込み体（Mrs2・Lpe10）とともに Mg2+ 恒常性を保つ（25585246）,,,genetic;in_vitro,,,,,
RSE1,SAR1,other,activate,直接かは不明,,9819400,,high,new,スプライシング因子 Rse1 が SAR1 のイントロンのスプライシングに要り、rse1-1 の ER→ゴルジ輸送の欠陥は SAR1 の増量かイントロンの除去で抑えられる,2026-10-04,要旨: rse1-1 の分泌欠陥は SAR1 pre-mRNA のスプライシング不全による。SAR1 の増量やイントロン除去で抑えられる（9819400）,,,genetic;in_vivo,necessary,,,expression,
RSE1,HSH155,binding,none,direct,,16314500,,medium,new,SF3b（U2 snRNP の下位複合体）の構成要素どうし。共精製,2026-10-04,要旨: 酵母の SF3b 下位複合体に Rse1p・Hsh155p・Hsh49p・Cus1p・Rds3p などが共精製される（16314500）,,,in_vivo,,,,,
LHP1,SMD1,other,activate,直接かは不明,,10747032,,medium,new,La タンパク質 Lhp1p が 3' 側の伸びた pre-U4 RNA を安定にし、Sm タンパク質（Smd1p）の結合を助けて U4/U6 snRNP の形成を支える。smd1-1 では低温で Lhp1p が必須,2026-10-04,要旨: Smd1p の変異で低温の生育に Lhp1p が必要になる。pre-U4 RNA は Smd1p に結合され、Lhp1p は Sm タンパク質の効率的な結合を助ける（10747032）,,,genetic;in_vitro,,,,,
BRR1,SMD2,other,none,直接かは不明,,27974620,,medium,new,合成致死（遺伝学的な関係）。Brr1 は Sm 環の組み立て因子（Gemin2 のホモログ）,2026-10-04,要旨: SmD2（と SmD1・SmE・SmF）の変異が brr1Δ と合成致死になる（27974620）,,,genetic,,,,,
BRR1,SMD1,other,none,直接かは不明,,27974620,,medium,new,合成致死（遺伝学的な関係）。Brr1 は Sm 環の組み立て因子（Gemin2 のホモログ）,2026-10-04,要旨: SmD1（と SmD2・SmE・SmF）の変異が brr1Δ と合成致死になる（27974620）,,,genetic,,,,,
VMA11,VMA3,localization,activate,直接かは不明,,1837023,,medium,new,subunit c は VMA3 の産物（要旨の別の文）。VMA11 を壊すと V-ATPase の組み立て・液胞膜への局在が失われる,2026-10-04,要旨: VMA11 破壊株の液胞には subunit c（VMA3 産物）も subunits a・b も組み込まれず、活性と液胞の酸性化が失われる（1837023）,,,in_vivo,necessary,,,localization,
DLS1,ISW2,activation,activate,直接かは不明,,15024052,,high,new,Dls1p は Isw2 複合体（ISW2/yCHRAC）のサブユニット。Isw2 のクロマチンとの架橋には影響せず、その後の段階に要る。必要の程度は標的で異なる,2026-10-04,要旨: Dls1p は Isw2 複合体の新しいサブユニットで、生体内の Isw2 依存のクロマチンリモデリングに必要（標的で程度は異なる）（15024052）,,,in_vivo,partial,,,activity,
YPT31,IRC6,binding,none,direct,,22993212,,high,new,GTP 型（GMPPNP）の Ypt31p にだけ直接結合する（GDP 型には結合しない）。Irc6p は Ypt31p のエフェクターで、AP-1 と Ypt31p をつなぐ,2026-10-04,"本文: 精製タンパク質で Irc6p は GTP 型の Ypt31p に直接結合する。Irc6p がないと Ypt31p は AP-1 と結合しない（22993212, PMC3496615）",,,in_vitro;in_vivo,,,,,
HEM25,FLX1,other,none,直接かは不明,,28404662,,medium,new,合成的な表現型（遺伝学的な関係）。flx1Δ hem25Δ で呼吸による生育ができず、電子伝達系の一部の成分が減る,2026-10-04,要旨: Flx1 と Hem25 の両方を失うと呼吸を要する培地で生育できず、電子伝達系複合体の一部が減る（28404662）,,,genetic,,,,,
CUE3,SLH1,binding,none,直接かは不明,,28757607,,high,correct,一覧の CUE3→SLH1 activation（36627279）は要旨に Slh1 の名がなく確かめられない。28757607 で Cue3（Rqt3）は Slh1（Rqt2）・Rqt4 と RQT 複合体を作る。複合体の構成要素どうしなので向きは言えない,2026-10-04,要旨: Slh1/Rqt2・Cue3/Rqt3・Ykr023w/Rqt4 からなる RQT 複合体を同定。RQC に必要（28757607）,,,in_vivo,,,,,
CUE3,RQT4,binding,none,直接かは不明,,28757607,,high,new,RQT4 は yKR023W。RQT 複合体の構成要素どうし,2026-10-04,要旨: Cue3/Rqt3 と yKR023W/Rqt4 は Slh1 とともに RQT 複合体を作る（28757607）,,,in_vivo,,,,,
DOA1,CSE4,ubiquitination,inhibit,直接かは不明,,23525333,,medium,new,Doa1 は E3 ではない（ユビキチン化に関わる因子）。Cse4 の N 末端のユビキチン化が分解を促す,2026-10-04,要旨: Doa1 は Cse4 のユビキチン化に働き、Cse4 の分解を調節する（23525333）,,,in_vivo,,,,stability,
DOA1,HSE1,binding,none,direct,,24607902,,high,new,Doa1 の PFU ドメインと Hse1 の SH3 ドメインの結合。エンドソームの選別に働く,2026-10-04,要旨: Doa1 の PFU と Hse1 の SH3 が 5 μM の親和性で結合。Doa1 N438 と Hse1 W254 が重要（24607902）,,,in_vitro;structural,,,,,
DOA1,NUP1,proteolysis,inhibit,via SAN1,熱ショック,38302116,,medium,new,分解されるのは GFP を付けた（非天然型の）Nup1。Cdc48 の補因子として働く,2026-10-04,要旨: NPC に入った Nup1-GFP は熱ストレスで特にプロテアソーム分解され、San1・Cdc48・Doa1 に依存（38302116）,,,in_vivo,necessary,,,stability,
SAN1,NUP1,proteolysis,inhibit,直接かは不明,熱ショック,38302116,,medium,new,GFP を付けた Nup1 は熱ストレスで特に San1 依存に分解。nup120Δ では内在の（タグなし）Nup1 の分解にも弱く寄与。San1 はユビキチンリガーゼだが、要旨に書かれているのは分解の依存性,2026-10-04,要旨: Nup1-GFP のプロテアソーム分解は San1 に依存。nup120Δ では内在 Nup1 の分解にも San1 が寄与（38302116）,,,in_vivo,necessary,,,stability,
UBC1,SAN1,activation,activate,direct,,27405755,,high,new,E2 として San1（E3）と働く。Ubc1 が優先,2026-10-04,要旨: 再構成系で San1 は Cdc34・Ubc1 のどちらとも働くが Ubc1 を優先（27405755）,,,in_vitro,sufficient,CDC34,,,
CDC34,SAN1,activation,activate,direct,,27405755,,high,new,E2 として San1（E3）と働く。San1 は Ubc1 の方を優先,2026-10-04,要旨: 再構成系で Cdc34 も San1 の活性を支えるに十分（27405755）,,,in_vitro,sufficient,UBC1,,,
FMP10,RIP1,activation,activate,直接かは不明,,39623166,,medium,new,論文は Mar26（FMP10 の別名）。Rip1 を含む組み立て中間体を MICOS につなぎ、複合体 III の成熟を助ける,2026-10-04,要旨: Mar26（Fmp10）は Rip1 を含む組み立て中間体を MICOS に結び、組み立て可能な Rip1 を保つ（39623166）,,,in_vivo,,,,,
TOM70,LAM6,localization,activate,直接かは不明,,25987606,,high,new,論文は Ltc1（LAM6 の別名）。Tom70/71 が小胞体-ミトコンドリアの接触部位への局在を決める,2026-10-04,要旨: Ltc1 はミトコンドリアの Tom70/71 を介して ER-ミトコンドリア接触部位に局在（25987606）,,,in_vivo,,TOM71,,localization,
TOM71,LAM6,localization,activate,直接かは不明,,25987606,,high,new,論文は Ltc1（LAM6 の別名）。Tom70 と重複して働く（二重欠失で局在が失われる）。引用は本文,2026-10-04,本文: Δtom70 Δtom71 では Ltc1 の点の大部分がミトコンドリアに局在しない（25987606）,,,in_vivo,,TOM70,,localization,
VAC8,LAM6,localization,activate,直接かは不明,,25987606,,high,new,論文は Ltc1（LAM6 の別名）。Vac8 が小胞体-液胞の接触部位への局在を決める,2026-10-04,要旨: Ltc1 は液胞の Vac8 を介して ER-液胞接触部位に局在（25987606）,,,in_vivo,,,,localization,
PEX29,RTN1,binding,none,直接かは不明,,27129769,,high,new,ペルオキシソームの小胞体からの形成に働く,2026-10-04,要旨: Pex29・Pex30 は小胞体でレティキュロン Rtn1・Yop1 と結合し、ペルオキシソームの出芽を制御（27129769）,,,in_vivo;in_vitro,,,,,
PEX29,YOP1,binding,none,直接かは不明,,27129769,,high,new,ペルオキシソームの小胞体からの形成に働く,2026-10-04,要旨: Pex29・Pex30 は小胞体でレティキュロン Rtn1・Yop1 と結合し、ペルオキシソームの出芽を制御（27129769）,,,in_vivo;in_vitro,,,,,
YBP2,CSE4,binding,none,直接かは不明,,18286174,,high,new,中央動原体の複合体の一部として働く,2026-10-04,要旨: Ybp2 は COMA 複合体・Ndc80 複合体の一部と Cse4 に物理的に結合し、CEN DNA に結合（18286174）,,,in_vivo,,,,,
YBP2,CTF19,binding,none,直接かは不明,,18286174,,high,new,COMA 複合体の構成要素。ybp2Δ は COMA の変異と合成で生育が弱る,2026-10-04,要旨: Ybp2 は COMA 複合体（Ctf19・Okp1・Mcm21・Ame1）と物理的に結合（18286174）,,,in_vivo,,,,,
YIL092W,ACC1,activation,activate,直接かは不明,,28076367,,medium,new,論文は SOR2（YIL092W）。Snf1 に依存しない調節。欠失でソラフェン A に感受性,2026-10-04,要旨: SOR2（YIL092W）欠失でアシル鎖が短くなり Acc1 活性が下がると考えられる。Snf1 の活性化は変わらない（28076367）,,,genetic;in_vivo,,,,activity,
ARG56,ARG2,activation,activate,direct,,11553611,,high,new,"ARG56 は ARG5,6。Arg2（アセチルグルタミン酸合成酵素）はキナーゼと複合体を作って働き、キナーゼ/還元酵素がないと不安定",2026-10-04,"要旨: 合成酵素活性は ARG5,6 の量に依存。共沈で複合体を確認し、キナーゼ/還元酵素なしでは Arg2 が不安定（11553611）",,,in_vivo,necessary,,,activity;stability,
EPS1,PMA1,binding,inhibit,direct,,12881414,,medium,new,誤って折りたたまれた変異体 Pma1-D378N だけ。野生型 Pma1 との結合は検出されない。ERAD の基質認識,2026-10-04,要旨: Eps1 は Pma1-D378N と共沈し、その ERAD による認識に必要。野生型 Pma1 とは結合しない（12881414）,,,in_vivo,necessary,,,stability,
IBD2,BFA1,activation,activate,直接かは不明,,12072457,,medium,new,Ibd2 は Bfa1 と結合するタンパク質として単離。過剰発現での分裂期停止は BUB2・BFA1 に依存。紡錘体チェックポイント（Bub2 経路）,2026-10-04,要旨: Ibd2 は Bfa1 と結合し、BUB2 経路で BUB2・BFA1 の上流に働く（12072457）,,,genetic;in_vivo,necessary,,,,
IBD2,BUB2,activation,activate,via BFA1,,12072457,,medium,new,過剰発現での分裂期停止は BUB2 に依存。紡錘体チェックポイント（Bub2 経路）,2026-10-04,要旨: IBD2 は BUB2 の上流に働く BUB2 エピスタシス群（12072457）,,,genetic,,,,,
MMS22,MRC1,inhibition,inhibit,直接かは不明,,26849847,,medium,new,分解はしない。止まったフォークでの Mrc1 の働きを抑える。mrc1Δ は rtt101Δ・mms22Δ の遺伝毒性感受性を抑える（複製ストレス下）,2026-10-04,要旨: Rtt101-Mms22 は Mrc1 を分解せず、その複製での働きに拮抗する（26849847）,RTT101;MMS1,,genetic;in_vivo,,,,,
CTF4,MMS22,binding,none,直接かは不明,S 期,26849847,,high,new,Ctf4 の N 末端 WD40 ドメインを介してレプリソームにつながる,2026-10-04,要旨: Rtt101-Mms22 は S 期に Ctf4 の WD40 ドメインを介してレプリソームと結合（26849847）,,,in_vivo,,,,localization,
MVB12,STP22,binding,none,direct,,17145965,,high,new,論文は Vps23（STP22 の別名）。Mvb12 は ESCRT-I の細胞質でのオリゴマーを安定にする,2026-10-04,要旨: Mvb12 は ESCRT-I の新しい構成要素で、Vps23 のコイルドコイルに結合（17145965）,,,in_vivo;in_vitro,,,,,
MVB12,SRN2,binding,none,直接かは不明,,17135292,,medium,new,論文は Vps37（SRN2 の別名）,2026-10-04,要旨: Mvb12 は Vps37 に結合して ESCRT-I に加わるらしい（17135292）,,,in_vivo,,,,,
PRP42,PRP39,binding,none,direct,,29051543,,high,new,クライオ電顕構造（実験）で Prp42 と Prp39 は C 末端の TPR で広く接してヘテロ二量体様の構造をとる（本文）,2026-10-04,要旨: U1 snRNP のクライオ電顕構造で、補助タンパク質は Prp42/Prp39 を介してコアにつながる（29051543）,,,structural,,,,,
VPS5,VPS17,binding,none,direct,,12181349,,high,new,レトロマーのソーティングネキシン二量体。Vps17 の結合は Vps5 とほかのレトロマー構成要素の結合を強める,2026-10-04,要旨: Vps5 と Vps17 は C 末端のコイルドコイルで結合し二量体を作る（12181349）,,,in_vivo,,,,,
SMP3,GPI13,enzymatic,activate,直接かは不明,,11356840,,medium,new,Smp3 が付ける 4 つ目のマンノースが、Gpi13 による Man-3 へのエタノールアミンリン酸の付加に要る（基質を作る。遺伝学からの推定）,2026-10-04,要旨: smp3 は gpi13 変異で溜まる Man4-GPI の形成を妨げ、4 つ目のマンノースが EthN-P 付加に重要と示唆（11356840）,,,genetic,,,,,
DMO2,COX2,activation,activate,直接かは不明,,39932033,,high,new,Dmo2 は Cox2 と共沈し、新しく翻訳された Cox2 の安定化と成熟（CuA 中心）に要る。呼吸欠損は 37°C で見られる,2026-10-04,要旨: dmo2 では Cox2 の分解が速く、Dmo2 は Cox2・Sco1・Sco2 と共沈（39932033）,,,in_vivo,necessary,,,stability,
DMO2,SCO1,binding,none,直接かは不明,,39932033,,high,new,CuA 中心の成熟に働く因子との結合,2026-10-04,要旨: Dmo2 は Sco1・Sco2 と共沈（39932033）,,,in_vivo,,,,,
CFF1,URA10,activation,activate,直接かは不明,,36598488,,medium,new,cff1 欠失で窒素の下方シフト時に Ura10 のタンパク質量が下がる（プロテオーム）。TORC1 の下流で働くとの提案。引用は本文,2026-10-04,本文: cff1 では Ura10 の量が有意に下がり、ピリミジン合成の前駆体が溜まる（36598488）,,,in_vivo,,,,expression,
URM1,NCS6,enzymatic,activate,直接かは不明,,19151091,,high,new,Uba4 がチオカルボキシ化した Urm1 の硫黄を、Ncs2/Ncs6 が tRNA の 2-チオウリジン形成に使う（試験管内で再構成）,2026-10-04,要旨: Urm1・Uba4・Tum1・Ncs2・Ncs6 が 2-チオ化に必要。Urm1 のチオカルボキシ基が Ncs2/Ncs6 による反応に使われる（19151091）,,,genetic;in_vitro,necessary,,,,
ATP11,ATP2,binding,none,direct,,36596815;10681564,,high,new,F1 の組み立てのシャペロン。遊離の β サブユニット（Atp2）に結合して凝集を防ぐ。10681564 の要旨は「β サブユニット」とだけ書き遺伝子名がないため、遺伝子名は 36596815 の本文から,2026-10-04,本文: Atp11 は未組み立ての Atp2 に、Atp12 は Atp1 に結合する（36596815）。要旨: Atp11p は F1 の β サブユニットに選択的に結合する（共沈・ツーハイブリッド、10681564）,,,in_vivo,,,,,
SSC1,ATP11,binding,none,直接かは不明,,36596815,,high,new,mtHsp70（SSC1）は Atp11・Atp12 と協同して F1 部分を組み立てる,2026-10-04,本文: mtHsp70 と Atp11・Atp12 が共精製される（36596815）。要旨: mtHsp70 は Atp11・Atp12 と協同して F1 を作る,,,in_vivo,,,,,
CAB4,CAB3,binding,none,直接かは不明,,23789928,,high,new,CoA 合成タンパク質複合体（CoA-SPC）の構成要素どうし,2026-10-04,要旨: Cab2・Cab3・Cab4・Cab5 は互いに結合し、Cab3 はほかの Cab タンパク質と結合する（23789928）,,,,,,,,
CWC15,SYF2,other,none,直接かは不明,,38627018,,medium,new,遺伝的相互作用。Prp19C と TREX の結びつきに両方が要り、働きが一部重なる,2026-10-04,要旨: Δcwc15 と Δsyf2 に遺伝的相互作用があり、働きが一部重なる（38627018）,,,genetic,,,,,
CWC15,DST1,other,none,直接かは不明,,38627018,,medium,new,遺伝的相互作用（転写伸長）,2026-10-04,要旨: Cwc15 は転写伸長因子 Dst1 と遺伝的に相互作用し、転写伸長で働く（38627018）,,,genetic,,,,,
DSC2,TUL1,binding,none,直接かは不明,,25078903,,high,new,Tul1（Dsc）E3 リガーゼ複合体の構成要素。リガーゼの働きには各サブユニットが要る,2026-10-04,要旨: Tul1 E3 リガーゼは Tul1・Dsc2・Dsc3・Ubx3 からなり、働きに各サブユニットが要る（25078903）,,,in_vivo,,,,,
LDO45,PDR16,localization,activate,直接かは不明,,38367622,,high,new,液胞と脂肪滴の接触部位（vCLIP）へ Pdr16 を呼び込む,2026-10-04,要旨: Pdr16 は Ldo45 によって特異的に vCLIP へ呼び込まれる（38367622）,,,in_vivo,,,,localization,
LDO45,VAC8,binding,none,直接かは不明,,38367622,,high,new,Ldo16 とともに Vac8 とつなぎ留めの複合体を作る。栄養が尽きると vCLIP が広がり、脂肪滴のオートファジー（リポファジー）に要る,2026-10-04,要旨: Ldo16/45 は Vac8 とつなぎ留めの複合体を作り、液胞と脂肪滴の接触部位を作る（38367622）,,,in_vivo,,,,,
NOP6,EMG1,other,none,直接かは不明,,17425675,,medium,new,遺伝的抑圧。nop6 の変異が nep1（EMG1）の温度感受性変異と欠失を抑える,2026-10-04,要旨: tma23 と nop6 の変異は nep1(ts) と nep1 欠失の劣性サプレッサー（17425675）,,,genetic,,,,,
CFT1,PFS2,binding,none,direct,,29074584,,high,new,CPF のポリメラーゼ部分（Cft1・Pfs2・Yth1・Fip1・Pap1）。クライオ電顕の実験構造,2026-10-04,本文: 組換えの Cft1–Pfs2–Yth1 複合体のクライオ電顕構造で、Pfs2 の N 末端が Cft1 の β プロペラの間に入り込む（29074584）,,,structural,,,,,
SAP190,SIT4,binding,activate,直接かは不明,,8649382,,high,new,SAP は SIT4 と正に働き、SIT4 は SAP がないと働かない（SAP 4 つの欠失は SIT4 の欠失と同じ）,2026-10-04,要旨: SAP155・SAP185・SAP190 はそれぞれ別の複合体で SIT4 と結合し、SIT4 と正に働く（8649382）,,,in_vivo,,,,,
VPS25,SNF8,binding,none,direct,,15469844,,high,new,ESCRT-II の構成要素どうし（Vps22 = SNF8）。結晶構造と変異,2026-10-04,要旨: Vps25 の 2 つの PPXY モチーフが Vps22・Vps36 と接し、変異で ESCRT-II が壊れる（15469844）,,,structural,,,,,
VPS1,SNF8,binding,none,直接かは不明,,28185357,,medium,new,ツーハイブリッド。エンドソームで共局在する,2026-10-04,要旨: ツーハイブリッドで Vps1 は ESCRT-II の Vps22・Vps36 と結合する（28185357）,,,in_vivo,,,,,
KAP104,TFG2,localization,activate,direct,,19366694,,high,new,Tfg2p の PY-NLS を認識して核へ運ぶ。Kap108p（SXM1）・Kap120p も Tfg2p と結合し、運ぶ可能性がある,2026-10-04,要旨: Tfg2p は Kap104p の基質で、PY-NLS を介して核へ運ばれる（19366694）,,,in_vivo;in_vitro,,,,localization,
TSR2,RPS26A,localization,activate,direct,,25144938,,high,new,eS26 は RPS26A・RPS26B の両方がコードし、論文はどちらかを区別しない。Tsr2 はインポーチン:eS26 を RanGTP なしで解離させ、eS26 を 90S 前駆体へ届ける,2026-10-04,要旨: Tsr2 は放された eS26 に結合し、分解から守って 90S 前リボソームへ届ける（25144938）,,,in_vitro,,,,localization,
SWR1,ARP4,binding,none,直接かは不明,,19088068,,high,new,SWR1 複合体の組み立て,2026-10-04,要旨: Swr1 の N 末端領域が Bdf1・Swc7・Arp4・Act1・Yaf9・Swc4 の結合に必要十分（19088068）,,,in_vivo,both,,,,
ARP4,YAF9,binding,none,直接かは不明,,19088068,,high,new,SWR1 複合体の組み立て。Arp4 は試験管内の H2A.Z 置換活性にも要る,2026-10-04,要旨: Arp4 を枯渇させると SWR1 複合体への Bdf1・Yaf9・Swc4 の結合が大きく損なわれる（19088068）,,,in_vivo,necessary,,strong,,
ESC8,SIR2,binding,none,direct,,12399377,,high,new,テロメアにつなぎ留めるとサイレンシングを回復させる,2026-10-04,要旨: Esc8p はツーハイブリッドと試験管内で Sir2p と結合する（12399377）,,,in_vivo;in_vitro,,,,,
ESC8,GAL11,binding,none,直接かは不明,,12399377,,medium,new,メディエーターの Gal11（MED15）と結合,2026-10-04,要旨: Esc8p はメディエーターの Gal11 と結合する（12399377）,,,,,,,,
IES2,ARP5,localization,activate,直接かは不明,,26306040,,high,new,Ies2 は Arp5-Ies6 が INO80 の触媒部分と結びつくのに要る,2026-10-04,要旨: Ies2 は Arp5-Ies6 が INO80 の触媒部分と結合するのに要り、IES2 欠失で Arp5-Ies6 がクロマチンから外れる（26306040）,,,in_vivo,necessary,,,localization,
MBA1,COX20,binding,none,直接かは不明,,27550809,,high,new,Cox2 の成熟を翻訳と共役して進める,2026-10-04,要旨: Cox20 は Mba1 と翻訳中のミトリボソームと Cox2 依存に複合体を作る（27550809）,,,in_vivo,,,,,
NAS2,RPT5,binding,none,direct,,21878651,,high,new,プロテアソーム 19S 基部の組み立てシャペロン。Rpt5 の C 末端の尾部が Nas2 との結合に必須,2026-10-04,要旨: Nas2 は Rpt5 の C 末端領域に結合し、Rpt5 の尾部はこの結合に必須（21878651）,,,,,,,,
PRS5,PRS2,binding,none,直接かは不明,,15280369,,medium,new,大腸菌で 2 つずつ組み合わせて発現すると活性のある PRPP 合成酵素になる組（ヘテロ多量体）,2026-10-04,要旨: 単独では活性がなく、PRS5 と PRS2 の組み合わせで活性のある PRPP 合成酵素になる（15280369）,,,,,,,,
PRS5,PRS4,binding,none,直接かは不明,,15280369,,medium,new,大腸菌で 2 つずつ組み合わせて発現すると活性のある PRPP 合成酵素になる組（ヘテロ多量体）,2026-10-04,要旨: 単独では活性がなく、PRS5 と PRS4 の組み合わせで活性のある PRPP 合成酵素になる（15280369）,,,,,,,,
RTT103,RAI1,binding,none,direct,,40188244,,high,new,Rat1-Rai1-Rtt103 の転写終結複合体。Rtt103 の Rai1 結合部分が Rat1-Rai1 を Pol II へ呼び込む助けをすると考えられる,2026-10-04,要旨: クライオ電顕構造で Rtt103 の P261・Y263 が Rai1 と接し、その変異で Rat1-Rai1 との結合がなくなる（40188244）,,,structural;in_vitro,,,,,
SPT3,SPT15,localization,activate,direct,,18981477,,high,new,SAGA 依存のプロモーターへ TBP（SPT15）を呼び込む。生体内の光架橋で直接結合,2026-10-04,要旨: TBP と Spt3 は直接結合し、その面の変異で TBP が SAGA 依存のプロモーターに来なくなり転写の活性化が下がる（18981477）,,,in_vivo;in_vitro,necessary,,,localization,
PIM1,CIM1,proteolysis,inhibit,直接かは不明,,37850632,,high,new,Lon プロテアーゼ Pim1 が Cim1 を低く保ち、mtDNA のコピー数の抑制を防ぐ,2026-10-04,要旨: Pim1 は Cim1 の量を低く保つのに欠かせない（37850632）,,,in_vivo,necessary,,,stability,
CIM1,ABF2,other,none,直接かは不明,,37850632,,medium,new,mtDNA のコピー数を拮抗して決める（Cim1 は抑え、Abf2 は支える）。遺伝的な拮抗,2026-10-04,要旨: Cim1 欠失は Abf2 欠失の mtDNA 維持の欠陥を和らげ、Cim1 過剰の欠陥は Abf2 の過剰で和らぐ（37850632）,,,genetic,,,,,
DPM2,DPM1,binding,none,direct,,33255655,,high,new,DPM 合成酵素の調節サブユニット。Dpm1 の活性に影響する（向きは要旨からは言えない）,2026-10-04,要旨: Yil102c-A（DPM2）は Dpm1 と直接結合し、DPM 合成酵素の活性に影響する（33255655）,,,,,,,,
SDH8,SDH1,binding,activate,直接かは不明,,24954416,,high,new,SDH の組み立て因子。遊離の Sdh1 に結合して Sdh2 との会合を助ける,2026-10-04,要旨: Sdh8 はマトリックスで Sdh1 と特異的に結合し、Sdh2 との会合と SDH の組み立てを助ける（24954416）,,,in_vivo,,,,,
YNR048W,DNF3,binding,none,直接かは不明,,34038161,,medium,new,YNR048W = CRF1。Dnf3 の非触媒サブユニット（結合は先行研究の引用）。この論文では crf1∆ と同じく dnf3∆ も lem3∆ sfk1∆ と合成で増殖が悪い,2026-10-04,本文: DNF3 は Crf1 の触媒サブユニットをコードし、dnf3 欠失も lem3∆ sfk1∆ と組むと増殖が悪い（34038161）,,,genetic,,,,,
ATP22,ATP6,activation,activate,direct,,17110482,,high,new,ATP6 mRNA の 5'-UTR に働く翻訳の活性化因子（転写ではなく翻訳）。12646576 では翻訳後の F0 組み立ての段階と解釈されていたが、17110482 で翻訳に必須と改められた,2026-10-04,要旨: Atp22 は ATP6（ATPase サブユニット 6）の翻訳に必須で、ATP6 mRNA の 5'-UTR との相互作用による（17110482）,,,in_vivo;genetic,necessary,,,expression,
CBP4,CBP3,binding,none,直接かは不明,,15759116;21670217,,medium,new,ともに bc1 複合体（複合体 III）の組み立て因子。CBP3 を多く発現させると CBP4 の欠損を一部補う（逆はない）。21670217 では Cbp3-Cbp6 と新生シトクロム b を含む組み立て中間体に Cbp4 が含まれる,2026-10-04,要旨: Cbp3 と Cbp4 が結びつき、高分子量の複合体に含まれる（15759116）。Cbp3-Cbp6 とシトクロム b の組み立て中間体に Cbp4 が含まれる（21670217）,,,in_vivo,,,,,
CWC23,SPP382,binding,none,direct,,29390077;19822657,,high,new,SPP382 の別名 NTR1。NTR 複合体（Ntr1・Ntr2・Prp43）の構成要素としてスプライソソームの解体に働く。19822657 では CWC23 の変異で Cwc23 と Ntr1（SPP382）の結びつきが弱まる,2026-10-04,"要旨: Cwc23 は NTR 複合体の構成要素で Ntr1 の C 末端と結びつく（29390077）。Ntr1, Ntr2, Cwc23 は安定な三量体",,,in_vivo;in_vitro,,,,,
CWC23,NTR2,activation,activate,直接かは不明,,29390077,,medium,new,Cwc23 を枯渇させると Ntr1（SPP382）と Ntr2 が同時に減る。Cwc23 がこれらを安定化すると論文は示唆,2026-10-04,要旨: Cwc23 の枯渇で Ntr1 と Ntr2 が減り、Cwc23 がこの 2 つを安定化する役割が示唆される（29390077）,,,in_vivo,necessary,,,stability,
HTL1,RSC8,binding,none,direct,,17400406;12684875,,high,new,Htl1 は Rsc8 を介して RSC クロマチンリモデリング複合体に直接結びつく。12684875 でも Rsc8p と Htl1p の物理的相互作用を示す,2026-10-04,要旨: Htl1p の RSC への結合は直接で、RSC の中心構成要素 Rsc8p が仲立ちする（17400406）。Rsc8p は Htl1p と物理的に相互作用する（12684875）,,,in_vivo;in_vitro;genetic,,,,,
SNF2,MRX12,transcription,inhibit,直接かは不明,熱ショック,24706020,,medium,new,MRX12 の系統名 YJR003C。隣の MPP10 と連動した熱ショックでの抑制に Spt20・Snf2・Chd1 が必要（変異で連動が外れる）。ヌクレオソームの再配置によらない,2026-10-04,要旨: 熱ショックで YJR003C の抑制を MPP10 の抑制と連動させるのに Spt20・Snf2・Chd1 が必要（24706020）,,,genetic;in_vivo,necessary,SPT20;CHD1,,expression,
SPT20,MRX12,transcription,inhibit,直接かは不明,熱ショック,24706020,,medium,new,MRX12 の系統名 YJR003C。隣の MPP10 と連動した熱ショックでの抑制に Spt20・Snf2・Chd1 が必要（変異で連動が外れる）。ヌクレオソームの再配置によらない,2026-10-04,要旨: 熱ショックで YJR003C の抑制を MPP10 の抑制と連動させるのに Spt20・Snf2・Chd1 が必要（24706020）,,,genetic;in_vivo,necessary,SNF2;CHD1,,expression,
CHD1,MRX12,transcription,inhibit,直接かは不明,熱ショック,24706020,,medium,new,MRX12 の系統名 YJR003C。隣の MPP10 と連動した熱ショックでの抑制に Spt20・Snf2・Chd1 が必要（変異で連動が外れる）。ヌクレオソームの再配置によらない,2026-10-04,要旨: 熱ショックで YJR003C の抑制を MPP10 の抑制と連動させるのに Spt20・Snf2・Chd1 が必要（24706020）,,,genetic;in_vivo,necessary,SNF2;SPT20,,expression,
NOP9,NOB1,inhibition,inhibit,直接かは不明,,27725644,,high,new,Nop9 は Nob1 の切断部位近くの 20S pre-rRNA に結びつき、Nob1 による切断（18S rRNA 生成の最終段階）を抑える。早すぎる切断を防ぐ,2026-10-04,要旨: Nop9 は Nob1 の切断部位近くの 20S pre-rRNA を認識し、Nob1 の切断を抑える（27725644）,,,in_vitro;structural,,,,activity,
MLP1,PML39,localization,activate,direct,,16162818,,high,new,Pml39 は Mlp1・Mlp2 との結合で核膜孔（核小体の反対側）に繋ぎ留められる。nup60 欠損では Mlp1・Mlp2 とともに核内の点に誤局在,2026-10-04,要旨: Pml39 は Mlp1 と Mlp2 との相互作用で核小体の反対側の核膜孔に繋ぎ留められる（16162818）,,,in_vivo,,MLP2,,localization,
MLP2,PML39,localization,activate,direct,,16162818,,high,new,Pml39 は Mlp1・Mlp2 との結合で核膜孔に繋ぎ留められる,2026-10-04,要旨: Pml39 は Mlp1 と Mlp2 との相互作用で核小体の反対側の核膜孔に繋ぎ留められる（16162818）,,,in_vivo,,MLP1,,localization,
MKT1,RDL2,activation,activate,直接かは不明,,37990816,,medium,new,MKT1 の 89G 対立遺伝子が Puf3 の標的 mRNA（RDL2 など）をストレスに応じて安定化する。PBP1 と PUF3 に依存。ストレス（シクロヘキシミド・H2O2・4NQO）ごとに異なる,2026-10-04,要旨: MKT1 の 89G 対立遺伝子が Puf3 の標的 COX17・MRS1・RDL2 の mRNA を対立遺伝子・ストレス特異的に安定化（37990816）,,,in_vivo,,,,expression,
SBE2,CHS3,localization,activate,直接かは不明,,10679005,,medium,new,sbe2 sbe22 の二重変異で Chs3p が誤局在する（単独変異の記述はない）。Sbe2p はゴルジから細胞表面への細胞壁成分の輸送に働く,2026-10-04,要旨: sbe2 sbe22 二重変異の小さい芽の細胞で Chs3p が誤局在する（10679005）,,,in_vivo,,SBE22,,localization,
PHO4,SNO1,transcription,inhibit,direct,,18408055,,high,confirm,SNZ1 と SNO1 は共通のプロモーターをもつ。Pho4 が一時的に結合して発現の時期（定常期への移行）を遅らせる。Rpd3 も時期の制御に必要,2026-10-04,要旨: Pho4 が SNZ1/SNO1 プロモーターに一時的に結合して活性を下げ、pho4 欠失で SNZ1/SNO1 の発現が早まる（18408055）,,,in_vivo,,,,expression,transient
TSR3,RIO2,inhibition,inhibit,direct,,35031584,,high,new,Tsr3 は Rio2・Rio1 と 40S 前駆体上の結合部位を共有する。Rio2 が離れた後に結合して Rio2 の再結合を防ぎ、修飾を終えて離れると Rio1 が入る,2026-10-04,要旨: Tsr3 は Rio2 が離れた後に結合し、Rio2 の再結合を防いで組み立てを進める（35031584）,,,in_vivo;in_vitro,,,,activity,
TSR3,RIO1,inhibition,inhibit,direct,,35031584,,medium,new,Tsr3 は修飾後に離れて Rio1 を機能部位に呼び込ませる。不活性な Tsr3 は離れずに Rio1 の働きを妨げる（触媒が不活性な変異での結果）,2026-10-04,要旨: 修飾を終えて Tsr3 が離れると Rio1 が呼び込まれる。不活性な Tsr3 は Rio1 の働きを妨げる（35031584）,,,in_vivo;genetic,,,,activity,
CSF1,MCD4,binding,none,直接かは不明,,35015055,,medium,new,Csf1 がないと P-Etn を欠く GPI 前駆体がたまる。Csf1 が膜接触部位で PE を Mcd4 に渡すと論文は示唆（結合以外は推定）,2026-10-04,要旨: Csf1 は ER の Mcd4（新生 GPI アンカーに P-Etn を付ける酵素）と相互作用する（35015055）,,,in_vivo,,,,,
ETP1,ENA1,transcription,activate,直接かは不明,,19416103,,medium,new,エタノールのストレスで誘導される ENA1 プロモーターの転写活性化に必要（HSP12・HSP26 も）。条件のエタノールストレスは条件の一覧にないので note に書く,2026-10-04,要旨: ETP1 はエタノールで誘導される ENA1 プロモーターと HSP12・HSP26 の転写活性化に必要（19416103）,,,in_vivo,necessary,,,expression,
ETP1,ARR3,transcription,activate,直接かは不明,,35323907,,medium,new,ARR3 の別名 ACR3。亜ヒ酸の存在下での ACR3 の十分な発現に必要。Yap8 のユビキチン化・安定性・核局在・プロモーターへの結合には影響せず、Yap8 とは独立,2026-10-04,要旨: Etp1 は亜ヒ酸の存在下での増殖と ACR3 の十分な発現に必要。Yap8 とは独立に働く（35323907）,,,in_vivo,partial,,,expression,
SIR3,IMD1,transcription,inhibit,直接かは不明,,16582424,,medium,new,テロメア位置効果による IMD1 のサイレンシング（場面: テロメアのサイレンシング）。sir3 変異と隣のテロメアの除去で転写が大きく増える,2026-10-04,要旨: YAR073W/IMD1 は sir3 変異や隣のテロメアの除去で転写がずっと多くなる（16582424）,,,in_vivo,necessary,,,expression,
MCM21,CTF19,binding,none,直接かは不明,,10323865,,medium,new,動原体の COMA 亜複合体（Ctf19・Okp1・Mcm21・Ame1）の構成要素どうし。論文は「most likely form a protein complex」と書く,2026-10-04,要旨: Ctf19・Mcm21・Okp1 はセントロメアの構成要素で、おそらく複合体を作り CBF3 とほかの構成要素をつなぐ（10323865）,,,in_vivo,,,,,
NAT1,NAT5,localization,activate,direct,,14517307,,high,new,NatA（Nat1・Ard1・Nat5）は Nat1 を介してリボソームに結合する。Nat5 は NatA の第 3 のサブユニットとして同定された,2026-10-04,要旨: NatA に第 3 のサブユニット Nat5p が含まれ、Nat1p が Ard1p と Nat5p をリボソームに繋ぎ留める（14517307）,,,in_vivo;in_vitro,,,,localization,
PSF2,SLD5,binding,none,直接かは不明,S 期,12730134,,high,new,GINS 複合体（Sld5・Psf1・Psf2・Psf3）の構成要素どうし。S 期に複製起点に結合し、Dpb11・Cdc45 のクロマチンへの結合に必要,2026-10-04,要旨: GINS は Sld5・Psf1・Psf2・Psf3 からなる新しい複製の複合体で、S 期にまず複製起点に結合する（12730134）,,,in_vivo,,,,,
SWA2,CHC1,localization,inhibit,直接かは不明,,12372257,,medium,new,Swa2 はオーキシリン様のクラスリン脱被覆因子。SWA2 欠失で小胞上のクラスリン被覆（CHC1 はクラスリン重鎖）が一部安定化する,2026-10-04,要旨: 溜まった分泌小胞の多くは被覆が外れているが、SWA2 欠失でクラスリン被覆が一部安定化する（12372257）,,,in_vivo,partial,,,localization,
CNN1,WIP1,binding,none,direct,,32679099;27524485,,high,new,Cnn1（CENP-T）と Wip1（CENP-W）はヘテロ二量体を作り、Ctf3 複合体に結合する（実験で決めた構造）。27524485 では Ctf3c-Cnn1-Wip1 複合体が Ndc80 複合体 2 分子の結合部位をつくる,2026-10-04,要旨: Cnn1-Wip1 ヘテロ二量体に結合した Ctf3 複合体の高分解能構造を決めた（32679099）,,,structural;in_vitro,,,,,
EFR3,STT4,localization,activate,直接かは不明,,19075114,,high,new,Efr3 は細胞膜の Stt4 PI4 キナーゼ斑（PIK patch）の構成要素。Ypp1 と Stt4 の斑への集合に必須,2026-10-04,要旨: Efr3 は PIK 斑への Ypp1 と Stt4 の集合に必須（19075114）,,,in_vivo,necessary,,,localization,
EFR3,YPP1,localization,activate,直接かは不明,,19075114,,high,new,Efr3 は Ypp1 の PIK 斑への集合に必須,2026-10-04,要旨: Efr3 は PIK 斑への Ypp1 と Stt4 の集合に必須（19075114）,,,in_vivo,necessary,,,localization,
SEN54,SEN2,activation,activate,直接かは不明,,36943791,,medium,new,SEN54 の多コピーで sen2 変異が抑圧される（高コピー抑圧スクリーン）。構造の安定化によると論文は推定。ともに tRNA スプライシングエンドヌクレアーゼのサブユニット,2026-10-04,要旨: sen2 変異は SEN54 の過剰発現で抑圧され、tRNA 依存・非依存の働きの両方で見られる（36943791）,,,genetic,,,,,
CYC2,CYC3,activation,activate,direct,,16207709;22257001,,medium,new,Cyc2 はヘムリアーゼ CCHL（CYC3）の働きに要り、two-hybrid で CCHL と結合する。ヘムの還元を担うと考えられている,2026-10-04,要旨: Cyc2p は CCHL（Cyc3）のアポシトクロム c・c1 への活性に必要（16207709）。two-hybrid で Cyc2p は CCHL と結合（22257001）,,,in_vivo;in_vitro,necessary,,,activity,
MAK11,RLP24,binding,activate,direct,,17308036,,high,new,Mak11 の失活で Rlp24 が大きく不安定になる。60S サブユニットの初期の形成で Rlp24 の補因子として働く,2026-10-04,要旨: Mak11 と Rlp24 は試験管内で直接結合し、Mak11 を失活させると Rlp24 が不安定化。RLP24 の過剰発現で mak11 の温度感受性が抑えられる（17308036）,,,in_vitro;in_vivo;genetic,necessary,,strong,stability,
NUT1,SIN4,binding,none,直接かは不明,,16230344,,medium,new,メディエーターの尾部で Med5（Nut1）は Med16（Sin4）の外側に位置する（複合体の構成要素どうし）,2026-10-04,要旨: Med5（Nut1）はメディエーター尾部の構成要素で、Med16（Sin4）の外側に Gal11 モジュールとともに位置する（16230344）,,,in_vitro;genetic,,,,,
RAD23,PNG1,binding,none,direct,,11259433;16401726,,high,new,Png1-Rad23 複合体は Rad4-Rad23 とは別。糖タンパク質の脱糖鎖とプロテアソーム分解をつなぐ,2026-10-04,要旨: two-hybrid と生化学で Rad23p と Png1p の結合を確認（11259433）。糖鎖つきリシン A 鎖の効率よい分解に Png1-Rad23 複合体が必要（16401726）,,,in_vivo,,,,,
SDA1,NAP1,binding,none,direct,,11160833,,high,new,,2026-10-04,要旨: Nap1 に結合するタンパク質をアフィニティーで探し、Sda1 が試験管内と生体内で Nap1 に結合（11160833）,,,in_vitro;in_vivo,,,,,
SPO22,ECM11,localization,activate,direct,胞子形成,34969823,,high,new,減数分裂で Ecm11 が DSB 部位と軸の付着部位に局在するには Zip4（Spo22）が厳密に必要。両者は直接結合する。シナプトネマ複合体の形成,2026-10-04,要旨: Ecm11 の局在は ZMM の Zip4 に厳密に依存し、Zip4 は Ecm11 と直接結合。結合できない変異で Ecm11 が染色体に結合できず SC 形成が欠ける（34969823）,,,in_vivo;in_vitro,necessary,,strong,localization,
SRV2,TWF1,activation,activate,direct,,26458246,,medium,new,Twf1 と Srv2/CAP が協同してアクチン繊維の端からの脱重合を速める（尖端 17 倍・反矢じり端 3 倍）。Twf1 だけでは尖端に効かない。この活性は生体内の Twf1 の働きに要る。要旨に酵母の語はないが、本文で出芽酵母の Twf1・Srv2 を使っている,2026-10-04,本文: Twf1 と Srv2 を一緒に加えると濃度に依存して繊維の分解が促される。要旨: Twinfilin と Srv2/CAP が協同して脱重合を加速（26458246）,,,in_vitro;in_vivo,necessary,,strong,activity,
SCH9,YDC1,transcription,inhibit,直接かは不明,,24196832,,medium,new,TORC1-Sch9 の経路がセラミダーゼ遺伝子 YDC1・YPC1 の発現を抑える（栄養に依存した転写の仕組み）,2026-10-04,要旨: TORC1-Sch9 経路はセラミダーゼ遺伝子 YDC1 と YPC1 の発現を抑える（24196832）,,,in_vivo,,,,expression,
AEP2,OLI1,activation,activate,直接かは不明,,10101162,,medium,new,Aep2 はミトコンドリアの oli1 mRNA（ATP 合成酵素サブユニット 9）の成熟型の蓄積と発現に必要。oli1 の 5' 非翻訳領域の変異が aep2-ts1 を抑圧し、直接の RNA-タンパク質の相互作用が考えられている,2026-10-04,要旨: AEP2 の変異で成熟型 oli1 mRNA が大きく減る。oli1 の 5'UTR の点変異が aep2-ts1 を抑圧（10101162）,,,in_vivo;genetic,necessary,,strong,expression,
CSI1,RRI1,localization,activate,直接かは不明,,12672462,,medium,new,Csn5（Rri1）の核局在に Csi1 などのサブユニットが必要,2026-10-04,要旨: Csi1 などを欠くと GFP-Csn5（Rri1）が核に集まらず細胞全体に広がる（12672462）,,,in_vivo,necessary,,,localization,
CSI1,RPN5,binding,none,直接かは不明,,12672462,,medium,new,two-hybrid による結合。CSN とプロテアソームの蓋の間のつながり,2026-10-04,要旨: two-hybrid で CSN のサブユニット Csn9 と Csi1 がプロテアソームの蓋のサブユニット Rpn5 と結合（12672462）,,,in_vivo,,,,,
ZAP1,ETR1,transcription,activate,直接かは不明,,26711224,,medium,new,zap1Δ で ETR1 の発現が下がり、ミトコンドリアの脂肪酸合成とリポ酸が減る,2026-10-04,要旨: zap1Δ で ETR1 の発現が低下。Zap1 は ETR1 の発現を正に制御（26711224）,,,in_vivo,necessary,,,expression,
ADR1,ETR1,transcription,activate,直接かは不明,非発酵性炭素源,19583790,,medium,new,ETR1-lacZ の発現は Adr1 に依存する（グリセロール培地）。ただし Etr1p の量・還元酵素活性・リポ酸量は adr1Δ でも変わらない,2026-10-04,要旨: ETR1-lacZ の発現は野生型で adr1Δ の 6.5 倍。ただし Etr1p 量と活性は変わらない（19583790）,,,in_vivo,,,moderate,expression,
IMP2,PRX1,proteolysis,none,直接かは不明,,28821623,,medium,new,内膜ペプチダーゼ（Imp2）による切断で Prx1 が膜間腔に可溶型として入る。マトリックス側は Oct1 が切る。切断は局在を決める,2026-10-04,要旨: Prx1 は内膜ペプチダーゼの切断で膜間腔へ、MPP と Oct1 の切断でマトリックスへ。Imp2 か Oct1 による切断が Prx の局在を決める（28821623）,,,in_vivo,,,,localization,
NSE1,NSE3,binding,none,直接かは不明,,29119272,,medium,new,Smc5/6 複合体の構成要素どうし。Nse1 の RING ドメインが Nse3 との結合に要る,2026-10-04,要旨: Nse1 の RING ドメインの変異 nse1-103 は Nse3・Nse4・Smc5 と結合できない（29119272）,,,in_vivo,,,,,
PUS4,TEF1,other,none,direct,,25353621,,medium,new,Pus4 が TEF1 mRNA をシュードウリジン化する（Ψ-239）。mRNA への修飾,2026-10-04,要旨: 欠失と試験管内の再構成で Pus4 が TEF1 mRNA を修飾（25353621）,,,in_vivo;in_vitro,necessary,,,,
SAM37,TOM22,binding,none,直接かは不明,,26416958,,high,new,TOM-SAM 超複合体の形成に Sam37 が必要。β バレル前駆体の受け渡しを促す,2026-10-04,要旨: Sam37 は Tom22 の受容体ドメインと結合し TOM と SAM をつなぐ（26416958）,,,in_vivo,,,,,
TAF11,TOA2,binding,none,direct,,11238911,,high,new,TAF40（Taf11）は TFIIA と直接結合し、TFIIA と TFIID をつなぐ,2026-10-04,要旨: TAF40 は TFIIA と直接・特異的に結合。Toa2 の変異で結合を失うと条件付きの増殖と転写の欠陥（11238911）,,,in_vitro;in_vivo,,,,,
COA1,MSS51,binding,none,直接かは不明,,17882260,,medium,new,シトクロム c 酸化酵素の組み立て。Coa1 は Mss51:Cox14 複合体から Shy1 が関わるヘム a 挿入への Cox1 の受け渡しをつなぐ,2026-10-04,要旨: Coa1 は Mss51・Shy1・Cox14 と物理的・遺伝的に相互作用（17882260）,,,in_vivo;genetic,,,,,
COA1,SHY1,binding,none,直接かは不明,,17882260,,medium,new,シトクロム c 酸化酵素の組み立て。Coa1 は Mss51:Cox14 複合体から Shy1 が関わるヘム a 挿入への Cox1 の受け渡しをつなぐ,2026-10-04,要旨: Coa1 は Mss51・Shy1・Cox14 と物理的・遺伝的に相互作用（17882260）,,,in_vivo;genetic,,,,,
END3,PAN1,binding,none,direct,,24118836,,high,new,Pan1 の恒常的な結合相手。end3-1 は End3 リピートを欠く短縮型,2026-10-04,要旨: End3 の C 末端の End3 リピートが Pan1 の中央コイルドコイルの N 側と結合（24118836）,,,in_vitro;in_vivo,,,,,
SHG1,SET1,binding,none,直接かは不明,,19713935,,medium,new,COMPASS（Set1C）の構成要素どうし。翻訳中の Set1 に共翻訳的に集まる SET1RC に Shg1 が含まれる,2026-10-04,要旨: SET1 mRNA と Set1・Swd1・Spp1・Shg1 を含む SET1RC を同定（19713935）,,,in_vivo,,,,,
APL5,YPQ2,localization,activate,直接かは不明,,26577948,,medium,new,AP-3（ALP 経路）で Ypq2 が液胞膜へ運ばれる。AP-3 だけを欠くとエンドソーム経由（Pep12 依存）で液胞膜に届くので、Pep12 と重複して必要,2026-10-04,本文: apm3Δ pep12Δ・apl5Δ pep12Δ の二重変異で Ypq2 の多くが細胞質の点状構造に誤局在。要旨: Ypq は AP-3 が要る ALP 経路で液胞膜へ運ばれる（26577948）,,,in_vivo,partial,PEP12,,localization,
APM3,YPQ2,localization,activate,直接かは不明,,26577948,,medium,new,AP-3（ALP 経路）で Ypq2 が液胞膜へ運ばれる。AP-3 だけを欠くとエンドソーム経由（Pep12 依存）で液胞膜に届くので、Pep12 と重複して必要,2026-10-04,本文: apm3Δ pep12Δ・apl5Δ pep12Δ の二重変異で Ypq2 の多くが細胞質の点状構造に誤局在。要旨: Ypq は AP-3 が要る ALP 経路で液胞膜へ運ばれる（26577948）,,,in_vivo,partial,PEP12,,localization,
THI2,THI80,transcription,activate,直接かは不明,,8394343,,medium,new,THI80 の発現は細胞内のチアミン二リン酸で主に mRNA の段階で調節され、正の制御因子 THI2・THI3 を要する。ただし外からのチアミンでの抑制は不完全で、低いレベルで構成的に発現する,2026-10-04,要旨: ノーザンと酵素活性で、THI80 の発現は THI2 と THI3 の正の制御因子を要する（8394343）,,,in_vivo,necessary,,,expression,
THI3,THI80,transcription,activate,直接かは不明,,8394343,,medium,new,THI80 の発現は細胞内のチアミン二リン酸で主に mRNA の段階で調節され、正の制御因子 THI2・THI3 を要する。ただし外からのチアミンでの抑制は不完全で、低いレベルで構成的に発現する,2026-10-04,要旨: ノーザンと酵素活性で、THI80 の発現は THI2 と THI3 の正の制御因子を要する（8394343）,,,in_vivo,necessary,,,expression,
RFC1,POL30,binding,none,直接かは不明,,7516465,,medium,new,POL30（PCNA）の変異が cdc44（rfc1）の低温感受性の変異を抑圧する遺伝学の証拠。PCNA の一つの面に変異が集まる,2026-10-04,要旨: pol30 の変異が cdc44 の低温感受性の変異を抑圧するが null は抑圧しない。PCNA は Cdc44p（Rfc1）と相互作用すると考えられる（7516465）,,,genetic,,,,,
TPK1,HUR1,phosphorylation,none,直接かは不明,,28987344,,low,flag,要旨は Tpk1 による Hur1 のリン酸化を調べておらず、NHEJ で同じ経路にあること（二重欠失が単独欠失と同じ）を示すだけ。リン酸化の記録は未確認として残す。HUR1 は PMR1 と重なるため重ならない部分（HUR1-A）を欠失させている,2026-10-04,要旨: hur1-A 欠失は tpk1・nej1 欠失と同じく NHEJ の効率を下げ、二重欠失でも同じ低下（同じ経路）。リン酸化の記載なし（28987344）,,,genetic,,,,,
CGI121,BUD32,binding,none,direct,,16564010;25735745,,high,new,KEOPS 複合体の構成要素どうし。結晶構造で Bud32/Cgi121 の複合体,2026-10-04,要旨: Cgi121 は Bud32・Kae1・Gon7 とともに KEOPS 複合体をつくる（16564010）。Bud32/Cgi121 複合体の結晶構造を決定（25735745）,,,in_vivo;structural,,,,activity,
DAD3,DAD1,binding,none,direct,,26962051,,medium,new,Dam1（DASH）複合体の構成要素どうし。架橋質量分析で Dad2・Dad4・Hsk3 とも近接,2026-10-04,本文: 架橋質量分析で Dad1・Dad2・Dad3・Dad4・Hsk3 の間に密な架橋の網（26962051）,,,in_vitro;structural,,,,,
EBS1,NAM7,binding,none,直接かは不明,,17984081,,high,new,Upf1 は NAM7 の別名。NMD（ナンセンス変異 mRNA 分解）。Ebs1 を過剰に発現させると Upf1 が P ボディに集まる,2026-10-04,要旨: Ebs1 は NMD のヘリカーゼ Upf1 と物理的に結合し、過剰発現で Upf1 を P ボディへ呼び込む（17984081）,,,in_vivo,,,,,
GET2,GET3,binding,activate,direct,,34614151,,high,new,ER 膜の受容体 Get1/2 が Get3・TA 複合体を捕まえ、Get3 を開かせて TA タンパク質を放させる（尾部アンカー型タンパク質の挿入）,2026-10-04,要旨: Get2 の細胞質側領域の MoRF が Get3 を開かせ、Get3 からの TA の放出に Get1・Get2 の両方が要る。MoRF の変異で生体内の TA 挿入が下がる（34614151）,,,in_vitro;in_vivo,,,,activity,
GET2,GET1,binding,none,direct,,34614151,,high,new,Get1/2 受容体の構成要素どうし。組むと Get3・TA への親和性が強く上がる,2026-10-04,要旨: Get1 と Get2 の細胞質側領域が組むと、それぞれの Get3・TA への親和性が強く上がる（34614151）,,,in_vitro,,,,,
PPE1,PPH21,demethylation,inhibit,direct,,17550305,,high,new,脱メチル化（PP2A メチルエステラーゼ）。PP2A 触媒サブユニットの C 末端のメチル化を外し、成熟前の活性化と全酵素の組み立てを抑える。PPM1 と逆向き,2026-10-04,本文: PPE1 の過剰発現で PPH21 のメチル化が失われ、PPE1:PPH21 複合体が増え、PPH21 と RRD2・TPD3 の結合とホスファターゼ活性が大きく下がる（17550305）,,,in_vivo,,,strong,activity,
SPP1,SET1,binding,activate,直接かは不明,減数分裂,29444071,,high,new,COMPASS（Set1C）の構成要素どうし。H3K4me3 の維持,2026-10-04,要旨: Spp1 と Set1 の結合を壊すと H3K4me3 がわずかに下がる（29444071）,,,in_vivo,,,weak,activity,
SPP1,REC107,binding,activate,直接かは不明,減数分裂,29444071,,high,new,Mer2 は REC107 の別名。Spp1 が H3K4me3 と染色体軸の Mer2 をつなぎ、減数分裂の DSB 形成を促す,2026-10-04,要旨: 減数分裂の細胞で Spp1 は Mer2 と複合体をつくり、Spp1-Mer2 の結合が減数分裂の組換えの開始に必要（29444071）,,,in_vivo,necessary,,,,
THP2,THO2,binding,none,直接かは不明,,11060033,,high,new,THO 複合体の構成要素どうし（Hpr1・Mft1 も）,2026-10-04,要旨: タグ付き Tho2 から Tho2・Hpr1・Mft1・Thp2 を含む複合体を単離（11060033）,,,in_vivo,,,,,
TYC1,CDC20,inhibition,inhibit,直接かは不明,,29883473,,high,new,Tyc1 は APC/C に結合し、活性化因子 Cdc20 の APC/C への結合を妨げる（p31comet の相同）,2026-10-04,要旨: Tyc1 は APC/C に結合して APC/C-Cdc20 と APC/C-Cdh1 の活性を試験管内で抑え、Cdc20・Cdh1 の APC/C への結合を妨げる（29883473）,,,in_vitro,,,,activity,
TYC1,CDH1,inhibition,inhibit,直接かは不明,,29883473,,high,new,Tyc1 は APC/C に結合し、活性化因子 Cdh1 の APC/C への結合を妨げる（p31comet の相同）,2026-10-04,要旨: Tyc1 は APC/C に結合して APC/C-Cdc20 と APC/C-Cdh1 の活性を試験管内で抑え、Cdc20・Cdh1 の APC/C への結合を妨げる（29883473）,,,in_vitro,,,,activity,
BTS1,BET2,activation,activate,直接かは不明,,7665600,,medium,new,ゲラニルゲラニル二リン酸（Bet2 のゲラニルゲラニル化の基質）を供給して働く。bet2-1 の抑圧,2026-10-04,要旨: BTS1 はゲラニルゲラニル二リン酸合成酵素で、細胞内のその量を増やして bet2-1 変異を抑圧すると考えられる（7665600）,,,genetic,,,,,
IOC3,ISW1,binding,none,直接かは不明,,28899943,,high,new,Isw1a 複合体の構成要素どうし。Isw1 の SUMO 化が Ioc3 との結合を助ける,2026-10-04,要旨: Isw1 の SUMO 化が補因子 Ioc3 との結合を促し・安定させ、Isw1-Ioc3 複合体をクロマチンへ呼び込む（28899943）,,,in_vivo,,,,,
MCO6,MDM10,binding,none,直接かは不明,,38377000,,high,new,SAM 複合体の中で組む。Mco6 の欠損で Mdm10 の量が変わり TOM 複合体の組み立てが乱れる,2026-10-04,要旨: Mco6 は Mdm10 と SAM 装置の一部として組み立てられる。Mco6 を欠く細胞では Mdm10 の量が変わる（38377000）,,,in_vivo,,,,,
VAR1,MRP2,binding,activate,直接かは不明,,7770043,,medium,new,ミトコンドリアリボソームの小サブユニットへの Mrp2 の組み込みに Var1 が要る,2026-10-04,要旨: Var1 を欠く小サブユニットには Mrp2 が入らず、Var1 が Mrp2 の組み込みに重要（7770043）,,,in_vivo,necessary,,,,
SAS4,SAS2,activation,activate,direct,,12626510,,high,new,SAS 複合体の HAT 活性（H4K16・H3K14 のアセチル化）に Sas4 が必須,2026-10-04,要旨: 組換え Sas2 の HAT 活性は Sas4 を絶対に必要とし、Sas5 で高まる（12626510）,,,in_vitro,necessary,,strong,activity,
TAR1,COQ5,binding,none,direct,,18622616,,medium,new,補酵素 Q の合成酵素 Coq5 と結合,2026-10-04,要旨: ツーハイブリッドと試験管内の結合実験で Tar1 と Coq5 の物理的な結合（18622616）,,,in_vivo;in_vitro,,,,,
ZIM17,SSC1,activation,activate,直接かは不明,,24030826,,high,new,ミトコンドリア Hsp70（Ssc1）の可溶性を保ち、基質との働きを助ける補シャペロン,2026-10-04,要旨: zim17 変異で Ssc1 に依存するマトリックスへの輸入が強く損なわれ、新たに入った基質の Ssc1 への結合が大きく下がる（24030826）,,,in_vivo,necessary,,,activity,
COA3,MSS51,inhibition,inhibit,直接かは不明,,20876281,,high,new,COX1 翻訳の負のフィードバック。Coa3 と Cox14 が Mss51 を組み立て途中の複合体に留め、翻訳しない状態にする,2026-10-04,要旨: Coa3・Cox14 は Mss51 を翻訳しない状態へ移し COX1 の発現を下げる。欠くと Mss51 が翻訳する状態に留まり Cox1 合成が増える（20876281）,,,in_vivo,necessary,,,activity,
COA3,COX1,binding,none,直接かは不明,,20876281,,high,new,シトクロム c 酸化酵素の組み立て中間体,2026-10-04,要旨: Coa3 と Cox14 は新しく合成された Cox1 と組み立て中間体をつくる（20876281）,,,in_vivo,,,,,
MUD2,MSL5,binding,none,direct,,22287628,,high,new,分岐点結合の Msl5-Mud2 ヘテロ二量体（スプライシングの初期）,2026-10-04,要旨: 相互のタンデムアフィニティー精製で、Msl5 は生体内で Mud2 とヘテロ二量体をつくり U1 snRNP と結合する（22287628）,,,in_vivo,,,,,
SPE3,DIT1,transcription,inhibit,直接かは不明,,9725830,,medium,new,スペルミジンを介する。栄養増殖中の DIT1・DIT2（胞子形成の遺伝子）の NRE(DIT) による抑制。スペルミジン添加で抑制が一部戻る,2026-10-04,要旨: spe3 変異では NRE(DIT) による DIT1/DIT2 の抑制が不完全で、スペルミジン添加で一部戻る（9725830）,,,genetic,partial,,,expression,
GLN3,AVT7,transcription,activate,直接かは不明,,33624780,,medium,new,gln3 gat1 の二重欠損で AVT7 の発現が下がる（ChIP で直接の結合を示したのは AVT4・AVT6 で、AVT7 は発現量だけ）,2026-10-04,要旨: gln3∆gat1∆ で AVT1・AVT7 の発現が下がることを確かめた（33624780）,,,in_vivo,,GAT1,,expression,
GAT1,AVT7,transcription,activate,直接かは不明,,33624780,,medium,new,gln3 gat1 の二重欠損で AVT7 の発現が下がる（ChIP で直接の結合を示したのは AVT4・AVT6 で、AVT7 は発現量だけ）,2026-10-04,要旨: gln3∆gat1∆ で AVT1・AVT7 の発現が下がることを確かめた（33624780）,,,in_vivo,,GLN3,,expression,
ORC2,CLF1,localization,activate,直接かは不明,,11973290,,high,new,Clf1 は Orc2 と結合（2 ハイブリッド・共沈）し、複製起点への結合は Orc2 に依存。DNA 複製の開始での働き,2026-10-04,要旨: Clf1p は Orc2p と 2 ハイブリッドと共沈で結合し、複製起点に結合する。その結合は Orc2p 依存（11973290）,,,in_vivo,necessary,,,localization,
CLF1,PRP40,binding,none,direct,,10445879,,high,new,スプライソソームの組み立ての足場。Clf1 の TPR と Prp40 の結合,2026-10-04,要旨: 2 ハイブリッドと試験管内の結合で Clf1p は U1 snRNP の Prp40p と結合（10445879）,,,in_vivo;in_vitro,,,,,
CLF1,MUD2,binding,none,direct,,10445879,,high,new,スプライソソームの組み立ての足場。Clf1 と U2AF65 の相同体 Mud2 の結合,2026-10-04,要旨: 2 ハイブリッドと試験管内の結合で Clf1p は Mud2p と結合（10445879）,,,in_vivo;in_vitro,,,,,
GIM5,PAC10,binding,none,直接かは不明,,9463374,,medium,new,GIM1/YKE2・GIM2/PAC10・GIM3・GIM4・GIM5 が共通の複合体（プレフォルディン）をつくる,2026-10-04,要旨: GIM1/YKE2・GIM2/PAC10・GIM3・GIM4・GIM5 の産物は共沈とゲルろ過で共通の複合体にある（9463374）,,,in_vivo,,,,,
GIM5,TUB4,activation,activate,直接かは不明,,9463374,,medium,new,gim 欠損は tub4-1 と合成致死。Gim タンパク質は過剰発現した Tub4 に結合（GIM5 個別の結合かは要旨に書かれていない）,2026-10-04,要旨: gim5 などの欠損は tub4-1 と合成致死。Gim タンパク質は Tub4p の働きに重要で、過剰発現した Tub4p に結合（9463374）,,,genetic;in_vivo,necessary,,,,
MSA2,TEC1,activation,activate,direct,,24732795,,high,new,Tec1・Ste12 と結合し、補助活性化因子として転写活性を高める（接着・糸状成長の遺伝子）。Tec1-Ste12-Msa1/2 は試験管内で TCS に集まり、生体内でもプロモーターに結合,2026-10-04,要旨: Tec1 と Ste12 は Msa1・Msa2 と結合し、Msa1/2 は Tec1-Ste12 の転写活性を高める補助活性化因子として働く（24732795）,,,in_vivo;in_vitro,,MSA1,,activity,
MSA2,STE12,activation,activate,direct,,24732795,,high,new,Tec1・Ste12 と結合し、Tec1-Ste12 の転写活性を高める（Dig1/2 と逆の向き）,2026-10-04,要旨: Tec1 と Ste12 は Msa1・Msa2 と結合する。Msa1/2 は Tec1-Ste12 の転写活性を高める（24732795）,,,in_vivo;in_vitro,,MSA1,,activity,
MSA2,SWI4,transcription,inhibit,直接かは不明,グルコース枯渇,27272642,,medium,new,グルコースが尽きたあとだけ、SBF の標的（SWI4・CLN2・ヒストン）の転写を抑える。静止期への移行に必要,2026-10-04,要旨: Msa1・Msa2 はグルコース枯渇後に SWI4・CLN2 など SBF の標的の転写を抑えるのに必要（27272642）,,,in_vivo,,MSA1,,expression,
SDS22,GLC7,binding,none,direct,,17142459;18172024,,high,new,Glc7 への向きは論文で食い違う: 17142459 は Ypi1 と Sds22 で Glc7 の活性がほぼ完全に抑えられる（試験管内）、18172024 は Ypi1・Sds22 を核の Glc7 活性の正の調節因子とする（遺伝学）。Ypi1-Glc7-Sds22 の三者複合体,2026-10-04,要旨: Ypi1 は Glc7・Sds22 と複合体をつくり、等量の Ypi1 と Sds22 で Glc7 の活性がほぼ完全に抑えられる（17142459）。Ypi1 と Sds22 は核の Glc7 活性の正の調節因子（18172024）,,,in_vitro;genetic,,,,,
YPI1,SDS22,localization,activate,直接かは不明,,18172024,,high,new,Ypi1 を減らすと核の Sds22 が失われる（核の Glc7 も減る）。分裂期の Glc7 の働き,2026-10-04,要旨: Ypi1 を枯渇させると核の PP1 が減り、核の Sds22 が失われる（18172024）,,,in_vivo,necessary,,,localization,
SQT1,RPL10,localization,activate,直接かは不明,,9271392;26112308,,high,new,Sqt1 は Qsr1（Rpl10）と 2 ハイブリッドで強く結合し、60S への取り込みに必要。26112308 では Sqt1 が新生 Rpl10 を翻訳と同時に捕まえ、結晶構造で Rpl10 の N 末端を覆う,2026-10-04,要旨: Sqt1 は Qsr1p と結合し、SQT1 を減らすと遊離 60S 上の Qsr1p が減る（9271392）。Sqt1 は新生 Rpl10 の mRNA を濃縮し、Rpl10 の N 末端を β プロペラで覆う（26112308）,,,in_vivo;structural,necessary,,,localization,
UBP14,TAT2,proteolysis,inhibit,直接かは不明,,15451116,,medium,new,高い静水圧（25 MPa）で Rsp5 による Tat2 の分解に Ubp14 が要る（欠損で Tat2 が安定化）。DOA4・UBP6 の欠損も同じ,2026-10-04,要旨: 高圧での Tat2 の分解は Rsp5 依存で、DOA4・UBP6・UBP14 の欠損で Tat2 が安定化する（15451116）,,,in_vivo,necessary,,,stability,
RNT1,YDR514C,other,inhibit,direct,,42148733,,medium,new,Rnt1（RNase III）が YDR514C の mRNA を生体内で切断する（切断部位の地図）。YDR514C の変異は rnt1 欠損の増殖不良を抑える,2026-10-04,要旨: Rnt1 の生体内の切断部位を地図にし、標的の YDR514C の変異が rnt1 欠損の増殖不良を抑える。Rnt1 は YDR514C の発現を抑えると考えられる（42148733）,,,in_vivo;genetic,,,,expression,
BTT1,EGD2,binding,none,直接かは不明,,10219998,,medium,new,NAC の β3 サブユニット（BTT1）と α サブユニット（EGD2）。1 つのサブユニットを欠くと残りのサブユニットが減る,2026-10-04,要旨: NAC の 3 つのサブユニットは EGD2・EGD1・BTT1 がコードし、β サブユニットでリボソームに結合する。1 つを欠くと残りが減る（10219998）,,,in_vivo,,,,,
CVM1,CVM2,localization,activate,direct,,40601406,,high,new,Cvm1 と Cvm2（Yml020w）は複合体をつくり、Cvm1 が PI3P に結合して複合体を液胞へ運ぶ。複合体の形成が働きに必要,2026-10-04,要旨: Cvm1 は Yml020w（Cvm2）と複合体をつくり、PI3P への結合で複合体を液胞に向ける（40601406）,,,in_vivo,necessary,,,localization,
FAP1,FPR1,binding,none,direct,,10998178,,high,new,Fap1 は FKBP12（Fpr1）に結合し、ラパマイシンと結合を競合してラパマイシン耐性を与える。FKBP12 の薬剤結合部位の変異で結合が失われる,2026-10-04,要旨: FAP1 は生体内と試験管内で FKBP12 と結合し、ラパマイシンと競合する（10998178）,,,in_vivo;in_vitro;genetic,,,,,
ITT1,URE2,other,activate,直接かは不明,,30231023,,medium,new,itt1 欠損で URE2 の mRNA 量は変わらず、ポリソーム上で軽い画分に移る（翻訳の効率が下がる）。URE2 の IRES による翻訳にも影響。重金属への感受性,2026-10-04,本文: itt1Δ で URE2 mRNA が軽いポリソーム画分へ移り、翻訳の効率が下がる。mRNA 量は変わらない（30231023）,,,in_vivo,necessary,,,,
MED11,SRB4,binding,none,direct,,21498544,,high,new,Med11/22 ヘテロ二量体の C 末端の延長部が Med17（Srb4）に結合。メディエーターの head モジュール,2026-10-04,要旨: Med11/22 の 4 本ヘリックスの束の C 末端の延長部が head の中心サブユニット Med17 に結合（21498544）,,,structural;in_vitro,,,,,
MED11,SRB6,binding,none,direct,,21498544,,high,new,Med11 と Med22（Srb6）のヘテロ二量体（組換えタンパク質の共精製）,2026-10-04,本文: Med11 と Med22 はヘテロ二量体の Med11/22 をつくる。要旨: Med11/22 は 4 本ヘリックスの束をつくる（21498544）,,,structural;in_vitro,,,,,
MRP51,COX2,other,activate,直接かは不明,,9528754,,medium,new,MRP51 の変異が COX2・COX3 の mRNA の 5' 非翻訳リーダーの変異による翻訳の欠陥を抑える。MRP51 の欠失でミトコンドリアの遺伝子発現が完全に止まる,2026-10-04,要旨: MRP51 の変異は COX2・COX3 の 5'-UTL の変異の翻訳の欠陥を抑え、欠失でミトコンドリアの遺伝子発現が止まる（9528754）,,,genetic;in_vivo,necessary,,,,
RCH1,ENA1,transcription,inhibit,直接かは不明,,26832117,,medium,new,pmr1 細胞で RCH1 を過剰発現すると ENA1 の発現が下がる（カルシウム・カルシニューリンの信号が弱まるため）,2026-10-04,要旨: pmr1 細胞で ScRCH1 を過剰発現すると ENA1 の発現が下がり、細胞質のカルシウムの蓄積とカルシニューリンの活性化が抑えられる（26832117）,,,in_vivo,,,,expression,
TCP1,ACT1,activation,activate,直接かは不明,,7865875,,medium,new,tcp1-1 は act1-1・act1-4 などと対立遺伝子に特異的な遺伝的相互作用。Tcp1 はアクチンと微小管の正常な働きに必要,2026-10-04,要旨: Tcp1p の過剰発現が act1-1・act1-4 の増殖不良を一部抑える。Tcp1p はアクチンと微小管の働きに必要（7865875）,,,genetic,,,,,
YPR096C,PGM2,other,activate,直接かは不明,,32639961,,medium,new,ypr096c 欠損で PGM2 の 5'-UTR をもつレポーターの翻訳が下がる（mRNA 量は変わらない）。LiCl とガラクトースでの感受性,2026-10-04,要旨: YTA6・YPR096C の欠損で LiCl 感受性（ガラクトース）が増し、PGM2 mRNA の翻訳に影響する（32639961）。本文: 欠損で PGM2 の 5'-UTR をもつレポーターの活性が下がる,,,in_vivo,necessary,,,,
COQ9,CAT5,activation,activate,直接かは不明,,26008578;17391640,,high,new,Coq9 は Coq7（CAT5）ヒドロキシラーゼの働きに必要。HA-Coq9 は Coq4・Coq5・Coq6・Coq7 と共沈（17391640）,2026-10-04,要旨: Coq9 は Coq6・Coq7 ヒドロキシラーゼの働きに必要（26008578）。HA-Coq9 は Coq7p と共沈（17391640）,,,in_vivo,necessary,,,,
COQ9,COQ6,activation,activate,直接かは不明,,26008578;17391640,,high,new,Coq9 は Coq6 ヒドロキシラーゼの働きに必要。HA-Coq9 は Coq6 と共沈（17391640）,2026-10-04,要旨: Coq9 は Coq6・Coq7 ヒドロキシラーゼの働きに必要（26008578）。HA-Coq9 は Coq6p と共沈（17391640）,,,in_vivo,necessary,,,,
NBL1,SLI15,binding,none,直接かは不明,,19158380,,medium,new,Nbl1 は Ipl1・Sli15・Bir1 の CPC と共精製され、CPC の局在・安定性・まとまりに必要。ほかの CPC サブユニットをつなぐ,2026-10-04,要旨: Nbl1p は CPC（Ipl1p・Sli15p・Bir1p）と共局在・共精製され、CPC の局在・安定性・まとまり・働きに必要（19158380）,,,in_vivo,,,,,
SRN2,VPS28,binding,none,直接かは不明,,11511343;17442384,,high,new,SRN2 = VPS37。ESCRT-I は Vps23（Stp22）・Vps28・Vps37・Mvb12 の 1:1:1:1 の複合体（17442384 の結晶構造）,2026-10-04,要旨: ESCRT-I は Vps23・Vps28・Vps37 からなる 350 kDa の複合体（11511343）。Vps23・Vps28・Vps37・Mvb12 の 1:1:1:1 のヘテロ四量体（17442384）,,,in_vivo;structural,,,,,
GCN4,THR1,transcription,activate,直接かは不明,,1789001,,medium,confirm,メチオニンによる THR1 の転写の促進は GCN4 による（一般アミノ酸制御）,2026-10-04,要旨: HOM2・HOM3・THR1 のメチオニンによる転写の促進は GCN4 の産物が担う（1789001）,,,in_vivo,,,,expression,
AI2,COX1,other,activate,直接かは不明,,1701209,,medium,new,COX1 の aI2 イントロンがコードするマチュラーゼ（逆転写酵素様）が COX1 の前駆体 mRNA のスプライシングに関わる。aI2 のスプライシングを欠く変異体で 57 kDa のマチュラーゼ aI2 が蓄積。14612420（aI2 のスプライシングは p62 マチュラーゼに依存）も読んだが要旨に COX1 の名がないので pmids に入れない,2026-10-04,要旨: COX1 の aI1・aI2 イントロンの ORF はマチュラーゼに翻訳され、遺伝学的に前駆体 mRNA のスプライシングに関わる。抗体で aI2 のスプライシング欠損変異体に 57 kDa のマチュラーゼ aI2 を検出（1701209）,,,genetic;in_vivo,,,,,
BCH1,CHS5,binding,none,direct,,16855022,,high,new,エキソマー（Chs5/6 複合体）の構成要素どうし。Chs5 が足場,2026-10-04,要旨: Chs5 は Chs6 とその 3 つのパラログ Bch1・Bud7・Bch2 と約 1 MDa の複合体を作る（16855022）,,,in_vivo,,,,,
BCH1,CHS3,localization,activate,直接かは不明,,16855022,,medium,new,トランスゴルジ網から細胞表面への Chs3 の輸送（エキソマーの荷物受容体）。BUD7 と重複して働く,2026-10-04,要旨: Bch1 と Bud7 は Chs3 の輸送で重複して働き、両方を欠くと Chs3 が複合体から外れる（16855022）,,,in_vivo;genetic,,BUD7,,localization,
COA4,COX1,activation,activate,直接かは不明,,35666203,,medium,new,Coa4 は Cox1 の CuB 部位への銅の受け渡し経路で働く。coa4Δ で Cox1 の量とシトクロム c 酸化酵素の組み立てが落ち、COX11 の過剰発現で戻る,2026-10-04,要旨: coa4Δ で減る Cox1 の量・COX の組み立て・呼吸が Cox11 の過剰発現で戻る。Coa4 を Cox1 への銅の受け渡し経路に置く（35666203）,,,genetic;in_vivo,,,,stability,
DBP7,URB1,other,none,直接かは不明,,34686661,,medium,new,URB1 の別名 NPA1。Dbp7 がないと初期 pre-60S からの Npa1 足場複合体の解離が妨げられる（リボソーム 60S の組み立て）,2026-10-04,要旨: Dbp7 がないと Npa1 足場複合体の解離・snR190 の放出・uL3 の結合が損なわれる（34686661）,,,in_vivo,necessary,,,,
GLE2,NUP116,binding,none,direct,,23907389,,high,new,pre-60S の核外輸送。Gle2 は FG 配列によらない面で Nup116 に結合する,2026-10-04,要旨: Gle2 は塩基性の面で pre-60S に、別の面で Nup116 に FG によらず接触する（23907389）,,,in_vivo;in_vitro,,,,,
GLE2,CDC42,localization,activate,直接かは不明,,28776765,,medium,new,セプチン環の組み立て。Gle2 は Cdc42 と遺伝的・物理的にも相互作用する（足場として働く可能性）,2026-10-04,要旨: gle2∆ で Cdc42 の局在が大きく乱れ、セプチン複合体の形成と細胞分裂に欠陥が出る（28776765）,,,in_vivo,necessary,,strong,localization,
MFG1,MSS11,binding,none,直接かは不明,,22984072,,high,new,Mfg1・Flo8・Mss11 は複合体で働き糸状成長の転写を調節する（FLO8 は DB にないので MSS11 の行だけ）,2026-10-04,要旨: MFG1 の産物は形態形成の転写因子 Flo8 と Mss11 に結合し、糸状成長の転写調節に必須（22984072）,,,in_vivo,,,,,
BRF1,RPC34,binding,activate,direct,,24277937;9312031,,high,new,C34＝RPC34、TFIIIB70＝BRF1。C34 は開始前複合体による Pol III の呼び込みの主な決め手,2026-10-04,要旨: RPC34 の変異が C34 と TFIIIB70 の結合を変え、C34 は開始前複合体による Pol III の呼び込みの主な決め手（9312031）。架橋で Brf1 のサイクリン反復が C34 に接する（24277937）,,,in_vitro;genetic,,,,activity,
TIM50,TIM23,binding,none,direct,,30765764,,high,new,TIM23 複合体の受容体 Tim50 とチャネル Tim23 の膜間腔側での結合。内膜を越える輸送に必須,2026-10-04,要旨: Tim50 は Tim23 の膜間腔の部分と結合し、この結合は内膜を越える輸送に必須。Tim50 の温度感受性変異は Tim23 との結合を損なう（30765764）,,,in_vivo,,,,,
SEI1,YFT2,localization,activate,直接かは不明,,32349126,,medium,new,SEI1 の別名 FLD1（seipin）。脂肪滴を作る小胞体の小区画への Yft2 の呼び込みに必要,2026-10-04,要旨: Fld1 と Nem1 はどちらも、小胞体の小区画が TAG 合成酵素や Yft2・Pex30 などを呼び込むのに必要（32349126）,,,in_vivo,necessary,,,localization,
NEM1,YFT2,localization,activate,直接かは不明,,32349126,,medium,new,脂肪滴を作る小胞体の小区画への Yft2 の呼び込みに必要,2026-10-04,要旨: Fld1 と Nem1 はどちらも、小胞体の小区画が TAG 合成酵素や Yft2・Pex30 などを呼び込むのに必要（32349126）,,,in_vivo,necessary,,,localization,
DCK1,RHO5,activation,activate,direct,,35887245,,high,new,Dck1/Lmo1 は Rho5 の 2 量体の GEF。ストレスで 3 つともミトコンドリアへ移り、Rho5 の移動は両方の GEF サブユニットに依存する,2026-10-04,要旨: Rho5 は Dck1 と Lmo1 からなる 2 量体の GEF で活性化される。ストレスでの Rho5 のミトコンドリアへの移動は両サブユニットに依存（35887245）,LMO1,,in_vivo,,,,activity,
MED6,SRB4,binding,none,direct,,9710620,,high,new,SRB4 の別名 MED17（メディエーターの頭部）。SRB4 の変異が med6-ts を対立遺伝子特異的に抑圧する,2026-10-04,要旨: SRB4 の 1 アミノ酸変異が med6 温度感受性の転写欠損を抑圧し、Med6 と Srb4 はメディエーターの同じ部分複合体に入る（9710620）,,,genetic;in_vitro,,,,,
BUD13,IST3,binding,none,direct,,25218446,,high,new,IST3 の別名 SNU17。RES 複合体（Snu17・Bud13・Pml1）の構成要素どうし。NMR の構造（実験）,2026-10-04,要旨: RES 複合体の Snu17・Bud13・Pml1 が協同して折りたたまれ、Snu17 の RRM を安定化し 3 者の結合親和性を 100 倍以上高める（25218446）,,,structural;in_vitro,,,,,
PAD1,FDC1,activation,activate,直接かは不明,,25852989,,medium,new,FDC1 だけの過剰発現では活性が出ず、PAD1 と一緒に過剰発現すると桂皮酸脱炭酸の活性が出る,2026-10-04,要旨: PAD1 と FDC1 を一緒に過剰発現すると桂皮酸の脱炭酸活性が大きく上がり、FDC1 だけでは見られない（25852989）,,,in_vivo,necessary,,strong,activity,
SIR2,RDT1,transcription,inhibit,直接かは不明,,31461456,,high,new,MATa 細胞で Sir2 が RDT1 の転写開始点（組換えエンハンサー内）に呼び込まれる。接合型変換で HO による切断が入ると外れる,2026-10-04,要旨: Sir2 は MATa 細胞で RDT1 のプロモーターに呼び込まれて転写を抑え、HO による MAT の切断で外れる（31461456）,,,in_vivo,,,,expression,
EXO70,SEC5,binding,activate,直接かは不明,,18946089,,medium,new,エキソシストの組み立て。Exo70 のドメイン C を欠くと Sec5 と Sec6 の組み込みに欠陥,2026-10-04,要旨: Exo70 のドメイン C を除くとエキソシストへの Sec5 と Sec6 の組み込みに欠陥が出る（18946089）,,,in_vivo,necessary,,,,
MRPL25,SFP1,localization,inhibit,直接かは不明,,20157544,,medium,new,MRPL25 の別名 AFO1。afo1Δ では Sfp1 がいつも核にあり、ラパマイシンでも細胞質に出ない。論文は TOR1 の活性が上がるためと考える（afo1Δ の寿命延長は TOR1 に依存）,2026-10-04,本文: afo1Δ で Sfp1 がいつも核にあり、ラパマイシン・亜ヒ酸でも核外へ移らない（20157544）。要旨: afo1 の寿命延長は Tor1 と Sfp1 が関わる,,,in_vivo,,,,localization,
COX26,COX2,binding,none,direct,,27091403,,high,new,Cox26 はシトクロム c 酸化酵素（複合体 IV）に結合し、一部は Cox2 とジスルフィド結合を作る,2026-10-04,要旨: Cox26 の大部分は III-IV 超複合体の複合体 IV 側に結合し、一部は Cox2 とジスルフィド結合で結ばれる（27091403）,,,in_vivo,,,,,
GET1,GET3,binding,none,direct,,34614151,,high,new,Get1/2 受容体が Get3 の構造を変え、テイルアンカー型タンパク質を放させる（小胞体への挿入）,2026-10-04,要旨: Get1 の細胞質ドメインは Get3 の構造を変え、Get1 と Get2 の両方が Get3 からの TA の放出に要る（34614151）,,,in_vitro;in_vivo,,GET2,,,
GET1,GET2,binding,none,direct,,34614151,,high,new,Get1/2 受容体の 2 つのサブユニット,2026-10-04,要旨: Get1 と Get2 の細胞質ドメインが複合体を作ると Get3•TA への親和性が大きく上がる（34614151）,,,in_vitro,,,,,
MEU1,ADH2,transcription,activate,直接かは不明,,8807288,,medium,new,MEU1 は UAS2 依存の ADH2 の発現を高める（多コピーで活性化）,2026-10-04,要旨: MEU1 の多コピーで UAS2 依存の発現が上がり、MEU1 の破壊で ADH2 の発現が約 2 分の 1 になる（8807288）,,,genetic,partial,,moderate,expression,
STS1,SRP1,binding,none,direct,,21075847,,high,new,Sts1 は Srp1（インポーチン α）と結合してプロテアソームを核へ運ぶ。Sts1 の NLS を除くと結合が失われる,2026-10-04,要旨: Sts1 は Srp1 と結合してプロテアソームを核へ向ける。Sts1 の NLS を欠くと Srp1 と結合できずプロテアソームの局在が乱れる（21075847）,,,in_vivo,,,,,
YBR062C,URE2,activation,activate,直接かは不明,金属ストレス,41801246,,medium,new,IRES による URE2 mRNA の翻訳を促す（転写後）。ybr062cΔ で Ure2 の量が減り、特にカドミウムで目立つ。URE2 の mRNA 量は変わらない,2026-10-04,要旨: ybr062cΔ で URE2 mRNA は変わらず Ure2 タンパク質が減り（特にカドミウム）、URE2 の IRES 依存の翻訳が約 80% 下がる（41801246）,,,in_vivo,,,strong,,
BET5,BET3,binding,none,直接かは不明,,9611195,,medium,new,BET5 は bet3 の高コピー抑圧因子として見つかった。同じ複合体（TRAPP）の構成要素,2026-10-04,要旨: BET5 の高コピーで bet3-1 の増殖欠損が抑えられ、Bet3p と Bet5p は同じ複合体に入る（9611195）,,,genetic,,,,,
BET5,YPT1,activation,activate,direct,,11038176,,medium,new,TRAPP 複合体（Bet3p・Bet5p を含む）として Ypt1p の GDP/GTP 交換を促す,2026-10-04,要旨: Bet3p と Bet5p は TRAPP の構成要素。精製 TRAPP は Ypt1p のヌクレオチド交換を速め、TRAPP 変異株では GDP の解離が温度感受性に落ちる（11038176）,,,in_vivo;in_vitro,,,,activity,
COQ4,COQ3,binding,none,直接かは不明,,19022396,,high,new,Coq4p は CoQ 合成の Coq 酵素複合体をまとめる,2026-10-04,要旨: coq4 点変異では Coq3p と Coq4 が高分子量の複合体として一緒に泳動されなくなる。Coq4p が Coq 複合体をまとめる（19022396）,,,in_vivo,,,,,
DCP1,DCP2,activation,activate,direct,,12554866,,medium,confirm,候補の 16341225 は主に分裂酵母 Dcp2p の構造の論文なので、出芽酵母の組換えタンパク質で調べた 12554866 を根拠にした,2026-10-04,要旨: 組換えの Dcp1p と Dcp2p を一緒に精製すると活性のある脱キャップ酵素になり、Dcp2p が触媒サブユニット、Dcp1p は Dcp2p の活性を高めると考えられる（12554866）,,,in_vitro,,,,activity,
GMH1,GEA2,binding,activate,直接かは不明,,12808035,,high,new,Gmh1p は Gea の働きを助けるゴルジ膜の相手と提案されている。GEA1 とも結合,2026-10-04,要旨: Gmh1p は Gea1p・Gea2p と結合し、Gea の保存された領域の変異の欠陥を Gmh1p の過剰発現が補う（12808035）,,,,,,,,
GMH1,GEA1,binding,activate,直接かは不明,,12808035,,high,new,Gmh1p は Gea の働きを助けるゴルジ膜の相手と提案されている。GEA2 とも結合,2026-10-04,要旨: Gmh1p は Gea1p・Gea2p と結合する（12808035）,,,,,,,,
IMG1,MRP4,binding,none,直接かは不明,,12392552,,medium,new,Mrp4 にタグを付けて精製したミトコンドリアリボソームに Img1 が含まれる（リボソームとしての共精製で、直接の結合ではない）,2026-10-04,要旨: Mrp4 をタグにしてミトコンドリアリボソームを精製し、質量分析で Img1 を大サブユニットの構成要素と確かめた（12392552）,,,in_vivo,,,,,
MRN1,NCA3,other,inhibit,直接かは不明,,33857138,,high,new,Mrn1 は標的 mRNA を抑える RNA 結合タンパク質（転写後の抑制）。UTH1 も標的,2026-10-04,要旨: Mrn1 は N 末端の領域で標的 mRNA を抑え、その標的に NCA3 と UTH1 がある。mrn1Δ のミトコンドリアの肥大は一部 NCA3 の乱れによる（33857138）,,,in_vivo,,,,expression,
MRN1,UTH1,other,inhibit,直接かは不明,,33857138,,medium,new,Mrn1 は標的 mRNA を抑える RNA 結合タンパク質（転写後の抑制）,2026-10-04,要旨: Mrn1 は標的 mRNA を抑え、その標的に NCA3 と UTH1 がある（33857138）,,,in_vivo,,,,expression,
OXR1,STV1,localization,none,直接かは不明,,38589611,,high,new,oxr1Δ では Stv1 が液胞膜に移る。Stv1 をゴルジ・前液胞区画に留める働き（向きは局在の維持なので none）,2026-10-04,本文: Oxr1 は V-ATPase の a サブユニットのゴルジ型 Stv1 を前液胞区画に留めるのに必要で、oxr1Δ では Stv1 が液胞へ移る（38589611）,,,in_vivo,necessary,,,localization,
OXR1,VMA5,localization,inhibit,直接かは不明,,38589611,,medium,new,Oxr1 の過剰発現で V1 の Vma5 の液胞膜への局在が減る（V-ATPase の解離を促す）。RTC5 も同じ,2026-10-04,本文: Rtc5 か Oxr1 を過剰発現すると液胞の酸性化がやや落ち、Vma5 の液胞膜への局在が減る。要旨: Oxr1 は生体内で V-ATPase の解離を促す（38589611）,,,in_vivo,,RTC5,,localization,
PRP18,SLU7,binding,none,direct,,12212850,,high,new,スプライシングの第 2 段階で協働。スプライソソームへは Slu7 → Prp18 → Prp22 の順に入る,2026-10-04,要旨: Slu7 の Prp18 結合領域の変異は two-hybrid と試験管内で Prp18 との結合を失わせ、生体内で温度感受性になる（12212850）,,,in_vivo;in_vitro,,,,,
RRF1,MSS51,inhibition,inhibit,直接かは不明,,27257059,,medium,new,Rrf1 が無いと Mss51 が翻訳を進める型（低分子量型）にたまり Cox1 の合成が増える,2026-10-04,要旨: rrf1 欠損では COX1 の翻訳活性化因子 Mss51 が低分子量型にたまり、Cox1 の合成が増える（27257059）,,,in_vivo,,,,activity,
SHE4,MYO5,activation,activate,direct,,12725728,,high,new,She4p は Myo5p のモータードメインに結合する,2026-10-04,要旨: She4p は Myo4p・Myo5p のモータードメインに UCS ドメインで結合し、試験管内で Myo5p のアクチン繊維への結合を促す（12725728）,,,in_vitro,,,,activity,
SHE4,MYO4,localization,activate,直接かは不明,,12725728,,high,new,She4p は Myo4p のモータードメインにも結合する,2026-10-04,要旨: 生体内で She4p は Myo3p・Myo4p・Myo5p の働きと局在に必要（Myo2p には不要）（12725728）,,,in_vivo,necessary,,,localization,
SRP72,SRP68,binding,none,直接かは不明,,7925282,,medium,new,免疫アフィニティーで精製した SRP の構成要素どうし。Srp72p が無いと SRP のタンパク質が減る,2026-10-04,要旨: 精製した酵母 SRP に Srp14p・Srp68p・Srp72p が含まれ、これらのどれかが無いと SRP の RNA とタンパク質が減る（7925282）,,,in_vivo,,,,,
TML25,GPA1,other,none,direct,,12080046,,high,new,脱パルミトイル化（脱アシル化）。論文では APT1（YLR118c）,2026-10-04,要旨: YLR118c は酵母 Apt1p。APT1 破壊株はアシルタンパク質チオエステラーゼ活性が無く、Gpa1p を脱アシル化できない。Apt1 が Gα の脱アシル化を担う（12080046）,,,in_vivo;in_vitro,necessary,,,,
AKR2,LCB4,localization,inhibit,直接かは不明,,16227572,,medium,new,Akr2 の過剰発現のときの作用。AKR2 の欠損では目立つ表現型が無い,2026-10-04,要旨: Akr2 は Lcb4 に強く結合し、Akr2 を過剰発現すると Lcb4 が液胞へ運ばれて分解される（16227572）,,,in_vivo,,,,localization;stability,
CCT3,ACT1,activation,activate,direct,,16762366,,high,new,CCT（Cct3 を含むシャペロニン）としてのアクチンの折りたたみ。CCT は CCT3 のタグで精製,2026-10-04,要旨: CCT3 の内部タグで精製した酵母 CCT が、試験管内で ACT1p の折りたたみを触媒する（16762366）,,,in_vitro,,,,activity,
JNM1,ARP1,binding,none,直接かは不明,,15975903,,medium,new,ダイナクチン複合体の構成要素どうし,2026-10-04,要旨: Arp1p のアラニン置換で、Jnm1p と Nip100p との結合に必要な Arp1p 固有の面が見つかった（15975903）,,,in_vivo,,,,,
JNM1,NIP100,binding,none,直接かは不明,,18245366,,high,new,Nip100 と Jnm1 の結合には Ldb18（p24 相当）が要る,2026-10-04,要旨: ldb18Δ では Nip100 と Jnm1 の結合が失われるが、Jnm1 と Arp1 の結合は保たれる（18245366）,,,in_vivo,,,,,
MEI5,DMC1,activation,activate,direct,減数分裂,19270307,,high,new,Mei5-Sae3 複合体として Dmc1 の組み立てを仲介（減数分裂の組換え）,2026-10-04,要旨: Mei5-Sae3 複合体は一本鎖 DNA に結合し、RPA による Dmc1 の阻害を外す。Dmc1 の組み立ての仲介因子（19270307）,,,in_vitro,,,,activity,
MEI5,SAE3,binding,none,direct,減数分裂,19270307,,high,new,Mei5 と Sae3 は複合体を作る,2026-10-04,要旨: Mei5 と Sae3 の複合体が一本鎖 DNA に結合する（19270307）,,,in_vitro,,,,,
OST6,STT3,binding,none,直接かは不明,,16297388,,medium,new,OST は Ost3p 型と Ost6p 型の 2 つの型があり、Ost6p はその一方の構成要素,2026-10-04,要旨: Blue Native 電気泳動で、OST は Ost3p か Ost6p のどちらかを含む 2 つの型からなる（16297388）,,,in_vivo,,,,,
RIM1,PIF1,activation,activate,direct,,23175612,,high,new,Rim1 と Pif1 は直接結合する（Kd 0.69 µM）,2026-10-04,要旨: Pif1 と Rim1 は直接結合し、Rim1 は Pif1 の DNA ヘリカーゼ活性を 4〜5 倍に高める（23175612）,,,in_vivo;in_vitro,,,,activity,
SEN15,SEN2,binding,none,直接かは不明,,16710424,,medium,new,tRNA スプライシングエンドヌクレアーゼの 4 量体の構成要素どうし,2026-10-04,要旨: tRNA スプライシングエンドヌクレアーゼは Sen54・Sen2・Sen34・Sen15 からなる 4 量体（16710424）,,,,,,,,
TIM8,TIM23,binding,activate,direct,,18706423,,high,new,Tim8-Tim13 複合体として Tim23 を膜間腔で運ぶシャペロン,2026-10-04,要旨: Tim8-Tim13 複合体は Tim23 に結合して膜間腔を運ぶ。表面プラズモン共鳴で約 6 か所の結合部位と協同的な結合を示した（18706423）,,,in_vitro,,,,localization,
TIM8,TIM13,binding,none,direct,,18706423,,high,new,Tim8 と Tim13 は 6 量体の複合体を作る,2026-10-04,要旨: 酵母 Tim8-Tim13 複合体の結晶構造（2.6 Å）（18706423）,,,structural,,,,,
GID12,VID24,binding,inhibit,direct,,35650207,,high,new,論文では Gid4（DB では VID24）。Gid12 は Gid4 の分解シグナル結合部位を作り変え、Fbp1・Mdh2 のユビキチン化を立体的に妨げる,2026-10-04,要旨: Gid12 は基質受容体 Gid4 を足場に封じ込める広い面を作り、分解シグナルの結合部位を作り変え、Fbp1・Mdh2 をユビキチン化の活性部位から遠ざける（35650207）,,,structural;in_vitro,,,,activity,
NUF2,MPS1,localization,activate,direct,,38776906,,high,new,この部位は Dam1 複合体とも結合し、Mps1 と競合する可能性がある,2026-10-04,要旨: Nuf2 の CH ドメインの 2 つの部分が Ndc80 複合体での Mps1 の結合部位になり、壊すと紡錘体チェックポイントと染色体分配に欠陥が出る（38776906）,,,in_vivo,necessary,,,localization,
SUS1,MEX67,localization,activate,直接かは不明,,35771153,,high,new,sus1Δ の増殖と寿命の欠陥は MEX67・DBP5 の増量で回復する,2026-10-04,要旨: Sus1 は Mex67 と Dbp5 の核膜周縁への結合に必要。Mex67・Dbp5 を増やすと sus1Δ の欠陥が回復する（35771153）,,,in_vivo,necessary,,,localization,
SUS1,DBP5,localization,activate,直接かは不明,,35771153,,high,new,sus1Δ の増殖と寿命の欠陥は MEX67・DBP5 の増量で回復する,2026-10-04,要旨: Sus1 は Mex67 と Dbp5 の核膜周縁への結合に必要（35771153）,,,in_vivo,necessary,,,localization,
YRA2,YRA1,binding,none,直接かは不明,,15584090,,medium,new,YRA2 は yra1-2 の高コピー抑圧因子でもある,2026-10-04,要旨: 内在性 Yra1p 複合体の精製で Yra2p が結合していた。YRA2 は yra1-2 の高コピー抑圧因子（15584090）,,,in_vivo,,,,,
COQ4,CAT5,binding,none,直接かは不明,,19022396,,medium,new,論文の Coq7 は DB では CAT5（SGD の標準名、別名 COQ7）。Coq4p は CoQ 合成の Coq 酵素複合体をまとめる,2026-10-04,要旨: coq4-1 変異ミトコンドリアでは Coq3p・Coq4p・Coq7p のゲルろ過での泳動が乱れる（19022396）,,,in_vivo,,,,,
