source_protein,target_protein,interaction_type,effect,direct,condition,pmids,evidence,confidence,status,note,verified_on,verified_note,partner,site,evidence_kind,necessity,redundant_with,strength,layer,timing
SWI4,CLN1,transcription,activate,direct,G1 期,1832336,,high,confirm,CCBF（SBF）の結合配列がプロモーターにある,2026-10-04,要旨: swi4 変異で CLN1・CLN2・HCS26 の転写産物が 3〜20 分の 1 に減る。G1 期の転写を促す正のフィードバック（1832336）,,,in_vivo,,,,expression,
SWI4,PCL1,transcription,activate,direct,G1 期,1832336;11533240,,high,confirm,HCS26 は PCL1 の旧名。細胞壁ストレスでは Slt2 に依存して SBF が PCL1 プロモーターに結合する（11533240）,2026-10-04,要旨: swi4 変異で HCS26（PCL1）の転写産物が減り、CCBF が HCS26 の上流に結合する（1832336）。Slt2 経路の活性化で SBF が PCL1・PCL2 のプロモーターに呼ばれる（11533240）,,,in_vivo;in_vitro,,,,expression,
SWI4,YHP1,transcription,activate,direct,G1 期,12464632;11533240,,medium,confirm,要旨は SBF の結合（標的であること）を示し、発現の変化は書かれていない。SBF は G1/S 期の遺伝子を活性化する因子（11533240）,2026-10-04,要旨: SBF は YHP1・YOX1 などの転写因子のプロモーターに結合し、別の方法でも標的と確認（12464632）。SBF は G1/S 期の移行で遺伝子発現を活性化する（11533240）,SWI6,,in_vivo,,,,expression,
SWI4,YOX1,transcription,activate,direct,G1 期,12464632;11533240,,medium,confirm,要旨は SBF の結合（標的であること）を示し、発現の変化は書かれていない。SBF は G1/S 期の遺伝子を活性化する因子（11533240）,2026-10-04,要旨: SBF は YHP1・YOX1 などの転写因子のプロモーターに結合し、別の方法でも標的と確認（12464632）。SBF は G1/S 期の移行で遺伝子発現を活性化する（11533240）,SWI6,,in_vivo,,,,expression,
HAP3,GDH1,transcription,activate,direct,,8606156,,high,confirm,HAP 複合体として。GDH1 プロモーターの HAP 結合配列の変異で発現が下がる,2026-10-04,要旨: GDH1 の十分な発現に HAP 複合体が要る。hap 変異で GDH1-lacZ の発現が大きく下がり、hap2・hap3 変異の増殖の欠陥は GDH1 の過剰発現で直る（8606156）,HAP2,,in_vivo,,,,expression,
INO2,OPI3,transcription,activate,direct,,8614637,,medium,confirm,イノシトールがないときの脱抑制に INO2・INO4 が要る（要旨は直接の結合を示さない）,2026-10-04,要旨: INO1・CHO1・CHO2・OPI3 などのリン脂質合成遺伝子は、イノシトール欠乏での脱抑制に INO2 と INO4 を要する（8614637）,INO4,,genetic,,,,expression,
MOT3,HEM13,transcription,inhibit,direct,,15821125,,high,confirm,好気的な増殖での低酸素遺伝子の抑制。Rox1 と協同して Ssn6/Tup1 を呼ぶ,2026-10-04,要旨: HEM13 の主な抑制は 3 つの Mot3 結合配列と 1 つの Rox1 結合配列を通る。Mot3 は Ssn6/Tup1 の呼び込みを助けて Rox1 の抑制を強める（15821125）,ROX1,,in_vivo,,,,expression,
SWI4,HO,transcription,activate,direct,G1 期,2689885;2649246,,high,confirm,HO の転写は G1 期の終わり。SWI4 は CCB に結合する CCBF（SBF）の成分,2026-10-04,要旨: HO の CCB 配列と SWI4・SWI6 が細胞周期に依存した HO の発現に要り、SWI4 は CCBF-DNA 複合体に含まれる（2689885）。CCB からの発現に要る SWI 遺伝子は SWI4・SWI6 だけ（2649246）,SWI6,,in_vivo;in_vitro,,,,expression,
SWI5,HO,transcription,activate,direct,分裂期の終わり,7902583;10319811,,high,confirm,Swi5 は分裂後期の終わりに核に入り HO プロモーターに約 5 分結合して Swi/Snf・SAGA を呼ぶ（10319811）。娘細胞では Ash1 が妨げる,2026-10-04,要旨: SWI5 は HO の発現に要る亜鉛フィンガータンパク質で、Pho2（Grf10）と協同して HO プロモーターに結合する（7902583）。分裂後期の終わりの Swi5 の核移行が Swi/Snf を呼ぶ（10319811）,,,in_vivo;in_vitro,,,,expression,
SFP1,RPL33B,transcription,activate,direct,通常の増殖,15353587,,medium,confirm,要旨は RP 遺伝子全体についての記述で、RPL33B の名前はない,2026-10-04,要旨: 通常の増殖で Sfp1 は核にあり RP 遺伝子のプロモーターに結合して発現を促す。TOR の阻害・ストレス・栄養の変化で核から出て RP 遺伝子の転写が下がる（15353587）,,,in_vivo,,,,expression,
SFP1,RPS12,transcription,activate,direct,通常の増殖,15353587,,medium,correct,破壊株データ（Deleteome）からの推定（抑制）と逆。要旨は RP 遺伝子全体についての記述で、RPS12 の名前はない,2026-10-04,要旨: 通常の増殖で Sfp1 は核にあり RP 遺伝子のプロモーターに結合して発現を促す。TOR の阻害・ストレス・栄養の変化で核から出て RP 遺伝子の転写が下がる（15353587）,,,in_vivo,,,,expression,
SFP1,RPS8A,transcription,activate,direct,通常の増殖,15353587,,medium,correct,破壊株データ（Deleteome）からの推定（抑制）と逆。要旨は RP 遺伝子全体についての記述で、RPS8A の名前はない,2026-10-04,要旨: 通常の増殖で Sfp1 は核にあり RP 遺伝子のプロモーターに結合して発現を促す。TOR の阻害・ストレス・栄養の変化で核から出て RP 遺伝子の転写が下がる（15353587）,,,in_vivo,,,,expression,
TUP1,STE2,transcription,inhibit,direct,,12136003;10821179,,high,confirm,STE2 は a 型の接合型遺伝子。Cyc8-Tup1 は配列特異的な DNA 結合タンパク質によりプロモーターに呼ばれる（12136003）,2026-10-04,要旨: Tup1 の変異の解析で、STE2 の抑制には Tup1 が要り Cyc8 との結合は要らない（12136003）。Ssn6 の変異が a 型の遺伝子 STE2 の抑制に影響する（10821179）,,,genetic;in_vivo,,,,expression,
TUP1,RTA1,transcription,inhibit,direct,,22129104,,high,confirm,低酸素の遺伝子の抑制因子 Rox1・Mot3 も RTA1 を抑制する,2026-10-04,要旨: RTA1-lacZ とプロモーターの欠失解析で、Tup1 と Rox1・Mot3 による負の調節を受ける領域を同定（22129104）,,,in_vivo,,,,expression,
TUP1,PRB1,transcription,inhibit,direct,,9045801,,medium,confirm,グルコースでの増殖中のグルコース抑制。MIG1・GRR1 の変異でも一部解除される,2026-10-04,要旨: PRB1 はグルコースで抑制され、tup1・mig1・grr1 の変異でその抑制が一部解除される（9045801）,,,genetic,,,,expression,
YAP1,GRE2,transcription,activate,direct,酸化ストレス,11401713,,medium,confirm,浸透圧ストレスでの調節は Hog1-Sko1 による,2026-10-04,要旨: GRE2 など Sko1 の標的 5 つは酸化ストレスで誘導され、その誘導に Yap1 が関わる（11401713）,,,in_vivo,,,,expression,
AFT1,MRS4,transcription,activate,direct,,12756250;16024809,,low,correct,論文では Aft1 は促進側（Aft2 の方が強い）。16024809 は MRS4 を直接促進するのは Aft2 で Aft1 ではないとする（食い違い）。Deleteome の増加とは合わない,2026-10-04,要旨: Aft1・Aft2 はどちらも変形した FeRE を介して MRS4 を調節し、この配列からは Aft2 の方が強い活性化因子（12756250）。Aft2 は MRS4 を直接促進するが Aft1 はしない（16024809）,,,in_vivo,,,,expression,
CHA4,CHA1,transcription,activate,direct,,8889513,,high,confirm,セリン・トレオニンによる CHA1 の誘導に必要,2026-10-04,要旨: cha4-1 変異でセリン・トレオニンによる CHA1 の誘導が起きない。Cha4 は UASCHA に結合する正の調節因子（8889513）,,,genetic;in_vitro,,,,expression,
GAL80,GAL1,transcription,inhibit,via GAL4,,34622331,,high,confirm,誘導しない条件（ガラクトースがないとき）。Gal80 は Cyc8・Tup1 も GAL1 プロモーターに呼ぶ,2026-10-04,要旨: 誘導しない条件で Gal80 は UASGAL に結合した Gal4 と基本転写装置の相互作用を妨げて GAL 遺伝子を抑制する。gal80 変異株では Cyc8・Tup1 が GAL1 プロモーターにいない（34622331）,,,in_vivo,,,,expression,
INO2,FAS1,transcription,activate,direct,,11713312;9326360,,medium,confirm,Ino4 と二量体で働く,2026-10-04,要旨: FAS1・FAS2 は Reb1・Rap1・Abf1 と、リン脂質に特異的な活性化因子 Ino2/Ino4 の二量体により上流の結合部位を介して転写が調節される（11713312）。ACS2 の活性化配列（ICRE）が FAS1・FAS2 の上流にもある（9326360）,INO4,,in_vivo,,,,expression,
INO2,FAS2,transcription,activate,direct,,11713312;9326360,,medium,confirm,Ino4 と二量体で働く,2026-10-04,要旨: FAS1・FAS2 は Reb1・Rap1・Abf1 と、リン脂質に特異的な活性化因子 Ino2/Ino4 の二量体により上流の結合部位を介して転写が調節される（11713312）。ACS2 の活性化配列（ICRE）が FAS1・FAS2 の上流にもある（9326360）,INO4,,in_vivo,,,,expression,
INO2,ITR1,transcription,activate,direct,,8294482;7565092;24456840,,high,confirm,イノシトールのない培地での脱抑制に必要（イノシトールがあると OPI1 で抑えられる）。DNA への結合は示されていない,2026-10-04,要旨: ITR1 mRNA の脱抑制レベルには INO2 と INO4 が必要（8294482）。INO2（DIE1）の破壊で ITR1 が発現しない（7565092）。本文: ino2Δ・ino4Δ・二重欠損で ITR1 が常に低下（24456840）,,,genetic,necessary,,,expression,
INO2,MET6,transcription,activate,direct,グルコース制限,24456840,,medium,confirm,発現の網羅的解析（ケモスタット）。窒素制限でも同じ向きの傾向。プロモーターへの結合は示されていない,2026-10-04,本文: ino2Δ・ino4Δ・二重欠損（低 INO 株）のすべてで MET6 の発現が下がり、炭素制限（グルコース）のケモスタットで特に強い（24456840）,,,genetic,,,,expression,
INO4,MET6,transcription,activate,direct,グルコース制限,24456840,,medium,confirm,発現の網羅的解析（ケモスタット）。窒素制限でも同じ向きの傾向。プロモーターへの結合は示されていない,2026-10-04,本文: ino2Δ・ino4Δ・二重欠損（低 INO 株）のすべてで MET6 の発現が下がり、炭素制限（グルコース）のケモスタットで特に強い（24456840）,,,genetic,,,,expression,
INO2,YEL073C,transcription,activate,direct,,16034810,,medium,confirm,YEL073C を含む ICRE を持つ 8 遺伝子についてのまとめの記述（遺伝子ごとの数値は要旨にない）。Ino2/Ino4 はプロモーター領域に試験管内で結合,2026-10-04,要旨: ICRE を持つ遺伝子（YEL073C を含む）はリン脂質前駆体で調節され、それは活性化因子 Ino2/Ino4 と抑制因子 Opi1 を介する。Ino2/Ino4 の試験管内での結合も示す（16034810）,,,genetic;in_vitro,,,,expression,
RFX1,RNR3,transcription,inhibit,direct,,11448965,,high,confirm,Ssn6-Tup1 を呼んで抑える。DNA 損傷や CRT1 の破壊で抑制が外れる,2026-10-04,要旨: Crt1（Rfx1）は RNR3 のプロモーターに結合して Ssn6-Tup1 を呼び、転写を抑える。DNA 損傷剤の処理や CRT1・SSN6・TUP1 の破壊で RNR3 の抑制が外れる（11448965）,,,in_vivo;genetic,,,,expression,
PPR1,URA1,transcription,activate,direct,,3900423,,high,confirm,誘導の働き（基底の転写は PPR1 に依存しない）,2026-10-04,要旨: URA1・URA3 の転写は PPR1 に正に制御される。ppr1 破壊株などで転写産物を調べ、基底の量は PPR1 に依存しない（3900423）,,,genetic;in_vivo,,,,expression,
PPR1,URA4,transcription,activate,direct,,2679804;2204810,,medium,confirm,ジヒドロオロト酸を誘導物質とする誘導。URA4 の直接の実験は要旨になく、総説的な記述と UAS の保存から,2026-10-04,要旨: ura5 以外の UMP 合成の遺伝子（ura4 を含む）は PPR1 の産物と誘導物質ジヒドロオロト酸で転写が誘導される（2679804）。URA4 のプロモーターには PPR1 が結合する UASURA が保存されている（2204810）,,,genetic,,,,expression,
RGT1,HXT1,transcription,activate,indirect,,12527758,,high,confirm,高濃度のグルコースで活性化（グルコースがないときは HXT 遺伝子のリプレッサー）。高グルコースでは HXT1 プロモーターに結合せず、間接に促進する,2026-10-04,要旨: Rgt1 はグルコースがないときは HXT 遺伝子のリプレッサー。高濃度のグルコースでリン酸化されて活性化因子に変わり、HXT1 の最大の誘導に要る。高グルコースでは HXT1 プロモーターに結合しないため、間接の仕組みと考えられる（12527758）,,,genetic;in_vivo,necessary,,,expression,
RTG1,CIT1,transcription,activate,direct,ミトコンドリアの機能不全,10490611,,high,confirm,呼吸の機能が落ちると HAP 複合体から RTG の制御に切り替わる。Rtg1-Rtg3 が CIT1 の R box に結合する。グルタミン酸で抑えられる,2026-10-04,要旨: 呼吸の機能が落ちる・失われると CIT1・ACO1・IDH1・IDH2 の発現は Hap2/3/4/5 から RTG1・RTG2・RTG3 の制御に切り替わる。CIT1 の上流の R box（GTCAC）は Rtg1p-Rtg3p の結合部位（10490611）,RTG3,,genetic;in_vivo,,,,expression,
SOK2,SPI1,transcription,activate,direct,ジオーキシックシフト,22610976,,medium,correct,SPI1 プロモーターの lacZ で示す（直接の結合は未確認）。本文では sok2 で mRNA も対数増殖期・ジオーキシックシフト後とも低い。Deleteome の増加とは逆,2026-10-04,本文: sok2 変異株では SPI1 プロモーター-lacZ の活性がジオーキシックシフト後に低下し、phd1 では上昇する。sok2 では誘導時・基底の発現とも低い（22610976）,,,genetic,,,,expression,
STB5,ALD4,transcription,activate,direct,,30924859,,medium,correct,STB5 の過剰発現で ALD4 が増える。本文は Larochelle et al. 2006 で酸化ストレス時に Stb5 が ALD4 を活性化すると引く。Deleteome（破壊で増加）とは食い違う,2026-10-04,本文: STB5 の過剰発現（グルコース期）で ALD4 は増加し、Larochelle et al. 2006 が Stb5 に活性化されるとした NADPH 関連の遺伝子（ALD4 など）はおおむね増加した（30924859）,,,in_vivo,,,,expression,
STE12,STE3,transcription,activate,direct,,1905781,,high,confirm,α 細胞の α 特異的遺伝子。MCM1 と同じ UAS で働き、フェロモンでさらに上がる,2026-10-04,要旨: α 特異的遺伝子 STE3 の最小 UAS（26 bp）の活性はフェロモンで上がり、ste12 変異株で下がる。α 特異的遺伝子では STE12 と MCM1 が一つの UAS で働く（1905781）,,,genetic,,,,expression,
STP1,AGP1,transcription,activate,direct,アミノ酸の再添加,15126393,,high,correct,外のアミノ酸を Ssy1 が感じて Stp1 が切断・活性化され、UAS(AA) を通して AGP1 を誘導。Uga35/Dal81 と相乗的に働く。Deleteome（破壊で増加）とは逆,2026-10-04,要旨: 外のアミノ酸による AGP1 の誘導には Stp1（Stp2 ではない）が重要で、Stp1 と Uga35/Dal81 が 21 bp の UAS(AA) を通して相乗的に働く。stp1 でも Dal81 に依存する誘導が残る（15126393）,,,genetic;in_vivo,,DAL81,,expression,
SUM1,SPS19,transcription,inhibit,direct,,19583587,,medium,confirm,栄養増殖の細胞で、SPS18 と共有するプロモーターの MSE を通して抑える。qPCR で示したのは SPS18（オレイン酸培地で sum1Δ により増加）。Hst1・Rfm1 と働く,2026-10-04,題名・要旨: Sum1p は分岐した遺伝子の組 SPS18-SPS19 を中期胞子形成エレメント（MSE）を通して抑える。sum1Δ・hst1Δ・rfm1Δ の一倍体でオレイン酸による SPS18 の発現が上がる（19583587）,,,genetic,,,,expression,
YAP1,AHP1,transcription,activate,direct,酸化ストレス,9988687,,high,confirm,過酸化物による誘導。Skn7 にも依存する,2026-10-04,要旨: AHP1 は過酸化物で Yap1・Skn7 に依存して誘導される（9988687）,,,genetic,necessary,,,expression,
YAP1,HSP31,transcription,activate,direct,酸化ストレス,17395014,,high,confirm,ジオーキシックシフト後の誘導は YAP1 に依存しない,2026-10-04,要旨: HSP31 は酸化ストレスで YAP1 に依存して誘導される。ジオーキシックシフト後の誘導は YAP1 に依存しない（17395014）,,,genetic,necessary,,,expression,
YAP1,PDR5,transcription,activate,direct,熱ショック,8821655,,medium,confirm,yap1 yap2（CAD1）の二重破壊で示す。PDR5 の -484〜-434 に Yap1 の認識配列に似た配列,2026-10-04,要旨: 熱ショックによる PDR5 の速い一過性の誘導は yap1 yap2 の二重破壊株でごく低くなり、yAP タンパク質が仲介する（8821655）,,,genetic,,CAD1,,expression,
YAP1,TRX2,transcription,activate,direct,酸化ストレス,10347154,,high,confirm,Skn7 と協同で活性化,2026-10-04,要旨: Yap1 と Skn7 は協同して酸化還元のストレスに応じて TRX2・TRR1 を活性化する（10347154）,,,genetic,,,,expression,
YAP1,TSA1,transcription,activate,direct,酸化ストレス,10347154,,high,confirm,H2O2 による誘導で Yap1 の regulon に入る。Skn7 も要る,2026-10-04,要旨: Yap1 は H2O2 で誘導される 32 以上のタンパク質を制御し、その一つ TSA1 の制御には Yap1 と Skn7 のプロモーターへの結合（試験管内）が関わる（10347154）,,,in_vitro;genetic,,,,expression,
ACE2,CHS7,transcription,inhibit,直接かは不明（Ace2 は下流の DSE2 との間の領域に結合。CHS7 には結合の証拠なし）,,27190003,,medium,correct,CHS7-DSE2 の並んだ遺伝子の組。Ace2 は DSE2 の mRNA と CHS7 のアンチセンスを促し、CHS7 の mRNA は ace2 破壊で増える（近傍の遺伝子の共同制御）。SGD GO の negative regulation（IMP）と一致,2026-10-04,本文: Ace2 が働く CHS7-DSE2 の組（図 3C）で、ace2 破壊により下流の DSE2 mRNA と CHS7 のアンチセンスが減り、上流の CHS7 mRNA が増えた（27190003）,,,in_vivo;genetic,,,,expression,
TUP1,MFA2,transcription,inhibit,direct,,12136003;34849878,,high,correct,α 細胞での a 特異的遺伝子の抑制（Cyc8-Tup1 を α2 が呼ぶ）。MFA2 の抑制には Cyc8 との結合は要らない（12136003）。2021 年の論文は MFA2 が発現している細胞でも Tup1 が結合しているとし、補助活性化の働きも示唆,2026-10-04,要旨: 全体の抑制因子 Tup1 の WD ドメインの変異は標的 SUC2・MFA2・RNR2・HEM13 の抑制に影響（12136003）。Tup1 による a 特異的遺伝子の抑制が古典的な見方で、MFA2 の上流に Tup1 が結合する（34849878）,CYC8,,in_vivo;genetic,,,,expression,
OPI1,ITR1,transcription,inhibit,direct,イノシトール,8294482;7852314,,high,confirm,イノシトールがあるときの ITR1 の転写の抑制。破壊株データ（Deleteome）の逆向きは富栄養の培地での測定で、論文の条件と異なる。直接の結合はこの要旨では示されていない,2026-10-04,要旨: イノシトール添加での ITR1 mRNA の抑制に OPI1 が必要、脱抑制には INO2・INO4 が必要（8294482）。ITR1 の転写制御は INO2・INO4・OPI1 に依存（7852314）,,,genetic,necessary,,,expression,
ARO80,ARO9,transcription,activate,direct,,10207060,,high,confirm,芳香族アミノ酸（トリプトファン・フェニルアラニン・チロシン）で誘導（UASaro を介する）。破壊株データ（Deleteome）の増加とは食い違うが、論文は促進,2026-10-04,要旨: ARO80 の変異で ARO9 の芳香族アミノ酸による誘導がなくなり、ARO9 と ARO10 は Aro80 の正の制御を受ける（10207060）,,,genetic,necessary,,,expression,
RLM1,CWP1,transcription,activate,direct,細胞壁ストレス,42233670,,medium,confirm,細胞壁を傷つける薬剤（NPD2560）で CWI 経路が働くときの誘導。論文は CWP1 を Rlm1 依存の遺伝子として挙げるが、rlm1 破壊株での直接の確認は要旨にない。11016834 は fks1 破壊で CWP1 が上がり Rlm1 結合配列が上昇に要るとするが、要旨ではどの遺伝子が Rlm1 依存か特定できない,2026-10-04,要旨: NPD2560 による細胞壁ストレスで、CRH1・KDX1・CWP1・PIR3 など Rlm1 依存の細胞壁遺伝子が誘導される（42233670）,,,in_vivo,,,,expression,
MSN2,RPL10,transcription,inhibit,直接かは不明（論文はプロモーターへの結合による直接と Dot6 を介する間接の両方を示唆）,浸透圧ストレス,41813847,,low,correct,"今の記録は促進。msn2Δmsn4Δ の二重破壊での結果で MSN2・MSN4 を分けられない。YEASTRACT+ の条件（oxidative）ではなく塩（0.7 M NaCl）の実験。要旨は増殖の遺伝子（RP 遺伝子を含む rESR）全体についての記述で RPL10 の名前はない。同じ論文の Dataset EV4 では RPL10 の塩での抑制も msn2Δmsn4Δ で弱い（20・30 分の平均 log2: 野生型 -1.66, msn2Δmsn4Δ -0.32）が、有意差の基準（2 時点以上）には届いていない",2026-10-04,要旨: 0.7 M NaCl で RP・RiBi 遺伝子（rESR）は一過性に抑えられ、msn2Δmsn4Δ ではその抑制が弱い。Msn2/4 は DOT6 のプロモーターに結合して Dot6 を保ち、Dot6 の標的とその他の増殖の遺伝子の十分な抑制に必要（41813847）。Msn2/4 が RP 遺伝子の発現を上げるという記述はない,,,genetic,partial,MSN4,,expression,transient
MSN2,RPL11A,transcription,inhibit,直接かは不明（論文はプロモーターへの結合による直接と Dot6 を介する間接の両方を示唆）,浸透圧ストレス,41813847,,low,correct,"今の記録は促進。msn2Δmsn4Δ の二重破壊での結果で MSN2・MSN4 を分けられない。YEASTRACT+ の条件（oxidative）ではなく塩（0.7 M NaCl）の実験。要旨は増殖の遺伝子（RP 遺伝子を含む rESR）全体についての記述で RPL11A の名前はない。同じ論文の Dataset EV4 では RPL11A の塩での抑制も msn2Δmsn4Δ で弱い（20・30 分の平均 log2: 野生型 -1.92, msn2Δmsn4Δ -0.83）が、有意差の基準（2 時点以上）には届いていない",2026-10-04,要旨: 0.7 M NaCl で RP・RiBi 遺伝子（rESR）は一過性に抑えられ、msn2Δmsn4Δ ではその抑制が弱い。Msn2/4 は DOT6 のプロモーターに結合して Dot6 を保ち、Dot6 の標的とその他の増殖の遺伝子の十分な抑制に必要（41813847）。Msn2/4 が RP 遺伝子の発現を上げるという記述はない,,,genetic,partial,MSN4,,expression,transient
MSN2,RPL13B,transcription,inhibit,直接かは不明（論文はプロモーターへの結合による直接と Dot6 を介する間接の両方を示唆）,浸透圧ストレス,41813847,,low,correct,"今の記録は促進。msn2Δmsn4Δ の二重破壊での結果で MSN2・MSN4 を分けられない。YEASTRACT+ の条件（osmotic）ではなく塩（0.7 M NaCl）の実験。要旨は増殖の遺伝子（RP 遺伝子を含む rESR）全体についての記述で RPL13B の名前はない。同じ論文の Dataset EV4 では RPL13B の塩での抑制も msn2Δmsn4Δ で弱い（20・30 分の平均 log2: 野生型 -2.26, msn2Δmsn4Δ -1.04）が、有意差の基準（2 時点以上）には届いていない",2026-10-04,要旨: 0.7 M NaCl で RP・RiBi 遺伝子（rESR）は一過性に抑えられ、msn2Δmsn4Δ ではその抑制が弱い。Msn2/4 は DOT6 のプロモーターに結合して Dot6 を保ち、Dot6 の標的とその他の増殖の遺伝子の十分な抑制に必要（41813847）。Msn2/4 が RP 遺伝子の発現を上げるという記述はない,,,genetic,partial,MSN4,,expression,transient
MSN2,RPL16A,transcription,inhibit,直接かは不明（論文はプロモーターへの結合による直接と Dot6 を介する間接の両方を示唆）,浸透圧ストレス,41813847;42239353,,medium,confirm,"今の記録は抑制。msn2Δmsn4Δ の二重破壊での結果で MSN2・MSN4 を分けられない。YEASTRACT+ の条件（oxidative）ではなく塩（0.7 M NaCl）の実験。RPL16A は 41813847 の Dataset EV2（Fig. 5 の Cluster g: 野生型で塩により抑えられ msn2Δmsn4Δ で抑制が弱い群）に名前がある（Dataset EV4 の 20・30 分の平均 log2: 野生型 -3.1, msn2Δmsn4Δ -1.25）。本文の一文は遺伝子群についての記述",2026-10-04,要旨: 0.7 M NaCl で RP・RiBi 遺伝子（rESR）は一過性に抑えられ、msn2Δmsn4Δ ではその抑制が弱い。Msn2/4 は DOT6 のプロモーターに結合して Dot6 を保ち、Dot6 の標的とその他の増殖の遺伝子の十分な抑制に必要（41813847）。Msn2/4 が RP 遺伝子の発現を上げるという記述はない。Cluster f・g は RP 遺伝子に富む（42239353）,,,genetic,partial,MSN4,moderate,expression,transient
MSN2,RPL16B,transcription,inhibit,直接かは不明（論文はプロモーターへの結合による直接と Dot6 を介する間接の両方を示唆）,浸透圧ストレス,41813847,,low,confirm,"今の記録は抑制。msn2Δmsn4Δ の二重破壊での結果で MSN2・MSN4 を分けられない。要旨は増殖の遺伝子（RP 遺伝子を含む rESR）全体についての記述で RPL16B の名前はない。同じ論文の Dataset EV4 では RPL16B の塩での抑制も msn2Δmsn4Δ で弱い（20・30 分の平均 log2: 野生型 -1.91, msn2Δmsn4Δ -1.16）が、有意差の基準（2 時点以上）には届いていない",2026-10-04,要旨: 0.7 M NaCl で RP・RiBi 遺伝子（rESR）は一過性に抑えられ、msn2Δmsn4Δ ではその抑制が弱い。Msn2/4 は DOT6 のプロモーターに結合して Dot6 を保ち、Dot6 の標的とその他の増殖の遺伝子の十分な抑制に必要（41813847）。Msn2/4 が RP 遺伝子の発現を上げるという記述はない,,,genetic,partial,MSN4,,expression,transient
MSN2,RPL18A,transcription,inhibit,直接かは不明（論文はプロモーターへの結合による直接と Dot6 を介する間接の両方を示唆）,浸透圧ストレス,41813847,,low,correct,"今の記録は不明。msn2Δmsn4Δ の二重破壊での結果で MSN2・MSN4 を分けられない。要旨は増殖の遺伝子（RP 遺伝子を含む rESR）全体についての記述で RPL18A の名前はない。同じ論文の Dataset EV4 では RPL18A の塩での抑制も msn2Δmsn4Δ で弱い（20・30 分の平均 log2: 野生型 -2.53, msn2Δmsn4Δ -1.44）が、有意差の基準（2 時点以上）には届いていない",2026-10-04,要旨: 0.7 M NaCl で RP・RiBi 遺伝子（rESR）は一過性に抑えられ、msn2Δmsn4Δ ではその抑制が弱い。Msn2/4 は DOT6 のプロモーターに結合して Dot6 を保ち、Dot6 の標的とその他の増殖の遺伝子の十分な抑制に必要（41813847）。Msn2/4 が RP 遺伝子の発現を上げるという記述はない,,,genetic,partial,MSN4,,expression,transient
MSN2,RPL19A,transcription,inhibit,直接かは不明（論文はプロモーターへの結合による直接と Dot6 を介する間接の両方を示唆）,浸透圧ストレス,41813847,,low,correct,"今の記録は促進。msn2Δmsn4Δ の二重破壊での結果で MSN2・MSN4 を分けられない。YEASTRACT+ の条件（osmotic;oxidative）ではなく塩（0.7 M NaCl）の実験。要旨は増殖の遺伝子（RP 遺伝子を含む rESR）全体についての記述で RPL19A の名前はない。同じ論文の Dataset EV4 では RPL19A の塩での抑制も msn2Δmsn4Δ で弱い（20・30 分の平均 log2: 野生型 -2.25, msn2Δmsn4Δ -1.02）が、有意差の基準（2 時点以上）には届いていない",2026-10-04,要旨: 0.7 M NaCl で RP・RiBi 遺伝子（rESR）は一過性に抑えられ、msn2Δmsn4Δ ではその抑制が弱い。Msn2/4 は DOT6 のプロモーターに結合して Dot6 を保ち、Dot6 の標的とその他の増殖の遺伝子の十分な抑制に必要（41813847）。Msn2/4 が RP 遺伝子の発現を上げるという記述はない,,,genetic,partial,MSN4,,expression,transient
MSN2,RPL19B,transcription,inhibit,直接かは不明（論文はプロモーターへの結合による直接と Dot6 を介する間接の両方を示唆）,浸透圧ストレス,41813847,,low,correct,"今の記録は促進。msn2Δmsn4Δ の二重破壊での結果で MSN2・MSN4 を分けられない。YEASTRACT+ の条件（oxidative）ではなく塩（0.7 M NaCl）の実験。要旨は増殖の遺伝子（RP 遺伝子を含む rESR）全体についての記述で RPL19B の名前はない。同じ論文の Dataset EV4 では RPL19B の塩での抑制も msn2Δmsn4Δ で弱い（20・30 分の平均 log2: 野生型 -2.37, msn2Δmsn4Δ -0.99）が、有意差の基準（2 時点以上）には届いていない",2026-10-04,要旨: 0.7 M NaCl で RP・RiBi 遺伝子（rESR）は一過性に抑えられ、msn2Δmsn4Δ ではその抑制が弱い。Msn2/4 は DOT6 のプロモーターに結合して Dot6 を保ち、Dot6 の標的とその他の増殖の遺伝子の十分な抑制に必要（41813847）。Msn2/4 が RP 遺伝子の発現を上げるという記述はない,,,genetic,partial,MSN4,,expression,transient
MSN2,RPL20A,transcription,inhibit,直接かは不明（論文はプロモーターへの結合による直接と Dot6 を介する間接の両方を示唆）,浸透圧ストレス,41813847,,low,correct,"今の記録は促進。msn2Δmsn4Δ の二重破壊での結果で MSN2・MSN4 を分けられない。要旨は増殖の遺伝子（RP 遺伝子を含む rESR）全体についての記述で RPL20A の名前はない。同じ論文の Dataset EV4 では RPL20A の塩での抑制も msn2Δmsn4Δ で弱い（20・30 分の平均 log2: 野生型 -2.75, msn2Δmsn4Δ -1.25）が、有意差の基準（2 時点以上）には届いていない",2026-10-04,要旨: 0.7 M NaCl で RP・RiBi 遺伝子（rESR）は一過性に抑えられ、msn2Δmsn4Δ ではその抑制が弱い。Msn2/4 は DOT6 のプロモーターに結合して Dot6 を保ち、Dot6 の標的とその他の増殖の遺伝子の十分な抑制に必要（41813847）。Msn2/4 が RP 遺伝子の発現を上げるという記述はない,,,genetic,partial,MSN4,,expression,transient
MSN2,RPL20B,transcription,inhibit,直接かは不明（論文はプロモーターへの結合による直接と Dot6 を介する間接の両方を示唆）,浸透圧ストレス,41813847;42239353,,medium,correct,"今の記録は促進。msn2Δmsn4Δ の二重破壊での結果で MSN2・MSN4 を分けられない。YEASTRACT+ の条件（oxidative）ではなく塩（0.7 M NaCl）の実験。RPL20B は 41813847 の Dataset EV2（Fig. 5 の Cluster g: 野生型で塩により抑えられ msn2Δmsn4Δ で抑制が弱い群）に名前がある（Dataset EV4 の 20・30 分の平均 log2: 野生型 -2.78, msn2Δmsn4Δ -1.11）。本文の一文は遺伝子群についての記述",2026-10-04,要旨: 0.7 M NaCl で RP・RiBi 遺伝子（rESR）は一過性に抑えられ、msn2Δmsn4Δ ではその抑制が弱い。Msn2/4 は DOT6 のプロモーターに結合して Dot6 を保ち、Dot6 の標的とその他の増殖の遺伝子の十分な抑制に必要（41813847）。Msn2/4 が RP 遺伝子の発現を上げるという記述はない。Cluster f・g は RP 遺伝子に富む（42239353）,,,genetic,partial,MSN4,moderate,expression,transient
MSN2,RPL21A,transcription,inhibit,直接かは不明（論文はプロモーターへの結合による直接と Dot6 を介する間接の両方を示唆）,浸透圧ストレス,41813847;42239353,,medium,correct,"今の記録は促進。msn2Δmsn4Δ の二重破壊での結果で MSN2・MSN4 を分けられない。YEASTRACT+ の条件（oxidative）ではなく塩（0.7 M NaCl）の実験。RPL21A は 41813847 の Dataset EV2（Fig. 5 の Cluster g: 野生型で塩により抑えられ msn2Δmsn4Δ で抑制が弱い群）に名前がある（Dataset EV4 の 20・30 分の平均 log2: 野生型 -3.16, msn2Δmsn4Δ -1.4）。本文の一文は遺伝子群についての記述",2026-10-04,要旨: 0.7 M NaCl で RP・RiBi 遺伝子（rESR）は一過性に抑えられ、msn2Δmsn4Δ ではその抑制が弱い。Msn2/4 は DOT6 のプロモーターに結合して Dot6 を保ち、Dot6 の標的とその他の増殖の遺伝子の十分な抑制に必要（41813847）。Msn2/4 が RP 遺伝子の発現を上げるという記述はない。Cluster f・g は RP 遺伝子に富む（42239353）,,,genetic,partial,MSN4,moderate,expression,transient
MSN2,RPL21B,transcription,inhibit,直接かは不明（論文はプロモーターへの結合による直接と Dot6 を介する間接の両方を示唆）,浸透圧ストレス,41813847,,low,correct,"今の記録は促進。msn2Δmsn4Δ の二重破壊での結果で MSN2・MSN4 を分けられない。要旨は増殖の遺伝子（RP 遺伝子を含む rESR）全体についての記述で RPL21B の名前はない。同じ論文の Dataset EV4 では RPL21B の塩での抑制も msn2Δmsn4Δ で弱い（20・30 分の平均 log2: 野生型 -2.55, msn2Δmsn4Δ -1.18）が、有意差の基準（2 時点以上）には届いていない",2026-10-04,要旨: 0.7 M NaCl で RP・RiBi 遺伝子（rESR）は一過性に抑えられ、msn2Δmsn4Δ ではその抑制が弱い。Msn2/4 は DOT6 のプロモーターに結合して Dot6 を保ち、Dot6 の標的とその他の増殖の遺伝子の十分な抑制に必要（41813847）。Msn2/4 が RP 遺伝子の発現を上げるという記述はない,,,genetic,partial,MSN4,,expression,transient
MSN2,RPL24B,transcription,inhibit,直接かは不明（論文はプロモーターへの結合による直接と Dot6 を介する間接の両方を示唆）,浸透圧ストレス,41813847,,low,correct,"今の記録は促進。msn2Δmsn4Δ の二重破壊での結果で MSN2・MSN4 を分けられない。YEASTRACT+ の条件（oxidative）ではなく塩（0.7 M NaCl）の実験。要旨は増殖の遺伝子（RP 遺伝子を含む rESR）全体についての記述で RPL24B の名前はない。同じ論文の Dataset EV4 では RPL24B の塩での抑制も msn2Δmsn4Δ で弱い（20・30 分の平均 log2: 野生型 -2.03, msn2Δmsn4Δ -0.99）が、有意差の基準（2 時点以上）には届いていない",2026-10-04,要旨: 0.7 M NaCl で RP・RiBi 遺伝子（rESR）は一過性に抑えられ、msn2Δmsn4Δ ではその抑制が弱い。Msn2/4 は DOT6 のプロモーターに結合して Dot6 を保ち、Dot6 の標的とその他の増殖の遺伝子の十分な抑制に必要（41813847）。Msn2/4 が RP 遺伝子の発現を上げるという記述はない,,,genetic,partial,MSN4,,expression,transient
MSN2,RPL25,transcription,inhibit,直接かは不明（論文はプロモーターへの結合による直接と Dot6 を介する間接の両方を示唆）,浸透圧ストレス,41813847,,low,correct,"今の記録は促進。msn2Δmsn4Δ の二重破壊での結果で MSN2・MSN4 を分けられない。YEASTRACT+ の条件（alkaline;oxidative）ではなく塩（0.7 M NaCl）の実験。要旨は増殖の遺伝子（RP 遺伝子を含む rESR）全体についての記述で RPL25 の名前はない。同じ論文の Dataset EV4 では RPL25 の塩での抑制も msn2Δmsn4Δ で弱い（20・30 分の平均 log2: 野生型 -2.23, msn2Δmsn4Δ -1.16）が、有意差の基準（2 時点以上）には届いていない",2026-10-04,要旨: 0.7 M NaCl で RP・RiBi 遺伝子（rESR）は一過性に抑えられ、msn2Δmsn4Δ ではその抑制が弱い。Msn2/4 は DOT6 のプロモーターに結合して Dot6 を保ち、Dot6 の標的とその他の増殖の遺伝子の十分な抑制に必要（41813847）。Msn2/4 が RP 遺伝子の発現を上げるという記述はない,,,genetic,partial,MSN4,,expression,transient
MSN2,RPL26A,transcription,inhibit,直接かは不明（論文はプロモーターへの結合による直接と Dot6 を介する間接の両方を示唆）,浸透圧ストレス,41813847;42239353,,medium,correct,"今の記録は促進。msn2Δmsn4Δ の二重破壊での結果で MSN2・MSN4 を分けられない。YEASTRACT+ の条件（oxidative）ではなく塩（0.7 M NaCl）の実験。RPL26A は 41813847 の Dataset EV2（Fig. 5 の Cluster g: 野生型で塩により抑えられ msn2Δmsn4Δ で抑制が弱い群）に名前がある（Dataset EV4 の 20・30 分の平均 log2: 野生型 -2.42, msn2Δmsn4Δ -0.81）。本文の一文は遺伝子群についての記述",2026-10-04,要旨: 0.7 M NaCl で RP・RiBi 遺伝子（rESR）は一過性に抑えられ、msn2Δmsn4Δ ではその抑制が弱い。Msn2/4 は DOT6 のプロモーターに結合して Dot6 を保ち、Dot6 の標的とその他の増殖の遺伝子の十分な抑制に必要（41813847）。Msn2/4 が RP 遺伝子の発現を上げるという記述はない。Cluster f・g は RP 遺伝子に富む（42239353）,,,genetic,partial,MSN4,moderate,expression,transient
MSN2,RPL28,transcription,inhibit,直接かは不明（論文はプロモーターへの結合による直接と Dot6 を介する間接の両方を示唆）,浸透圧ストレス,41813847,,low,correct,"今の記録は促進。msn2Δmsn4Δ の二重破壊での結果で MSN2・MSN4 を分けられない。要旨は増殖の遺伝子（RP 遺伝子を含む rESR）全体についての記述で RPL28 の名前はない。同じ論文の Dataset EV4 では RPL28 の塩での抑制も msn2Δmsn4Δ で弱い（20・30 分の平均 log2: 野生型 -1.93, msn2Δmsn4Δ -0.45）が、有意差の基準（2 時点以上）には届いていない",2026-10-04,要旨: 0.7 M NaCl で RP・RiBi 遺伝子（rESR）は一過性に抑えられ、msn2Δmsn4Δ ではその抑制が弱い。Msn2/4 は DOT6 のプロモーターに結合して Dot6 を保ち、Dot6 の標的とその他の増殖の遺伝子の十分な抑制に必要（41813847）。Msn2/4 が RP 遺伝子の発現を上げるという記述はない,,,genetic,partial,MSN4,,expression,transient
MSN2,RPL29,transcription,inhibit,直接かは不明（論文はプロモーターへの結合による直接と Dot6 を介する間接の両方を示唆）,浸透圧ストレス,41813847,,low,correct,"今の記録は促進。msn2Δmsn4Δ の二重破壊での結果で MSN2・MSN4 を分けられない。要旨は増殖の遺伝子（RP 遺伝子を含む rESR）全体についての記述で RPL29 の名前はない。同じ論文の Dataset EV4 では RPL29 の塩での抑制も msn2Δmsn4Δ で弱い（20・30 分の平均 log2: 野生型 -1.99, msn2Δmsn4Δ -1.21）が、有意差の基準（2 時点以上）には届いていない",2026-10-04,要旨: 0.7 M NaCl で RP・RiBi 遺伝子（rESR）は一過性に抑えられ、msn2Δmsn4Δ ではその抑制が弱い。Msn2/4 は DOT6 のプロモーターに結合して Dot6 を保ち、Dot6 の標的とその他の増殖の遺伝子の十分な抑制に必要（41813847）。Msn2/4 が RP 遺伝子の発現を上げるという記述はない,,,genetic,partial,MSN4,,expression,transient
MSN2,RPL2A,transcription,inhibit,直接かは不明（論文はプロモーターへの結合による直接と Dot6 を介する間接の両方を示唆）,浸透圧ストレス,41813847,,low,correct,"今の記録は促進。msn2Δmsn4Δ の二重破壊での結果で MSN2・MSN4 を分けられない。YEASTRACT+ の条件（oxidative）ではなく塩（0.7 M NaCl）の実験。要旨は増殖の遺伝子（RP 遺伝子を含む rESR）全体についての記述で RPL2A の名前はない。同じ論文の Dataset EV4 では RPL2A の塩での抑制も msn2Δmsn4Δ で弱い（20・30 分の平均 log2: 野生型 -2.48, msn2Δmsn4Δ -1.27）が、有意差の基準（2 時点以上）には届いていない",2026-10-04,要旨: 0.7 M NaCl で RP・RiBi 遺伝子（rESR）は一過性に抑えられ、msn2Δmsn4Δ ではその抑制が弱い。Msn2/4 は DOT6 のプロモーターに結合して Dot6 を保ち、Dot6 の標的とその他の増殖の遺伝子の十分な抑制に必要（41813847）。Msn2/4 が RP 遺伝子の発現を上げるという記述はない,,,genetic,partial,MSN4,,expression,transient
MSN2,RPL2B,transcription,inhibit,直接かは不明（論文はプロモーターへの結合による直接と Dot6 を介する間接の両方を示唆）,浸透圧ストレス,41813847,,low,confirm,"今の記録は抑制。msn2Δmsn4Δ の二重破壊での結果で MSN2・MSN4 を分けられない。YEASTRACT+ の条件（oxidative）ではなく塩（0.7 M NaCl）の実験。要旨は増殖の遺伝子（RP 遺伝子を含む rESR）全体についての記述で RPL2B の名前はない。同じ論文の Dataset EV4 では RPL2B の塩での抑制も msn2Δmsn4Δ で弱い（20・30 分の平均 log2: 野生型 -2.46, msn2Δmsn4Δ -1.45）が、有意差の基準（2 時点以上）には届いていない",2026-10-04,要旨: 0.7 M NaCl で RP・RiBi 遺伝子（rESR）は一過性に抑えられ、msn2Δmsn4Δ ではその抑制が弱い。Msn2/4 は DOT6 のプロモーターに結合して Dot6 を保ち、Dot6 の標的とその他の増殖の遺伝子の十分な抑制に必要（41813847）。Msn2/4 が RP 遺伝子の発現を上げるという記述はない,,,genetic,partial,MSN4,,expression,transient
MSN2,RPL3,transcription,inhibit,直接かは不明（論文はプロモーターへの結合による直接と Dot6 を介する間接の両方を示唆）,浸透圧ストレス,41813847;42239353,,medium,correct,"今の記録は不明。msn2Δmsn4Δ の二重破壊での結果で MSN2・MSN4 を分けられない。YEASTRACT+ の条件（osmotic;oxidative）ではなく塩（0.7 M NaCl）の実験。RPL3 は 41813847 の Dataset EV2（Fig. 5 の Cluster g: 野生型で塩により抑えられ msn2Δmsn4Δ で抑制が弱い群）に名前がある（Dataset EV4 の 20・30 分の平均 log2: 野生型 -3.29, msn2Δmsn4Δ -1.44）。本文の一文は遺伝子群についての記述",2026-10-04,要旨: 0.7 M NaCl で RP・RiBi 遺伝子（rESR）は一過性に抑えられ、msn2Δmsn4Δ ではその抑制が弱い。Msn2/4 は DOT6 のプロモーターに結合して Dot6 を保ち、Dot6 の標的とその他の増殖の遺伝子の十分な抑制に必要（41813847）。Msn2/4 が RP 遺伝子の発現を上げるという記述はない。Cluster f・g は RP 遺伝子に富む（42239353）,,,genetic,partial,MSN4,moderate,expression,transient
MSN2,RPL31A,transcription,inhibit,直接かは不明（論文はプロモーターへの結合による直接と Dot6 を介する間接の両方を示唆）,浸透圧ストレス,41813847,,low,correct,"今の記録は促進。msn2Δmsn4Δ の二重破壊での結果で MSN2・MSN4 を分けられない。要旨は増殖の遺伝子（RP 遺伝子を含む rESR）全体についての記述で RPL31A の名前はない。同じ論文の Dataset EV4 では RPL31A の塩での抑制も msn2Δmsn4Δ で弱い（20・30 分の平均 log2: 野生型 -2.05, msn2Δmsn4Δ -1.17）が、有意差の基準（2 時点以上）には届いていない",2026-10-04,要旨: 0.7 M NaCl で RP・RiBi 遺伝子（rESR）は一過性に抑えられ、msn2Δmsn4Δ ではその抑制が弱い。Msn2/4 は DOT6 のプロモーターに結合して Dot6 を保ち、Dot6 の標的とその他の増殖の遺伝子の十分な抑制に必要（41813847）。Msn2/4 が RP 遺伝子の発現を上げるという記述はない,,,genetic,partial,MSN4,,expression,transient
MSN2,RPL31B,transcription,inhibit,直接かは不明（論文はプロモーターへの結合による直接と Dot6 を介する間接の両方を示唆）,浸透圧ストレス,41813847;42239353,,medium,correct,"今の記録は不明。msn2Δmsn4Δ の二重破壊での結果で MSN2・MSN4 を分けられない。YEASTRACT+ の条件（oxidative）ではなく塩（0.7 M NaCl）の実験。RPL31B は 41813847 の Dataset EV2（Fig. 5 の Cluster g: 野生型で塩により抑えられ msn2Δmsn4Δ で抑制が弱い群）に名前がある（Dataset EV4 の 20・30 分の平均 log2: 野生型 -3.62, msn2Δmsn4Δ -1.28）。本文の一文は遺伝子群についての記述",2026-10-04,要旨: 0.7 M NaCl で RP・RiBi 遺伝子（rESR）は一過性に抑えられ、msn2Δmsn4Δ ではその抑制が弱い。Msn2/4 は DOT6 のプロモーターに結合して Dot6 を保ち、Dot6 の標的とその他の増殖の遺伝子の十分な抑制に必要（41813847）。Msn2/4 が RP 遺伝子の発現を上げるという記述はない。Cluster f・g は RP 遺伝子に富む（42239353）,,,genetic,partial,MSN4,moderate,expression,transient
MSN2,RPL33B,transcription,inhibit,直接かは不明（論文はプロモーターへの結合による直接と Dot6 を介する間接の両方を示唆）,浸透圧ストレス,41813847,,low,confirm,"今の記録は抑制。msn2Δmsn4Δ の二重破壊での結果で MSN2・MSN4 を分けられない。YEASTRACT+ の条件（osmotic;oxidative）ではなく塩（0.7 M NaCl）の実験。要旨は増殖の遺伝子（RP 遺伝子を含む rESR）全体についての記述で RPL33B の名前はない。同じ論文の Dataset EV4 では RPL33B の塩での抑制も msn2Δmsn4Δ で弱い（20・30 分の平均 log2: 野生型 -2.41, msn2Δmsn4Δ -0.8）が、有意差の基準（2 時点以上）には届いていない",2026-10-04,要旨: 0.7 M NaCl で RP・RiBi 遺伝子（rESR）は一過性に抑えられ、msn2Δmsn4Δ ではその抑制が弱い。Msn2/4 は DOT6 のプロモーターに結合して Dot6 を保ち、Dot6 の標的とその他の増殖の遺伝子の十分な抑制に必要（41813847）。Msn2/4 が RP 遺伝子の発現を上げるという記述はない,,,genetic,partial,MSN4,,expression,transient
MSN2,RPL34B,transcription,inhibit,直接かは不明（論文はプロモーターへの結合による直接と Dot6 を介する間接の両方を示唆）,浸透圧ストレス,41813847,,low,correct,"今の記録は促進。msn2Δmsn4Δ の二重破壊での結果で MSN2・MSN4 を分けられない。要旨は増殖の遺伝子（RP 遺伝子を含む rESR）全体についての記述で RPL34B の名前はない。同じ論文の Dataset EV4 では RPL34B の塩での抑制も msn2Δmsn4Δ で弱い（20・30 分の平均 log2: 野生型 -2.03, msn2Δmsn4Δ -0.8）が、有意差の基準（2 時点以上）には届いていない",2026-10-04,要旨: 0.7 M NaCl で RP・RiBi 遺伝子（rESR）は一過性に抑えられ、msn2Δmsn4Δ ではその抑制が弱い。Msn2/4 は DOT6 のプロモーターに結合して Dot6 を保ち、Dot6 の標的とその他の増殖の遺伝子の十分な抑制に必要（41813847）。Msn2/4 が RP 遺伝子の発現を上げるという記述はない,,,genetic,partial,MSN4,,expression,transient
MSN2,RPL42B,transcription,inhibit,直接かは不明（論文はプロモーターへの結合による直接と Dot6 を介する間接の両方を示唆）,浸透圧ストレス,41813847,,low,correct,"今の記録は促進。msn2Δmsn4Δ の二重破壊での結果で MSN2・MSN4 を分けられない。要旨は増殖の遺伝子（RP 遺伝子を含む rESR）全体についての記述で RPL42B の名前はない。同じ論文の Dataset EV4 では RPL42B の塩での抑制も msn2Δmsn4Δ で弱い（20・30 分の平均 log2: 野生型 -2.29, msn2Δmsn4Δ -1.14）が、有意差の基準（2 時点以上）には届いていない",2026-10-04,要旨: 0.7 M NaCl で RP・RiBi 遺伝子（rESR）は一過性に抑えられ、msn2Δmsn4Δ ではその抑制が弱い。Msn2/4 は DOT6 のプロモーターに結合して Dot6 を保ち、Dot6 の標的とその他の増殖の遺伝子の十分な抑制に必要（41813847）。Msn2/4 が RP 遺伝子の発現を上げるという記述はない,,,genetic,partial,MSN4,,expression,transient
MSN2,RPL43B,transcription,inhibit,直接かは不明（論文はプロモーターへの結合による直接と Dot6 を介する間接の両方を示唆）,浸透圧ストレス,41813847,,low,correct,"今の記録は促進。msn2Δmsn4Δ の二重破壊での結果で MSN2・MSN4 を分けられない。YEASTRACT+ の条件（osmotic）ではなく塩（0.7 M NaCl）の実験。要旨は増殖の遺伝子（RP 遺伝子を含む rESR）全体についての記述で RPL43B の名前はない。同じ論文の Dataset EV4 では RPL43B の塩での抑制も msn2Δmsn4Δ で弱い（20・30 分の平均 log2: 野生型 -2.37, msn2Δmsn4Δ -1.1）が、有意差の基準（2 時点以上）には届いていない",2026-10-04,要旨: 0.7 M NaCl で RP・RiBi 遺伝子（rESR）は一過性に抑えられ、msn2Δmsn4Δ ではその抑制が弱い。Msn2/4 は DOT6 のプロモーターに結合して Dot6 を保ち、Dot6 の標的とその他の増殖の遺伝子の十分な抑制に必要（41813847）。Msn2/4 が RP 遺伝子の発現を上げるという記述はない,,,genetic,partial,MSN4,,expression,transient
MSN2,RPL4B,transcription,inhibit,直接かは不明（論文はプロモーターへの結合による直接と Dot6 を介する間接の両方を示唆）,浸透圧ストレス,41813847,,low,confirm,"今の記録は抑制。msn2Δmsn4Δ の二重破壊での結果で MSN2・MSN4 を分けられない。YEASTRACT+ の条件（alt_carbon）ではなく塩（0.7 M NaCl）の実験。要旨は増殖の遺伝子（RP 遺伝子を含む rESR）全体についての記述で RPL4B の名前はない。同じ論文の Dataset EV4 では RPL4B の塩での抑制も msn2Δmsn4Δ で弱い（20・30 分の平均 log2: 野生型 -2.4, msn2Δmsn4Δ -1.13）が、有意差の基準（2 時点以上）には届いていない",2026-10-04,要旨: 0.7 M NaCl で RP・RiBi 遺伝子（rESR）は一過性に抑えられ、msn2Δmsn4Δ ではその抑制が弱い。Msn2/4 は DOT6 のプロモーターに結合して Dot6 を保ち、Dot6 の標的とその他の増殖の遺伝子の十分な抑制に必要（41813847）。Msn2/4 が RP 遺伝子の発現を上げるという記述はない,,,genetic,partial,MSN4,,expression,transient
MSN2,RPL5,transcription,inhibit,直接かは不明（論文はプロモーターへの結合による直接と Dot6 を介する間接の両方を示唆）,浸透圧ストレス,41813847,,low,correct,"今の記録は促進。msn2Δmsn4Δ の二重破壊での結果で MSN2・MSN4 を分けられない。要旨は増殖の遺伝子（RP 遺伝子を含む rESR）全体についての記述で RPL5 の名前はない。同じ論文の Dataset EV4 では RPL5 の塩での抑制も msn2Δmsn4Δ で弱い（20・30 分の平均 log2: 野生型 -2.51, msn2Δmsn4Δ -1.04）が、有意差の基準（2 時点以上）には届いていない",2026-10-04,要旨: 0.7 M NaCl で RP・RiBi 遺伝子（rESR）は一過性に抑えられ、msn2Δmsn4Δ ではその抑制が弱い。Msn2/4 は DOT6 のプロモーターに結合して Dot6 を保ち、Dot6 の標的とその他の増殖の遺伝子の十分な抑制に必要（41813847）。Msn2/4 が RP 遺伝子の発現を上げるという記述はない,,,genetic,partial,MSN4,,expression,transient
MSN2,RPL6B,transcription,inhibit,直接かは不明（論文はプロモーターへの結合による直接と Dot6 を介する間接の両方を示唆）,浸透圧ストレス,41813847;42239353,,medium,correct,"今の記録は促進。msn2Δmsn4Δ の二重破壊での結果で MSN2・MSN4 を分けられない。YEASTRACT+ の条件（osmotic）ではなく塩（0.7 M NaCl）の実験。RPL6B は 41813847 の Dataset EV2（Fig. 5 の Cluster g: 野生型で塩により抑えられ msn2Δmsn4Δ で抑制が弱い群）に名前がある（Dataset EV4 の 20・30 分の平均 log2: 野生型 -2.81, msn2Δmsn4Δ -1.0）。本文の一文は遺伝子群についての記述",2026-10-04,要旨: 0.7 M NaCl で RP・RiBi 遺伝子（rESR）は一過性に抑えられ、msn2Δmsn4Δ ではその抑制が弱い。Msn2/4 は DOT6 のプロモーターに結合して Dot6 を保ち、Dot6 の標的とその他の増殖の遺伝子の十分な抑制に必要（41813847）。Msn2/4 が RP 遺伝子の発現を上げるという記述はない。Cluster f・g は RP 遺伝子に富む（42239353）,,,genetic,partial,MSN4,moderate,expression,transient
MSN2,RPL7A,transcription,inhibit,直接かは不明（論文はプロモーターへの結合による直接と Dot6 を介する間接の両方を示唆）,浸透圧ストレス,41813847,,low,correct,"今の記録は促進。msn2Δmsn4Δ の二重破壊での結果で MSN2・MSN4 を分けられない。要旨は増殖の遺伝子（RP 遺伝子を含む rESR）全体についての記述で RPL7A の名前はない。同じ論文の Dataset EV4 では RPL7A の塩での抑制も msn2Δmsn4Δ で弱い（20・30 分の平均 log2: 野生型 -2.71, msn2Δmsn4Δ -1.23）が、有意差の基準（2 時点以上）には届いていない",2026-10-04,要旨: 0.7 M NaCl で RP・RiBi 遺伝子（rESR）は一過性に抑えられ、msn2Δmsn4Δ ではその抑制が弱い。Msn2/4 は DOT6 のプロモーターに結合して Dot6 を保ち、Dot6 の標的とその他の増殖の遺伝子の十分な抑制に必要（41813847）。Msn2/4 が RP 遺伝子の発現を上げるという記述はない,,,genetic,partial,MSN4,,expression,transient
MSN2,RPL8A,transcription,inhibit,直接かは不明（論文はプロモーターへの結合による直接と Dot6 を介する間接の両方を示唆）,浸透圧ストレス,41813847,,low,correct,"今の記録は促進。msn2Δmsn4Δ の二重破壊での結果で MSN2・MSN4 を分けられない。要旨は増殖の遺伝子（RP 遺伝子を含む rESR）全体についての記述で RPL8A の名前はない。同じ論文の Dataset EV4 では RPL8A の塩での抑制も msn2Δmsn4Δ で弱い（20・30 分の平均 log2: 野生型 -3.01, msn2Δmsn4Δ -1.34）が、有意差の基準（2 時点以上）には届いていない",2026-10-04,要旨: 0.7 M NaCl で RP・RiBi 遺伝子（rESR）は一過性に抑えられ、msn2Δmsn4Δ ではその抑制が弱い。Msn2/4 は DOT6 のプロモーターに結合して Dot6 を保ち、Dot6 の標的とその他の増殖の遺伝子の十分な抑制に必要（41813847）。Msn2/4 が RP 遺伝子の発現を上げるという記述はない,,,genetic,partial,MSN4,,expression,transient
MSN2,RPL9B,transcription,inhibit,直接かは不明（論文はプロモーターへの結合による直接と Dot6 を介する間接の両方を示唆）,浸透圧ストレス,41813847,,low,correct,"今の記録は不明。msn2Δmsn4Δ の二重破壊での結果で MSN2・MSN4 を分けられない。YEASTRACT+ の条件（nitrogen_starvation;osmotic）ではなく塩（0.7 M NaCl）の実験。要旨は増殖の遺伝子（RP 遺伝子を含む rESR）全体についての記述で RPL9B の名前はない。同じ論文の Dataset EV4 では RPL9B の塩での抑制も msn2Δmsn4Δ で弱い（20・30 分の平均 log2: 野生型 -2.69, msn2Δmsn4Δ -1.19）が、有意差の基準（2 時点以上）には届いていない",2026-10-04,要旨: 0.7 M NaCl で RP・RiBi 遺伝子（rESR）は一過性に抑えられ、msn2Δmsn4Δ ではその抑制が弱い。Msn2/4 は DOT6 のプロモーターに結合して Dot6 を保ち、Dot6 の標的とその他の増殖の遺伝子の十分な抑制に必要（41813847）。Msn2/4 が RP 遺伝子の発現を上げるという記述はない,,,genetic,partial,MSN4,,expression,transient
MSN2,RPP1B,transcription,inhibit,直接かは不明（論文はプロモーターへの結合による直接と Dot6 を介する間接の両方を示唆）,浸透圧ストレス,41813847,,low,confirm,"今の記録は抑制。msn2Δmsn4Δ の二重破壊での結果で MSN2・MSN4 を分けられない。YEASTRACT+ の条件（oxidative）ではなく塩（0.7 M NaCl）の実験。要旨は増殖の遺伝子（RP 遺伝子を含む rESR）全体についての記述で RPP1B の名前はない。同じ論文の Dataset EV4 では RPP1B の塩での抑制も msn2Δmsn4Δ で弱い（20・30 分の平均 log2: 野生型 -2.23, msn2Δmsn4Δ -1.6）が、有意差の基準（2 時点以上）には届いていない",2026-10-04,要旨: 0.7 M NaCl で RP・RiBi 遺伝子（rESR）は一過性に抑えられ、msn2Δmsn4Δ ではその抑制が弱い。Msn2/4 は DOT6 のプロモーターに結合して Dot6 を保ち、Dot6 の標的とその他の増殖の遺伝子の十分な抑制に必要（41813847）。Msn2/4 が RP 遺伝子の発現を上げるという記述はない,,,genetic,partial,MSN4,,expression,transient
MSN2,RPS0A,transcription,inhibit,直接かは不明（論文はプロモーターへの結合による直接と Dot6 を介する間接の両方を示唆）,浸透圧ストレス,41813847,,low,correct,"今の記録は促進。msn2Δmsn4Δ の二重破壊での結果で MSN2・MSN4 を分けられない。YEASTRACT+ の条件（oxidative）ではなく塩（0.7 M NaCl）の実験。要旨は増殖の遺伝子（RP 遺伝子を含む rESR）全体についての記述で RPS0A の名前はない。同じ論文の Dataset EV4 では RPS0A の塩での抑制も msn2Δmsn4Δ で弱い（20・30 分の平均 log2: 野生型 -3.06, msn2Δmsn4Δ -1.67）が、有意差の基準（2 時点以上）には届いていない",2026-10-04,要旨: 0.7 M NaCl で RP・RiBi 遺伝子（rESR）は一過性に抑えられ、msn2Δmsn4Δ ではその抑制が弱い。Msn2/4 は DOT6 のプロモーターに結合して Dot6 を保ち、Dot6 の標的とその他の増殖の遺伝子の十分な抑制に必要（41813847）。Msn2/4 が RP 遺伝子の発現を上げるという記述はない,,,genetic,partial,MSN4,,expression,transient
MSN2,RPS12,transcription,inhibit,直接かは不明（論文はプロモーターへの結合による直接と Dot6 を介する間接の両方を示唆）,浸透圧ストレス,41813847,,low,correct,"今の記録は不明。msn2Δmsn4Δ の二重破壊での結果で MSN2・MSN4 を分けられない。YEASTRACT+ の条件（nitrogen_starvation）ではなく塩（0.7 M NaCl）の実験。要旨は増殖の遺伝子（RP 遺伝子を含む rESR）全体についての記述で RPS12 の名前はない。同じ論文の Dataset EV4 では RPS12 の塩での抑制も msn2Δmsn4Δ で弱い（20・30 分の平均 log2: 野生型 -2.36, msn2Δmsn4Δ -1.13）が、有意差の基準（2 時点以上）には届いていない",2026-10-04,要旨: 0.7 M NaCl で RP・RiBi 遺伝子（rESR）は一過性に抑えられ、msn2Δmsn4Δ ではその抑制が弱い。Msn2/4 は DOT6 のプロモーターに結合して Dot6 を保ち、Dot6 の標的とその他の増殖の遺伝子の十分な抑制に必要（41813847）。Msn2/4 が RP 遺伝子の発現を上げるという記述はない,,,genetic,partial,MSN4,,expression,transient
MSN2,RPS13,transcription,inhibit,直接かは不明（論文はプロモーターへの結合による直接と Dot6 を介する間接の両方を示唆）,浸透圧ストレス,41813847,,low,confirm,"今の記録は抑制。msn2Δmsn4Δ の二重破壊での結果で MSN2・MSN4 を分けられない。要旨は増殖の遺伝子（RP 遺伝子を含む rESR）全体についての記述で RPS13 の名前はない。同じ論文の Dataset EV4 では RPS13 の塩での抑制も msn2Δmsn4Δ で弱い（20・30 分の平均 log2: 野生型 -2.42, msn2Δmsn4Δ -1.35）が、有意差の基準（2 時点以上）には届いていない",2026-10-04,要旨: 0.7 M NaCl で RP・RiBi 遺伝子（rESR）は一過性に抑えられ、msn2Δmsn4Δ ではその抑制が弱い。Msn2/4 は DOT6 のプロモーターに結合して Dot6 を保ち、Dot6 の標的とその他の増殖の遺伝子の十分な抑制に必要（41813847）。Msn2/4 が RP 遺伝子の発現を上げるという記述はない,,,genetic,partial,MSN4,,expression,transient
MSN2,RPS14A,transcription,inhibit,直接かは不明（論文はプロモーターへの結合による直接と Dot6 を介する間接の両方を示唆）,浸透圧ストレス,41813847,,low,confirm,"今の記録は抑制。msn2Δmsn4Δ の二重破壊での結果で MSN2・MSN4 を分けられない。要旨は増殖の遺伝子（RP 遺伝子を含む rESR）全体についての記述で RPS14A の名前はない。同じ論文の Dataset EV4 では RPS14A の塩での抑制も msn2Δmsn4Δ で弱い（20・30 分の平均 log2: 野生型 -1.71, msn2Δmsn4Δ -1.03）が、有意差の基準（2 時点以上）には届いていない",2026-10-04,要旨: 0.7 M NaCl で RP・RiBi 遺伝子（rESR）は一過性に抑えられ、msn2Δmsn4Δ ではその抑制が弱い。Msn2/4 は DOT6 のプロモーターに結合して Dot6 を保ち、Dot6 の標的とその他の増殖の遺伝子の十分な抑制に必要（41813847）。Msn2/4 が RP 遺伝子の発現を上げるという記述はない,,,genetic,partial,MSN4,,expression,transient
MSN2,RPS14B,transcription,inhibit,直接かは不明（論文はプロモーターへの結合による直接と Dot6 を介する間接の両方を示唆）,浸透圧ストレス,41813847;42239353,,medium,confirm,"今の記録は抑制。msn2Δmsn4Δ の二重破壊での結果で MSN2・MSN4 を分けられない。RPS14B は 41813847 の Dataset EV2（Fig. 5 の Cluster g: 野生型で塩により抑えられ msn2Δmsn4Δ で抑制が弱い群）に名前がある（Dataset EV4 の 20・30 分の平均 log2: 野生型 -2.56, msn2Δmsn4Δ -1.03）。本文の一文は遺伝子群についての記述",2026-10-04,要旨: 0.7 M NaCl で RP・RiBi 遺伝子（rESR）は一過性に抑えられ、msn2Δmsn4Δ ではその抑制が弱い。Msn2/4 は DOT6 のプロモーターに結合して Dot6 を保ち、Dot6 の標的とその他の増殖の遺伝子の十分な抑制に必要（41813847）。Msn2/4 が RP 遺伝子の発現を上げるという記述はない。Cluster f・g は RP 遺伝子に富む（42239353）,,,genetic,partial,MSN4,moderate,expression,transient
MSN2,RPS16A,transcription,inhibit,直接かは不明（論文はプロモーターへの結合による直接と Dot6 を介する間接の両方を示唆）,浸透圧ストレス,41813847,,low,confirm,"今の記録は抑制。msn2Δmsn4Δ の二重破壊での結果で MSN2・MSN4 を分けられない。YEASTRACT+ の条件（osmotic）ではなく塩（0.7 M NaCl）の実験。要旨は増殖の遺伝子（RP 遺伝子を含む rESR）全体についての記述で RPS16A の名前はない。同じ論文の Dataset EV4 では RPS16A の塩での抑制も msn2Δmsn4Δ で弱い（20・30 分の平均 log2: 野生型 -2.56, msn2Δmsn4Δ -1.47）が、有意差の基準（2 時点以上）には届いていない",2026-10-04,要旨: 0.7 M NaCl で RP・RiBi 遺伝子（rESR）は一過性に抑えられ、msn2Δmsn4Δ ではその抑制が弱い。Msn2/4 は DOT6 のプロモーターに結合して Dot6 を保ち、Dot6 の標的とその他の増殖の遺伝子の十分な抑制に必要（41813847）。Msn2/4 が RP 遺伝子の発現を上げるという記述はない,,,genetic,partial,MSN4,,expression,transient
MSN2,RPS19A,transcription,inhibit,直接かは不明（論文はプロモーターへの結合による直接と Dot6 を介する間接の両方を示唆）,浸透圧ストレス,41813847,,low,correct,"今の記録は促進。msn2Δmsn4Δ の二重破壊での結果で MSN2・MSN4 を分けられない。要旨は増殖の遺伝子（RP 遺伝子を含む rESR）全体についての記述で RPS19A の名前はない。同じ論文の Dataset EV4 では RPS19A の塩での抑制も msn2Δmsn4Δ で弱い（20・30 分の平均 log2: 野生型 -2.55, msn2Δmsn4Δ -1.07）が、有意差の基準（2 時点以上）には届いていない",2026-10-04,要旨: 0.7 M NaCl で RP・RiBi 遺伝子（rESR）は一過性に抑えられ、msn2Δmsn4Δ ではその抑制が弱い。Msn2/4 は DOT6 のプロモーターに結合して Dot6 を保ち、Dot6 の標的とその他の増殖の遺伝子の十分な抑制に必要（41813847）。Msn2/4 が RP 遺伝子の発現を上げるという記述はない,,,genetic,partial,MSN4,,expression,transient
MSN2,RPS1B,transcription,inhibit,直接かは不明（論文はプロモーターへの結合による直接と Dot6 を介する間接の両方を示唆）,浸透圧ストレス,41813847;42239353,,medium,correct,"今の記録は促進。msn2Δmsn4Δ の二重破壊での結果で MSN2・MSN4 を分けられない。YEASTRACT+ の条件（oxidative）ではなく塩（0.7 M NaCl）の実験。RPS1B は 41813847 の Dataset EV2（Fig. 5 の Cluster g: 野生型で塩により抑えられ msn2Δmsn4Δ で抑制が弱い群）に名前がある（Dataset EV4 の 20・30 分の平均 log2: 野生型 -2.9, msn2Δmsn4Δ -1.07）。本文の一文は遺伝子群についての記述",2026-10-04,要旨: 0.7 M NaCl で RP・RiBi 遺伝子（rESR）は一過性に抑えられ、msn2Δmsn4Δ ではその抑制が弱い。Msn2/4 は DOT6 のプロモーターに結合して Dot6 を保ち、Dot6 の標的とその他の増殖の遺伝子の十分な抑制に必要（41813847）。Msn2/4 が RP 遺伝子の発現を上げるという記述はない。Cluster f・g は RP 遺伝子に富む（42239353）,,,genetic,partial,MSN4,moderate,expression,transient
MSN2,RPS20,transcription,inhibit,直接かは不明（論文はプロモーターへの結合による直接と Dot6 を介する間接の両方を示唆）,浸透圧ストレス,41813847,,low,correct,"今の記録は促進。msn2Δmsn4Δ の二重破壊での結果で MSN2・MSN4 を分けられない。YEASTRACT+ の条件（oxidative）ではなく塩（0.7 M NaCl）の実験。要旨は増殖の遺伝子（RP 遺伝子を含む rESR）全体についての記述で RPS20 の名前はない。同じ論文の Dataset EV4 では RPS20 の塩での抑制も msn2Δmsn4Δ で弱い（20・30 分の平均 log2: 野生型 -2.23, msn2Δmsn4Δ -1.19）が、有意差の基準（2 時点以上）には届いていない",2026-10-04,要旨: 0.7 M NaCl で RP・RiBi 遺伝子（rESR）は一過性に抑えられ、msn2Δmsn4Δ ではその抑制が弱い。Msn2/4 は DOT6 のプロモーターに結合して Dot6 を保ち、Dot6 の標的とその他の増殖の遺伝子の十分な抑制に必要（41813847）。Msn2/4 が RP 遺伝子の発現を上げるという記述はない,,,genetic,partial,MSN4,,expression,transient
MSN2,RPS21B,transcription,inhibit,直接かは不明（論文はプロモーターへの結合による直接と Dot6 を介する間接の両方を示唆）,浸透圧ストレス,41813847;42239353,,medium,correct,"今の記録は促進。msn2Δmsn4Δ の二重破壊での結果で MSN2・MSN4 を分けられない。YEASTRACT+ の条件（oxidative）ではなく塩（0.7 M NaCl）の実験。RPS21B は 41813847 の Dataset EV2（Fig. 5 の Cluster g: 野生型で塩により抑えられ msn2Δmsn4Δ で抑制が弱い群）に名前がある（Dataset EV4 の 20・30 分の平均 log2: 野生型 -1.55, msn2Δmsn4Δ -0.98）。本文の一文は遺伝子群についての記述",2026-10-04,要旨: 0.7 M NaCl で RP・RiBi 遺伝子（rESR）は一過性に抑えられ、msn2Δmsn4Δ ではその抑制が弱い。Msn2/4 は DOT6 のプロモーターに結合して Dot6 を保ち、Dot6 の標的とその他の増殖の遺伝子の十分な抑制に必要（41813847）。Msn2/4 が RP 遺伝子の発現を上げるという記述はない。Cluster f・g は RP 遺伝子に富む（42239353）,,,genetic,partial,MSN4,moderate,expression,transient
MSN2,RPS24A,transcription,inhibit,直接かは不明（論文はプロモーターへの結合による直接と Dot6 を介する間接の両方を示唆）,浸透圧ストレス,41813847,,low,correct,"今の記録は促進。msn2Δmsn4Δ の二重破壊での結果で MSN2・MSN4 を分けられない。YEASTRACT+ の条件（oxidative）ではなく塩（0.7 M NaCl）の実験。要旨は増殖の遺伝子（RP 遺伝子を含む rESR）全体についての記述で RPS24A の名前はない。同じ論文の Dataset EV4 では RPS24A の塩での抑制も msn2Δmsn4Δ で弱い（20・30 分の平均 log2: 野生型 -2.68, msn2Δmsn4Δ -1.19）が、有意差の基準（2 時点以上）には届いていない",2026-10-04,要旨: 0.7 M NaCl で RP・RiBi 遺伝子（rESR）は一過性に抑えられ、msn2Δmsn4Δ ではその抑制が弱い。Msn2/4 は DOT6 のプロモーターに結合して Dot6 を保ち、Dot6 の標的とその他の増殖の遺伝子の十分な抑制に必要（41813847）。Msn2/4 が RP 遺伝子の発現を上げるという記述はない,,,genetic,partial,MSN4,,expression,transient
MSN2,RPS25B,transcription,inhibit,直接かは不明（論文はプロモーターへの結合による直接と Dot6 を介する間接の両方を示唆）,浸透圧ストレス,41813847,,low,correct,"今の記録は不明。msn2Δmsn4Δ の二重破壊での結果で MSN2・MSN4 を分けられない。要旨は増殖の遺伝子（RP 遺伝子を含む rESR）全体についての記述で RPS25B の名前はない。同じ論文の Dataset EV4 では RPS25B の塩での抑制も msn2Δmsn4Δ で弱い（20・30 分の平均 log2: 野生型 -2.28, msn2Δmsn4Δ -1.15）が、有意差の基準（2 時点以上）には届いていない",2026-10-04,要旨: 0.7 M NaCl で RP・RiBi 遺伝子（rESR）は一過性に抑えられ、msn2Δmsn4Δ ではその抑制が弱い。Msn2/4 は DOT6 のプロモーターに結合して Dot6 を保ち、Dot6 の標的とその他の増殖の遺伝子の十分な抑制に必要（41813847）。Msn2/4 が RP 遺伝子の発現を上げるという記述はない,,,genetic,partial,MSN4,,expression,transient
MSN2,RPS26A,transcription,inhibit,直接かは不明（論文はプロモーターへの結合による直接と Dot6 を介する間接の両方を示唆）,浸透圧ストレス,41813847,,low,confirm,"今の記録は抑制。msn2Δmsn4Δ の二重破壊での結果で MSN2・MSN4 を分けられない。YEASTRACT+ の条件（oxidative）ではなく塩（0.7 M NaCl）の実験。要旨は増殖の遺伝子（RP 遺伝子を含む rESR）全体についての記述で RPS26A の名前はない。同じ論文の Dataset EV4 では RPS26A の塩での抑制も msn2Δmsn4Δ で弱い（20・30 分の平均 log2: 野生型 -1.83, msn2Δmsn4Δ -1.04）が、有意差の基準（2 時点以上）には届いていない",2026-10-04,要旨: 0.7 M NaCl で RP・RiBi 遺伝子（rESR）は一過性に抑えられ、msn2Δmsn4Δ ではその抑制が弱い。Msn2/4 は DOT6 のプロモーターに結合して Dot6 を保ち、Dot6 の標的とその他の増殖の遺伝子の十分な抑制に必要（41813847）。Msn2/4 が RP 遺伝子の発現を上げるという記述はない,,,genetic,partial,MSN4,,expression,transient
MSN2,RPS26B,transcription,inhibit,直接かは不明（論文はプロモーターへの結合による直接と Dot6 を介する間接の両方を示唆）,浸透圧ストレス,41813847;42239353,,medium,correct,"今の記録は不明。msn2Δmsn4Δ の二重破壊での結果で MSN2・MSN4 を分けられない。YEASTRACT+ の条件（osmotic;oxidative）ではなく塩（0.7 M NaCl）の実験。RPS26B は 41813847 の Dataset EV2（Fig. 5 の Cluster g: 野生型で塩により抑えられ msn2Δmsn4Δ で抑制が弱い群）に名前がある（Dataset EV4 の 20・30 分の平均 log2: 野生型 -4.43, msn2Δmsn4Δ -2.12）。本文の一文は遺伝子群についての記述",2026-10-04,要旨: 0.7 M NaCl で RP・RiBi 遺伝子（rESR）は一過性に抑えられ、msn2Δmsn4Δ ではその抑制が弱い。Msn2/4 は DOT6 のプロモーターに結合して Dot6 を保ち、Dot6 の標的とその他の増殖の遺伝子の十分な抑制に必要（41813847）。Msn2/4 が RP 遺伝子の発現を上げるという記述はない。Cluster f・g は RP 遺伝子に富む（42239353）,,,genetic,partial,MSN4,moderate,expression,transient
MSN2,RPS3,transcription,inhibit,直接かは不明（論文はプロモーターへの結合による直接と Dot6 を介する間接の両方を示唆）,浸透圧ストレス,41813847;42239353,,medium,correct,"今の記録は不明。msn2Δmsn4Δ の二重破壊での結果で MSN2・MSN4 を分けられない。YEASTRACT+ の条件（nonfermentable;osmotic）ではなく塩（0.7 M NaCl）の実験。RPS3 は 41813847 の Dataset EV2（Fig. 5 の Cluster g: 野生型で塩により抑えられ msn2Δmsn4Δ で抑制が弱い群）に名前がある（Dataset EV4 の 20・30 分の平均 log2: 野生型 -3.3, msn2Δmsn4Δ -1.17）。本文の一文は遺伝子群についての記述",2026-10-04,要旨: 0.7 M NaCl で RP・RiBi 遺伝子（rESR）は一過性に抑えられ、msn2Δmsn4Δ ではその抑制が弱い。Msn2/4 は DOT6 のプロモーターに結合して Dot6 を保ち、Dot6 の標的とその他の増殖の遺伝子の十分な抑制に必要（41813847）。Msn2/4 が RP 遺伝子の発現を上げるという記述はない。Cluster f・g は RP 遺伝子に富む（42239353）,,,genetic,partial,MSN4,moderate,expression,transient
MSN2,RPS31,transcription,inhibit,直接かは不明（論文はプロモーターへの結合による直接と Dot6 を介する間接の両方を示唆）,浸透圧ストレス,41813847,,low,correct,"今の記録は促進。msn2Δmsn4Δ の二重破壊での結果で MSN2・MSN4 を分けられない。要旨は増殖の遺伝子（RP 遺伝子を含む rESR）全体についての記述で RPS31 の名前はない。同じ論文の Dataset EV4 では RPS31 の塩での抑制も msn2Δmsn4Δ で弱い（20・30 分の平均 log2: 野生型 -2.42, msn2Δmsn4Δ -1.26）が、有意差の基準（2 時点以上）には届いていない",2026-10-04,要旨: 0.7 M NaCl で RP・RiBi 遺伝子（rESR）は一過性に抑えられ、msn2Δmsn4Δ ではその抑制が弱い。Msn2/4 は DOT6 のプロモーターに結合して Dot6 を保ち、Dot6 の標的とその他の増殖の遺伝子の十分な抑制に必要（41813847）。Msn2/4 が RP 遺伝子の発現を上げるという記述はない,,,genetic,partial,MSN4,,expression,transient
MSN2,RPS4A,transcription,inhibit,直接かは不明（論文はプロモーターへの結合による直接と Dot6 を介する間接の両方を示唆）,浸透圧ストレス,41813847,,low,correct,"今の記録は不明。msn2Δmsn4Δ の二重破壊での結果で MSN2・MSN4 を分けられない。YEASTRACT+ の条件（oxidative）ではなく塩（0.7 M NaCl）の実験。要旨は増殖の遺伝子（RP 遺伝子を含む rESR）全体についての記述で RPS4A の名前はない。同じ論文の Dataset EV4 では RPS4A の塩での抑制も msn2Δmsn4Δ で弱い（20・30 分の平均 log2: 野生型 -2.58, msn2Δmsn4Δ -1.2）が、有意差の基準（2 時点以上）には届いていない",2026-10-04,要旨: 0.7 M NaCl で RP・RiBi 遺伝子（rESR）は一過性に抑えられ、msn2Δmsn4Δ ではその抑制が弱い。Msn2/4 は DOT6 のプロモーターに結合して Dot6 を保ち、Dot6 の標的とその他の増殖の遺伝子の十分な抑制に必要（41813847）。Msn2/4 が RP 遺伝子の発現を上げるという記述はない,,,genetic,partial,MSN4,,expression,transient
MSN2,RPS4B,transcription,inhibit,直接かは不明（論文はプロモーターへの結合による直接と Dot6 を介する間接の両方を示唆）,浸透圧ストレス,41813847,,low,correct,"今の記録は促進。msn2Δmsn4Δ の二重破壊での結果で MSN2・MSN4 を分けられない。YEASTRACT+ の条件（oxidative）ではなく塩（0.7 M NaCl）の実験。要旨は増殖の遺伝子（RP 遺伝子を含む rESR）全体についての記述で RPS4B の名前はない。同じ論文の Dataset EV4 では RPS4B の塩での抑制も msn2Δmsn4Δ で弱い（20・30 分の平均 log2: 野生型 -2.75, msn2Δmsn4Δ -1.2）が、有意差の基準（2 時点以上）には届いていない",2026-10-04,要旨: 0.7 M NaCl で RP・RiBi 遺伝子（rESR）は一過性に抑えられ、msn2Δmsn4Δ ではその抑制が弱い。Msn2/4 は DOT6 のプロモーターに結合して Dot6 を保ち、Dot6 の標的とその他の増殖の遺伝子の十分な抑制に必要（41813847）。Msn2/4 が RP 遺伝子の発現を上げるという記述はない,,,genetic,partial,MSN4,,expression,transient
MSN2,RPS5,transcription,inhibit,直接かは不明（論文はプロモーターへの結合による直接と Dot6 を介する間接の両方を示唆）,浸透圧ストレス,41813847,,low,correct,"今の記録は促進。msn2Δmsn4Δ の二重破壊での結果で MSN2・MSN4 を分けられない。YEASTRACT+ の条件（oxidative）ではなく塩（0.7 M NaCl）の実験。要旨は増殖の遺伝子（RP 遺伝子を含む rESR）全体についての記述で RPS5 の名前はない。同じ論文の Dataset EV4 では RPS5 の塩での抑制も msn2Δmsn4Δ で弱い（20・30 分の平均 log2: 野生型 -2.44, msn2Δmsn4Δ -1.49）が、有意差の基準（2 時点以上）には届いていない",2026-10-04,要旨: 0.7 M NaCl で RP・RiBi 遺伝子（rESR）は一過性に抑えられ、msn2Δmsn4Δ ではその抑制が弱い。Msn2/4 は DOT6 のプロモーターに結合して Dot6 を保ち、Dot6 の標的とその他の増殖の遺伝子の十分な抑制に必要（41813847）。Msn2/4 が RP 遺伝子の発現を上げるという記述はない,,,genetic,partial,MSN4,,expression,transient
MSN2,RPS9A,transcription,inhibit,直接かは不明（論文はプロモーターへの結合による直接と Dot6 を介する間接の両方を示唆）,浸透圧ストレス,41813847,,low,correct,"今の記録は促進。msn2Δmsn4Δ の二重破壊での結果で MSN2・MSN4 を分けられない。YEASTRACT+ の条件（hypoxia;oxidative）ではなく塩（0.7 M NaCl）の実験。要旨は増殖の遺伝子（RP 遺伝子を含む rESR）全体についての記述で RPS9A の名前はない。同じ論文の Dataset EV4 では RPS9A の塩での抑制も msn2Δmsn4Δ で弱い（20・30 分の平均 log2: 野生型 -2.11, msn2Δmsn4Δ -0.32）が、有意差の基準（2 時点以上）には届いていない",2026-10-04,要旨: 0.7 M NaCl で RP・RiBi 遺伝子（rESR）は一過性に抑えられ、msn2Δmsn4Δ ではその抑制が弱い。Msn2/4 は DOT6 のプロモーターに結合して Dot6 を保ち、Dot6 の標的とその他の増殖の遺伝子の十分な抑制に必要（41813847）。Msn2/4 が RP 遺伝子の発現を上げるという記述はない,,,genetic,partial,MSN4,,expression,transient
MSN4,RPL20B,transcription,inhibit,直接かは不明（論文はプロモーターへの結合による直接と Dot6 を介する間接の両方を示唆）,浸透圧ストレス,41813847;42239353,,medium,correct,"今の記録は促進。msn2Δmsn4Δ の二重破壊での結果で MSN2・MSN4 を分けられない。RPL20B は 41813847 の Dataset EV2（Fig. 5 の Cluster g: 野生型で塩により抑えられ msn2Δmsn4Δ で抑制が弱い群）に名前がある（Dataset EV4 の 20・30 分の平均 log2: 野生型 -2.78, msn2Δmsn4Δ -1.11）。本文の一文は遺伝子群についての記述",2026-10-04,要旨: 0.7 M NaCl で RP・RiBi 遺伝子（rESR）は一過性に抑えられ、msn2Δmsn4Δ ではその抑制が弱い。Msn2/4 は DOT6 のプロモーターに結合して Dot6 を保ち、Dot6 の標的とその他の増殖の遺伝子の十分な抑制に必要（41813847）。Msn2/4 が RP 遺伝子の発現を上げるという記述はない。Cluster f・g は RP 遺伝子に富む（42239353）,,,genetic,partial,MSN2,moderate,expression,transient
MSN4,RPL3,transcription,inhibit,直接かは不明（論文はプロモーターへの結合による直接と Dot6 を介する間接の両方を示唆）,浸透圧ストレス,41813847;42239353,,medium,correct,"今の記録は促進。msn2Δmsn4Δ の二重破壊での結果で MSN2・MSN4 を分けられない。RPL3 は 41813847 の Dataset EV2（Fig. 5 の Cluster g: 野生型で塩により抑えられ msn2Δmsn4Δ で抑制が弱い群）に名前がある（Dataset EV4 の 20・30 分の平均 log2: 野生型 -3.29, msn2Δmsn4Δ -1.44）。本文の一文は遺伝子群についての記述",2026-10-04,要旨: 0.7 M NaCl で RP・RiBi 遺伝子（rESR）は一過性に抑えられ、msn2Δmsn4Δ ではその抑制が弱い。Msn2/4 は DOT6 のプロモーターに結合して Dot6 を保ち、Dot6 の標的とその他の増殖の遺伝子の十分な抑制に必要（41813847）。Msn2/4 が RP 遺伝子の発現を上げるという記述はない。Cluster f・g は RP 遺伝子に富む（42239353）,,,genetic,partial,MSN2,moderate,expression,transient
MSN4,RPS14B,transcription,inhibit,直接かは不明（論文はプロモーターへの結合による直接と Dot6 を介する間接の両方を示唆）,浸透圧ストレス,41813847;42239353,,medium,confirm,"今の記録は抑制。msn2Δmsn4Δ の二重破壊での結果で MSN2・MSN4 を分けられない。RPS14B は 41813847 の Dataset EV2（Fig. 5 の Cluster g: 野生型で塩により抑えられ msn2Δmsn4Δ で抑制が弱い群）に名前がある（Dataset EV4 の 20・30 分の平均 log2: 野生型 -2.56, msn2Δmsn4Δ -1.03）。本文の一文は遺伝子群についての記述",2026-10-04,要旨: 0.7 M NaCl で RP・RiBi 遺伝子（rESR）は一過性に抑えられ、msn2Δmsn4Δ ではその抑制が弱い。Msn2/4 は DOT6 のプロモーターに結合して Dot6 を保ち、Dot6 の標的とその他の増殖の遺伝子の十分な抑制に必要（41813847）。Msn2/4 が RP 遺伝子の発現を上げるという記述はない。Cluster f・g は RP 遺伝子に富む（42239353）,,,genetic,partial,MSN2,moderate,expression,transient
MSN4,RPS3,transcription,inhibit,直接かは不明（論文はプロモーターへの結合による直接と Dot6 を介する間接の両方を示唆）,浸透圧ストレス,41813847;42239353,,medium,correct,"今の記録は促進。msn2Δmsn4Δ の二重破壊での結果で MSN2・MSN4 を分けられない。RPS3 は 41813847 の Dataset EV2（Fig. 5 の Cluster g: 野生型で塩により抑えられ msn2Δmsn4Δ で抑制が弱い群）に名前がある（Dataset EV4 の 20・30 分の平均 log2: 野生型 -3.3, msn2Δmsn4Δ -1.17）。本文の一文は遺伝子群についての記述",2026-10-04,要旨: 0.7 M NaCl で RP・RiBi 遺伝子（rESR）は一過性に抑えられ、msn2Δmsn4Δ ではその抑制が弱い。Msn2/4 は DOT6 のプロモーターに結合して Dot6 を保ち、Dot6 の標的とその他の増殖の遺伝子の十分な抑制に必要（41813847）。Msn2/4 が RP 遺伝子の発現を上げるという記述はない。Cluster f・g は RP 遺伝子に富む（42239353）,,,genetic,partial,MSN2,moderate,expression,transient
MSN4,RPS6B,transcription,inhibit,直接かは不明（論文はプロモーターへの結合による直接と Dot6 を介する間接の両方を示唆）,浸透圧ストレス,41813847;42239353,,medium,correct,"今の記録は促進。msn2Δmsn4Δ の二重破壊での結果で MSN2・MSN4 を分けられない。RPS6B は 41813847 の Dataset EV2（Fig. 5 の Cluster g: 野生型で塩により抑えられ msn2Δmsn4Δ で抑制が弱い群）に名前がある（Dataset EV4 の 20・30 分の平均 log2: 野生型 -2.69, msn2Δmsn4Δ -0.91）。本文の一文は遺伝子群についての記述",2026-10-04,要旨: 0.7 M NaCl で RP・RiBi 遺伝子（rESR）は一過性に抑えられ、msn2Δmsn4Δ ではその抑制が弱い。Msn2/4 は DOT6 のプロモーターに結合して Dot6 を保ち、Dot6 の標的とその他の増殖の遺伝子の十分な抑制に必要（41813847）。Msn2/4 が RP 遺伝子の発現を上げるという記述はない。Cluster f・g は RP 遺伝子に富む（42239353）,,,genetic,partial,MSN2,moderate,expression,transient
MSN4,RPS8B,transcription,inhibit,直接かは不明（論文はプロモーターへの結合による直接と Dot6 を介する間接の両方を示唆）,浸透圧ストレス,41813847;42239353,,medium,correct,"今の記録は促進。msn2Δmsn4Δ の二重破壊での結果で MSN2・MSN4 を分けられない。RPS8B は 41813847 の Dataset EV2（Fig. 5 の Cluster g: 野生型で塩により抑えられ msn2Δmsn4Δ で抑制が弱い群）に名前がある（Dataset EV4 の 20・30 分の平均 log2: 野生型 -3.49, msn2Δmsn4Δ -1.45）。本文の一文は遺伝子群についての記述",2026-10-04,要旨: 0.7 M NaCl で RP・RiBi 遺伝子（rESR）は一過性に抑えられ、msn2Δmsn4Δ ではその抑制が弱い。Msn2/4 は DOT6 のプロモーターに結合して Dot6 を保ち、Dot6 の標的とその他の増殖の遺伝子の十分な抑制に必要（41813847）。Msn2/4 が RP 遺伝子の発現を上げるという記述はない。Cluster f・g は RP 遺伝子に富む（42239353）,,,genetic,partial,MSN2,moderate,expression,transient
MSN4,RPL11A,transcription,inhibit,直接かは不明（論文はプロモーターへの結合による直接と Dot6 を介する間接の両方を示唆）,浸透圧ストレス,41813847,,low,correct,"今の記録は促進。msn2Δmsn4Δ の二重破壊での結果で MSN2・MSN4 を分けられない。要旨は増殖の遺伝子（RP 遺伝子を含む rESR）全体についての記述で RPL11A の名前はない。同じ論文の Dataset EV4 では RPL11A の塩での抑制も msn2Δmsn4Δ で弱い（20・30 分の平均 log2: 野生型 -1.92, msn2Δmsn4Δ -0.83）が、有意差の基準（2 時点以上）には届いていない",2026-10-04,要旨: 0.7 M NaCl で RP・RiBi 遺伝子（rESR）は一過性に抑えられ、msn2Δmsn4Δ ではその抑制が弱い。Msn2/4 は DOT6 のプロモーターに結合して Dot6 を保ち、Dot6 の標的とその他の増殖の遺伝子の十分な抑制に必要（41813847）。Msn2/4 が RP 遺伝子の発現を上げるという記述はない,,,genetic,partial,MSN2,,expression,transient
MSN4,RPL16B,transcription,inhibit,直接かは不明（論文はプロモーターへの結合による直接と Dot6 を介する間接の両方を示唆）,浸透圧ストレス,41813847,,low,correct,"今の記録は促進。msn2Δmsn4Δ の二重破壊での結果で MSN2・MSN4 を分けられない。要旨は増殖の遺伝子（RP 遺伝子を含む rESR）全体についての記述で RPL16B の名前はない。同じ論文の Dataset EV4 では RPL16B の塩での抑制も msn2Δmsn4Δ で弱い（20・30 分の平均 log2: 野生型 -1.91, msn2Δmsn4Δ -1.16）が、有意差の基準（2 時点以上）には届いていない",2026-10-04,要旨: 0.7 M NaCl で RP・RiBi 遺伝子（rESR）は一過性に抑えられ、msn2Δmsn4Δ ではその抑制が弱い。Msn2/4 は DOT6 のプロモーターに結合して Dot6 を保ち、Dot6 の標的とその他の増殖の遺伝子の十分な抑制に必要（41813847）。Msn2/4 が RP 遺伝子の発現を上げるという記述はない,,,genetic,partial,MSN2,,expression,transient
MSN4,RPL18A,transcription,inhibit,直接かは不明（論文はプロモーターへの結合による直接と Dot6 を介する間接の両方を示唆）,浸透圧ストレス,41813847,,low,confirm,"今の記録は抑制。msn2Δmsn4Δ の二重破壊での結果で MSN2・MSN4 を分けられない。要旨は増殖の遺伝子（RP 遺伝子を含む rESR）全体についての記述で RPL18A の名前はない。同じ論文の Dataset EV4 では RPL18A の塩での抑制も msn2Δmsn4Δ で弱い（20・30 分の平均 log2: 野生型 -2.53, msn2Δmsn4Δ -1.44）が、有意差の基準（2 時点以上）には届いていない",2026-10-04,要旨: 0.7 M NaCl で RP・RiBi 遺伝子（rESR）は一過性に抑えられ、msn2Δmsn4Δ ではその抑制が弱い。Msn2/4 は DOT6 のプロモーターに結合して Dot6 を保ち、Dot6 の標的とその他の増殖の遺伝子の十分な抑制に必要（41813847）。Msn2/4 が RP 遺伝子の発現を上げるという記述はない,,,genetic,partial,MSN2,,expression,transient
MSN4,RPL19A,transcription,inhibit,直接かは不明（論文はプロモーターへの結合による直接と Dot6 を介する間接の両方を示唆）,浸透圧ストレス,41813847,,low,correct,"今の記録は促進。msn2Δmsn4Δ の二重破壊での結果で MSN2・MSN4 を分けられない。要旨は増殖の遺伝子（RP 遺伝子を含む rESR）全体についての記述で RPL19A の名前はない。同じ論文の Dataset EV4 では RPL19A の塩での抑制も msn2Δmsn4Δ で弱い（20・30 分の平均 log2: 野生型 -2.25, msn2Δmsn4Δ -1.02）が、有意差の基準（2 時点以上）には届いていない",2026-10-04,要旨: 0.7 M NaCl で RP・RiBi 遺伝子（rESR）は一過性に抑えられ、msn2Δmsn4Δ ではその抑制が弱い。Msn2/4 は DOT6 のプロモーターに結合して Dot6 を保ち、Dot6 の標的とその他の増殖の遺伝子の十分な抑制に必要（41813847）。Msn2/4 が RP 遺伝子の発現を上げるという記述はない,,,genetic,partial,MSN2,,expression,transient
MSN4,RPL19B,transcription,inhibit,直接かは不明（論文はプロモーターへの結合による直接と Dot6 を介する間接の両方を示唆）,浸透圧ストレス,41813847,,low,correct,"今の記録は促進。msn2Δmsn4Δ の二重破壊での結果で MSN2・MSN4 を分けられない。要旨は増殖の遺伝子（RP 遺伝子を含む rESR）全体についての記述で RPL19B の名前はない。同じ論文の Dataset EV4 では RPL19B の塩での抑制も msn2Δmsn4Δ で弱い（20・30 分の平均 log2: 野生型 -2.37, msn2Δmsn4Δ -0.99）が、有意差の基準（2 時点以上）には届いていない",2026-10-04,要旨: 0.7 M NaCl で RP・RiBi 遺伝子（rESR）は一過性に抑えられ、msn2Δmsn4Δ ではその抑制が弱い。Msn2/4 は DOT6 のプロモーターに結合して Dot6 を保ち、Dot6 の標的とその他の増殖の遺伝子の十分な抑制に必要（41813847）。Msn2/4 が RP 遺伝子の発現を上げるという記述はない,,,genetic,partial,MSN2,,expression,transient
MSN4,RPL20A,transcription,inhibit,直接かは不明（論文はプロモーターへの結合による直接と Dot6 を介する間接の両方を示唆）,浸透圧ストレス,41813847,,low,correct,"今の記録は促進。msn2Δmsn4Δ の二重破壊での結果で MSN2・MSN4 を分けられない。要旨は増殖の遺伝子（RP 遺伝子を含む rESR）全体についての記述で RPL20A の名前はない。同じ論文の Dataset EV4 では RPL20A の塩での抑制も msn2Δmsn4Δ で弱い（20・30 分の平均 log2: 野生型 -2.75, msn2Δmsn4Δ -1.25）が、有意差の基準（2 時点以上）には届いていない",2026-10-04,要旨: 0.7 M NaCl で RP・RiBi 遺伝子（rESR）は一過性に抑えられ、msn2Δmsn4Δ ではその抑制が弱い。Msn2/4 は DOT6 のプロモーターに結合して Dot6 を保ち、Dot6 の標的とその他の増殖の遺伝子の十分な抑制に必要（41813847）。Msn2/4 が RP 遺伝子の発現を上げるという記述はない,,,genetic,partial,MSN2,,expression,transient
MSN4,RPL21B,transcription,inhibit,直接かは不明（論文はプロモーターへの結合による直接と Dot6 を介する間接の両方を示唆）,浸透圧ストレス,41813847,,low,correct,"今の記録は促進。msn2Δmsn4Δ の二重破壊での結果で MSN2・MSN4 を分けられない。要旨は増殖の遺伝子（RP 遺伝子を含む rESR）全体についての記述で RPL21B の名前はない。同じ論文の Dataset EV4 では RPL21B の塩での抑制も msn2Δmsn4Δ で弱い（20・30 分の平均 log2: 野生型 -2.55, msn2Δmsn4Δ -1.18）が、有意差の基準（2 時点以上）には届いていない",2026-10-04,要旨: 0.7 M NaCl で RP・RiBi 遺伝子（rESR）は一過性に抑えられ、msn2Δmsn4Δ ではその抑制が弱い。Msn2/4 は DOT6 のプロモーターに結合して Dot6 を保ち、Dot6 の標的とその他の増殖の遺伝子の十分な抑制に必要（41813847）。Msn2/4 が RP 遺伝子の発現を上げるという記述はない,,,genetic,partial,MSN2,,expression,transient
MSN4,RPL25,transcription,inhibit,直接かは不明（論文はプロモーターへの結合による直接と Dot6 を介する間接の両方を示唆）,浸透圧ストレス,41813847,,low,correct,"今の記録は促進。msn2Δmsn4Δ の二重破壊での結果で MSN2・MSN4 を分けられない。YEASTRACT+ の条件（alkaline）ではなく塩（0.7 M NaCl）の実験。要旨は増殖の遺伝子（RP 遺伝子を含む rESR）全体についての記述で RPL25 の名前はない。同じ論文の Dataset EV4 では RPL25 の塩での抑制も msn2Δmsn4Δ で弱い（20・30 分の平均 log2: 野生型 -2.23, msn2Δmsn4Δ -1.16）が、有意差の基準（2 時点以上）には届いていない",2026-10-04,要旨: 0.7 M NaCl で RP・RiBi 遺伝子（rESR）は一過性に抑えられ、msn2Δmsn4Δ ではその抑制が弱い。Msn2/4 は DOT6 のプロモーターに結合して Dot6 を保ち、Dot6 の標的とその他の増殖の遺伝子の十分な抑制に必要（41813847）。Msn2/4 が RP 遺伝子の発現を上げるという記述はない,,,genetic,partial,MSN2,,expression,transient
MSN4,RPL28,transcription,inhibit,直接かは不明（論文はプロモーターへの結合による直接と Dot6 を介する間接の両方を示唆）,浸透圧ストレス,41813847,,low,correct,"今の記録は促進。msn2Δmsn4Δ の二重破壊での結果で MSN2・MSN4 を分けられない。要旨は増殖の遺伝子（RP 遺伝子を含む rESR）全体についての記述で RPL28 の名前はない。同じ論文の Dataset EV4 では RPL28 の塩での抑制も msn2Δmsn4Δ で弱い（20・30 分の平均 log2: 野生型 -1.93, msn2Δmsn4Δ -0.45）が、有意差の基準（2 時点以上）には届いていない",2026-10-04,要旨: 0.7 M NaCl で RP・RiBi 遺伝子（rESR）は一過性に抑えられ、msn2Δmsn4Δ ではその抑制が弱い。Msn2/4 は DOT6 のプロモーターに結合して Dot6 を保ち、Dot6 の標的とその他の増殖の遺伝子の十分な抑制に必要（41813847）。Msn2/4 が RP 遺伝子の発現を上げるという記述はない,,,genetic,partial,MSN2,,expression,transient
MSN4,RPL29,transcription,inhibit,直接かは不明（論文はプロモーターへの結合による直接と Dot6 を介する間接の両方を示唆）,浸透圧ストレス,41813847,,low,correct,"今の記録は促進。msn2Δmsn4Δ の二重破壊での結果で MSN2・MSN4 を分けられない。要旨は増殖の遺伝子（RP 遺伝子を含む rESR）全体についての記述で RPL29 の名前はない。同じ論文の Dataset EV4 では RPL29 の塩での抑制も msn2Δmsn4Δ で弱い（20・30 分の平均 log2: 野生型 -1.99, msn2Δmsn4Δ -1.21）が、有意差の基準（2 時点以上）には届いていない",2026-10-04,要旨: 0.7 M NaCl で RP・RiBi 遺伝子（rESR）は一過性に抑えられ、msn2Δmsn4Δ ではその抑制が弱い。Msn2/4 は DOT6 のプロモーターに結合して Dot6 を保ち、Dot6 の標的とその他の増殖の遺伝子の十分な抑制に必要（41813847）。Msn2/4 が RP 遺伝子の発現を上げるという記述はない,,,genetic,partial,MSN2,,expression,transient
MSN4,RPL2A,transcription,inhibit,直接かは不明（論文はプロモーターへの結合による直接と Dot6 を介する間接の両方を示唆）,浸透圧ストレス,41813847,,low,correct,"今の記録は促進。msn2Δmsn4Δ の二重破壊での結果で MSN2・MSN4 を分けられない。要旨は増殖の遺伝子（RP 遺伝子を含む rESR）全体についての記述で RPL2A の名前はない。同じ論文の Dataset EV4 では RPL2A の塩での抑制も msn2Δmsn4Δ で弱い（20・30 分の平均 log2: 野生型 -2.48, msn2Δmsn4Δ -1.27）が、有意差の基準（2 時点以上）には届いていない",2026-10-04,要旨: 0.7 M NaCl で RP・RiBi 遺伝子（rESR）は一過性に抑えられ、msn2Δmsn4Δ ではその抑制が弱い。Msn2/4 は DOT6 のプロモーターに結合して Dot6 を保ち、Dot6 の標的とその他の増殖の遺伝子の十分な抑制に必要（41813847）。Msn2/4 が RP 遺伝子の発現を上げるという記述はない,,,genetic,partial,MSN2,,expression,transient
MSN4,RPL2B,transcription,inhibit,直接かは不明（論文はプロモーターへの結合による直接と Dot6 を介する間接の両方を示唆）,浸透圧ストレス,41813847,,low,confirm,"今の記録は抑制。msn2Δmsn4Δ の二重破壊での結果で MSN2・MSN4 を分けられない。要旨は増殖の遺伝子（RP 遺伝子を含む rESR）全体についての記述で RPL2B の名前はない。同じ論文の Dataset EV4 では RPL2B の塩での抑制も msn2Δmsn4Δ で弱い（20・30 分の平均 log2: 野生型 -2.46, msn2Δmsn4Δ -1.45）が、有意差の基準（2 時点以上）には届いていない",2026-10-04,要旨: 0.7 M NaCl で RP・RiBi 遺伝子（rESR）は一過性に抑えられ、msn2Δmsn4Δ ではその抑制が弱い。Msn2/4 は DOT6 のプロモーターに結合して Dot6 を保ち、Dot6 の標的とその他の増殖の遺伝子の十分な抑制に必要（41813847）。Msn2/4 が RP 遺伝子の発現を上げるという記述はない,,,genetic,partial,MSN2,,expression,transient
MSN4,RPL31A,transcription,inhibit,直接かは不明（論文はプロモーターへの結合による直接と Dot6 を介する間接の両方を示唆）,浸透圧ストレス,41813847,,low,correct,"今の記録は促進。msn2Δmsn4Δ の二重破壊での結果で MSN2・MSN4 を分けられない。要旨は増殖の遺伝子（RP 遺伝子を含む rESR）全体についての記述で RPL31A の名前はない。同じ論文の Dataset EV4 では RPL31A の塩での抑制も msn2Δmsn4Δ で弱い（20・30 分の平均 log2: 野生型 -2.05, msn2Δmsn4Δ -1.17）が、有意差の基準（2 時点以上）には届いていない",2026-10-04,要旨: 0.7 M NaCl で RP・RiBi 遺伝子（rESR）は一過性に抑えられ、msn2Δmsn4Δ ではその抑制が弱い。Msn2/4 は DOT6 のプロモーターに結合して Dot6 を保ち、Dot6 の標的とその他の増殖の遺伝子の十分な抑制に必要（41813847）。Msn2/4 が RP 遺伝子の発現を上げるという記述はない,,,genetic,partial,MSN2,,expression,transient
MSN4,RPL34B,transcription,inhibit,直接かは不明（論文はプロモーターへの結合による直接と Dot6 を介する間接の両方を示唆）,浸透圧ストレス,41813847,,low,correct,"今の記録は不明。msn2Δmsn4Δ の二重破壊での結果で MSN2・MSN4 を分けられない。YEASTRACT+ の条件（drug）ではなく塩（0.7 M NaCl）の実験。要旨は増殖の遺伝子（RP 遺伝子を含む rESR）全体についての記述で RPL34B の名前はない。同じ論文の Dataset EV4 では RPL34B の塩での抑制も msn2Δmsn4Δ で弱い（20・30 分の平均 log2: 野生型 -2.03, msn2Δmsn4Δ -0.8）が、有意差の基準（2 時点以上）には届いていない",2026-10-04,要旨: 0.7 M NaCl で RP・RiBi 遺伝子（rESR）は一過性に抑えられ、msn2Δmsn4Δ ではその抑制が弱い。Msn2/4 は DOT6 のプロモーターに結合して Dot6 を保ち、Dot6 の標的とその他の増殖の遺伝子の十分な抑制に必要（41813847）。Msn2/4 が RP 遺伝子の発現を上げるという記述はない,,,genetic,partial,MSN2,,expression,transient
MSN4,RPL35A,transcription,inhibit,直接かは不明（論文はプロモーターへの結合による直接と Dot6 を介する間接の両方を示唆）,浸透圧ストレス,41813847,,low,confirm,"今の記録は抑制。msn2Δmsn4Δ の二重破壊での結果で MSN2・MSN4 を分けられない。要旨は増殖の遺伝子（RP 遺伝子を含む rESR）全体についての記述で RPL35A の名前はない。同じ論文の Dataset EV4 では RPL35A の塩での抑制も msn2Δmsn4Δ で弱い（20・30 分の平均 log2: 野生型 -1.73, msn2Δmsn4Δ -0.52）が、有意差の基準（2 時点以上）には届いていない",2026-10-04,要旨: 0.7 M NaCl で RP・RiBi 遺伝子（rESR）は一過性に抑えられ、msn2Δmsn4Δ ではその抑制が弱い。Msn2/4 は DOT6 のプロモーターに結合して Dot6 を保ち、Dot6 の標的とその他の増殖の遺伝子の十分な抑制に必要（41813847）。Msn2/4 が RP 遺伝子の発現を上げるという記述はない,,,genetic,partial,MSN2,,expression,transient
MSN4,RPL42B,transcription,inhibit,直接かは不明（論文はプロモーターへの結合による直接と Dot6 を介する間接の両方を示唆）,浸透圧ストレス,41813847,,low,correct,"今の記録は促進。msn2Δmsn4Δ の二重破壊での結果で MSN2・MSN4 を分けられない。要旨は増殖の遺伝子（RP 遺伝子を含む rESR）全体についての記述で RPL42B の名前はない。同じ論文の Dataset EV4 では RPL42B の塩での抑制も msn2Δmsn4Δ で弱い（20・30 分の平均 log2: 野生型 -2.29, msn2Δmsn4Δ -1.14）が、有意差の基準（2 時点以上）には届いていない",2026-10-04,要旨: 0.7 M NaCl で RP・RiBi 遺伝子（rESR）は一過性に抑えられ、msn2Δmsn4Δ ではその抑制が弱い。Msn2/4 は DOT6 のプロモーターに結合して Dot6 を保ち、Dot6 の標的とその他の増殖の遺伝子の十分な抑制に必要（41813847）。Msn2/4 が RP 遺伝子の発現を上げるという記述はない,,,genetic,partial,MSN2,,expression,transient
MSN4,RPL43B,transcription,inhibit,直接かは不明（論文はプロモーターへの結合による直接と Dot6 を介する間接の両方を示唆）,浸透圧ストレス,41813847,,low,confirm,"今の記録は抑制。msn2Δmsn4Δ の二重破壊での結果で MSN2・MSN4 を分けられない。要旨は増殖の遺伝子（RP 遺伝子を含む rESR）全体についての記述で RPL43B の名前はない。同じ論文の Dataset EV4 では RPL43B の塩での抑制も msn2Δmsn4Δ で弱い（20・30 分の平均 log2: 野生型 -2.37, msn2Δmsn4Δ -1.1）が、有意差の基準（2 時点以上）には届いていない",2026-10-04,要旨: 0.7 M NaCl で RP・RiBi 遺伝子（rESR）は一過性に抑えられ、msn2Δmsn4Δ ではその抑制が弱い。Msn2/4 は DOT6 のプロモーターに結合して Dot6 を保ち、Dot6 の標的とその他の増殖の遺伝子の十分な抑制に必要（41813847）。Msn2/4 が RP 遺伝子の発現を上げるという記述はない,,,genetic,partial,MSN2,,expression,transient
MSN4,RPL4B,transcription,inhibit,直接かは不明（論文はプロモーターへの結合による直接と Dot6 を介する間接の両方を示唆）,浸透圧ストレス,41813847,,low,correct,"今の記録は促進。msn2Δmsn4Δ の二重破壊での結果で MSN2・MSN4 を分けられない。要旨は増殖の遺伝子（RP 遺伝子を含む rESR）全体についての記述で RPL4B の名前はない。同じ論文の Dataset EV4 では RPL4B の塩での抑制も msn2Δmsn4Δ で弱い（20・30 分の平均 log2: 野生型 -2.4, msn2Δmsn4Δ -1.13）が、有意差の基準（2 時点以上）には届いていない",2026-10-04,要旨: 0.7 M NaCl で RP・RiBi 遺伝子（rESR）は一過性に抑えられ、msn2Δmsn4Δ ではその抑制が弱い。Msn2/4 は DOT6 のプロモーターに結合して Dot6 を保ち、Dot6 の標的とその他の増殖の遺伝子の十分な抑制に必要（41813847）。Msn2/4 が RP 遺伝子の発現を上げるという記述はない,,,genetic,partial,MSN2,,expression,transient
MSN4,RPL5,transcription,inhibit,直接かは不明（論文はプロモーターへの結合による直接と Dot6 を介する間接の両方を示唆）,浸透圧ストレス,41813847,,low,correct,"今の記録は促進。msn2Δmsn4Δ の二重破壊での結果で MSN2・MSN4 を分けられない。要旨は増殖の遺伝子（RP 遺伝子を含む rESR）全体についての記述で RPL5 の名前はない。同じ論文の Dataset EV4 では RPL5 の塩での抑制も msn2Δmsn4Δ で弱い（20・30 分の平均 log2: 野生型 -2.51, msn2Δmsn4Δ -1.04）が、有意差の基準（2 時点以上）には届いていない",2026-10-04,要旨: 0.7 M NaCl で RP・RiBi 遺伝子（rESR）は一過性に抑えられ、msn2Δmsn4Δ ではその抑制が弱い。Msn2/4 は DOT6 のプロモーターに結合して Dot6 を保ち、Dot6 の標的とその他の増殖の遺伝子の十分な抑制に必要（41813847）。Msn2/4 が RP 遺伝子の発現を上げるという記述はない,,,genetic,partial,MSN2,,expression,transient
MSN4,RPL7B,transcription,inhibit,直接かは不明（論文はプロモーターへの結合による直接と Dot6 を介する間接の両方を示唆）,浸透圧ストレス,41813847,,low,correct,"今の記録は促進。msn2Δmsn4Δ の二重破壊での結果で MSN2・MSN4 を分けられない。要旨は増殖の遺伝子（RP 遺伝子を含む rESR）全体についての記述で RPL7B の名前はない。同じ論文の Dataset EV4 では RPL7B の塩での抑制も msn2Δmsn4Δ で弱い（20・30 分の平均 log2: 野生型 -3.37, msn2Δmsn4Δ -1.17）が、有意差の基準（2 時点以上）には届いていない",2026-10-04,要旨: 0.7 M NaCl で RP・RiBi 遺伝子（rESR）は一過性に抑えられ、msn2Δmsn4Δ ではその抑制が弱い。Msn2/4 は DOT6 のプロモーターに結合して Dot6 を保ち、Dot6 の標的とその他の増殖の遺伝子の十分な抑制に必要（41813847）。Msn2/4 が RP 遺伝子の発現を上げるという記述はない,,,genetic,partial,MSN2,,expression,transient
MSN4,RPL8A,transcription,inhibit,直接かは不明（論文はプロモーターへの結合による直接と Dot6 を介する間接の両方を示唆）,浸透圧ストレス,41813847,,low,correct,"今の記録は促進。msn2Δmsn4Δ の二重破壊での結果で MSN2・MSN4 を分けられない。要旨は増殖の遺伝子（RP 遺伝子を含む rESR）全体についての記述で RPL8A の名前はない。同じ論文の Dataset EV4 では RPL8A の塩での抑制も msn2Δmsn4Δ で弱い（20・30 分の平均 log2: 野生型 -3.01, msn2Δmsn4Δ -1.34）が、有意差の基準（2 時点以上）には届いていない",2026-10-04,要旨: 0.7 M NaCl で RP・RiBi 遺伝子（rESR）は一過性に抑えられ、msn2Δmsn4Δ ではその抑制が弱い。Msn2/4 は DOT6 のプロモーターに結合して Dot6 を保ち、Dot6 の標的とその他の増殖の遺伝子の十分な抑制に必要（41813847）。Msn2/4 が RP 遺伝子の発現を上げるという記述はない,,,genetic,partial,MSN2,,expression,transient
MSN4,RPL9B,transcription,inhibit,直接かは不明（論文はプロモーターへの結合による直接と Dot6 を介する間接の両方を示唆）,浸透圧ストレス,41813847,,low,correct,"今の記録は促進。msn2Δmsn4Δ の二重破壊での結果で MSN2・MSN4 を分けられない。YEASTRACT+ の条件（nitrogen_starvation）ではなく塩（0.7 M NaCl）の実験。要旨は増殖の遺伝子（RP 遺伝子を含む rESR）全体についての記述で RPL9B の名前はない。同じ論文の Dataset EV4 では RPL9B の塩での抑制も msn2Δmsn4Δ で弱い（20・30 分の平均 log2: 野生型 -2.69, msn2Δmsn4Δ -1.19）が、有意差の基準（2 時点以上）には届いていない",2026-10-04,要旨: 0.7 M NaCl で RP・RiBi 遺伝子（rESR）は一過性に抑えられ、msn2Δmsn4Δ ではその抑制が弱い。Msn2/4 は DOT6 のプロモーターに結合して Dot6 を保ち、Dot6 の標的とその他の増殖の遺伝子の十分な抑制に必要（41813847）。Msn2/4 が RP 遺伝子の発現を上げるという記述はない,,,genetic,partial,MSN2,,expression,transient
MSN4,RPP2B,transcription,inhibit,直接かは不明（論文はプロモーターへの結合による直接と Dot6 を介する間接の両方を示唆）,浸透圧ストレス,41813847,,low,correct,"今の記録は不明。msn2Δmsn4Δ の二重破壊での結果で MSN2・MSN4 を分けられない。YEASTRACT+ の条件（nitrogen_starvation）ではなく塩（0.7 M NaCl）の実験。要旨は増殖の遺伝子（RP 遺伝子を含む rESR）全体についての記述で RPP2B の名前はない。同じ論文の Dataset EV4 では RPP2B の塩での抑制も msn2Δmsn4Δ で弱い（20・30 分の平均 log2: 野生型 -2.43, msn2Δmsn4Δ -1.5）が、有意差の基準（2 時点以上）には届いていない",2026-10-04,要旨: 0.7 M NaCl で RP・RiBi 遺伝子（rESR）は一過性に抑えられ、msn2Δmsn4Δ ではその抑制が弱い。Msn2/4 は DOT6 のプロモーターに結合して Dot6 を保ち、Dot6 の標的とその他の増殖の遺伝子の十分な抑制に必要（41813847）。Msn2/4 が RP 遺伝子の発現を上げるという記述はない,,,genetic,partial,MSN2,,expression,transient
MSN4,RPS12,transcription,inhibit,直接かは不明（論文はプロモーターへの結合による直接と Dot6 を介する間接の両方を示唆）,浸透圧ストレス,41813847,,low,confirm,"今の記録は抑制。msn2Δmsn4Δ の二重破壊での結果で MSN2・MSN4 を分けられない。YEASTRACT+ の条件（nitrogen_starvation）ではなく塩（0.7 M NaCl）の実験。要旨は増殖の遺伝子（RP 遺伝子を含む rESR）全体についての記述で RPS12 の名前はない。同じ論文の Dataset EV4 では RPS12 の塩での抑制も msn2Δmsn4Δ で弱い（20・30 分の平均 log2: 野生型 -2.36, msn2Δmsn4Δ -1.13）が、有意差の基準（2 時点以上）には届いていない",2026-10-04,要旨: 0.7 M NaCl で RP・RiBi 遺伝子（rESR）は一過性に抑えられ、msn2Δmsn4Δ ではその抑制が弱い。Msn2/4 は DOT6 のプロモーターに結合して Dot6 を保ち、Dot6 の標的とその他の増殖の遺伝子の十分な抑制に必要（41813847）。Msn2/4 が RP 遺伝子の発現を上げるという記述はない,,,genetic,partial,MSN2,,expression,transient
MSN4,RPS13,transcription,inhibit,直接かは不明（論文はプロモーターへの結合による直接と Dot6 を介する間接の両方を示唆）,浸透圧ストレス,41813847,,low,confirm,"今の記録は抑制。msn2Δmsn4Δ の二重破壊での結果で MSN2・MSN4 を分けられない。要旨は増殖の遺伝子（RP 遺伝子を含む rESR）全体についての記述で RPS13 の名前はない。同じ論文の Dataset EV4 では RPS13 の塩での抑制も msn2Δmsn4Δ で弱い（20・30 分の平均 log2: 野生型 -2.42, msn2Δmsn4Δ -1.35）が、有意差の基準（2 時点以上）には届いていない",2026-10-04,要旨: 0.7 M NaCl で RP・RiBi 遺伝子（rESR）は一過性に抑えられ、msn2Δmsn4Δ ではその抑制が弱い。Msn2/4 は DOT6 のプロモーターに結合して Dot6 を保ち、Dot6 の標的とその他の増殖の遺伝子の十分な抑制に必要（41813847）。Msn2/4 が RP 遺伝子の発現を上げるという記述はない,,,genetic,partial,MSN2,,expression,transient
MSN4,RPS14A,transcription,inhibit,直接かは不明（論文はプロモーターへの結合による直接と Dot6 を介する間接の両方を示唆）,浸透圧ストレス,41813847,,low,confirm,"今の記録は抑制。msn2Δmsn4Δ の二重破壊での結果で MSN2・MSN4 を分けられない。要旨は増殖の遺伝子（RP 遺伝子を含む rESR）全体についての記述で RPS14A の名前はない。同じ論文の Dataset EV4 では RPS14A の塩での抑制も msn2Δmsn4Δ で弱い（20・30 分の平均 log2: 野生型 -1.71, msn2Δmsn4Δ -1.03）が、有意差の基準（2 時点以上）には届いていない",2026-10-04,要旨: 0.7 M NaCl で RP・RiBi 遺伝子（rESR）は一過性に抑えられ、msn2Δmsn4Δ ではその抑制が弱い。Msn2/4 は DOT6 のプロモーターに結合して Dot6 を保ち、Dot6 の標的とその他の増殖の遺伝子の十分な抑制に必要（41813847）。Msn2/4 が RP 遺伝子の発現を上げるという記述はない,,,genetic,partial,MSN2,,expression,transient
MSN4,RPS16A,transcription,inhibit,直接かは不明（論文はプロモーターへの結合による直接と Dot6 を介する間接の両方を示唆）,浸透圧ストレス,41813847,,low,correct,"今の記録は促進。msn2Δmsn4Δ の二重破壊での結果で MSN2・MSN4 を分けられない。要旨は増殖の遺伝子（RP 遺伝子を含む rESR）全体についての記述で RPS16A の名前はない。同じ論文の Dataset EV4 では RPS16A の塩での抑制も msn2Δmsn4Δ で弱い（20・30 分の平均 log2: 野生型 -2.56, msn2Δmsn4Δ -1.47）が、有意差の基準（2 時点以上）には届いていない",2026-10-04,要旨: 0.7 M NaCl で RP・RiBi 遺伝子（rESR）は一過性に抑えられ、msn2Δmsn4Δ ではその抑制が弱い。Msn2/4 は DOT6 のプロモーターに結合して Dot6 を保ち、Dot6 の標的とその他の増殖の遺伝子の十分な抑制に必要（41813847）。Msn2/4 が RP 遺伝子の発現を上げるという記述はない,,,genetic,partial,MSN2,,expression,transient
MSN4,RPS19A,transcription,inhibit,直接かは不明（論文はプロモーターへの結合による直接と Dot6 を介する間接の両方を示唆）,浸透圧ストレス,41813847,,low,confirm,"今の記録は抑制。msn2Δmsn4Δ の二重破壊での結果で MSN2・MSN4 を分けられない。要旨は増殖の遺伝子（RP 遺伝子を含む rESR）全体についての記述で RPS19A の名前はない。同じ論文の Dataset EV4 では RPS19A の塩での抑制も msn2Δmsn4Δ で弱い（20・30 分の平均 log2: 野生型 -2.55, msn2Δmsn4Δ -1.07）が、有意差の基準（2 時点以上）には届いていない",2026-10-04,要旨: 0.7 M NaCl で RP・RiBi 遺伝子（rESR）は一過性に抑えられ、msn2Δmsn4Δ ではその抑制が弱い。Msn2/4 は DOT6 のプロモーターに結合して Dot6 を保ち、Dot6 の標的とその他の増殖の遺伝子の十分な抑制に必要（41813847）。Msn2/4 が RP 遺伝子の発現を上げるという記述はない,,,genetic,partial,MSN2,,expression,transient
MSN4,RPS4A,transcription,inhibit,直接かは不明（論文はプロモーターへの結合による直接と Dot6 を介する間接の両方を示唆）,浸透圧ストレス,41813847,,low,correct,"今の記録は促進。msn2Δmsn4Δ の二重破壊での結果で MSN2・MSN4 を分けられない。要旨は増殖の遺伝子（RP 遺伝子を含む rESR）全体についての記述で RPS4A の名前はない。同じ論文の Dataset EV4 では RPS4A の塩での抑制も msn2Δmsn4Δ で弱い（20・30 分の平均 log2: 野生型 -2.58, msn2Δmsn4Δ -1.2）が、有意差の基準（2 時点以上）には届いていない",2026-10-04,要旨: 0.7 M NaCl で RP・RiBi 遺伝子（rESR）は一過性に抑えられ、msn2Δmsn4Δ ではその抑制が弱い。Msn2/4 は DOT6 のプロモーターに結合して Dot6 を保ち、Dot6 の標的とその他の増殖の遺伝子の十分な抑制に必要（41813847）。Msn2/4 が RP 遺伝子の発現を上げるという記述はない,,,genetic,partial,MSN2,,expression,transient
MSN4,RPS4B,transcription,inhibit,直接かは不明（論文はプロモーターへの結合による直接と Dot6 を介する間接の両方を示唆）,浸透圧ストレス,41813847,,low,correct,"今の記録は促進。msn2Δmsn4Δ の二重破壊での結果で MSN2・MSN4 を分けられない。要旨は増殖の遺伝子（RP 遺伝子を含む rESR）全体についての記述で RPS4B の名前はない。同じ論文の Dataset EV4 では RPS4B の塩での抑制も msn2Δmsn4Δ で弱い（20・30 分の平均 log2: 野生型 -2.75, msn2Δmsn4Δ -1.2）が、有意差の基準（2 時点以上）には届いていない",2026-10-04,要旨: 0.7 M NaCl で RP・RiBi 遺伝子（rESR）は一過性に抑えられ、msn2Δmsn4Δ ではその抑制が弱い。Msn2/4 は DOT6 のプロモーターに結合して Dot6 を保ち、Dot6 の標的とその他の増殖の遺伝子の十分な抑制に必要（41813847）。Msn2/4 が RP 遺伝子の発現を上げるという記述はない,,,genetic,partial,MSN2,,expression,transient
MSN4,RPS5,transcription,inhibit,直接かは不明（論文はプロモーターへの結合による直接と Dot6 を介する間接の両方を示唆）,浸透圧ストレス,41813847,,low,correct,"今の記録は促進。msn2Δmsn4Δ の二重破壊での結果で MSN2・MSN4 を分けられない。要旨は増殖の遺伝子（RP 遺伝子を含む rESR）全体についての記述で RPS5 の名前はない。同じ論文の Dataset EV4 では RPS5 の塩での抑制も msn2Δmsn4Δ で弱い（20・30 分の平均 log2: 野生型 -2.44, msn2Δmsn4Δ -1.49）が、有意差の基準（2 時点以上）には届いていない",2026-10-04,要旨: 0.7 M NaCl で RP・RiBi 遺伝子（rESR）は一過性に抑えられ、msn2Δmsn4Δ ではその抑制が弱い。Msn2/4 は DOT6 のプロモーターに結合して Dot6 を保ち、Dot6 の標的とその他の増殖の遺伝子の十分な抑制に必要（41813847）。Msn2/4 が RP 遺伝子の発現を上げるという記述はない,,,genetic,partial,MSN2,,expression,transient
MSN4,RPS8A,transcription,inhibit,直接かは不明（論文はプロモーターへの結合による直接と Dot6 を介する間接の両方を示唆）,浸透圧ストレス,41813847,,low,correct,"今の記録は促進。msn2Δmsn4Δ の二重破壊での結果で MSN2・MSN4 を分けられない。要旨は増殖の遺伝子（RP 遺伝子を含む rESR）全体についての記述で RPS8A の名前はない。同じ論文の Dataset EV4 では RPS8A の塩での抑制も msn2Δmsn4Δ で弱い（20・30 分の平均 log2: 野生型 -1.83, msn2Δmsn4Δ -0.94）が、有意差の基準（2 時点以上）には届いていない",2026-10-04,要旨: 0.7 M NaCl で RP・RiBi 遺伝子（rESR）は一過性に抑えられ、msn2Δmsn4Δ ではその抑制が弱い。Msn2/4 は DOT6 のプロモーターに結合して Dot6 を保ち、Dot6 の標的とその他の増殖の遺伝子の十分な抑制に必要（41813847）。Msn2/4 が RP 遺伝子の発現を上げるという記述はない,,,genetic,partial,MSN2,,expression,transient
MSN4,RPS9A,transcription,inhibit,直接かは不明（論文はプロモーターへの結合による直接と Dot6 を介する間接の両方を示唆）,浸透圧ストレス,41813847,,low,correct,"今の記録は促進。msn2Δmsn4Δ の二重破壊での結果で MSN2・MSN4 を分けられない。YEASTRACT+ の条件（hypoxia）ではなく塩（0.7 M NaCl）の実験。要旨は増殖の遺伝子（RP 遺伝子を含む rESR）全体についての記述で RPS9A の名前はない。同じ論文の Dataset EV4 では RPS9A の塩での抑制も msn2Δmsn4Δ で弱い（20・30 分の平均 log2: 野生型 -2.11, msn2Δmsn4Δ -0.32）が、有意差の基準（2 時点以上）には届いていない",2026-10-04,要旨: 0.7 M NaCl で RP・RiBi 遺伝子（rESR）は一過性に抑えられ、msn2Δmsn4Δ ではその抑制が弱い。Msn2/4 は DOT6 のプロモーターに結合して Dot6 を保ち、Dot6 の標的とその他の増殖の遺伝子の十分な抑制に必要（41813847）。Msn2/4 が RP 遺伝子の発現を上げるという記述はない,,,genetic,partial,MSN2,,expression,transient
MSN4,RPS9B,transcription,inhibit,直接かは不明（論文はプロモーターへの結合による直接と Dot6 を介する間接の両方を示唆）,浸透圧ストレス,41813847,,low,correct,"今の記録は促進。msn2Δmsn4Δ の二重破壊での結果で MSN2・MSN4 を分けられない。要旨は増殖の遺伝子（RP 遺伝子を含む rESR）全体についての記述で RPS9B の名前はない。同じ論文の Dataset EV4 では RPS9B の塩での抑制も msn2Δmsn4Δ で弱い（20・30 分の平均 log2: 野生型 -2.61, msn2Δmsn4Δ -1.17）が、有意差の基準（2 時点以上）には届いていない",2026-10-04,要旨: 0.7 M NaCl で RP・RiBi 遺伝子（rESR）は一過性に抑えられ、msn2Δmsn4Δ ではその抑制が弱い。Msn2/4 は DOT6 のプロモーターに結合して Dot6 を保ち、Dot6 の標的とその他の増殖の遺伝子の十分な抑制に必要（41813847）。Msn2/4 が RP 遺伝子の発現を上げるという記述はない,,,genetic,partial,MSN2,,expression,transient
PAF1,ATG32,transcription,inhibit,direct,,31525119,,medium,new,Paf1 複合体（Paf1・Ctr9 など）として ATG32 のプロモーターに結合して発現を抑える。グルコース飢餓で解離,2026-10-04,要旨: Paf1C は ATG 遺伝子の転写抑制因子で、paf1・ctr9 欠失で ATG32 と ATG11 の発現が上がりマイトファジーが進む。グルコースが豊富なとき ATG32 のプロモーターに結合してマイトファジーを低く保つ（31525119）,,,in_vivo,,,,expression,
UME6,ATG8,transcription,inhibit,direct,通常の増殖,22733735;22960621,,high,new,Ume6-Sin3-Rpd3 複合体として。Atg8 の量がオートファゴソームの大きさを決める,2026-10-04,要旨: Ume6 は ATG8 の転写を抑える因子で、Sin3・Rpd3 を含むヒストン脱アセチル化酵素複合体とともに働く。どれを欠いても Atg8 が増えオートファジーが高まる（22733735）。増殖中は Ume6-Sin3-Rpd3 が ATG8 の転写を抑える（22960621）,,,in_vivo,,,,expression,
PHO23,ATG9,transcription,inhibit,,,25046109,,high,new,Rpd3L 複合体の一部として。Atg9 の量がオートファゴソームの数を決める,2026-10-04,要旨: Rpd3L 複合体の Pho23 は ATG9 を含む複数の ATG 遺伝子の転写を抑える。pho23 欠失や Atg9 の過剰発現でオートファゴソームが増える（25046109）,,,in_vivo,,,,expression,
MIG1,ATG39,transcription,inhibit,direct,通常の増殖,32986716,,high,new,小胞体ファジーの受容体 ATG39 のプロモーター（Mig1/2 結合モチーフ）。小胞体ストレスで Snf1 が Mig1 を核外へ出す,2026-10-04,要旨: 小胞体ストレスで ATG39 の発現が上がる。ATG39 のプロモーターは Snf1 で正に、転写抑制因子 Mig1・Mig2 で負に調節される（32986716）。本文: Mig1 と Mig2 は重複して非ストレス時の ATG39 のプロモーター活性を抑える,,,in_vivo,,MIG2,,expression,
MIG2,ATG39,transcription,inhibit,direct,通常の増殖,32986716,,high,new,MIG1 と重複して働く,2026-10-04,要旨: MIG1 → ATG39 と同じ（32986716）,,,in_vivo,,MIG1,,expression,
PHO85,UGP1,transcription,inhibit,via PHO4,,11180457,,medium,new,pho85Δ で UGP1 のプロモーター活性が上がる（Pho4 を介する。BAS2 の結合部位も関わる）。同じ組の Pho85 による Ugp1 タンパク質の酵素の関係（enzymatic）とは別,2026-10-04,要旨: pho85Δ で UGP1 のプロモーター活性が上がり、pho4Δ や Pho4・Bas2 の結合部位を欠くプロモーターでは上がらない。UGP1 の発現は Pho85 が Pho4 を通して調節する（11180457）,,,in_vivo;genetic,,,,expression,
TPK1,GSY2,transcription,inhibit,直接かは不明,,7961723,,medium,new,PKA が常に働く bcy1 で GSY2 の mRNA が大きく減る。触媒サブユニットを区別していないので TPK1・TPK2・TPK3 のすべてに付けた,2026-10-04,要旨: bcy1（PKA が常に働く）では GS-2（GSY2）の mRNA とタンパク質が大きく減る。cAMP 経路は GS-2 の発現とリン酸化の両方を調節する（7961723）,,,genetic,,TPK2;TPK3,,expression,
TPK2,GSY2,transcription,inhibit,直接かは不明,,7961723,,medium,new,PKA が常に働く bcy1 で GSY2 の mRNA が大きく減る。触媒サブユニットを区別していないので TPK1・TPK2・TPK3 のすべてに付けた,2026-10-04,要旨: bcy1（PKA が常に働く）では GS-2（GSY2）の mRNA とタンパク質が大きく減る。cAMP 経路は GS-2 の発現とリン酸化の両方を調節する（7961723）,,,genetic,,TPK1;TPK3,,expression,
TPK3,GSY2,transcription,inhibit,直接かは不明,,7961723,,medium,new,PKA が常に働く bcy1 で GSY2 の mRNA が大きく減る。触媒サブユニットを区別していないので TPK1・TPK2・TPK3 のすべてに付けた,2026-10-04,要旨: bcy1（PKA が常に働く）では GS-2（GSY2）の mRNA とタンパク質が大きく減る。cAMP 経路は GS-2 の発現とリン酸化の両方を調節する（7961723）,,,genetic,,TPK1;TPK2,,expression,
MSN2,DOT6,transcription,activate,direct,浸透圧ストレス・熱ショック・酸化ストレス・炭素源飢餓,41813847,,high,confirm,Msn2/4 と Dot6 の個別の寄与は分けていない（二重欠失）。Msn2/4 は DOT6 プロモーターに結合するが、間接の効果も含むと著者は書く。Dot6/Tod6 はリボソーム生合成の遺伝子を抑える,2026-10-04,本文: msn2Δmsn4Δ では NaCl 処理後（および既存データの熱・過酸化水素・グルコース飢餓後）の DOT6 mRNA が有意に少なく、Dot6 タンパク質量も減る。Msn2/4 はストレス後に DOT6 プロモーターに結合する（41813847）,,,in_vivo,,MSN4,,expression,
MSN4,DOT6,transcription,activate,direct,浸透圧ストレス・熱ショック・酸化ストレス・炭素源飢餓,41813847,,high,correct,一覧の inhibit を activate に直す。Msn2/4 と Dot6 の個別の寄与は分けていない（二重欠失）。Msn2/4 は DOT6 プロモーターに結合するが、間接の効果も含むと著者は書く。Dot6/Tod6 はリボソーム生合成の遺伝子を抑える,2026-10-04,本文: msn2Δmsn4Δ では NaCl 処理後（および既存データの熱・過酸化水素・グルコース飢餓後）の DOT6 mRNA が有意に少なく、Dot6 タンパク質量も減る。Msn2/4 はストレス後に DOT6 プロモーターに結合する（41813847）,,,in_vivo,,MSN2,,expression,
MSN2,TPK1,transcription,activate,direct,熱ショック・浸透圧ストレス,24530423;32599085,,medium,confirm,要旨は Msn2/4 依存の SWI/SNF の呼び込みと TPK1 の誘導を示すが、msn2/4 欠失での TPK1 mRNA の量は要旨には書かれていない（本文は PMC になく未確認）。そのため medium。PKA の触媒サブユニットの誘導は負のフィードバックになりうる,2026-10-04,要旨: TPK1 プロモーターは熱ショックと塩ストレスで活性化され、Msn2/4・Gis1・Sok2 がストレス時の TPK1 の発現の調節に関わる（24530423）。熱ショックで TPK1 プロモーターのヌクレオソームが外れて TPK1 mRNA が増え、SWI/SNF は Msn2/4 に依存してプロモーターに呼ばれる（32599085）,,,in_vivo,,MSN4,,expression,
MSN4,TPK1,transcription,activate,direct,熱ショック・浸透圧ストレス,24530423;32599085,,medium,confirm,要旨は Msn2/4 依存の SWI/SNF の呼び込みと TPK1 の誘導を示すが、msn2/4 欠失での TPK1 mRNA の量は要旨には書かれていない（本文は PMC になく未確認）。そのため medium。PKA の触媒サブユニットの誘導は負のフィードバックになりうる,2026-10-04,要旨: TPK1 プロモーターは熱ショックと塩ストレスで活性化され、Msn2/4・Gis1・Sok2 がストレス時の TPK1 の発現の調節に関わる（24530423）。熱ショックで TPK1 プロモーターのヌクレオソームが外れて TPK1 mRNA が増え、SWI/SNF は Msn2/4 に依存してプロモーターに呼ばれる（32599085）,,,in_vivo,,MSN2,,expression,
GLN3,GAT1,transcription,activate,direct,代替窒素源,8622686;9171383;24324255,,high,confirm,窒素異化抑制（NCR）を受け、窒素源の質が悪いとき（プロリンなど）に発現が上がる。GAT1 の上流に Gln3 の結合部位がある（8622686）。Gat1 タンパク質の量は一部のアイソフォームが NCR を受けない（24324255）,2026-10-04,要旨: GAT1 の発現は NCR を受け、一部 Gln3 に依存し、上流に Gln3 の結合部位がある（8622686）。GAT1 の発現は Gln3 に依存し Dal80 に制御される（9171383）。GAT1 の転写は NCR を受け Gln3・Gat1 で活性化される。プロリンでグルタミンより多い（24324255）,,,in_vivo;in_vitro,,,,expression,
PHO4,PHO81,transcription,activate,direct,リン酸の制限,9392074,,high,confirm,Pho81 は Pho80-Pho85 の阻害因子なので、リン酸の制限で Pho4 → PHO81 は正のフィードバックになる。PHO81 プロモーターには負の調節配列もある（8626060）,2026-10-04,要旨: PHO5・PHO81・PHO84 の転写には Pho4 と Pho2 が必要（9392074）。PHO81 の転写はリン酸の量で調節され、それは Pho4・Pho2 による（8626060）,PHO2,,in_vivo;in_vitro,,,,expression,
PHO2,PHO81,transcription,activate,direct,リン酸の制限,9392074;8626060,,high,correct,作用 none → activate。Pho2 は Pho4 の結合部位の横の A/T に富む配列に結合する（9392074）,2026-10-04,要旨: PHO81 の転写には Pho4 と Pho2 が必要で、Pho2 は PHO プロモーターの A/T に富む配列に結合する（9392074）。PHO81 のリン酸による転写調節は Pho4・Pho2 による（8626060）,PHO4,,in_vivo;in_vitro,,,,expression,
PHO2,PHO84,transcription,activate,direct,リン酸の制限・アルカリストレス,9392074;12453218,,high,confirm,アルカリ（pH 7.6）での PHO84 の誘導も Pho2・Pho4 に依存し、Crz1 には依存しない（12453218）,2026-10-04,要旨: PHO84 の転写には Pho4 と Pho2 が必要で、PHO84 の部位 D・E がリン酸濃度と pho2 変異に応じる UAS として働く（9392074）。アルカリでの PHO84 の誘導に Pho2・Pho4 が必要（12453218）,PHO4,,in_vivo;in_vitro,,,,expression,
URE2,GAT1,binding,inhibit,direct,通常の増殖,23184930,,medium,correct,GAT1 の転写の制御ではない（Ure2 は DNA に結合しない）。種類 transcription → binding、layer は localization。Ure2 の αcap の変異はラパマイシンによる Gat1 の核移行を Gln3 より弱くしか妨げない。ure2 で GAT1 の発現が変わるかは読んだ要旨にない,2026-10-04,要旨: Ure2 は Gln3・Gat1 の局在と転写活性化を抑え、窒素が十分な細胞で Ure2-Gat1 の複合体として細胞質に留めると考えられている（23184930）,,,in_vivo;genetic,,,,localization,
URE2,GLN3,transcription,,,,23184930;29113979,,high,reject,Ure2 は DNA に結合しない。YEASTRACT+ の転写制御は誤りで、実際は Gln3・Gat1 に結合して細胞質に留める（binding の行を参照）,2026-10-04,要旨: Ure2 は Gln3・Gat1 の局在と転写活性化を抑える中心の負の調節因子で、窒素が十分な細胞で複合体を作って細胞質に留める（23184930）。窒素が十分だと Gln3 は細胞質にあり、Ure2 の負の調節を外す配列が核移行に要る（29113979）,,,in_vivo;genetic,,,,,
URE2,GAT1,transcription,,,,23184930,,medium,reject,Ure2 は DNA に結合しない。YEASTRACT+ の転写制御は誤りで、実際は Gln3・Gat1 に結合して細胞質に留める（binding の行を参照）,2026-10-04,要旨: Ure2 は Gln3・Gat1 の局在と転写活性化を抑え、窒素が十分な細胞で Ure2-Gat1 の複合体として細胞質に留めると考えられている（23184930）,,,in_vivo;genetic,,,,,
SKO1,MSN2,transcription,activate,direct,浸透圧ストレス,16087739,,high,correct,Sko1 は MSN2 のプロモーターに結合（ChIP）。作用不明の記録を、浸透圧ストレスでの誘導（促進）に直す。通常の増殖での作用は要旨に書かれていない,2026-10-04,要旨: Sko1 は MSN2 のプロモーターに結合し、sko1 変異株では浸透圧ストレスでの MSN2 の発現の誘導が弱まる（16087739）,,,in_vivo;genetic,,,,expression,
SKO1,PTP3,transcription,activate,direct,浸透圧ストレス,16087739,,high,correct,記録の抑制（IDEA の誘導実験）を、浸透圧ストレスでの誘導（促進）に直す。Hog1 → Sko1 → PTP3 ⊣ Hog1 の負のフィードバック。通常の増殖での作用は要旨に書かれていない,2026-10-04,要旨: Sko1 は Hog1 を不活性化するホスファターゼ PTP3 のプロモーターに結合し、浸透圧ストレスでの PTP3 の誘導に必要（16087739）,,,in_vivo;genetic,necessary,,,expression,
MIG1,CAT8,transcription,inhibit,direct,通常の増殖,7891685;9111319,,high,confirm,グルコース存在下（グルコース抑制）。Mig1 結合配列を欠く CAT8 プロモーターは逆に活性化を失い、mig1 欠損でも抑制解除できるので、その配列には Mig1 によらない活性化の働きもある（9111319）。代替炭素源・定常期・細胞周期の同調の条件は論文で確かめられない,2026-10-04,要旨: CAT8-lacZ 融合で CAT8 自身が Mig1（Cat4）に抑えられ、Mig1 が CAT8 プロモーターから外れると Cat8 が作られる（7891685）。CAT8 の発現のグルコース抑制は主に Mig1 による（9111319）,,,in_vivo;genetic,,,,expression,
MIG1,TPK1,transcription,inhibit,via HXK2,通常の増殖,28812308,,medium,correct,グルコース存在下で Hxk2 と Mig1 の複合体として抑える。PKA の他のサブユニットのプロモーターは Mig1 で抑えられない,2026-10-04,要旨: グルコースを炭素源とするとき、PKA サブユニットのうち TPK1 のプロモーターだけが Hxk2/Mig1 複合体に抑えられる（28812308）,,,in_vivo,,,,expression,
CAT8,TPK1,transcription,activate,via SNF1,非発酵性炭素源,28812308,,medium,correct,グリセロールで Snf1/Cat8 の経路により PKA の全サブユニットのプロモーターが上がる。代替炭素源・定常期は論文で確かめられない,2026-10-04,要旨: グリセロールを炭素源とすると、PKA サブユニットのプロモーターはすべて Snf1/Cat8 の経路で上がる（28812308）,,,in_vivo,,,,expression,
CAT8,TPK2,transcription,activate,via SNF1,非発酵性炭素源,28812308,,medium,new,要旨は「PKA サブユニットのプロモーターすべて」と書き TPK2 の名前は出さない（本文は PMC になく未確認）,2026-10-04,要旨: グリセロールを炭素源とすると、PKA サブユニットのプロモーターはすべて Snf1/Cat8 の経路で上がる（28812308）,,,in_vivo,,,,expression,
CAT8,TPK3,transcription,activate,via SNF1,非発酵性炭素源,28812308,,medium,new,要旨は「PKA サブユニットのプロモーターすべて」と書き TPK3 の名前は出さない（本文は PMC になく未確認）,2026-10-04,要旨: グリセロールを炭素源とすると、PKA サブユニットのプロモーターはすべて Snf1/Cat8 の経路で上がる（28812308）,,,in_vivo,,,,expression,
CAT8,BCY1,transcription,activate,via SNF1,非発酵性炭素源,28812308,,medium,new,要旨は「PKA サブユニットのプロモーターすべて」と書き BCY1 の名前は出さない（本文は PMC になく未確認）,2026-10-04,要旨: グリセロールを炭素源とすると、PKA サブユニットのプロモーターはすべて Snf1/Cat8 の経路で上がる（28812308）,,,in_vivo,,,,expression,
MSN2,TPS1,transcription,activate,direct,熱ショック・浸透圧ストレス・低温ショック,9202465;15053871,,high,confirm,Msn2 と Msn4 の個別の寄与は分けていない（二重変異）。プロモーターへの結合はこれらの要旨には書かれていない。STRE を持つ遺伝子,2026-10-04,"要旨: msn2/msn4 二重変異株での実験から、弱い熱ストレスと塩ショックでの GSY2・TPS1 の転写誘導が分かった（9202465）。10 °C 以下での TPS1・TPS2・HSP104 などの mRNA の増加には Msn2,4 が要る（15053871）",,,in_vivo,,MSN4,,expression,
MSN4,TPS1,transcription,activate,direct,熱ショック・浸透圧ストレス・低温ショック,9202465;15053871,,high,confirm,Msn2 と Msn4 の個別の寄与は分けていない（二重変異）。プロモーターへの結合はこれらの要旨には書かれていない。STRE を持つ遺伝子,2026-10-04,"要旨: msn2/msn4 二重変異株での実験から、弱い熱ストレスと塩ショックでの GSY2・TPS1 の転写誘導が分かった（9202465）。10 °C 以下での TPS1・TPS2・HSP104 などの mRNA の増加には Msn2,4 が要る（15053871）",,,in_vivo,,MSN2,,expression,
MSN2,GSY2,transcription,activate,direct,熱ショック・浸透圧ストレス,9202465,,medium,confirm,Msn2 と Msn4 の個別の寄与は分けていない（二重変異）。要旨は「msn2/msn4 二重変異株の実験で GSY2・TPS1 の転写誘導が必要と分かった」とする言い方で、誘導が消えたことを直接書いた一文ではないため medium,2026-10-04,要旨: msn2/msn4 二重変異株での実験から、弱い熱ストレスと塩ショックでの GSY2（グリコーゲン合成酵素）の転写誘導がグリコーゲンの増加に必要と分かった（9202465）,,,in_vivo,,MSN4,,expression,
MSN4,GSY2,transcription,activate,direct,熱ショック・浸透圧ストレス,9202465,,medium,new,Msn2 と Msn4 の個別の寄与は分けていない（二重変異）。要旨の言い方が間接的なため medium,2026-10-04,要旨: msn2/msn4 二重変異株での実験から、弱い熱ストレスと塩ショックでの GSY2 の転写誘導がグリコーゲンの増加に必要と分かった（9202465）,,,in_vivo,,MSN2,,expression,
HSF1,HSP104,transcription,activate,direct,熱ショック,30332327,,high,confirm,熱をかけない通常の増殖でも Hsf1 に依存して発現する（図 2A）。Hsf1 は熱をかけない状態でもこのプロモーターに一部結合している（中程度の結合）。HSP104 は Msn2/4 にも制御される,2026-10-04,本文: Hsf1 を核から除く（Anchor Away）と発現が有意に下がり、Hsf1 の ChIP のピークがある遺伝子（Hsf1 依存の遺伝子）18 個の一つ。図 2A は熱をかけない条件、図 2B は 5 分の熱ショック。要旨: 急な熱ショックで Hsf1 は 74 か所に結合し、46 遺伝子が強く Hsf1 に依存して発現する（30332327）,,,in_vivo,,,,expression,
HSF1,HSP82,transcription,activate,direct,熱ショック,30332327;9296388,,high,confirm,熱をかけない通常の増殖でも Hsf1 に依存して発現する（図 2A）。Hsf1 は HSP82 のプロモーターに通常時から結合する,2026-10-04,本文: Hsf1 を核から除く（Anchor Away）と発現が有意に下がり、Hsf1 の ChIP のピークがある遺伝子（Hsf1 依存の遺伝子）18 個の一つ。図 2A は熱をかけない条件、図 2B は 5 分の熱ショック。要旨: 急な熱ショックで Hsf1 は 74 か所に結合し、46 遺伝子が強く Hsf1 に依存して発現する（30332327）。温度感受性の hsf1-82 株では Hsc82・Hsp82 タンパク質の発現が特に欠ける（9296388）,,,in_vivo,,,,expression,
HSF1,SSA1,transcription,activate,direct,熱ショック,30332327,,high,confirm,熱をかけない通常の増殖でも Hsf1 に依存して発現する（図 2A）。通常時から Hsf1 の結合が多い（ヌクレオソームのない領域）,2026-10-04,本文: Hsf1 を核から除く（Anchor Away）と発現が有意に下がり、Hsf1 の ChIP のピークがある遺伝子（Hsf1 依存の遺伝子）18 個の一つ。図 2A は熱をかけない条件、図 2B は 5 分の熱ショック。要旨: 急な熱ショックで Hsf1 は 74 か所に結合し、46 遺伝子が強く Hsf1 に依存して発現する（30332327）,,,in_vivo,,,,expression,
HSF1,SSA4,transcription,activate,direct,熱ショック,30332327,,high,confirm,SSA4 は通常時の Hsf1 の結合が少なく、熱ショックで Hsf1 がヌクレオソームに覆われた結合部位に入って誘導される（本文）,2026-10-04,本文: ChIP-seq・NAC-seq・Anchor Away の組み合わせで、既報の 21 個に加えて HSP82・SSA2・SSA4・UBI4 を Hsf1 の標的とした。SSA4 は通常時の結合が少ない遺伝子の例（30332327）,,,in_vivo,,,,expression,
HSF1,HSP26,transcription,activate,direct,熱ショック,11453649;8463277,,high,correct,一覧の作用が空なので activate に。HSP26 は Msn2/4 にも制御される（11260469 の題名）。HSE の変異は誘導の速さを下げるが、mRNA の蓄積は少し下がるだけ（8463277）,2026-10-04,要旨: Hsf1 の C 末端の塩基性領域を欠く・変えると、非典型の HSE を持つ CUP1・HSP26 の熱ショック応答が弱まる（11453649）。HSP26 の完全な HSE を変えると熱ショックへの応答が遅くなり、HSF の結合も弱まる（8463277）,,,in_vivo;genetic,,,,expression,
YAP1,GSH1,transcription,activate,direct,酸化ストレス・金属ストレス,7915005;9044254,,high,confirm,H2O2 による GSH1 の調節は培地のグルタミン酸・グルタミン・リシンに依存する（9044254）,2026-10-04,要旨: Yap1 は GSH1 プロモーターの YRE に試験管内で結合し、YRE を変えると YAP1 の量を増やしても応答しない。YRE のない GSH1 ではカドミウム耐性が正常に戻らない（7915005）。H2O2 による GSH1 の調節には Yap1 が要る（9044254）,,,in_vivo;in_vitro,,,,expression,
YAP1,TRR1,transcription,activate,direct,酸化ストレス,10347154;9118942,,high,correct,一覧の作用が空なので activate に。Skn7 と協調する,2026-10-04,要旨: Yap1 と Skn7 は協調して、酸化還元のストレスに応じて TRX2 と TRR1 を活性化する（10347154）。チオレドキシン還元酵素の遺伝子は酸化ストレスで活性化され、Yap1 に調節される（9118942）,,,in_vivo,,SKN7,,expression,
YAP1,FLR1,transcription,activate,direct,酸化ストレス・薬剤,11056165,,high,correct,一覧の作用が空なので activate に。ジアミド・H2O2・ベノミル・MMS などでの誘導が Yap1 と 3 つの YRE を介する,2026-10-04,要旨: FLR1 プロモーターの 3 つの YRE を同時に変えると Yap1 による転写の活性化が消える。Yap1 は 3 つの YRE に結合し、酸化剤・ベノミル・MMS による FLR1 の誘導は Yap1 による（11056165）,,,in_vivo;in_vitro,,,,expression,
YAP1,GLR1,transcription,activate,direct,酸化ストレス,8843443,,high,correct,一覧の作用が空なので activate に。結合はこの要旨には書かれていない,2026-10-04,要旨: 酸化剤で GLR1 の発現は 2〜3 倍に上がり、この調節は Yap1 に依存する（8843443）,,,in_vivo,,,,expression,
SKN7,TRX2,transcription,activate,direct,酸化ストレス,9118942;10347154,,high,confirm,Skn7 は TRX2 プロモーターに試験管内で結合する（9118942）。Yap1 と協調する,2026-10-04,要旨: 酸化ストレスのあと Skn7 は TRX2 とチオレドキシン還元酵素の遺伝子の誘導を調節し、TRX2 プロモーターに試験管内で結合する（9118942）。Yap1 と Skn7 は協調して TRX2・TRR1 を活性化する（10347154）,,,in_vivo;in_vitro,,YAP1,,expression,
SKN7,TRR1,transcription,activate,direct,酸化ストレス,10347154,,high,new,Yap1 と協調する。9118942 の要旨は「チオレドキシン還元酵素の遺伝子」の誘導も Skn7 が調節すると書く（遺伝子名なし）,2026-10-04,要旨: Yap1 と Skn7 は協調して、酸化還元のストレスに応じて TRX2 と TRR1 を活性化する（10347154）,,,in_vivo,,YAP1,,expression,
SKN7,TSA1,transcription,activate,direct,酸化ストレス,16313629,,high,confirm,Yap1 と協調する。10347154 では TSA1 プロモーターに Yap1 と Skn7 が試験管内で結合するとある,2026-10-04,要旨: CCP1 プロモーターで見つかった新しい Yap1・Skn7 の結合部位が、TSA1 と CTT1 の Yap1・Skn7 依存の活性化を担う（16313629）,,,in_vivo;in_vitro,,YAP1,,expression,
SKN7,CTT1,transcription,activate,direct,酸化ストレス,16313629,,medium,correct,一覧の作用が空なので activate に。CTT1 は主に Msn2/4 の標的として知られ、この要旨は酸化ストレスでの Skn7 の寄与だけを示すため medium,2026-10-04,要旨: 新しい Yap1・Skn7 の結合部位が、TSA1 と CTT1 の Yap1・Skn7 依存の活性化を担う（16313629）,,,in_vivo;in_vitro,,YAP1,,expression,
CRZ1,GSC2,transcription,activate,direct,カルシウムシグナル・接合,9407035,,high,confirm,FKS2 = GSC2。Na+ による誘導も CRZ1 を要する。Crz1 は FKS2 プロモーターの CDRE に結合する,2026-10-04,要旨: Ca2+・α 因子・Na+ によるカルシニューリン依存の FKS2 の転写誘導には CRZ1 が要る。Crz1 は FKS2 プロモーターの 24 bp の CDRE に結合する（9407035）,,,in_vivo;in_vitro,,,,expression,
CRZ1,PMC1,transcription,activate,direct,カルシウムシグナル,9407035;30665402,,high,new,PMC1 の転写は FKS2 を誘導する処理の一部でだけ活性化される（9407035）,2026-10-04,要旨: カルシニューリン依存の PMR2・PMC1 の転写調節には CRZ1 が要る（9407035）。cmk2 欠失でカルシウム/カルシニューリンのシグナルが強まり、PMR1・PMC1 の発現が Crz1 に依存して上がる（30665402）,,,in_vivo,,,,expression,
CRZ1,PMR1,transcription,activate,direct,カルシウムシグナル,30665402,,medium,confirm,cmk2 欠失の背景での Crz1 依存性を示した一文のため medium,2026-10-04,要旨: cmk2 欠失でカルシウム/カルシニューリンのシグナルが強まり、PMR1・PMC1 の発現が Crz1 に依存して上がる（30665402）,,,in_vivo,,,,expression,
CRZ1,ENA1,transcription,activate,direct,アルカリストレス,27362362,,high,confirm,高 pH での ENA1 の早い応答の約 60% が Crz1 による。残りは Snf1 を介する可能性（モデルからの示唆）,2026-10-04,要旨: ENA1 プロモーターにストレスに応じる Crz1 の結合部位が 2 つあり、アルカリ化への早い応答の約 60% を Crz1 が担う（27362362）,,,in_vivo,,,,expression,
RLM1,MLP1,transcription,activate,direct,細胞壁ストレス,22621902,,high,confirm,MLP1 = KDX1。Rlm1 は通常時から MLP1 プロモーターにいて、細胞壁ストレスで Slt2・SWI/SNF に依存してさらに集まる（ChIP、本文）,2026-10-04,本文: MLP1 は細胞壁ストレスで強く発現し、この誘導は Slt2 と Rlm1 に大きく依存する。Rlm1 は MLP1 プロモーターに結合し、ストレスで呼び込みが増える（22621902）,,,in_vivo,,,,expression,
RLM1,CRH1,transcription,activate,direct,細胞壁ストレス,18184748,,high,confirm,ザイモリエースによる細胞壁ストレス,2026-10-04,要旨: ザイモリエースによる細胞壁ストレスで、CRH1 などの転写の活性化は Slt2 に調節される Rlm1 に依存し、Hog1 の下の転写因子には依存しない（18184748）,,,in_vivo,,,,expression,
RLM1,PIR3,transcription,activate,direct,細胞壁ストレス・薬剤,42233670,,medium,correct,一覧の作用が空なので activate に。要旨は PIR3 を「Rlm1 依存の細胞壁遺伝子」と呼ぶが、この論文で rlm1 欠失を調べたかは要旨から分からないため medium。同じ一文は tx_part6 の RLM1→CWP1 にも使われている,2026-10-04,要旨: 抗真菌剤 NPD2560 で CRH1・KDX1・CWP1・PIR3 などの Rlm1 依存の細胞壁遺伝子が誘導される（42233670）,,,in_vivo,,,,expression,
HOT1,GPD1,transcription,activate,direct,浸透圧ストレス,10409737,,high,confirm,25904326 の要旨は、Hog1 を人工的に活性化した系で hot1Δ で発現が消えたのは STL1 だけとしており、GPD1・GPP2 の Hot1 依存性は一過性の誘導の一部と考えられる,2026-10-04,要旨: hot1 単独変異株は浸透圧ショック後の GPD1・GPP2 の一過性の誘導が特に弱く、グリセロールの蓄積が遅れる（10409737）,,,in_vivo,,,,expression,
HOT1,GPP2,transcription,activate,direct,浸透圧ストレス,10409737,,high,confirm,25904326 の要旨は、Hog1 を人工的に活性化した系で hot1Δ で発現が消えたのは STL1 だけとしており、GPD1・GPP2 の Hot1 依存性は一過性の誘導の一部と考えられる,2026-10-04,要旨: hot1 単独変異株は浸透圧ショック後の GPD1・GPP2 の一過性の誘導が特に弱い（10409737）,,,in_vivo,,,,expression,
HOT1,STL1,transcription,activate,direct,浸透圧ストレス,25904326;24817120,,high,confirm,Hot1 は STL1 プロモーターの HoRE に直接結合する（25904326）。25904326 の実験は Hog1 を人工的に活性化した系（ストレスなし）、24817120 は高浸透圧ストレス,2026-10-04,要旨: STL1 プロモーターの Hog1 応答要素は Hot1 の直接の標的で、hot1Δ で発現が消えたのは STL1 だけ（25904326）。高浸透圧ストレスで Hot1 の標的の STL1 が細胞ごとにばらついて活性化される（24817120）,,,in_vivo;in_vitro,necessary,,,expression,
SMP1,STL1,transcription,activate,direct,浸透圧ストレス,12482976,,high,new,Smp1 は Hog1 にリン酸化されて働く,2026-10-04,要旨: SMP1 の過剰発現は STL1 などの浸透圧応答遺伝子を Hog1 に依存して誘導し、smp1Δ ではこれらの発現が欠ける（12482976）,,,in_vivo,,,,expression,
SKO1,ENA1,transcription,inhibit,direct,通常の増殖,9858577,,high,confirm,Sko1 は Ssn6-Tup1 と組んで通常時に ENA1 を抑え、浸透圧ストレスで Hog1 に依存して抑制が解かれる。sko1 欠失は hog1 変異株の ENA1 の発現を完全に戻す,2026-10-04,要旨: ENA1 は通常の増殖で抑えられ、浸透圧で解かれる。CRE に似た URS は抑制に Sko1 と Ssn6-Tup1 を要し、Sko1 はこの配列に結合する（9858577）,,,in_vivo;in_vitro,,,,expression,
SKO1,DAK1,transcription,activate,direct,,32804965,,high,confirm,要旨は Hog1 で誘導される遺伝子として述べ、条件（浸透圧ストレスか、活性型 Hog1 の発現か）を書いていないため condition は空欄,2026-10-04,要旨: Hog1 の標的のうち DAK1 プロモーターは Sko1 だけに完全に依存する（32804965）,,,in_vivo,necessary,,,expression,
GIS1,SSA3,transcription,activate,direct,ジオーキシックシフト,10835355,,high,confirm,条件: 要旨は栄養の制限（nutrient limitation）での脱抑制と書き、Gis1 が働く PDS（post-diauxic shift）要素を介するため、ジオーキシックシフトとした,2026-10-04,要旨: GIS1 を欠くと、栄養の制限での SSA3・HSP12・HSP26 の転写の脱抑制が欠ける。PDS 要素からの発現はほぼ完全に Gis1 に依存する（10835355）,,,in_vivo,,,,expression,
GIS1,HSP12,transcription,activate,direct,ジオーキシックシフト,10835355,,high,correct,一覧の作用が空なので activate に。条件: 要旨は栄養の制限（nutrient limitation）での脱抑制と書き、Gis1 が働く PDS（post-diauxic shift）要素を介するため、ジオーキシックシフトとした,2026-10-04,要旨: GIS1 を欠くと、栄養の制限での SSA3・HSP12・HSP26 の転写の脱抑制が欠ける。PDS 要素からの発現はほぼ完全に Gis1 に依存する（10835355）,,,in_vivo,,,,expression,
GIS1,HSP26,transcription,activate,direct,ジオーキシックシフト,10835355,,high,new,条件: 要旨は栄養の制限（nutrient limitation）での脱抑制と書き、Gis1 が働く PDS（post-diauxic shift）要素を介するため、ジオーキシックシフトとした,2026-10-04,要旨: GIS1 を欠くと、栄養の制限での SSA3・HSP12・HSP26 の転写の脱抑制が欠ける。PDS 要素からの発現はほぼ完全に Gis1 に依存する（10835355）,,,in_vivo,,,,expression,
GIS1,PHR1,transcription,inhibit,direct,通常の増殖,10523651,,high,new,Rph1 と重複して PHR1 を抑える（両方を欠くと完全に脱抑制）。DNA 損傷で PHR1 は誘導される。Rph1・Gis1 は URS(PHR1) に試験管内で結合する,2026-10-04,要旨: Rph1 と Gis1 は URS(PHR1) を介して PHR1 の発現を調節し、損傷のないときに PHR1 を完全に脱抑制するには両方の欠失が要る（10523651）,,,in_vivo;in_vitro,,RPH1,,expression,
RPN4,RPT6,transcription,activate,direct,,10350051,,medium,confirm,レポーター（RPT4・RPT6 プロモーター + cat）での証拠のため medium。Rpn4 は PACE に結合する,2026-10-04,要旨: Rpn4 は PACE に結合し、PACE を持つ lacZ と RPT4・RPT6 プロモーターのレポーターの発現を上げる（10350051）,,,in_vivo;in_vitro,,,,expression,
RPN4,RPT4,transcription,activate,direct,,10350051,,medium,confirm,レポーター（RPT4・RPT6 プロモーター + cat）での証拠のため medium。Rpn4 は PACE に結合する,2026-10-04,要旨: Rpn4 は PACE に結合し、PACE を持つ lacZ と RPT4・RPT6 プロモーターのレポーターの発現を上げる（10350051）,,,in_vivo;in_vitro,,,,expression,
RPN4,RPT5,transcription,activate,direct,,30629175,,medium,confirm,プロモーターの Rpn4 結合部位を変えて RPT5 の発現を下げた、という実験の組み立ての一文で、発現の減少量は要旨にないため medium,2026-10-04,要旨: RPT5 プロモーターの Rpn4 結合部位を変えて RPT5 の発現を下げると、ポリユビキチン化タンパク質がたまる（30629175）,,,in_vivo,,,,expression,
RPN4,MAG1,transcription,activate,direct,,23954292,,medium,confirm,PRE1 の転写調節を壊してプロテアソームの活性を下げた株で、Rpn4 が安定になり MAG1 が過剰に発現する。rpn4 欠失での低下は要旨にないため medium,2026-10-04,要旨: プロテアソームの活性が下がった株では Rpn4 が安定になり、Rpn4 の標的 MAG1・RAD23・RAD52 が過剰に発現し、DNA 損傷に強くなる（23954292）,,,in_vivo,,,,expression,
GLN3,GAP1,transcription,activate,direct,代替窒素源,8636059,,high,confirm,グルタミン酸を窒素源にしたとき。GAP1 上流の 2 つの GATAAG 部位が必要,2026-10-04,要旨: GAP1 の転写はグルタミン培地では起こらず、グルタミン酸では Gln3、尿素では Nil1(Gat1) で活性化される。2 つの GATAAG 部位が両方の活性化に必要（8636059）,,,in_vivo;genetic,,GAT1,,expression,
GAT1,GAP1,transcription,activate,direct,代替窒素源,8636059,,high,correct,DB の作用が none だったので activate に。尿素を窒素源にしたとき（Nil1 = Gat1）,2026-10-04,要旨: GAP1 の転写は尿素を窒素源にした細胞で Nil1(Gat1) により活性化され、Gln3 と同じ GATAAG 部位を使う（8636059）,,,in_vivo;genetic,,GLN3,,expression,
GLN3,MEP2,transcription,activate,direct,代替窒素源,9234685,,high,confirm,質の悪い窒素源で MEP2 の発現が高い。Gln3 と Gat1 のどちらか一方があればよい,2026-10-04,要旨: 質の悪い窒素源で MEP2 の発現が高く、その高い転写には Gln3 か Nil1(Gat1) の少なくとも一方が必要（9234685）,,,genetic,redundant,GAT1,,expression,
GAT1,MEP2,transcription,activate,direct,代替窒素源,9234685,,high,correct,DB の作用が none だったので activate に。Gln3 と Gat1 のどちらか一方があればよい,2026-10-04,要旨: MEP2 の高い転写には Gln3 か Nil1(Gat1) の少なくとも一方が必要（9234685）,,,genetic,redundant,GLN3,,expression,
GLN3,DAL5,transcription,activate,direct,ラパマイシン,20974806;18245087,,medium,confirm,ラパマイシンで誘導される DAL5 の発現と Gln3 の DAL5 プロモーターへの結合（ChIP）。Gln3 の結合には Gat1 が要る（18245087）,2026-10-04,要旨: ラパマイシンで誘導される DAL5 の発現と Gln3・Gat1 の DAL5 プロモーターへの結合には PP2A が必要（20974806）。ChIP で Gln3 は Gat1 なしでは DAL5 に結合できない（18245087）,,,in_vivo,,GAT1,,expression,
GAT1,DAL5,transcription,activate,direct,ラパマイシン,18245087;20974806,,medium,confirm,ChIP で Gat1 は Gln3 なしでも DAL5 プロモーターに結合する。ラパマイシンで誘導される DAL5 の発現に Gat1 の結合が伴う（20974806）,2026-10-04,要旨: ChIP で Gat1 は Gln3 がなくても DAL5 プロモーターに結合する（18245087）。ラパマイシンで誘導される DAL5 の発現と Gat1 の結合は PP2A に依存（20974806）,,,in_vivo,,,,expression,
GLN3,DAL80,transcription,activate,direct,,9171383,,high,confirm,Gln3 は DAL80 プロモーターの断片に結合する。DAL80 は Gln3 の標的を抑えるので負のフィードバック,2026-10-04,要旨: DAL80 の発現は Gln3 と Gat1 に依存し Dal80 自身に調節される。Gln3 と Dal80 は DAL80 プロモーターの断片に結合する（9171383）,,,in_vivo;in_vitro,,GAT1,,expression,
GAT1,DAL80,transcription,activate,direct,,9171383,,high,confirm,DAL80 は NCR 遺伝子を抑えるので負のフィードバック,2026-10-04,要旨: DAL80 の発現は Gln3 と Gat1 に依存する（9171383）,,,genetic,,GLN3,,expression,
GLN3,GDH2,transcription,activate,direct,,8416910;8655543,,high,correct,DB の作用が none だったので activate に。GDH2 の発現はグルタミンでは下がらずアスパラギンで下がり、DAL80 の破壊に応じない（典型的な NCR 遺伝子と少し違う）。Gln3 は試験管内で GDH2 プロモーターの断片に結合（8655543）,2026-10-04,要旨: GDH2 の発現には Gln3 が必要（8416910）。大腸菌で作った Gln3 は GDH2 などの NCR 遺伝子のプロモーター断片に特異的に結合する（8655543）,,,genetic;in_vitro,,,,expression,
DAL80,GAT1,transcription,inhibit,direct,,19380492;11073899,,high,confirm,DAL80 の発現が上がるほど GAT1 の発現が下がる（11073899）,2026-10-04,要旨: Dal80 は GAT1 の発現を抑え、Gat1 と結合を競い、NCR 遺伝子の転写を直接抑える（19380492）。DAL80 の発現量に逆比例して GAT1 の発現が下がる（11073899）,,,in_vivo;genetic,,,,expression,
DAL80,GAP1,transcription,inhibit,direct,,8416910,,high,new,DAL80 の破壊で GAP1 の発現が大きく上がる,2026-10-04,要旨: DAL80 を破壊すると UGA1・CAN1・GAP1・DAL4 の発現が大きく上がる（8416910）,,,genetic,,,,expression,
DAL80,UGA4,transcription,inhibit,direct,,8045902,,high,confirm,Gln3 の活性化に要る GATA 部位に Dal80 が結合して競合する,2026-10-04,要旨: UGA など窒素異化の遺伝子は Gln3 に正に、Dal80 に負に調節される。UGA4 上流の GATA 部位は Gln3 の活性化に要り、Dal80 の結合と応答も担う（8045902）,,,in_vivo;in_vitro,,,,expression,
GZF3,GAP1,transcription,inhibit,direct,,9171383,,high,new,Deh1 = GZF3。Gzf3 の働きはグルタミンなど抑制的な窒素源があるときだけ見え、プロリンでは表現型がない。Deh1 は GAP1 プロモーター断片に結合（ゲルシフト）,2026-10-04,要旨: deh1(gzf3) 破壊株で GAP1・DAL80・UGA4 の発現が上がり、Deh1 は UGA4・GAP1 プロモーター断片に結合する。グルタミンがあるときだけ働く（9171383）,,,genetic;in_vitro,,,,expression,
GZF3,DAL80,transcription,inhibit,direct,,9171383,,medium,new,Deh1 = GZF3。Gzf3 の働きはグルタミンなど抑制的な窒素源があるときだけ見え、プロリンでは表現型がない,2026-10-04,要旨: deh1(gzf3) 破壊株で DAL80 の発現が上がる（9171383）,,,genetic,,,,expression,
GZF3,UGA4,transcription,inhibit,direct,,9171383,,high,new,Deh1 = GZF3。Gzf3 の働きはグルタミンなど抑制的な窒素源があるときだけ見え、プロリンでは表現型がない。Deh1 は UGA4 プロモーター断片に結合（ゲルシフト）,2026-10-04,要旨: deh1(gzf3) 破壊株で UGA4 の発現が上がり、Deh1 は UGA4 プロモーター断片に結合する（9171383）,,,genetic;in_vitro,,,,expression,
GZF3,GAT1,transcription,inhibit,direct,,19380492,,medium,confirm,Gzf3 は GAT1 プロモーターで Gat1 と競合する（its own promoter = GAT1）,2026-10-04,要旨: Gzf3 は Gat1 を核内で捕らえ、GAT1 自身のプロモーターで競合して Gat1 を妨げる（19380492）,,,in_vivo,,,,expression,
GCN4,HIS4,transcription,activate,direct,アミノ酸飢餓,1904543;3303332,,high,confirm,アミノ酸飢餓で GCN4 は HIS4 プロモーターの TGACTC に結合して転写を上げる（3303332）。基底の転写は Bas1・Pho2(Bas2),2026-10-04,要旨: アミノ酸飢餓のあと GCN4 に依存して HIS4 mRNA が増える。HIS4 の Gcn4 高親和性結合部位は Rap1 部位と重なる（1904543）。GCN4 はアミノ酸飢餓で HIS4 プロモーターの TGACTC に結合して転写を上げる（3303332）,,,in_vivo;in_vitro,,,,expression,
GCN4,HIS3,transcription,activate,direct,アミノ酸飢餓,3532321;3907851,,high,confirm,結合部位の点変異で誘導と結合の両方が下がる,2026-10-04,要旨: his3 はアミノ酸飢餓で誘導され、Gcn4 結合部位 ATGACTCTT の変異で体内の誘導と試験管内の結合がともに下がる（3532321）。Gcn4 は HIS3 の調節領域に特異的に結合（3907851）,,,in_vivo;in_vitro,,,,expression,
GCN4,ARG1,transcription,activate,direct,アミノ酸飢餓,16314536;22252319,,high,confirm,ChIP で Gcn4 が ARG1 の UAS に結合し、結合の低下で SAGA・Mediator・Pol II の動員と転写活性化が下がる。Paf1 は Gcn4 の結合を減らして ARG1 を抑える（22252319）,2026-10-04,要旨: ARG1・ARG4 は Gcn4 の標的で、ChIP で Gcn4 の結合が見え、その低下で転写活性化が損なわれる（16314536）。ARG1 はアミノ酸飢餓で活性化され、Paf1 は Gcn4 の結合を減らす（22252319）,,,in_vivo,,,,expression,
GCN4,ARG4,transcription,activate,direct,,16314536,,high,confirm,ChIP で Gcn4 が ARG4 プロモーターに結合し、結合の低下で転写活性化が損なわれる,2026-10-04,要旨: ARG4 は Gcn4 の標的で、ChIP で Gcn4 の結合が見える（16314536）,,,in_vivo,,,,expression,
PHO4,PHO89,transcription,activate,direct,リン酸の制限,25266663;9671031,,high,confirm,アルカリ pH でも誘導される（Pho4 に加えて Crz1 など）。PHO89 はリン酸の制限でだけ転写される（9671031）,2026-10-04,要旨: リン酸の飢餓で Pho4 がプロモーターに結合して PHO84・PHO89 が誘導される。アルカリでは Crz1 なども関わる（25266663）。PHO89 はリン酸の制限でだけ転写される（9671031）,,,in_vivo,,,,expression,
PHO4,SPL2,transcription,activate,direct,リン酸の制限,21143198,,medium,confirm,Spl2 はリン酸の飢餓で Pho87 を液胞へ送る,2026-10-04,要旨: リン酸の飢餓で Pho87 が液胞へ運ばれるには Pho4 に依存する遺伝子 SPL2 が必要（21143198）,,,in_vivo,,,,expression,
PHO4,PHO8,transcription,activate,direct,リン酸の制限,9392074,,high,confirm,PHO8 は Pho2 を必要とせず Pho4 だけで転写される,2026-10-04,要旨: PHO5・PHO81・PHO84 の転写には Pho4 と Pho2 が要るが、PHO8 は Pho4 だけで転写される（9392074）,,,in_vivo,,,,expression,
PHO2,HIS4,transcription,activate,direct,,3303332,,high,confirm,BAS2 = PHO2。アミノ酸飢餓のない基底の転写を Bas1 と組んで担う。Pho2 は HIS4・PHO5 のプロモーターに結合,2026-10-04,要旨: HIS4 の基底の転写は BAS1 と BAS2(PHO2) に制御され、BAS2 タンパク質は HIS4 と PHO5 のプロモーターに結合する（3303332）,BAS1,,genetic;in_vitro,,,,expression,
PHO2,ADE57,transcription,activate,direct,アデニンの制限,17573544;9154826,,high,correct,"DB の作用が none だったので activate に。アデニンが十分あると Bas1-Pho2 の複合体ができにくく ADE 遺伝子は抑えられる（9154826）。Bas1・Pho2 の ADE5,7 プロモーターへの結合が増える",2026-10-04,"要旨: ADE 遺伝子の活性化には Bas1 と Pho2 が必要で、アデニンに応じて ADE5,7 プロモーターへの結合が増える（17573544）。アデニンが十分あると ADE 遺伝子は抑えられる（9154826）",BAS1,,in_vivo,,,,expression,
RTG1,CIT2,transcription,activate,direct,ミトコンドリアの機能不全,10848632,,high,confirm,rho0 で CIT2 の発現が大きく上がる。Rtg1-Rtg3 のヘテロ二量体として結合,2026-10-04,要旨: CIT2 は機能不全のミトコンドリア（rho0）で大きく発現が上がり、Rtg1・Rtg3 はヘテロ二量体として CIT2 の上流活性化部位に結合する（10848632）,RTG3,,in_vivo;genetic,,,,expression,
RTG3,CIT2,transcription,activate,direct,ミトコンドリアの機能不全,10848632,,high,confirm,Rtg1-Rtg3 のヘテロ二量体として結合,2026-10-04,要旨: Rtg1・Rtg3 はヘテロ二量体として CIT2 の上流活性化部位に結合し、rho0 で CIT2 の発現が上がる（10848632）,RTG1,,in_vivo;genetic,,,,expression,
RTG1,DLD3,transcription,activate,direct,ミトコンドリアの機能不全,10509019,,high,confirm,YEL071w = DLD3。上流に 2 つの R box があり、両方が完全な発現に必要,2026-10-04,要旨: YEL071w(DLD3) の発現はミトコンドリアの機能状態と Rtg1・Rtg2・Rtg3 に依存し、上流の 2 つの R box が必要（10509019）,RTG3,,genetic,,,,expression,
RTG3,DLD3,transcription,activate,direct,ミトコンドリアの機能不全,10509019,,high,confirm,YEL071w = DLD3。上流に 2 つの R box,2026-10-04,要旨: YEL071w(DLD3) の発現はミトコンドリアの機能状態と 3 つの Rtg タンパク質に依存する（10509019）,RTG1,,genetic,,,,expression,
RTG1,IDH1,transcription,activate,direct,ミトコンドリアの機能不全,10490611,,high,confirm,呼吸の機能が下がると HAP 制御から RTG 制御に切り替わる（α-ケトグルタル酸・グルタミン酸の供給）,2026-10-04,要旨: 呼吸の機能が下がると CIT1・ACO1・IDH1・IDH2 の発現が HAP から RTG1・RTG2・RTG3 の制御に切り替わる（10490611）,RTG3,,genetic,,,,expression,
RTG1,ACO1,transcription,activate,direct,ミトコンドリアの機能不全,10490611,,high,confirm,呼吸の機能が下がると HAP 制御から RTG 制御に切り替わる（α-ケトグルタル酸・グルタミン酸の供給）,2026-10-04,要旨: 呼吸の機能が下がると CIT1・ACO1・IDH1・IDH2 の発現が HAP から RTG1・RTG2・RTG3 の制御に切り替わる（10490611）,RTG3,,genetic,,,,expression,
RTG3,IDH1,transcription,activate,direct,ミトコンドリアの機能不全,10490611,,high,confirm,呼吸の機能が下がると HAP 制御から RTG 制御に切り替わる（α-ケトグルタル酸・グルタミン酸の供給）,2026-10-04,要旨: 呼吸の機能が下がると CIT1・ACO1・IDH1・IDH2 の発現が HAP から RTG1・RTG2・RTG3 の制御に切り替わる（10490611）,RTG1,,genetic,,,,expression,
RTG3,ACO1,transcription,activate,direct,ミトコンドリアの機能不全,10490611,,high,confirm,呼吸の機能が下がると HAP 制御から RTG 制御に切り替わる（α-ケトグルタル酸・グルタミン酸の供給）,2026-10-04,要旨: 呼吸の機能が下がると CIT1・ACO1・IDH1・IDH2 の発現が HAP から RTG1・RTG2・RTG3 の制御に切り替わる（10490611）,RTG1,,genetic,,,,expression,
RTG3,CIT1,transcription,activate,direct,ミトコンドリアの機能不全,10490611,,high,confirm,CIT1 の RTG 依存の発現には R box（GTCAC）が要り、Rtg1-Rtg3 が結合する,2026-10-04,要旨: 呼吸の機能が下がると CIT1 などの発現が RTG 制御に切り替わり、CIT1 上流の R box に Rtg1-Rtg3 が結合する（10490611）,RTG1,,genetic,,,,expression,
MET4,MET16,transcription,activate,direct,,9799240;1549123,,high,confirm,Met4 は DNA に結合せず Cbf1-Met4-Met28 複合体として MET16 に結合。CBF1 は MET25・MET16 の完全な誘導に必要で、硫酸の同化の誘導には MET4 も必要（1549123）。AdoMet が多いと抑えられる,2026-10-04,要旨: Cbf1-Met4-Met28 複合体が MET16 の調節領域に組み上がる（9799240）。硫酸の同化の誘導には MET4 が必要（1549123）,CBF1;MET28,,in_vitro;genetic,,,,expression,
MET4,MET3,transcription,activate,direct,,9799240,,high,new,MET3 では Met4 は Met28 と Met31 か Met32 の複合体で AAACTGTG 配列に結合する,2026-10-04,要旨: MET3・MET28 の上流では Met4 は Met28 と Met31 または Met32 の複合体として AAACTGTG 配列に結合する（9799240）,MET28;MET31;MET32,,in_vitro;in_vivo,,,,expression,
MET4,MET28,transcription,activate,direct,,9799240,,high,confirm,Met4 は Met28 と Met31 か Met32 の複合体で MET28 上流に結合（補因子の正のフィードバック）,2026-10-04,要旨: MET3・MET28 の上流では Met4 は Met28 と Met31 または Met32 の複合体として結合する（9799240）,MET31;MET32,,in_vitro;in_vivo,,,,expression,
MET4,MET17,transcription,activate,direct,,1549123,,high,confirm,MET25 = MET17。MET25 上流の 18 bp が AdoMet による調節を与え、それは MET4 と CBF1 に依存,2026-10-04,要旨: MET4 は硫酸の同化の誘導に必要な転写活性化因子で、その leucine zipper が MET25(MET17) プロモーターの認識に必要。MET25 の AdoMet による調節は MET4 と CBF1 に依存（1549123）,CBF1,,genetic,,,,expression,
STP1,BAP2,transcription,activate,direct,アミノ酸の再添加,11212916;9065387,,high,confirm,培地のアミノ酸（特にロイシン）による BAP2 の活性化は STP1 に依存（9065387）,2026-10-04,要旨: Stp1・Stp2 は BAP2 プロモーターに直接結合する（11212916）。培地のアミノ酸による BAP2 プロモーターの活性化は STP1 に依存する（9065387）,,,in_vivo;in_vitro,,STP2,,expression,
STP2,BAP2,transcription,activate,direct,,11212916,,medium,confirm,結合の証拠（体内と試験管内の結合は Stp1 で示されている）,2026-10-04,要旨: Stp1・Stp2 は BAP2 プロモーターに直接結合する（11212916）,,,in_vitro,,STP1,,expression,
STP1,BAP3,transcription,activate,direct,アミノ酸の再添加,10648791,,high,correct,DB の作用が none だったので activate に。培地のアミノ酸で UAS(aa) を介して誘導,2026-10-04,要旨: BAP3 は培地のアミノ酸で誘導され、その誘導は UAS(aa) を介し Stp1 に依存する（10648791）,,,genetic,,STP2,,expression,
STP2,BAP3,transcription,activate,direct,アミノ酸の再添加,10648791,,high,confirm,過剰発現した Stp2 は UAS(aa) と複合体を作る（ゲルシフト）,2026-10-04,要旨: Stp2 も BAP3 の誘導に関わり、Stp2 に依存した UAS(aa) との複合体が見える（10648791）,,,genetic;in_vitro,,STP1,,expression,
STP1,TAT1,transcription,activate,direct,,26546823,,medium,confirm,Cyc8-Tup1 が共活性化因子として働く,2026-10-04,要旨: TAT1・TAT2 の発現は STP1 と STP2 に依存し、Tup1 がそのプロモーターに結合する（26546823）,,,genetic,,STP2,,expression,
STP1,TAT2,transcription,activate,direct,,26546823,,medium,confirm,Cyc8-Tup1 が共活性化因子として働く,2026-10-04,要旨: TAT1・TAT2 の発現は STP1 と STP2 に依存し、Tup1 がそのプロモーターに結合する（26546823）,,,genetic,,STP2,,expression,
STP2,TAT1,transcription,activate,direct,,26546823,,medium,confirm,Cyc8-Tup1 が共活性化因子として働く,2026-10-04,要旨: TAT1・TAT2 の発現は STP1 と STP2 に依存し、Tup1 がそのプロモーターに結合する（26546823）,,,genetic,,STP1,,expression,
STP2,TAT2,transcription,activate,direct,,26546823,,medium,confirm,Cyc8-Tup1 が共活性化因子として働く,2026-10-04,要旨: TAT1・TAT2 の発現は STP1 と STP2 に依存し、Tup1 がそのプロモーターに結合する（26546823）,,,genetic,,STP1,,expression,
STP2,AGP1,transcription,activate,direct,アミノ酸の再添加,19906648,,high,correct,DB の作用が none だったので activate に。低濃度のアミノ酸では Stp2 だけが切断され、AGP1 を中程度に活性化（Stp1 は高濃度でより強く）,2026-10-04,要旨: 外のアミノ酸を Ssy1 が感知すると Stp1・Stp2 が切断されて核に入り AGP1 などを活性化する。低濃度では Stp2 だけが働き AGP1 を中程度に活性化（19906648）,,,genetic,,STP1,,expression,
STP2,DIP5,transcription,activate,direct,アミノ酸の再添加,19906648,,high,correct,DB の作用が none だったので activate に。DIP5 は Stp1 には依存しない,2026-10-04,要旨: アミノ酸による DIP5 の誘導は Stp2 に依存し Stp1 には依存しない（19906648）,,,genetic,,,,expression,
PUT3,PUT1,transcription,activate,direct,代替窒素源,2689862;10629046,,high,correct,DB の作用が none だったので activate に。Put3 はいつも PUT1・PUT2 プロモーターに結合しており、プロリンがあり良い窒素源がないとき最も強く活性化（10629046）,2026-10-04,要旨: PUT1・PUT2 はプロリンで誘導され Put3 に活性化される。Put3 は両遺伝子の UAS を認識する（2689862）。Put3 はプロリンが唯一の窒素源のとき最も強く転写を活性化（10629046）,,,genetic;in_vitro,,,,expression,
PUT3,PUT2,transcription,activate,direct,代替窒素源,2689862;10629046,,high,confirm,Put3 はいつも PUT1・PUT2 プロモーターに結合しており、プロリンがあり良い窒素源がないとき最も強く活性化（10629046）,2026-10-04,要旨: PUT1・PUT2 はプロリンで誘導され Put3 に活性化される（2689862）。プロリンが唯一の窒素源のとき最も強く活性化（10629046）,,,genetic;in_vitro,,,,expression,
LEU3,LEU1,transcription,activate,direct,,2823102;3043190,,high,confirm,α-イソプロピルリンゴ酸が Leu3 の共活性化因子。ロイシンが十分あると下がる。鉄の制限では α-IPM が減って LEU1 が下がる（20008079）,2026-10-04,要旨: 野生型の量の LEU1・LEU2 の RNA には LEU3 が必要で、LEU4 の転写産物も LEU3 に影響される（2823102）。Leu3 は LEU1・LEU4・ILV2 のプロモーターに結合する（3043190）,,,genetic;in_vitro,,,,expression,
LEU3,LEU2,transcription,activate,direct,,2823102,,high,confirm,Leu3 依存の DNA 結合活性が LEU2 の 5' 領域に結合,2026-10-04,要旨: 野生型の量の LEU2 の RNA には LEU3 が必要で、Leu3 依存の結合活性が LEU2 の上流に結合する（2823102）,,,genetic;in_vitro,,,,expression,
LEU3,LEU4,transcription,activate,direct,,2823102;3043190,,medium,confirm,要旨は「影響される」で向きは結合配列による活性化（3043190）から,2026-10-04,要旨: LEU4 の転写産物の量は LEU3 に影響される（2823102）。LEU4 の結合配列を入れた試験プロモーターは Leu3 で活性化される（3043190）,,,genetic;in_vitro,,,,expression,
LEU3,ILV2,transcription,activate,direct,,3043190,,medium,confirm,ILV2 の結合配列を入れた試験プロモーターは Leu3 で活性化される（同じ要旨）,2026-10-04,要旨: Leu3 は LEU1・LEU4・ILV2 のプロモーターの CCGGNNCCGG に試験管内で結合し、その配列を入れた試験プロモーターは Leu3 で活性化される（3043190）,,,in_vitro,,,,expression,
MIG1,SUC2,transcription,inhibit,direct,通常の増殖,9832517,,high,confirm,グルコースがあるときの抑制（グルコース制限で解除）。Mig2 と重複して働く,2026-10-04,要旨: Mig1 と Mig2 は SUC2 のグルコース抑制に必要。Mig1 は Snf1 に不活性化され、核の局在がグルコースで調節される（9832517）,,,genetic,,MIG2,,expression,
MIG1,GAL4,transcription,inhibit,direct,通常の増殖,1915298,,high,confirm,グルコースによる GAL 遺伝子の抑制の転写カスケード（MIG1 ⊣ GAL4 → GAL 遺伝子）,2026-10-04,要旨: GAL 遺伝子の活性化因子 GAL4 は、GAL4 のプロモーターに結合する MIG1 に抑制される（1915298）,,,in_vivo;genetic,,,,expression,
MIG1,GAL1,transcription,inhibit,direct,通常の増殖,1915298,,high,correct,記録の作用が空（none）だったのを抑制に直す。GAL4 を介する抑制と、GAL1 プロモーターへの直接の結合の二重の制御,2026-10-04,要旨: MIG1 は GAL4 に加えて GAL1 のプロモーターにも結合し、GAL 遺伝子を二重に抑える（1915298）,,,in_vivo;genetic,,,,expression,
MIG1,HXT2,transcription,inhibit,direct,通常の増殖,8816466,,high,confirm,高濃度のグルコースで Mig1 が抑える（低グルコースでだけ誘導される）,2026-10-04,要旨: 高濃度のグルコースでは HXT2・HXT4 は Mig1 に抑制され、Mig1 と Rgt1 は両遺伝子のプロモーターに結合して直接働く（8816466）,,,in_vivo;genetic,,,,expression,
MIG1,HXT4,transcription,inhibit,direct,通常の増殖,8816466,,high,confirm,高濃度のグルコースで Mig1 が抑える（低グルコースでだけ誘導される）,2026-10-04,要旨: 高濃度のグルコースでは HXT2・HXT4 は Mig1 に抑制され、Mig1 と Rgt1 は両遺伝子のプロモーターに結合して直接働く（8816466）,,,in_vivo;genetic,,,,expression,
MIG2,SUC2,transcription,inhibit,direct,通常の増殖,9832517,,high,correct,記録の作用が空（none）だったのを抑制に直す。Mig1 と重複して働く,2026-10-04,要旨: Mig1 と Mig2 は SUC2 のグルコース抑制に必要。Mig2 は Mig1 と似た部位に結合する（9832517）,,,genetic,,MIG1,,expression,
MIG2,HXT4,transcription,inhibit,直接かは不明（発現の比較）,通常の増殖,19087243,,medium,confirm,10% グルコースで抑制に加わる（2% では Mig1 だけ）,2026-10-04,要旨: 2% グルコースでは HXT4 は Mig1 だけが抑えるが、10% グルコースでは Mig2 も抑制に加わる（19087243、破壊株のマイクロアレイ）,,,genetic,,MIG1,,expression,
MIG2,HXT6,transcription,inhibit,直接かは不明（発現の比較）,通常の増殖,19087243,,medium,confirm,2% グルコースでのマイクロアレイ,2026-10-04,要旨: HXT6 は Mig1 より Mig2 に強く抑制される数少ない遺伝子（19087243）,,,genetic,,,,expression,
MIG2,JEN1,transcription,inhibit,直接かは不明（発現の比較）,,10628872,,medium,correct,記録の作用が空（none）だったのを抑制に直す。条件は要旨に明記がない（グルコース抑制の文脈）,2026-10-04,要旨: JEN1 は Mig1p と Mig2p に負に調節され、非発酵性の増殖での脱抑制に Cat8p が要る（10628872）,,,genetic,,MIG1,,expression,
MIG2,CAT8,transcription,inhibit,直接かは不明（発現の比較）,,10628872,,medium,new,条件は要旨に明記がない（グルコース抑制の文脈）,2026-10-04,要旨: Mig2p は CAT8 自身の抑制にも関わる（10628872）,,,genetic,,,,expression,
MIG2,GAL1,transcription,inhibit,direct,,9832517,,medium,flag,記録は抑制だが、要旨では GAL 遺伝子の抑制に要るのは Mig1 で Mig2 ではないとされる。Mig2 の GAL1 への作用は弱いか、ないかもしれない,2026-10-04,要旨: Mig1 は GAL 遺伝子の抑制に必要だが、Mig2 は必要でない（9832517）,,,genetic,,,,expression,
ADR1,ADH2,transcription,activate,direct,グルコース制限,12167649,,high,correct,記録の作用が空（none）だったのを促進に直す。グルコースがないとき（脱抑制の条件）に結合する。エタノール・グリセロール・脂肪酸の利用の遺伝子,2026-10-04,要旨: ChIP で Adr1 は ADH2・ACS1・GUT1・CTA1・POT1 のプロモーターに直接働く。グルコースがないとき Snf1 が Adr1 のクロマチンへの結合を促し、グルコースがあると Glc7・Reg1 が妨げる（12167649）,,,in_vivo,,,,expression,
ADR1,ACS1,transcription,activate,direct,グルコース制限,12167649,,high,correct,記録の作用が空（none）だったのを促進に直す。グルコースがないとき（脱抑制の条件）に結合する。エタノール・グリセロール・脂肪酸の利用の遺伝子,2026-10-04,要旨: ChIP で Adr1 は ADH2・ACS1・GUT1・CTA1・POT1 のプロモーターに直接働く。グルコースがないとき Snf1 が Adr1 のクロマチンへの結合を促し、グルコースがあると Glc7・Reg1 が妨げる（12167649）,,,in_vivo,,,,expression,
ADR1,CTA1,transcription,activate,direct,グルコース制限,12167649,,high,confirm,グルコースがないとき（脱抑制の条件）に結合する。エタノール・グリセロール・脂肪酸の利用の遺伝子,2026-10-04,要旨: ChIP で Adr1 は ADH2・ACS1・GUT1・CTA1・POT1 のプロモーターに直接働く。グルコースがないとき Snf1 が Adr1 のクロマチンへの結合を促し、グルコースがあると Glc7・Reg1 が妨げる（12167649）,,,in_vivo,,,,expression,
ADR1,POT1,transcription,activate,direct,グルコース制限,12167649,,high,correct,記録の作用が空（none）だったのを促進に直す。グルコースがないとき（脱抑制の条件）に結合する。エタノール・グリセロール・脂肪酸の利用の遺伝子,2026-10-04,要旨: ChIP で Adr1 は ADH2・ACS1・GUT1・CTA1・POT1 のプロモーターに直接働く。グルコースがないとき Snf1 が Adr1 のクロマチンへの結合を促し、グルコースがあると Glc7・Reg1 が妨げる（12167649）,,,in_vivo,,,,expression,
ADR1,GUT1,transcription,activate,direct,グルコース制限,12167649,,high,correct,記録の作用が空（none）だったのを促進に直す。グルコースがないとき（脱抑制の条件）に結合する。エタノール・グリセロール・脂肪酸の利用の遺伝子,2026-10-04,要旨: ChIP で Adr1 は ADH2・ACS1・GUT1・CTA1・POT1 のプロモーターに直接働く。グルコースがないとき Snf1 が Adr1 のクロマチンへの結合を促し、グルコースがあると Glc7・Reg1 が妨げる（12167649）,,,in_vivo,,,,expression,
CAT8,FBP1,transcription,activate,direct,非発酵性炭素源・ジオーキシックシフト,11024040,,high,confirm,CSRE（炭素源応答配列）を介する糖新生・グリオキシル酸回路の遺伝子,2026-10-04,要旨: Cat8p は非発酵性炭素源での ACS1・FBP1・ICL1・IDP2・JEN1・MLS1・PCK1・SFC1・SIP4 の脱抑制に必要。ジオーキシックシフトでの発現の変化を cat8Δ で調べた（11024040）,,,genetic,necessary,,,expression,
CAT8,PCK1,transcription,activate,direct,非発酵性炭素源・ジオーキシックシフト,11024040,,high,confirm,CSRE（炭素源応答配列）を介する糖新生・グリオキシル酸回路の遺伝子,2026-10-04,要旨: Cat8p は非発酵性炭素源での ACS1・FBP1・ICL1・IDP2・JEN1・MLS1・PCK1・SFC1・SIP4 の脱抑制に必要。ジオーキシックシフトでの発現の変化を cat8Δ で調べた（11024040）,,,genetic,necessary,,,expression,
CAT8,ICL1,transcription,activate,direct,非発酵性炭素源・ジオーキシックシフト,11024040,,high,correct,記録の作用が空（none）だったのを促進に直す。CSRE（炭素源応答配列）を介する糖新生・グリオキシル酸回路の遺伝子,2026-10-04,要旨: Cat8p は非発酵性炭素源での ACS1・FBP1・ICL1・IDP2・JEN1・MLS1・PCK1・SFC1・SIP4 の脱抑制に必要。ジオーキシックシフトでの発現の変化を cat8Δ で調べた（11024040）,,,genetic,necessary,,,expression,
CAT8,MLS1,transcription,activate,direct,非発酵性炭素源・ジオーキシックシフト,11024040,,high,confirm,CSRE（炭素源応答配列）を介する糖新生・グリオキシル酸回路の遺伝子,2026-10-04,要旨: Cat8p は非発酵性炭素源での ACS1・FBP1・ICL1・IDP2・JEN1・MLS1・PCK1・SFC1・SIP4 の脱抑制に必要。ジオーキシックシフトでの発現の変化を cat8Δ で調べた（11024040）,,,genetic,necessary,,,expression,
CAT8,SIP4,transcription,activate,直接かは不明（発現の比較）,非発酵性炭素源,9843506,,high,confirm,Cat8 が CSRE 結合因子 Sip4 の発現を制御する（Cat8 が主な調節因子）,2026-10-04,要旨: Cat8 は SIP4 の発現を制御し、Sip4 の過剰発現は Cat8 の欠損を補う（9843506）,,,genetic,,,,expression,
CAT8,ADH2,transcription,activate,direct,グルコース制限,11495982,,high,correct,記録の作用が空（none）だったのを促進に直す。ADH2 の UAS2（CSRE）に結合し、Adr1 と相乗的に働く,2026-10-04,要旨: cat8 変異で ADH2-lacZ の脱抑制は野生型の約 12% に下がる。Cat8 は CSRE(ADH2) に直接結合する（ゲルシフト）（11495982）,,,genetic;in_vitro,,ADR1,,expression,
SIP4,MDH2,transcription,activate,direct,非発酵性炭素源,11169757,,medium,correct,記録の作用が空（none）だったのを促進に直す。Sip4 の DNA 結合ドメインは MDH2 の CSRE に結合する。Cat8 より弱い活性化因子,2026-10-04,要旨: Cat8 と Sip4 の DNA 結合ドメインは MDH2 の CSRE に試験管内で結合し、活性化ドメインを付けた Sip4 は MDH2 のグルコース抑制を大きく解く（11169757）,,,in_vitro;genetic,,CAT8,,expression,
HAP4,GSM1,transcription,activate,direct,グルコース制限,39336719,,high,confirm,Hap2/3/4/5 複合体として、CCAAT 配列を介する,2026-10-04,要旨: GSM1 はグルコース抑制を受け、グルコース脱抑制の条件で CCAAT 配列を介して Hap2/3/4/5 依存に発現する（39336719）,HAP2;HAP3;HAP5,,genetic,necessary,,,expression,
RGT1,HXT2,transcription,inhibit,direct,グルコース飢餓,8816466,,high,confirm,グルコースがないとき Rgt1 が転写を妨げる（低グルコースでだけ両方の抑制が外れる）,2026-10-04,要旨: グルコースがないとき HXT2・HXT4 の転写は Rgt1p に妨げられ、Rgt1 は両遺伝子のプロモーターに結合して直接働く（8816466）,,,in_vivo;genetic,,,,expression,
RGT1,HXT4,transcription,inhibit,direct,グルコース飢餓,8816466,,high,confirm,グルコースがないとき Rgt1 が転写を妨げる（低グルコースでだけ両方の抑制が外れる）,2026-10-04,要旨: グルコースがないとき HXT2・HXT4 の転写は Rgt1p に妨げられ、Rgt1 は両遺伝子のプロモーターに結合して直接働く（8816466）,,,in_vivo;genetic,,,,expression,
RGT1,HXT3,transcription,inhibit,direct,グルコース飢餓,12861007,,high,confirm,グルコースは Rgt1 のリン酸化を通して DNA への結合を妨げ、抑制を解く,2026-10-04,要旨: Rgt1 は HXT3 プロモーターの複数の部位に体内で結合して転写を相乗的に抑える。高グルコースで過剰リン酸化された Rgt1 は DNA に結合しない（12861007）,,,in_vivo;in_vitro,,,,expression,
GAL4,GAL1,transcription,activate,direct,ガラクトース,3886158,,high,confirm,UASG の 4 か所に結合（体内のフットプリントは GAL4+ に依存）,2026-10-04,要旨: GAL4 は UASG の 4 か所に結合して隣の GAL1・GAL10 の転写を活性化する。グルコース抑制の仕組みの一つは GAL4 の DNA 結合の阻害（3886158）,,,in_vivo;in_vitro,,,,expression,
GAL4,GAL10,transcription,activate,direct,ガラクトース,3886158,,high,confirm,UASG の 4 か所に結合（体内のフットプリントは GAL4+ に依存）,2026-10-04,要旨: GAL4 は UASG の 4 か所に結合して隣の GAL1・GAL10 の転写を活性化する。グルコース抑制の仕組みの一つは GAL4 の DNA 結合の阻害（3886158）,,,in_vivo;in_vitro,,,,expression,
GAL4,GAL80,transcription,activate,direct,ガラクトース,8248154,,high,confirm,負のフィードバック（Gal80 は Gal4 を抑える）。ガラクトースで GAL80 の発現が最大になる,2026-10-04,要旨: GAL4 はガラクトースで育てた細胞で GAL80 の UAS に強く結合し、グリセロールでは弱く、グルコースでは結合しない（8248154）,,,in_vivo,,,,expression,
FHL1,RPS22B,transcription,activate,direct,通常の増殖,25085421,,medium,correct,記録の作用が空（none）だったのを促進に直す。Fhl1 の結合部位の変異で結合が減り、プロモーターの出力も（より弱く）下がる。Ifh1 を呼び込んで促進する（Ifh1 がないと Fhl1 は抑制に働く、41944015）,2026-10-04,本文: RPS22B と RPL28 のプロモーターの Fhl1 結合部位を変異させると Fhl1 の結合が大きく減り、プロモーターの出力もより弱く下がる（25085421）,IFH1,,in_vivo,,,,expression,
FHL1,RPL28,transcription,activate,direct,通常の増殖,25085421,,medium,correct,記録の抑制（試験管内）を促進に直す。Fhl1 の結合部位の変異で結合が減り、プロモーターの出力も（より弱く）下がる。Ifh1 がないと Fhl1 は抑制に働く（41944015）,2026-10-04,本文: RPS22B と RPL28 のプロモーターの Fhl1 結合部位を変異させると Fhl1 の結合が大きく減り、プロモーターの出力もより弱く下がる（25085421）,IFH1,,in_vivo,,,,expression,
IFH1,RPL3,transcription,activate,direct,通常の増殖,15616569,,medium,correct,記録の作用が空（none）だったのを促進に直す。要旨は RP 遺伝子全体についての記述で、RPL3 の名前はない。TOR の阻害・栄養の枯渇で Ifh1 の結合が減る,2026-10-04,要旨: 通常の増殖で Ifh1 は多くの RP 遺伝子のプロモーターに結合して活性化する。Fhl1 の FHA ドメインを介して呼び込まれ、TOR の阻害や栄養の枯渇で結合が減る（15616569）,FHL1,,in_vivo,,,,expression,
IFH1,RPS22A,transcription,activate,direct,通常の増殖,15616569,,medium,correct,記録の作用が空（none）だったのを促進に直す。要旨は RP 遺伝子全体についての記述で、RPS22A の名前はない。TOR の阻害・栄養の枯渇で Ifh1 の結合が減る,2026-10-04,要旨: 通常の増殖で Ifh1 は多くの RP 遺伝子のプロモーターに結合して活性化する。Fhl1 の FHA ドメインを介して呼び込まれ、TOR の阻害や栄養の枯渇で結合が減る（15616569）,FHL1,,in_vivo,,,,expression,
DOT6,NOP4,transcription,inhibit,直接かは不明（発現の比較）,ラパマイシン,35310337,,medium,new,RiBi 遺伝子（プロモーターに PAC モチーフ）。Dot6 と Tod6 を同時に過剰発現した実験で、どちらの寄与かは分けられない。引用の「their」は NOP4・NOC3・RLP24・FAF1・NOP15 を指す。通常の増殖では TORC1 経路にリン酸化されて働かない,2026-10-04,本文: PAC モチーフを持つ RiBi 遺伝子 NOP4・NOC3・RLP24・FAF1・NOP15 の mRNA を測り、ラパマイシン存在下で Dot6・Tod6 の過剰発現は野生型よりさらに約 10 分の 1 に下げた（35310337）,,,in_vivo,,TOD6,,expression,
DOT6,NOC3,transcription,inhibit,直接かは不明（発現の比較）,ラパマイシン,35310337,,medium,new,RiBi 遺伝子（プロモーターに PAC モチーフ）。Dot6 と Tod6 を同時に過剰発現した実験で、どちらの寄与かは分けられない。引用の「their」は NOP4・NOC3・RLP24・FAF1・NOP15 を指す。通常の増殖では TORC1 経路にリン酸化されて働かない,2026-10-04,本文: PAC モチーフを持つ RiBi 遺伝子 NOP4・NOC3・RLP24・FAF1・NOP15 の mRNA を測り、ラパマイシン存在下で Dot6・Tod6 の過剰発現は野生型よりさらに約 10 分の 1 に下げた（35310337）,,,in_vivo,,TOD6,,expression,
DOT6,NOP15,transcription,inhibit,直接かは不明（発現の比較）,ラパマイシン,35310337,,medium,new,RiBi 遺伝子（プロモーターに PAC モチーフ）。Dot6 と Tod6 を同時に過剰発現した実験で、どちらの寄与かは分けられない。引用の「their」は NOP4・NOC3・RLP24・FAF1・NOP15 を指す。通常の増殖では TORC1 経路にリン酸化されて働かない,2026-10-04,本文: PAC モチーフを持つ RiBi 遺伝子 NOP4・NOC3・RLP24・FAF1・NOP15 の mRNA を測り、ラパマイシン存在下で Dot6・Tod6 の過剰発現は野生型よりさらに約 10 分の 1 に下げた（35310337）,,,in_vivo,,TOD6,,expression,
TOD6,NOP4,transcription,inhibit,直接かは不明（発現の比較）,ラパマイシン,35310337,,medium,new,RiBi 遺伝子（プロモーターに PAC モチーフ）。Dot6 と Tod6 を同時に過剰発現した実験で、どちらの寄与かは分けられない。引用の「their」は NOP4・NOC3・RLP24・FAF1・NOP15 を指す。通常の増殖では TORC1 経路にリン酸化されて働かない,2026-10-04,本文: PAC モチーフを持つ RiBi 遺伝子 NOP4・NOC3・RLP24・FAF1・NOP15 の mRNA を測り、ラパマイシン存在下で Dot6・Tod6 の過剰発現は野生型よりさらに約 10 分の 1 に下げた（35310337）,,,in_vivo,,DOT6,,expression,
TOD6,NOC3,transcription,inhibit,直接かは不明（発現の比較）,ラパマイシン,35310337,,medium,new,RiBi 遺伝子（プロモーターに PAC モチーフ）。Dot6 と Tod6 を同時に過剰発現した実験で、どちらの寄与かは分けられない。引用の「their」は NOP4・NOC3・RLP24・FAF1・NOP15 を指す。通常の増殖では TORC1 経路にリン酸化されて働かない,2026-10-04,本文: PAC モチーフを持つ RiBi 遺伝子 NOP4・NOC3・RLP24・FAF1・NOP15 の mRNA を測り、ラパマイシン存在下で Dot6・Tod6 の過剰発現は野生型よりさらに約 10 分の 1 に下げた（35310337）,,,in_vivo,,DOT6,,expression,
TOD6,NOP15,transcription,inhibit,直接かは不明（発現の比較）,ラパマイシン,35310337,,medium,new,RiBi 遺伝子（プロモーターに PAC モチーフ）。Dot6 と Tod6 を同時に過剰発現した実験で、どちらの寄与かは分けられない。引用の「their」は NOP4・NOC3・RLP24・FAF1・NOP15 を指す。通常の増殖では TORC1 経路にリン酸化されて働かない,2026-10-04,本文: PAC モチーフを持つ RiBi 遺伝子 NOP4・NOC3・RLP24・FAF1・NOP15 の mRNA を測り、ラパマイシン存在下で Dot6・Tod6 の過剰発現は野生型よりさらに約 10 分の 1 に下げた（35310337）,,,in_vivo,,DOT6,,expression,
HAC1,KAR2,transcription,activate,direct,小胞体ストレス,35123133,,high,confirm,UPR の代表的な標的（小胞体のシャペロン）。Tup1-Cyc8 と一緒に働く,2026-10-04,要旨: 小胞体ストレスで、活性化された Hac1 の助けで Tup1-Cyc8 が KAR2 のプロモーターに結合して転写を活性化する（35123133）,TUP1;CYC8,,in_vivo,,,,expression,
AFT1,FET3,transcription,activate,direct,鉄の制限,8670839,,high,confirm,鉄が欠乏した細胞でだけ結合部位が占められる（体内フットプリント）,2026-10-04,要旨: 鉄の欠乏で AFT1 が FET3 プロモーターに結合し転写を活性化する。結合部位は鉄欠乏の細胞でだけ占められる（8670839）,,,in_vivo;in_vitro,,,,expression,
AFT1,FTR1,transcription,activate,direct,鉄の制限,8670839,,medium,confirm,結合の証拠（AFT1 の制御下の regulon として）。この一文は発現の変化を直接は示さない,2026-10-04,要旨: AFT1 は FRE1・FRE2・FTR1・FTH1・CCC2 の 5′ 領域の共通配列に結合し、AFT1 の制御下の regulon を成す（8670839）,,,in_vitro,,,,expression,
AFT1,FRE1,transcription,activate,direct,鉄の制限,8670839,,medium,confirm,結合の証拠（AFT1 の制御下の regulon として）。この一文は発現の変化を直接は示さない,2026-10-04,要旨: AFT1 は FRE1・FRE2・FTR1・FTH1・CCC2 の 5′ 領域の共通配列に結合し、AFT1 の制御下の regulon を成す（8670839）,,,in_vitro,,,,expression,
AFT1,FIT2,transcription,activate,direct,鉄の制限,11673473,,high,confirm,Aft1p に直接制御される細胞壁のマンノタンパク質（シデロフォアの鉄の取り込み）,2026-10-04,要旨: FIT1・FIT2・FIT3 の mRNA は鉄の欠乏で Aft1p に依存して 60〜230 倍に増える（11673473）,,,genetic,,,,expression,
INO2,INO1,transcription,activate,direct,,8614637,,medium,confirm,イノシトール欠乏で脱抑制（決まった条件の言葉がないので condition は空）。Ino2/Ino4 のヘテロ二量体が ICRE（UASINO）に結合する（7862526）。この要旨は直接の結合を示さない,2026-10-04,要旨: INO1・CHO1・CHO2・OPI3 のリン脂質合成遺伝子は、イノシトール欠乏での脱抑制に INO2 と INO4 を要する（8614637）,INO4,,genetic,necessary,,,expression,
INO2,CHO1,transcription,activate,direct,,8614637,,medium,correct,記録の作用が空（none）だったのを促進に直す。イノシトール欠乏で脱抑制（決まった条件の言葉がないので condition は空）。Ino2/Ino4 のヘテロ二量体が ICRE（UASINO）に結合する（7862526）。この要旨は直接の結合を示さない,2026-10-04,要旨: INO1・CHO1・CHO2・OPI3 のリン脂質合成遺伝子は、イノシトール欠乏での脱抑制に INO2 と INO4 を要する（8614637）,INO4,,genetic,necessary,,,expression,
INO2,CHO2,transcription,activate,direct,,8614637,,medium,correct,記録の作用が空（none）だったのを促進に直す。イノシトール欠乏で脱抑制（決まった条件の言葉がないので condition は空）。Ino2/Ino4 のヘテロ二量体が ICRE（UASINO）に結合する（7862526）。この要旨は直接の結合を示さない,2026-10-04,要旨: INO1・CHO1・CHO2・OPI3 のリン脂質合成遺伝子は、イノシトール欠乏での脱抑制に INO2 と INO4 を要する（8614637）,INO4,,genetic,necessary,,,expression,
INO4,INO1,transcription,activate,direct,,8614637,,medium,confirm,イノシトール欠乏で脱抑制（決まった条件の言葉がないので condition は空）。Ino2/Ino4 のヘテロ二量体が ICRE（UASINO）に結合する（7862526）。この要旨は直接の結合を示さない,2026-10-04,要旨: INO1・CHO1・CHO2・OPI3 のリン脂質合成遺伝子は、イノシトール欠乏での脱抑制に INO2 と INO4 を要する（8614637）,INO2,,genetic,necessary,,,expression,
INO4,OPI3,transcription,activate,direct,,8614637,,medium,confirm,イノシトール欠乏で脱抑制（決まった条件の言葉がないので condition は空）。Ino2/Ino4 のヘテロ二量体が ICRE（UASINO）に結合する（7862526）。この要旨は直接の結合を示さない,2026-10-04,要旨: INO1・CHO1・CHO2・OPI3 のリン脂質合成遺伝子は、イノシトール欠乏での脱抑制に INO2 と INO4 を要する（8614637）,INO2,,genetic,necessary,,,expression,
INO4,CHO1,transcription,activate,direct,,8614637,,medium,confirm,イノシトール欠乏で脱抑制（決まった条件の言葉がないので condition は空）。Ino2/Ino4 のヘテロ二量体が ICRE（UASINO）に結合する（7862526）。この要旨は直接の結合を示さない,2026-10-04,要旨: INO1・CHO1・CHO2・OPI3 のリン脂質合成遺伝子は、イノシトール欠乏での脱抑制に INO2 と INO4 を要する（8614637）,INO2,,genetic,necessary,,,expression,
OPI1,INO1,transcription,inhibit,直接かは不明（発現の比較）,イノシトール,8614637,,medium,correct,記録の作用が空（none）だったのを抑制に直す。Opi1 は DNA に結合せず Ino2 に働いて抑える（Ino2 との結合、27743455）。ホスファチジン酸が減ると核に入る（15192221）,2026-10-04,要旨: INO1・CHO1・CHO2・OPI3 のイノシトール添加での抑制に OPI1 が必要（8614637）,,,genetic,necessary,,,expression,
OPI1,CHO1,transcription,inhibit,直接かは不明（発現の比較）,イノシトール,8614637,,medium,new,Opi1 は DNA に結合せず Ino2 に働いて抑える（Ino2 との結合、27743455）。ホスファチジン酸が減ると核に入る（15192221）,2026-10-04,要旨: INO1・CHO1・CHO2・OPI3 のイノシトール添加での抑制に OPI1 が必要（8614637）,,,genetic,necessary,,,expression,
OPI1,CHO2,transcription,inhibit,直接かは不明（発現の比較）,イノシトール,8614637,,medium,confirm,Opi1 は DNA に結合せず Ino2 に働いて抑える（Ino2 との結合、27743455）。ホスファチジン酸が減ると核に入る（15192221）,2026-10-04,要旨: INO1・CHO1・CHO2・OPI3 のイノシトール添加での抑制に OPI1 が必要（8614637）,,,genetic,necessary,,,expression,
OPI1,OPI3,transcription,inhibit,直接かは不明（発現の比較）,イノシトール,8614637,,medium,new,Opi1 は DNA に結合せず Ino2 に働いて抑える（Ino2 との結合、27743455）。ホスファチジン酸が減ると核に入る（15192221）,2026-10-04,要旨: INO1・CHO1・CHO2・OPI3 のイノシトール添加での抑制に OPI1 が必要（8614637）,,,genetic,necessary,,,expression,
OAF1,CTA1,transcription,activate,direct,,12748191,,medium,correct,オレイン酸（脂肪酸）での誘導（条件の一覧にないので空欄）。Oaf1-Pip2 のヘテロ二量体として ORE に結合して働き、グルコースは Oaf1・Pip2 の両方を通して抑える（10428786）。今の記録は作用が空（none）なので activate に直す,2026-10-04,要旨: オレイン酸で誘導される SPS19 と CTA1 の転写は Pip2-Oaf1 と Adr1 の両方に依存する（12748191）,PIP2,,in_vivo;genetic,,,,expression,
OAF1,POT1,transcription,activate,direct,,8972187,,high,confirm,オレイン酸（脂肪酸）での誘導（条件の一覧にないので空欄）。Oaf1-Pip2 のヘテロ二量体として ORE に結合して働き、グルコースは Oaf1・Pip2 の両方を通して抑える（10428786）。論文の Oaf2 は PIP2、FOX3 は POT1 の別名,2026-10-04,要旨: Oaf1 と Oaf2（Pip2）の複合体が POX1 と FOX3（POT1）のオレイン酸での活性化に要る。Oaf1 は POX1 の UAS1 に結合する（8972187）,PIP2,,in_vivo;genetic,,,,expression,
OAF1,POX1,transcription,activate,direct,,8972187,,high,confirm,オレイン酸（脂肪酸）での誘導（条件の一覧にないので空欄）。Oaf1-Pip2 のヘテロ二量体として ORE に結合して働き、グルコースは Oaf1・Pip2 の両方を通して抑える（10428786）。論文の Oaf2 は PIP2、FOX3 は POT1 の別名,2026-10-04,要旨: Oaf1 と Oaf2（Pip2）の複合体が POX1 と FOX3（POT1）のオレイン酸での活性化に要る。Oaf1 は POX1 の UAS1 に結合する（8972187）,PIP2,,in_vivo;genetic,,,,expression,
PIP2,CTA1,transcription,activate,direct,,12748191,,medium,confirm,オレイン酸（脂肪酸）での誘導（条件の一覧にないので空欄）。Oaf1-Pip2 のヘテロ二量体として ORE に結合して働き、グルコースは Oaf1・Pip2 の両方を通して抑える（10428786）,2026-10-04,要旨: オレイン酸で誘導される SPS19 と CTA1 の転写は Pip2-Oaf1 と Adr1 の両方に依存する（12748191）,OAF1,,in_vivo;genetic,,,,expression,
PIP2,POT1,transcription,activate,direct,,8972187,,high,confirm,オレイン酸（脂肪酸）での誘導（条件の一覧にないので空欄）。Oaf1-Pip2 のヘテロ二量体として ORE に結合して働き、グルコースは Oaf1・Pip2 の両方を通して抑える（10428786）。論文の Oaf2 は PIP2、FOX3 は POT1 の別名,2026-10-04,要旨: Oaf1 と Oaf2（Pip2）の複合体が POX1 と FOX3（POT1）のオレイン酸での活性化に要る。Oaf1 は POX1 の UAS1 に結合する（8972187）,OAF1,,in_vivo;genetic,,,,expression,
PIP2,POX1,transcription,activate,direct,,8972187,,high,confirm,オレイン酸（脂肪酸）での誘導（条件の一覧にないので空欄）。Oaf1-Pip2 のヘテロ二量体として ORE に結合して働き、グルコースは Oaf1・Pip2 の両方を通して抑える（10428786）。論文の Oaf2 は PIP2、FOX3 は POT1 の別名,2026-10-04,要旨: Oaf1 と Oaf2（Pip2）の複合体が POX1 と FOX3（POT1）のオレイン酸での活性化に要る。Oaf1 は POX1 の UAS1 に結合する（8972187）,OAF1,,in_vivo;genetic,,,,expression,
RIM101,NRG1,transcription,inhibit,direct,,12509465,,high,confirm,Rim101 は pH 応答の転写因子で、ChIP でプロモーターに結合する。働く pH の条件は要旨に明記がないので空欄（今の記録はアルカリなど）。Nrg1 はさらにアルカリで誘導される ENA1 などを抑える,2026-10-04,要旨: Rim101 は生体内で抑制因子として働き、抑える標的 NRG1・SMP1 のプロモーターに結合する。nrg1・smp1 の欠損が rim101Δ の欠陥を抑える（12509465）,,,in_vivo;genetic,,,,expression,
RIM101,SMP1,transcription,inhibit,direct,,12509465,,high,confirm,Rim101 は pH 応答の転写因子で、ChIP でプロモーターに結合する。働く pH の条件は要旨に明記がないので空欄（今の記録はアルカリなど）,2026-10-04,要旨: Rim101 は生体内で抑制因子として働き、抑える標的 NRG1・SMP1 のプロモーターに結合する（12509465）,,,in_vivo;genetic,,,,expression,
UPC2,ERG11,transcription,activate,direct,鉄の制限,21299653;36382795,,medium,confirm,本文（36382795）では、通常の増殖では upc2Δ で ERG11 の mRNA は変わらず、鉄の制限での ERG 遺伝子の誘導が upc2Δ で弱まる。エルゴステロールが減ると Upc2 が核へ移って働く（25655993）。今の記録の低酸素・代替炭素源の条件は今回の論文では確かめていない,2026-10-04,要旨: 活性型の upc2-1 で ERG2・ERG11 が過剰に発現する（21299653）。鉄欠乏での ERG 遺伝子の活性化は Upc2 と Ecm22 による（36382795）。結合（SRE）は ERG2 で示されている（11533229）,,,in_vivo;genetic,,,,expression,
ECM22,ERG11,transcription,activate,direct,,36382795,,medium,confirm,本文（36382795）: ERG1・ERG3 を除くすべての ERG 遺伝子（ERG11 を含む）の基底の発現が ecm22Δ で下がり、upc2Δ ecm22Δ でさらに下がる。鉄の制限での誘導も ecm22Δ で弱まる（通常の増殖と鉄の制限の両方で働くので条件は空欄）。ERG11 の名前は要旨になく本文の図 2 から。食塩ショックでは Hog1・Mot3/Rox1 が ECM22 の発現を下げ ERG2・ERG11 の転写が一時止まる（21299653）,2026-10-04,要旨: 鉄欠乏での ERG 遺伝子の活性化は Upc2 と Ecm22 による（36382795）。本文: ecm22Δ で ERG11 を含む ERG 遺伝子の基底の発現が下がる,,,in_vivo;genetic,,,,expression,
GCN4,ECM21,transcription,activate,direct,アミノ酸飢餓・窒素飢餓,32744498,,high,confirm,ECM21 は ART2 の別名。ART2 のプロモーターの予測された Gcn4 結合配列を変えると飢餓での Art2 の増加がなくなる（結合そのものは示していない）。常に翻訳される GCN4c で栄養のある条件でも Art2 が増える。誘導された Art2 は Rsp5 とアミノ酸輸送体のエンドサイトーシスを起こす,2026-10-04,要旨: 飢餓でのアミノ酸輸送体のエンドサイトーシスには Art2 と、一般アミノ酸制御（GAAC）経路による Art2 の誘導が要る（32744498）。本文: gcn4Δ で飢餓による ART2 の mRNA とタンパク質の誘導がなくなる,,,in_vivo;genetic,,,,expression,
GCN4,HAC1,transcription,activate,直接かは不明,アミノ酸飢餓・小胞体ストレス,23794510,,medium,correct,今の記録は作用が空（none）なので activate に直す。向きは本文（図 4）から: gcn4Δ でアミノ酸飢餓（3AT）と小胞体ストレスでの HAC1 の mRNA が下がる。本文は Gcn4 の弱い RNase 活性で HAC1 の mRNA の安定性を変える可能性も挙げる（転写か安定性かは決まっていない）。小胞体ストレスでは Gcn4 と Hac1 は UPR の標的のプロモーターで協同する（15314660）,2026-10-04,要旨: Hac1 と Gcn4 は互いの mRNA の量に影響する（23794510）。本文: GCN4 を欠くとアミノ酸飢餓と小胞体ストレスでの HAC1 の mRNA の量が下がる,,,in_vivo;genetic,,,,expression,
HAC1,GCN4,transcription,activate,直接かは不明,アミノ酸飢餓,23794510,,medium,new,向きは本文（図 4）から: hac1Δ でアミノ酸飢餓（3AT）での GCN4 の mRNA が下がる（一倍体では少し、二倍体ではっきり）。本文は Hac1 の Gcn4 への作用は間接と考える。Hac1 は Gcn4 応答配列（GCRE）の誘導にも要る。小胞体ストレスは Hac1 によらず GCN4 の翻訳を抑える,2026-10-04,要旨: Hac1 は Gcn4 応答配列の誘導に要り、Hac1 と Gcn4 は互いの mRNA の量に影響する（23794510）。本文: HAC1 を欠くとアミノ酸飢餓での GCN4 の mRNA が下がる,,,in_vivo;genetic,,,,expression,
TOR1,HMO1,transcription,activate,via FHL1,,21924331,,medium,new,TOR を止める（ラパマイシン）と HMO1 のプロモーターの活性が下がる。Fhl1 が HMO1 に依存して HMO1 のプロモーターに結合し、Fhl1 の結合配列を除くとラパマイシンへの応答が弱まる。TOR1 と TOR2 のどちらかは要旨で区別していない（TORC1 として）,2026-10-04,要旨: HMO1 のプロモーターの活性は TOR を止めると下がり、その抑制には HMO1 と Fhl1 が要る（21924331）,,,in_vivo,,,,expression,
HAP1,ROX1,transcription,activate,direct,通常の増殖,1588959;9027731,,high,correct,"酸素があってヘムが作られるとき（好気の通常の増殖）。今の記録は作用が空（none）なので activate に直す。低酸素でヘムが減ると逆に ROX1 を抑える（次の行）。低酸素・ヘムの制限では逆に抑制する（9027731, 7768429、medium。同じ組に 1 行しか持てないので note に書いた）",2026-10-04,要旨: ヘムに依存する ROX1 の発現には HAP1 が要る（1588959）。ヘムと結合した Hap1 が ROX1 の転写を活性化する（9027731、総説）,,,in_vivo;genetic,,,,expression,
SNF1,IME1,transcription,activate,直接かは不明,胞子形成,9671464,,high,new,グルコースは Snf1 を止めて IME1 の転写を抑えると考えられる。成長が止まった後、Snf1 を活性化する栄養条件で IME1 が高く発現する（12081645）,2026-10-04,要旨: snf1Δ は胞子形成培地で IME1 の転写物をまったく誘導しない（9671464）。Snf1 を活性化する栄養条件で IME1 が高く発現する（12081645）,,,in_vivo;genetic,,,,expression,
RIM15,IME1,transcription,activate,直接かは不明,胞子形成,9111339,,medium,new,Rim15 はグルコースで蓄積が抑えられる。Ime1-Ume6 の結合が rim15 で弱まることは two-hybrid で「suggest」だけ,2026-10-04,要旨: RIM15 を欠くと IME1 と初期減数分裂遺伝子（IME2 など）の発現が下がる（9111339）,,,in_vivo;genetic,,,,expression,
RIM15,IME2,transcription,activate,via UME6,胞子形成,9111339,,high,new,IME1 を過剰に発現させても rim15Δ では IME2 などが十分に発現しない。IME2 プロモーターの Rim15 に依存する部位の解析で Ume6 を通した活性化が欠ける。グルコースと窒素が欠けると Rim15 に依存して初期減数分裂遺伝子のプロモーターから脱アセチル化酵素が外れる（15169885）,2026-10-04,要旨: RIM15 を欠くと IME2・SPO13・HOP1 の発現が下がり、IME2 プロモーターでの Ume6 を通した活性化が欠ける（9111339）,,,in_vivo;genetic,,,,expression,
MCK1,IME1,transcription,activate,直接かは不明,胞子形成,2010083,,medium,new,栄養増殖の細胞でも IME1 の基底の発現に MCK1 が要る（ime1-HIS3 融合で）,2026-10-04,要旨: 胞子形成で IME1 の転写物が十分に蓄積するには MCK1 が要る。栄養増殖でも IME1 の基底の発現に要る（2010083）,,,in_vivo;genetic,,,,expression,
RME1,IME1,transcription,inhibit,direct,,9580682,,high,new,Rme1 は IME1 の上流の 2 か所（-1950・-2030 付近）に生体内で結合し、両方の部位の変異で抑制がなくなる。抑制には仲介因子の RGR1・SIN4 が要る,2026-10-04,要旨: Rme1 は IME1 の上流の 2 か所に結合し、両方とも IME1 の抑制に要る。Rme1 は IME1 を直接抑える（9580682）,,,in_vivo,,,,expression,
CYR1,IME1,transcription,inhibit,via PKA,胞子形成,2209544,,medium,new,アデニル酸シクラーゼが作る cAMP が PKA を通して IME1 の転写を抑え、栄養があるときに減数分裂に入らせない。41 回目の調べから渡された組,2026-10-04,要旨: 減数分裂への移行は飢餓で AC/PK 経路が調節する。AC/PK 経路の CDC25・CYR1・BCY1 の変異で IME1 の転写物の量が変わり、cyr1-2 の二倍体に cAMP を加えると IME1 の転写が抑えられる（2209544）,,,genetic,,,,expression,
PDR3,CIS1,transcription,activate,direct,ミトコンドリアの機能不全,41372412,,high,new,ミトコンドリアのタンパク質の輸送の障害（mitoCPR）で、核に入った Mge1 が Pdr3 と組んで CIS1 の転写を起こす。同じ論文の本文で、Pdr3 が CIS1 のプロモーターに結合し（ChIP）、Mge1 の過剰発現による CIS1 の誘導が Pdr3 に依存することを示している。42 回目の調べから渡された組,2026-10-04,本文: ChIP で Pdr3 は CIS1 のプロモーターに結合する。Mge1 の過剰発現による CIS1 の誘導は Pdr3 に依存する（41372412）,MGE1,,in_vivo,,,,expression,
CUP2,CUP1-1,transcription,activate,direct,,9599102,,high,new,銅の過剰で Ace1p（CUP2）が CUP1 のプロモーターの金属応答配列に結合して誘導する（一過性）。「銅の過剰」は条件の一覧にないので空欄。43 回目の調べから渡された組,2026-10-04,要旨: 毒性の銅を感知する Ace1p は解毒の遺伝子 CUP1・CRS5・SOD1 の転写を銅に応じて活性化する。CUP1 の誘導は速く強いが一過性で、Ace1p の結合も一過性（9599102）,,,in_vivo,,,,expression,transient
MAC1,FRE1,transcription,activate,direct,銅の制限,9159110,,medium,new,Mac1p は銅が足りないときに働く転写活性化因子で、銅があると活性化領域が抑えられる。43 回目の調べから渡された組,2026-10-04,要旨: Mac1p の転写活性化領域は銅で抑えられ、CTR1 の発現の銅による抑制と同じ濃度依存を示す。MAC1(up1) では銅があっても FRE1・CTR1 の発現が下がらない（9159110）,,,in_vivo;genetic,,,,expression,
MAC1,CTR1,transcription,activate,direct,銅の制限,9159110,,medium,new,Mac1p は銅が足りないときに働く転写活性化因子で、銅があると活性化領域が抑えられる,2026-10-04,要旨: Mac1p の転写活性化領域は銅で抑えられ、CTR1 の発現の銅による抑制と同じ濃度依存を示す。MAC1(up1) では銅があっても FRE1・CTR1 の発現が下がらない（9159110）,,,in_vivo;genetic,,,,expression,
YAP5,CCC1,transcription,activate,direct,,22915593;18070921,,high,new,細胞質の鉄の過剰で働く（鉄硫黄クラスターを感知）。Yap5 は鉄の濃度によらず CCC1 のプロモーターにいる（18070921）。「鉄の過剰」は条件の一覧にないので空欄。43 回目の調べから渡された組,2026-10-04,要旨: 細胞質の鉄が増えると Yap5 が活性化して液胞の鉄輸送体 CCC1 の転写を上げる（22915593）。CCC1 の転写は Yap 配列を通して鉄で上がり、Yap5 がその転写因子（18070921）,,,in_vivo;genetic,,,,expression,
AFT1,ATX1,transcription,activate,direct,鉄の制限,9083054,,high,new,鉄が足りないときに Aft1p が CCC2・FET3 と同じく ATX1 を誘導する。43 回目の調べから渡された組,2026-10-04,要旨: Atx1p は銅を Ctr1p から Ccc2p・Fet3p へ運ぶ。ATX1 は鉄を感知する転写活性化因子 Aft1p で誘導される（9083054）,,,in_vivo,,,,expression,
ZAP1,ZRC1,transcription,activate,direct,亜鉛の制限,12556516;11027563,,high,correct,亜鉛が足りないときに Zap1 が ZRC1 を誘導し、亜鉛を再び加えたときの急な流入（zinc shock）に備える。44 回目の調べから渡された組,2026-10-04,要旨: ZRC1 の転写は亜鉛の制限で、亜鉛に応答する転写因子 Zap1 によって誘導される（12556516）。ZRC1 の発現は細胞内の亜鉛が減ると Zap1 に依存して誘導され、亜鉛で抑えられる（11027563）,,,in_vivo;genetic,,,,expression,
ZAP1,ZRT3,transcription,activate,direct,亜鉛の制限,10856230,,medium,confirm,Zap1p は転写の活性化因子（同じ要旨）。亜鉛が少ないと液胞の亜鉛を出す Zrt3p を誘導する。44 回目の調べから渡された組,2026-10-04,要旨: 亜鉛の制限で Zap1p が ZRT1・ZRT2 を誘導する。ZRT3 も Zap1p が制御し、亜鉛が少ないと転写が上がる（10856230）,,,in_vivo,,,,expression,
MAC1,CTR3,transcription,activate,direct,銅の制限,9188496,,high,confirm,CTR3 は銅の欠乏で速く強く誘導され、銅で抑えられる。CuRE への結合（銅の欠乏で占有）に MAC1 が要る。44 回目の調べから渡された組,2026-10-04,要旨: CTR1・CTR3・FRE1 は共通の CuRE を持ち、銅の欠乏で活性化・銅で抑制される。その上げ下げに Mac1p が必須で、CuRE の占有にも MAC1 が要る（9188496）,,,in_vivo;genetic,,,,expression,
SNF1,CCC1,transcription,activate,via MSN2,,28760824,,medium,new,SNF1・SNF4・GAL83 などの欠損で CCC1 の転写と鉄への耐性が下がる（促進）。Msn2/Msn4 を介する分と、それ以外の活性化因子を介する分がある。鉄の過剰（条件の一覧にない）での働き。44 回目の調べから渡された組,2026-10-04,要旨: 低グルコースのセンサー Snf1 の経路が CCC1 の転写と鉄への耐性を調節する。Snf1 は Msn2・Msn4 を活性化し、Msn2・Msn4 は Snf1 による CCC1 の転写に寄与する（28760824）,,,genetic,,YAP5,,expression,
MSN2,CCC1,transcription,activate,直接かは不明,,28760824,,medium,correct,今の記録（YEASTRACT+）は抑制だが、論文は Msn2/Msn4 が Snf1 による CCC1 の転写に寄与する（促進）とする。msn2 msn4 の二重欠損なので MSN2・MSN4 は分けられない。44 回目の調べから渡された組,2026-10-04,要旨: 低グルコースのセンサー Snf1 の経路が CCC1 の転写と鉄への耐性を調節する。Snf1 は Msn2・Msn4 を活性化し、Msn2・Msn4 は Snf1 による CCC1 の転写に寄与する（28760824）,,,genetic,,MSN4,,expression,
MSN4,CCC1,transcription,activate,直接かは不明,,28760824,,medium,new,msn2 msn4 の二重欠損なので MSN2・MSN4 は分けられない,2026-10-04,要旨: 低グルコースのセンサー Snf1 の経路が CCC1 の転写と鉄への耐性を調節する。Snf1 は Msn2・Msn4 を活性化し、Msn2・Msn4 は Snf1 による CCC1 の転写に寄与する（28760824）,,,genetic,,MSN2,,expression,
AFT1,SMF3,transcription,activate,direct,鉄の制限,11829747,,medium,new,aft1 aft2 の二重欠損での結果で AFT1・AFT2 は分けられない。SMF3 のプロモーターに Aft1 の結合配列が 2 つある。44 回目の調べから渡された組,2026-10-04,要旨: SMF3 の鉄による調節はプロモーター（Aft1 の結合部位を含む）を介し、aft1 aft2 の二重欠損で大きく減る（Aft に依存しない経路もある）（11829747）,,,genetic,,AFT2,,expression,
AFT2,SMF3,transcription,activate,direct,鉄の制限,11829747,,medium,confirm,aft1 aft2 の二重欠損での結果で AFT1・AFT2 は分けられない,2026-10-04,要旨: SMF3 の鉄による調節はプロモーター（Aft1 の結合部位を含む）を介し、aft1 aft2 の二重欠損で大きく減る（Aft に依存しない経路もある）（11829747）,,,genetic,,AFT1,,expression,
CNA1,PMC1,transcription,activate,直接かは不明,カルシウム,8628289,,medium,new,カルシニューリン（触媒サブユニット CNA1・CNA2）に依存して PMC1 の発現が上がる。のちに Crz1 を介すると分かった（CRZ1 → PMC1 は別の行）が、この論文は経路を示していない。44 回目の調べから渡された組,2026-10-04,要旨: pmc1::lacZ はカルシニューリン・カルモジュリン・Ca2+ に依存して最大 500 倍に誘導され、vcx1::lacZ はわずかに下がる（8628289）,,,in_vivo;genetic,,CNA2,,expression,
