complex_ac	name	genes	description
CPX-15	CST complex	CDC13;STN1;TEN1	RPA-like (replication protein A) complex, that has high affinity for telomeric ssDNA. The complex is assembled during late S-G2 and is involved in capping, and thus protecting, single stranded telomeric DNA and preventing chromosomal damage by inhibiting telomerase activity. Plays a role in the regulation of the synthesis of C strand via its interaction with polymerase alpha primase.
CPX-21	Replication protein A complex	RFA1;RFA2;RFA3	Single-stranded DNA binding protein complex involved in all processes that involve single-stranded (ss)DNA by binding to and protecting exposed ssDNA from nucleases. Forms a physical platform to recruit other factors to the DNA including those involved in DNA damage signaling, DNA repair, and DNA replication. RPA protects against inappropriate telomere recombination, and upon telomere uncapping, prevents cell proliferation by a checkpoint-independent pathway. RPA prevents degradation of ssDNA and prevents formation of secondary structures.
CPX-23	U1 small nuclear ribonucleoprotein complex	LUC7;MUD1;NAM8;PRP39;PRP40;PRP42;SMB1;SMD1;SMD2;SMD3;SME1;SMX2;SMX3;SNP1;SNU56;SNU71;YHC1	Non-coding RNA containing complex that is involved in mRNA splicing. U1 snRNP binds to the 5-prime splice site contributing to the formation of the Commitment complex (CPX-1418) during spliceosome assembly. The spliceosome is a highly dynamic structure, assembled by sequential binding and release of the small nuclear RNAs and protein factors which removes intronic sequence from pre-mRNA. After assembly of the precatalytic spliceosome, U1 is released during the activation of the spliceosome.
CPX-24	U6 small nuclear ribonucleoprotein complex	LSM2;LSM3;LSM4;LSM5;LSM6;LSM7;LSM8;PRP24	Non-coding RNA containing complex that is involved in mRNA splicing. Instead of the Sm ring found in the other spliceosomal snRNPs, it contains an Sm-like ring. The spliceosome is a highly dynamic structure, assembled by sequential binding and release of the small nuclear RNAs and protein factors which removes intronic sequence from pre-mRNA. U6 is part of the activated spliceosome and is involved in the first transestherification step of splicing. After splicing is complete, the spliceosome disassembles and free U6 snRNP forms. It then reassociates with U4 (CPX-31) to form U4/U6 snRNP (CPX-32).
CPX-25	U4/U6.U5 tri-small nuclear ribonucleoprotein complex	BRR2;DIB1;LSM2;LSM3;LSM4;LSM5;LSM6;LSM7;LSM8;PRP28;PRP3;PRP31;PRP38;PRP4;PRP6;PRP8;SAD1;SMB1;SMD1;SMD2;SMD3;SME1;SMX2;SMX3;SNU114;SNU13;SNU23;SNU66;SPP381	Non-coding RNA containing complex that is involved in mRNA splicing. The U4/U6 x U5 tri-snRNP complex binds to the pre-spliceosome complex to form the pre-activation complex. The spliceosome is a highly dynamic structure, assembled by sequential binding and release of the small nuclear RNAs and protein factors which removes intronic sequence from pre-mRNA.
CPX-26	U2 small nuclear ribonucleoprotein complex	BUD13;CUS1;CUS2;HSH155;HSH49;IST3;LEA1;MSL1;PML1;PRP11;PRP21;PRP9;RDS3;RSE1;SMB1;SMD1;SMD2;SMD3;SME1;SMX2;SMX3;YSF3	Non-coding RNA containing complex that is involved in mRNA splicing. U2 snRNP binds to the intron branch site of the commitment complex (CPX-1418) to form the pre-spliceosome in an ATP dependent step. The spliceosome is a highly dynamic structure, assembled by sequential binding and release of the small nuclear RNAs and protein factors which removes intronic sequence from pre-mRNA. During formation of the activated spliceosome, U2 will replace the dissociating U4 (CPX-31) to form base pairs with U6 (CPX-24). Prior to the first catalytic reaction, the SF3a (CPX-1648) and SF3b (CPX-1647) sub-complexes dissociate from the spliceosome, presumably making the branch site accessible to lariat formation.
CPX-29	U5 small nuclear ribonucleoprotein complex	BRR2;DIB1;LIN1;PRP28;PRP6;PRP8;SMB1;SMD1;SMD2;SMD3;SME1;SMX2;SMX3;SNU114	Non-coding RNA containing complex that is involved in mRNA splicing. U5 snRNP is delivered to the forming spliceosome as part of the U4/U6 x U5 tri-snRNP complex (CPX-25). The spliceosome is a highly dynamic structure, assembled by sequential binding and release of the small nuclear RNAs and protein factors which removes intronic sequence from pre-mRNA. During spliceosome activation several subunits dissociate, but U5 is necessary for both trans-esterification steps during splicing.
CPX-30	U5 small nuclear ribonucleoprotein complex, AAR2 variant	AAR2;PRP8;SMB1;SMD1;SMD2;SMD3;SME1;SMX2;SMX3;SNU114	A - presumably immature - form of the U5 snRNP (CPX-29), that is mainly found in the cytoplasm. AAR2 is mutually exclusive with BRR2, which is present in the form of U5 localized at the spliceosome. The spliceosome is a highly dynamic structure, assembled by sequential binding and release of the small nuclear RNAs and protein factors which removes intronic sequence from pre-mRNA.
CPX-31	U4 small nuclear ribonucleoprotein complex	PRP3;PRP4;SMB1;SMD1;SMD2;SMD3;SME1;SMX2;SMX3;SNU13	Non-coding RNA containing complex that is involved in mRNA splicing. U4 is found in a complex with U6 snRNP (the U4/6 snRNP complex, CPX-32), which is an intermediate in the assembly of the spliceosome. The spliceosome is a highly dynamic structure, assembled by sequential binding and release of the small nuclear RNAs and protein factors which removes intronic sequence from pre-mRNA. U4 dissociates from the spliceosome during the activation step. The U4/6 complex is then re-assembled in each cycle. Its function seems to be to deliver U6 to the spliceosome.
CPX-32	U4/U6 small nuclear ribonucleoprotein complex	LSM2;LSM3;LSM4;LSM5;LSM6;LSM7;LSM8;PRP3;PRP31;PRP4;SMB1;SMD1;SMD2;SMD3;SME1;SMX2;SMX3;SNU13	Non-coding RNA containing complex that is involved in mRNA splicing. Intermediate complex in the assembly of U4/U6 x U5 tri-snRNP complex (CPX-25) and the precatalytic spliceosome. Its main function is to deliver U6 (CPX-24) to the spliceosome, a highly dynamic structure, assembled by sequential binding and release of the small nuclear RNAs and protein factors which removes intronic sequence from pre-mRNA.
CPX-36	Kelch-containing Formin Regulatory Complex	BUD14;KEL1;KEL2	Regulates BNR1 (P40450)-mediated actin cable formation, polarized cell growth, and cytokinesis. Localizes to the bud neck and cortex and binds to the FH2 domain of the formin, displacing BNR1 from the growing ends of actin filaments to control actin cable architecture. Actin cables serve as linear tracks for myosin V-based transport of secretory vesicles, organelles, and daughter-specific transcripts to the bud, as well as guiding astral microtubule plus ends to the cell cortex to position and orient the mitotic spindle
CPX-43	Sm complex	SMB1;SMD1;SMD2;SMD3;SME1;SMX2;SMX3	Essential role in pre-mRNA splicing. Form a heteroheptameric complex on binding to a conserved Sm site [consensus AU(4-6)G] found in single-stranded regions of U1, U2, U4 and U5 snRNAs. U1, U2, U4 and U5 snRNAs are produced in the nucleus by RNA polymerase II and exported to the cytoplasm, where the Sm proteins bind to them and promote the hypermethylation of the N7-monomethyl guanosine cap at their 5-prime-ends, to produce the 2,2,7-trimethyl guanosine cap structure.
CPX-44	LSM2-8 complex	LSM2;LSM3;LSM4;LSM5;LSM6;LSM7;LSM8	The hetero-heptameric complex of seven Lsm proteins (Lsm2-8) affects the processing of small stable RNAs (including tRNAs, rRNAs) and pre-mRNAs in the nucleus. The complex is part of the U6 snRNA, where it binds to the U6 RNA and contributes to stabilizing the U6 snRNA and chaperoning it through the splicing process. The Lsm2-8 complex is thought to pre-exist in the cell and bind to U6 as a complex.
CPX-45	LSM1-7 complex	LSM1;LSM2;LSM3;LSM4;LSM5;LSM6;LSM7	Lsm1-7 is a complex conserved in all eukaryotes and has similar function to the homohexamer Hfq in bacteria. It is an important part of cytoplasmic mRNA degradation. It preferentially binds oligo-adenylated (but not poly-A) mRNAs at their 3' end and promotes decapping at the 5' end thereby directing the mRNA for degradation through the 5' to 3' pathway. Lsm1-7 in yeast can be isolated as part of the Lsm1-7-Pat1 complex.
CPX-46	LSM2-7 complex	LSM2;LSM3;LSM4;LSM5;LSM6;LSM7	Sml2-7 proteins form a complex that is found associated with snR5 and pre-Rnase P in yeast nucleoli. The function of this complex is unclear.
CPX-112	LSM1-7-PAT1 complex	LSM1;LSM2;LSM3;LSM4;LSM5;LSM6;LSM7;PAT1	Lsm1-7-Pat1 is a complex conserved in all eukaryotes. It is an important part of cytoplasmic mRNA degradation. It preferentially binds oligo-adenylated (but not poly-A) mRNAs at their 3' end and promotes decapping at the 5' end thereby directing the mRNA for degradation through the 5' to 3' pathway. Lsm1-7-Pat1 complex might also be involved in protein-protein recognition in the nucleus in the context of the nuclear Lsm2-8 complex (CPX-44).
CPX-124	HIR histone chaperone complex	HIR1;HIR2;HIR3;HPC2	Histone chaperone complex which promotes nucleosome assembly. Cooperates with the ASF1 (P32447) co-chaperone to deposit histone (H3/H4)2 tetramers on DNA for replication-independent chromatin assembly. Prevents SWI/SNF chromatin remodeling activity. Binds to and represses transcription of histone genes throughout the cell cycle, but does not repress transcription in G1/S phase.
CPX-140	MICOS mitochondrial contact site and cristae organizing system complex	MIC10;MIC12;MIC19;MIC26;MIC27;MIC60	MICOS (MItochondrial contact site and Cristae Organizing System) is a mitochondrial inner membrane complex that extends into the intermembrane space and has a role in the maintenance of crista junctions, inner membrane architecture, and formation of contact sites to the outer membrane. The Mic60 subunit also has a role in import of inter-membrane space proteins.
CPX-154	BUB1-BUB3 complex	BUB1;BUB3	Present throughout the cell cycle, this complex promotes spindle assembly checkpoint signalling. The spindle checkpoint ensures accurate chromosome segregation by sending a signal from an unattached kinetochore to inhibit anaphase onset. BUB3 localizes and binds to to kinetochore protein SPC105 via its phosphorylated MELT motif (a motif conforming to the consensus M-[E/D]-[L/I/V/M]-T). The presence of BUB1 positively contributes to the interaction by reducing the BUB3-SPC105 binding affinity.
CPX-161	FZO1-MGM1-UGO1 complex	FZO1;MGM1;UGO1	Spans the outer and inner membranes of mitochondria and mediates fusion of membranes. Required to control mitochondria shape, maintain mitochondrial DNA and plays a role in mitochondrial membrane fusion.
CPX-162	Dehydrodolichyl diphosphate synthase complex variant RER2	NUS1;RER2	One of two complexes involved in dolichol synthesis. An essential part of the dolichol monophosphate biosynthetic machinery; creates dehydrodolichyl diphosphate (Dedol-PP), a precursor of dolichol, by adding multiple isopentenyl pyrophosphates (IPP) to farnesyl pyrophosphate (FPP). Predominate product is 16 IPP units.
CPX-166	Dehydrodolichyl diphosphate synthase complex variant SRT1	NUS1;SRT1	One of two complexes involved in dolichol synthesis. An essential part of the dolichol monophosphate biosynthetic machinery; creates dehydrodolichyl diphosphate (Dedol-PP), a precursor of dolichol, by adding multiple isopentenyl pyrophosphates (IPP) to farnesyl pyrophosphate (FPP). Predominate product is 17-19 IPP units.
CPX-231	Snf1 protein kinase complex variant GAL83	GAL83;SNF1;SNF4	Energy sensor protein kinase complex, activated by glucose depletion. Regulates cellular energy metabolism by activating energy-producing pathways and inhibiting energy-consuming processes via derepression of glucose-repressed genes. Required for the diauxic shift, in which genes required for mitochondrial oxidative metabolism (normally repressed by glucose) are switched on; growth then resumes at a lower rate. Role in filamentous invasive growth, on glucose depletion, in haploid cells. Regulates haploid invasive growth in response to glucose depletion by affecting adherence by antagonizing NRG1- and NRG2-mediated repression of the FLO11 flocculin and adhesin gene. The activity of this complex is modulated by reversible phosphorylation of SNF1 Thr-210 which increases in response to glucose starvation and correlates with large increases in cellular ADP-to-ATP and AMP-to-ATP ratios. Binding of ADP, but not AMP, to the complex protects against dephosphorylation of Thr-210, suggesting that ADP, rather than AMP, may be the critical activating signal. When glucose levels are high, the complex is cytoplasmic. Upon glucose depletion, Gal83-containing SNF1 locates to the nucleus.
CPX-232	Snf1 protein kinase complex variant SIP1	SIP1;SNF1;SNF4	Energy sensor protein kinase complex, activated by glucose depletion. Regulates cellular energy metabolism by activating energy-producing pathways and inhibiting energy-consuming processes via derepression of glucose-repressed genes. Required for the diauxic shift, in which genes required for mitochondrial oxidative metabolism (normally repressed by glucose) are switched on; growth then resumes at a lower rate. The activity of this complex is modulated by reversible phosphorylation of SNF1 Thr-210 which increases in response to glucose starvation and correlates with large increases in cellular ADP-to-ATP and AMP-to-ATP ratios. Binding of ADP, but not AMP, to the complex protects against dephosphorylation of Thr-210, suggesting that ADP, rather than AMP, may be the critical activating signal. When glucose levels are high, the complex is cytoplasmic. Upon glucose depletion, SIP1-containing SNF1 locates to the vacuolar membrane.
CPX-242	FAL1-SGD1 complex	FAL1;SGD1	ATP-dependent RNA helicase complex required for efficient pre-rRNA processing at the A0, A1 and A2 sites necessary for early steps in maturation of the 18S rRNA of the small ribosomal subunit processome complex (CPX-1604).
CPX-297	CMG helicase complex	CDC45	DNA helicase that unwinds or rearranges duplex DNA during replication, recombination and repair. Surrounds the leading strand during DNA replication and recruits the DNA polymerase epsilon complex (CPX-2110) for leading-strand synthesis. CDC45 adds the GINS complex (CPX-1641) onto each MCM2-7 complex (CPX-2944) to form two active CMG helicases that surround each strand of parental DNA. CMG then translocates along single-strand DNA in the 3-prime to 5-prime direction for bidirectional replication. The complex unwinds duplex regions up to 500 bp.
CPX-301	GID E3 ubiquitin ligase complex, GID4 variant	FYV10;GID7;GID8;RMD5;VID24;VID28;VID30	E3 ubiquitin ligase complex that triggers polyubiquitylation and subsequent proteasomal degradation of the gluconeogenic enzymes fructose-1,6-bisphosphatase (P09201), phosphoenolpyruvate carboxykinase (P10963) and cytoplasmic malate dehydrogenase (P22133). The complex functions as the N-recognin of the GID-mediated proteolytic system termed the Pro/N-degron pathway and targets proteins by recognizing their N-terminal Pro residues or a Pro at position 2.
CPX-302	Mitochondrial pyruvate carrier, fermentative isoform	MPC1;MPC2	The fermentative isoform of the mitochondrial pyruvate carrier resides in the mitochondrial inner membrane and mediates uptake of pyruvate into the mitochondrion during growth on fermentable carbon sources such as glucose.
CPX-303	Mitochondrial pyruvate carrier, respiratory isoform	MPC1;MPC3	The respiratory isoform of the mitochondrial pyruvate carrier resides in the mitochondrial inner membrane and mediates uptake of pyruvate into the mitochondrion during growth on respiratory carbon sources such as ethanol and glycerol.
CPX-307	Endoplasmic Reticulum Membrane Complex	EMC1;EMC2;EMC3;EMC4;EMC5;EMC6	Required for transfer of phosphatidylserine (PS) from the endoplasmic reticulum to mitochondria. Complex is tethered to the ER and mitochondria through Tom5 (P80967).
CPX-325	Glutathione hydrolase complex	DUG2;DUG3	Glutathione hydrolase/Glutamine Amidotransferase II complex responsible for glutathione degradation. Both DUG2 and DUG3 are depressed under sulfur limitation conditions. Although neither protein alone can cleave glutathione, the complex degrades glutathione by cleaving of the gamma-glutamyl linkage. DUG3 has the GATase activity, while DUG2 probably acts as a scaffold protein, bringing two DUG3 proteins together.
CPX-334	VPS4 complex	VPS4	An AAA-ATPase that is probably the main energy-providing system for the membrane deformation and abscission function of the ESCRT machinery consisting of ESCRT-0 (CPX-1622), -I (CPX-940), -II (CPX-1623), -III (CPX-1624) and -IV (this complex) . Required for the dissociation and recycling of ESCRT-III complex subunits from vesicle and plasma membranes as well as the midbody during the final stages of cytokinesis where it causes constriction of the ESCRT-III polymer and fission of the associated membrane neck. Multiple disassembly reactions are performed until ESCRT-III dissociation has been completed. VPS4 ATPase activity is regulated by a) ESCRT-III interactions with VPS4 which enhance ATP hydrolysis by relieving autoinhibition of the AAA domain and b) binding of the VTA1 homodimers (Q06263) which both promotes VPS4 oligomerization and enhances ATP hydrolysis. Binding of ESCRT-III subunits DID2 (P69771) or VPS60 (Q03390) to the amino-terminal of VTA1 relieves autoinhibition within VTA1 to further enhance stimulation of VPS4 ATP hydrolysis. Binding of IST1 (P53843) to VPS4 negatively regulates VPS4 activity by blocking binding to the ESCRT machinery.
CPX-335	CLB1-CDC28 kinase complex	CDC28;CLB1	Cyclin-dependent protein kinase complex required for the control of the cell cycle at the G2/M (mitosis) transition. Mitotic cyclin-CDKs (M-CDKs) regulate accurate chromosome segregation through mitosis.
CPX-336	CLB3-CDC28 kinase complex	CDC28;CLB3	Cyclin-dependent protein kinase complex required for the control of the cell cycle at the G2/M (mitosis) transition. Mitotic cyclin-CDKs (M-CDKs) regulate accurate chromosome segregation through mitosis.
CPX-337	CLB4-CDC28 kinase complex	CDC28;CLB4	Cyclin-dependent protein kinase complex required for the control of the cell cycle at the G2/M (mitosis) transition. Mitotic cyclin-CDKs (M-CDKs) regulate accurate chromosome segregation through mitosis.
CPX-339	CLB6-CDC28 kinase complex	CDC28;CLB6	Cyclin-dependent protein kinase complex required for the control of the cell cycle during S-phase where it is required to activate DNA replication.
CPX-342	CLN2-CDC28 kinase complex	CDC28;CKS1;CLN2	Cyclin-dependent protein kinase complex required for the control of the cell cycle at the G1/S (start) transition, controlling the trigger of post-Start processes such as spindle pole body duplication, and the initiation of DNA replication. CKS1 is required for activity of CLN-CDC28 complexes. The protein may also play a role in complex stability and substrate recognition.
CPX-361	ATG2-ATG18 complex	ATG18;ATG2	Essential for autophagy during nutrient deprivation, a catabolic process that sequesters undesired cellular material into autophagosomes for delivery to lysosomes for degradation. Contributes to nutrition homeostasis and damage control in eukaryotic cells. Functions at a late step of autophagosome formation for efficient completion of sequestration, probably through facilitating recruitment of ATG8-phosphatidylethanolamine (PE) to the preautophagosomal structure (PAS) and/or its protection from deconjugation by ATG4.
CPX-384	CBP3-CBP6 complex	CBP3;CBP6	Role in both the efficient synthesis of cytochrome b and protection of the newly synthesized protein from proteolysis. Associates with mitochondrial ribosomes at the polypeptide tunnel exit and is necessary for efficient translation of cytochrome b transcript. Also interacts directly with newly synthesized cytochrome b in an assembly intermediate that is not ribosome bound and coordinates cytochrome b synthesis with mitochondrial electron transport complex III (CPX-567) assembly.
CPX-385	CFD1-NBP35 Fe-S cluster assembly complex	CFD1;NBP35	Scaffold complex that assembles nascent FeS clusters as part of the iron-sulfur cluster (ISC) assembly system, for transfer to FeS-requiring enzymes. NBP35 appears to bind the major portion of FeS clusters in the complex whereas CFD1 enhances this binding and drives the release of FeS to target apo-FeS proteins. The complex appears to have low level ATPase activity.
CPX-386	TAH18-DRE2 complex	DRE2;TAH18	Protein complex that supplies reducing equivalents to the early steps of the cytosolic Fe-S assembly (CIA) pathway and also functions in ribonucleotide reductase cluster assembly, potentially also supplying reducing equivalents to the di-iron cluster. Electrons from NADPH are transferred via FAD and FMN, the two flavin cofactors in TAH18, to the Fe-S cluster(s) in DRE2, which subsequently deliver the electrons to proteins in the CIA pathway and RNR2 (P09938).
CPX-393	Phosphopantothenoylcysteine decarboxylase complex	CAB3;SIS2;VHS3	Catalyses the third step of the coenzyme A (CoA) biosynthetic pathway, namely the decarboxylation of 4'-phosphopantothenoylcysteine to form 4′-phosphopantetheine. May potentially be part of a larger Coenzyme A-synthesizing protein complex (CPX-396) but this is not yet clear. The synthesis of CoA involves the phosphorylation of pantothenate (vitamin B5) to 4'-phosphopantothenate, to which a cysteine is then added to form 4'-phospho-N-pantothenoylcysteine (PCC). PPC is decarboxylated to 4'-phosphopantetheine by phosphopantothenoylcysteine decarboxylase (this complex). 4'-phosphopantetheine is adenylylated to form dephospho-CoA which is then phosphorylated to form coenzyme A.
CPX-396	Coenzyme A-synthesizing protein complex	CAB2;CAB3;CAB4;CAB5	Catalyses multiple steps in the coenzyme A (CoA) biosynthetic pathway, with the CAB3 protein potentially acting as a scaffold to which other enzymes bind. This may be a larger complex, also incorporating the Phosphopantothenoylcysteine decarboxylase complex (CPX-393) but this is not yet clear. The synthesis of CoA involves the phosphorylation of pantothenate (vitamin B5) to 4'-phosphopantothenate, to which a cysteine is then added to form 4'-phospho-N-pantothenoylcysteine (PCC). PPC is decarboxylated to 4'-phosphopantetheine by phosphopantothenoylcysteine decarboxylase (CPX-393). 4'-phosphopantetheine is adenylylated to form dephospho-CoA which is then phosphorylated to form coenzyme A.
CPX-397	Atg17-Atg31-Atg29 complex	ATG17;ATG29;ATG31	Scaffolding complex required for the assembly of the preautophagosomal structure (PAS), the first step of autophagosome formation. Constructively present under both growing and starvation conditions. Under conditions of nutrient starvation, it forms a complex with ATG1 and ATG13 to enhance the kinase activity of ATG1 (CPX-1676).
CPX-416	Glutamyl-tRNA(Gln) amidotransferase complex	GTF1;HER2;PET112	Generates glutaminyl-tRNA(Gln) in the mitochondrion. Cytosolic glutamyl-tRNA synthetase (ERS) is imported into mitochondria, where it constitutes the mitochondrial nondiscriminating ERS that generates the mitochondrial misacylated glutamyl-tRNA(Gln) substrate for the Glutamyl-tRNA(Gln) amidotransferase complex. The reaction takes place in the presence of glutamine and ATP through an activated gamma-phospho-Glu-tRNA(Gln).
CPX-417	Glucosidase II complex	GTB1;ROT2	Glycoprotein-processing enzyme that successively cleaves the innermost two alpha1,3-linked glucose residues from N-linked oligosaccharides in the endoplasmic reticulum during glycoprotein biogenesis. The enzyme has dual activity, cleaving two alpha1,3-linked glucose residues in succession from Glc2Man9GlcNAc2 (G2M9) to Glc1Man9GlcNAc2 (G1M9) (cleavage-1), and then to Man9GlcNAc2 (M9) (cleavage-2). G1M9 plays a key role in glycoprotein quality control in the ER, because it is a primary ligand of the lectin chaperones calnexin (CNX) and calreticulin (CRT). Therefore, the cleavage-2 activity provides an exit for correctly folded glycoproteins from the CNX/CRT cycle, while the cleavage-1 activity provides an entry for immature glycoproteins into the cycle.
CPX-418	MTQ2-TRM112 eRF1 methyltransferase complex	MTQ2;TRM112	S-adenosylmethionine-dependent methyltransferase responsible for methylating Gln-182 present in the conserved GGQ motif of the eRF1 subunit of the class 1 peptide chain release factor eRF1-eRF3 complex. Methylation occurs in the presence of GTP. This terminates the translation of nascent peptides in response to the termination codons UAA, UAG and UGA. Uses S-adenosyl L-methionine as methyl donor.
CPX-422	DNA replication factor C complex, ELG1 variant	ELG1;RFC2;RFC3;RFC4;RFC5	DNA-dependent ATPase clamp-unloader complex that acts to remove PCNA (P15873, CPX-544) remaining on DNA after the completion of DNA replication and repair during the S phase of the cell cycle. The complex binds to DNA-loaded PCNA to induce opening of the PCNA ring, leading to the release of ELG1-RFC bound-PCNA.Role in sister chromatid cohesion, unloading both unmodified and SUMOylated PCNA from DNA following replication. This is a genome-wide process and follows Okazaki fragment ligation.
CPX-425	Elongation Factor eEF1 complex, variant TEF4	EFB1;TEF1;TEF4	Transports an aminoacylated-tRNA (aa-tRNA) to the ribosomal A-site during the elongation phase of protein synthesis. GTP bound to eEF1A (TEF1/2) is hydrolyzed upon codon-anticodon match between an aa-tRNA in the ribosomal RNA A-site and mRNA bound to the ribosome. Inactive eEF1A-GDP leaves the ribosome and must be recycled to eEF1A-GTP before binding another molecule of aa-tRNA. The guanine nucleotide exchange factor eEF1B catalyzes the exchange of GDP for GTP.
CPX-426	PAN1 actin cytoskeleton-regulatory complex	END3;PAN1;SLA1	Actin cytoskeleton-regulatory complex which is believed to be required for the internalization of endosomes during actin-coupled endocytosis. The complex links the site of endocytosis to the cell membrane-associated actin cytoskeleton, coordinating ARP2/3 stimulation at the later stages of endocytosis. Present in the late endocytic coat.
CPX-427	Eukaryotic translation initiation factor 2 complex	GCD11;SUI2;SUI3	Delivers initiator methionyl-tRNA to the 40S ribosomal subunit in a eukaryotic translation initiation factor 2 (eIF2).GTP.Met-tRNA(Met) ternary complex. The resulting 43S complex, which also includes eIF3 and eIF1A, binds at or near the 5-prime end of capped eukaryotic messenger RNAs. Recognition of the AUG codon translational start site is accompanied by GTP hydrolysis (stimulated by the eIF5 complex), which releases Met-tRNA to the ribosomal peptidyl site and converts eIF2-GTP to eIF2-GDP. Binding of nucleotide exchange factor eIF2B complex (CPX-429) replaces GDP again for GTP. This activity is inhibited when phosphorylated eIF2 (alpha subunit) binds to eIF2B. Phosphorylation of eIF2 occurs in response to nutrient starvation and thus prevents further protein synthesis.
CPX-429	Eukaryotic translation initiation factor 2B complex	GCD1;GCD2;GCD6;GCD7;GCN3	Plays a critical regulatory role in eukaryotic translation initiation. Acts as a guanine nucleotide exchange factor (GEF) catalyzing the exchange of GDP on eIF2-GDP for GTP, thus reactivating eIF2 (CPX-427) and allowing subsequent rounds of translation initiation. This activity is inhibited by the when phosphorylated eIF2 (alpha subunit) binds to eIF2B. Phosphorylation of eIF2 occurs in response to nutrient starvation and thus prevents further protein synthesis. eIF2B also acts as a GDP dissociation inhibitor (GDI) displacement factor that can recruit eIF2 from the eIF2.GDP/eIF5 GDI complex prior to GEF action.
CPX-430	Eukaryotic translation initiation factor 4F complex, variant TIF4631	CDC33;TIF1;TIF4631	Binds the 5-prime cap of messenger RNAs to recruit mRNA to the ribosome during translation initiation. During cap-dependent translation, eIF4G1 (TIF4631) brings the 5' end of the mRNA in proximity with the helicase eIF4A (TIF1,TIF2) through interactions with eIF4E (CDC33). Facilitates 48S pre-initiation complex formation through interaction with eIF3 (CPX-1831) in the 43S pre-initiation complex. The relatively weak helicase activity of eIF4A is presumed to be required for unwinding mRNA secondary structures. The poly(A) binding protein PAB1 can bind to eIF4G1 act to stimulate cap-dependent translation initiation, even in the absence of a poly(A) tail.
CPX-431	Eukaryotic translation initiation factor 4F complex, variant TIF4632	CDC33;TIF1;TIF4632	Binds the 5-prime cap of messenger RNAs to recruit mRNA to the ribosome during translation initiation. During cap-dependent translation, eIF4G2 (TIF4632) brings the 5' end of the mRNA in proximity with the helicase eIF4A (TIF1,TIF2) through interactions with eIF4E (CDC33). Facilitates 48S pre-initiation complex formation through interaction with eIF3 (CPX-1831) in the 43S pre-initiation complex. The relatively weak helicase activity of eIF4A is presumed to be required for unwinding mRNA secondary structures. The poly(A) binding protein PAB1 can bind to eIF4G2 act to stimulate cap-dependent translation initiation, even in the absence of a poly(A) tail.
CPX-435	ERF1-ERF3 translation release factor complex	SUP35;SUP45	Required for the termination of protein synthesis which occurs when one of three stop codons (UAA, UAG or UGA) enters the ribosomal A site. eRF1 stimulates GTP binding to eRF3, inducing the GTPase activity of eRF3 that couples codon recognition and eRF1 peptidyl-tRNA hydrolysis to ensure rapid and efficient peptide release from the ribosome.
CPX-465	DOM34-HBS1 ribosome dissociation complex	DOM34;HBS1	Mediates dissociation of inactive 80S ribosomes associated in a non-translating, inactive pool, for example following stress-induced global shut-down of translation. Binds to the ribosomal A site. GTP hydrolysis, dissociation of HBS1 and accommodation of DOM34 in the ribosome, results in the binding of RLI1 (Q03195) followed by ATP-dependent subunit dissociation. Also plays a role in RNA quality control in No-Go decay, releasing ribosomes that are stalled at the 3'-end of mRNAs lacking a termination codon.
CPX-473	TOM40 mitochondrial outer membrane translocase core complex	TOM22;TOM40;TOM5;TOM6;TOM7	Core cation-selective high-conductance channel of the mitochondrial outer membrane preprotein translocase, through which nuclear-encoded precursor proteins cross the membrane in an unfolded state. Most mitochondrial proteins are synthesized in the cytosol, imported into mitochondria, sorted to one of the four submitochondrial compartments, where they function, and attain their functional native conformation, which is often facilitated by assembly into the membrane or a multiprotein complex. The existance of this core complex may be an artefact of the purification process but yeast cells lacking the receptor subunits (TOM20 and TOM70) are viable and import proteins at a reduced rate into the mitochondria.
CPX-474	TOM40 mitochondrial outer membrane translocase holocomplex	TOM20;TOM22;TOM40;TOM5;TOM6;TOM7;TOM70	Translocase in the outer mitochondrial membrane that mediates the import of precursor protein and mediates inset of some resident outer membrane proteins. Most mitochondrial proteins are synthesized in the cytosol, imported into mitochondria, sorted to one of the four submitochondrial compartments, where they function, and attain their functional native conformation, which is often facilitated by assembly into the membrane or a multiprotein complex. The holo TOM complex contains two or three pores, each of which has a diameter of approximately 20A. When translocation by the TOM complex is coupled with that by the TIM23 or TIM22 complex, the TOM channel can operate as a passive pore to allow passage of the polypeptide segment, which is `pulled' by the TIM complex with the aid of differenial membrane potential and/or ATP. When translocation is uncoupled from the inner-membrane translocators, the TOM complex uses both the stop-transfer pathway, which consists of two steps, the first requiring a membrane potential and an ATP-dependent chaperone mHsp70, and a second mechanism involving the folding of an N-terminal domain that has already crossed the outer membrane and can function as a trap in the intermembrane space to drive translocation of the C-terminal part of the protein by a Brownian ratchet mechanism.
CPX-532	Adaptor complex AP-1	APL2;APL4;APM1;APS1	Plays a central role in clathrin-coated vesicle formation by coupling coat assembly and cargo collection. Binds short linear motifs on cargo proteins and incorporates them into the clathrin coat of forming vesicles. Mediates the bi-directional transfer of membrane proteins between the trans-Golgi network and the early endosome. Related complexes AP-1 and AP-1R (CPX-533) differ only in the mu chain and sort different cargoes: for example, only AP-1 binds and transports chitin synthase 3 (CHS3, P29465) and the salt stress-induced hydrophobic SNA2 protein (P56508).
CPX-533	Adaptor complex AP-1R	APL2;APL4;APM2;APS1	Plays a central role in clathrin-coated vesicle formation by coupling coat assembly and cargo collection. Binds short linear motifs on cargo proteins and incorporates them into the clathrin coat of forming vesicles. Mediates the bi-directional transfer of membrane proteins between the trans-Golgi network and the early endosome. Related complexes AP-1 (CPX-532) and AP-1R differ only in the mu chain and sort different cargoes: for example, only AP-1R binds Yfl034w (P43564), a predicted serine hydrolase that is required for APM2-dependent sorting processes and has a role in recruiting APM2 to membranes.
CPX-534	Adapter complex AP-2	APL1;APL3;APM4;APS2	Probably acts in a clathrin-independent protein sorting pathway. Found at the plasma membrane.
CPX-535	Adapter complex AP-3	APL5;APL6;APM3;APS3	Probably acts in clathrin-independent traffic of membrane proteins from the Golgi apparatus to vacuoles.
CPX-536	cAMP-dependent protein kinase complex variant 1	BCY1;TPK1	Inactive form of the cAMP-dependent protein kinase which assembles when cAMP concentrations are low. Exists as a tetramer composed of two catalytic subunits and two regulatory subunits. When cAMP concentrations are high, the nucleotide binds to the inhibitory BCY1 subunits, causing dissociation from, and activation of, the catalytic subunits.
CPX-537	cAMP-dependent protein kinase complex variant 2	BCY1;TPK2	Inactive form of the cAMP-dependent protein kinase which assembles when cAMP concentrations are low. Exists as a tetramer composed of two catalytic subunits and two regulatory subunits. When cAMP concentrations are high, the nucleotide binds to the inhibitory BCY1 subunits, causing dissociation from and activation of the catalytic subunits.
CPX-544	PCNA homotrimer	POL30	Role in DNA replication, repair, cell-cycle control, and chromatin remodeling. Exists as a double back-to-back homotrimeric ring which encircles double-stranded DNA and slides spontaneously across it. Loaded onto at template-primer junctions synthesized on unwound DNA during S phase in an ATP-dependent process by replication factor C (CPX-545), where it recruits replicative DNA polymerases and stimulates their activity. The process of chromatin assembly is tightly coupled to DNA replication or repair and the double homotrimer allows DNA polymerase delta to binds to one homotrimer whilst the chromatin assembly factor-1 CNOT7 binds to the other.
CPX-545	DNA replication factor C complex, RFC1 variant	RFC1;RFC2;RFC3;RFC4;RFC5	DNA-dependent ATPase that functions with PCNA (CPX-544) to confer processivity on DNA polymerase delta. RFC uses the energy of ATP binding and hydrolysis to recruit PCNA to DNA, break one clamp interface, and topologically link the clamp to primed template DNA during the duplication of chromosomal DNA prior to cell division. After loading PCNA, RFC then dissociates, allowing PCNA to function with Pol-delta
CPX-548	NDC80 complex	NDC80;NUF2;SPC24;SPC25	Crucial for the stable kinetochore-microtubule attachments that are needed to sustain the centromere tensions involved in achieving proper chromosome alignment in eukaryotic cells, with a role in chromosome alignment and microtubule-dependent control of MAD1/MAD2 and dynein complexes at kinetochores. Loss-of-function mutation of any of 4 subunits in yeast causes disrupted kinetochore-microtubule binding and inactivation of the spindle checkpoint, leading to high rate of chromosome loss.
CPX-554	6-phosphofructokinase complex	PFK1;PFK2	Catalyzes the phosphorylation of fructose 6-phosphate to fructose 1,6-bisphosphate in the presence of MgATP, the first irreversible step for glycolysis. The enzyme is stablilized in the presence of Fructose 6-P and exhibits cooperative binding of Fructose 6-P. Its activity is controlled by many allosteric activators and inhibitors (including ATP), showing its crucial role in regulation of glycolytic flux. The enzyme can exist in either the active R-state or inhibited T-state. The effectors either modulate the affinity of Pfk for Fructose 6-P or overcome inhibitory effects. Pfk is an octamer composed of 4 alpha and 4 beta subunits.
CPX-558	Mitochondrial isocitrate dehydrogenase complex (NAD+)	IDH1;IDH2	A tricarboxylic acid cycle enzyme which catalyzes the conversion of threo-Ds-isocitrate to alpha-ketoglutarate and carbon dioxide, important for regulatory control of mitochondrial energy metabolism. Allosterically regulated, activated by citrate and ADP, inhibited by ATP and NADH. Binds specifically and with high affinity to 5'-untranslated regions of yeast mitochondrial mRNAs.
CPX-565	Mitochondrial respiratory chain complex II	SDH1;SDH2;SDH3;SDH4	Key role in aerobic respiration, in which mitochondrial enzymes accept electrons from electron carriers reduced in glycolysis and the tricarboxylic acid cycle. Catalyzes the oxidation of succinate to fumarate as part of tricarboxylic acid cycle and and transfers the electrons to coenzyme Q of the respiratory chain to form ubiquinol. Under most conditions the electrons are used to reduce oxygen, allowing ATP synthesis. SDH1 and SDH2 form the catalytic dimer that is anchored to the matrix surface of the mitochondrial inner membrane by SDH3 and SDH4, integral membrane proteins of the membrane dimer. Electrons flow from succinate to the FAD, and sequentially through the [2Fe:2S], the [4Fe:4S], and the [3Fe:4S] clusters. From there, electrons enter the membrane dimer which contains a b-type heme and the active site for ubiquinone reduction.
CPX-567	Mitochondrial respiratory chain complex III	COB;COR1;CYT1;QCR10;QCR2;QCR6;QCR7;QCR8;QCR9;RIP1	Key role in aerobic respiration, in which mitochondrial enzymes accept electrons from electron carriers reduced in glycolysis and the tricarboxylic acid cycle. Ubiquinol-cytochrome c reductase pumps protons into the intermembrane space, creating an electrochemical gradient. This is achieved by oxidizing ubiquinol (ubihydroquinone) which reacts from the membrane phase, reducing cytochrome c in the intermembrane space, and using the free energy change to transport H+ ions across the membrane from the matrix to the inter membrane space. Quinol oxidation occurs in a bifurcated reaction, in which one electron is transferred to a high potential chain and the other to a low potential chain. The high potential chain, consisting of the iron sulfur protein, cyt c1 and cyt c2, transfers the first electron from quinol to an acceptor (cytochrome oxidase). The low potential chain consists of two cyt b hemes, which serve as a pathway through which electrons are transferred across the coupling membrane.
CPX-568	Chromatin assembly factor 1 complex	CAC2;MSI1;RLF2	Catalyzes de novo assembly of nucleosomes onto newly synthesized DNA, involved in chromatin assembly following both DNA replication and some forms of DNA repair. Binds modified histones H3 and H4 and deposits them as a tetramer, preferentially onto replicating DNA, in a step coupled to the replication process. This is followed by deposition of a pair of dimers of histones H2A and H2B mediated by other factor(s) in a process not necessarily coupled to DNA replication. The histone core of nucleosomes consists of two copies of each of histones H2A, H2B, H3 and H4. CAF-1 nucleosome deposition is thought to be involved in heterochromatic silencing. CAF-1 is not required for yeast cell proliferation, suggesting other pathway(s) can compensate.
CPX-571	cAMP-dependent protein kinase complex variant 3	BCY1;TPK3	Inactive form of the cAMP-dependent protein kinase which assembles when cAMP concentrations are low. Exists as a tetramer composed of two catalytic subunits and two regulatory subunits. When cAMP concentrations are high, the nucleotide binds to the inhibitory BCY1 subunits, causing dissociation from and activation of the catalytic subunits.
CPX-572	cAMP-dependent protein kinase complex variant 4	BCY1;TPK1;TPK2	Inactive form of the cAMP-dependent protein kinase which assembles when cAMP concentrations are low. Exists as a tetramer composed of two catalytic subunits and two regulatory subunits. When cAMP concentrations are high, the nucleotide binds to the inhibitory BCY1 subunits, causing dissociation from and activation of the catalytic subunits.
CPX-573	cAMP-dependent protein kinase complex variant 5	BCY1;TPK1;TPK3	Inactive form of the cAMP-dependent protein kinase which assembles when cAMP concentrations are low. Exists as a tetramer composed of two catalytic subunits and two regulatory subunits. When cAMP concentrations are high, the nucleotide binds to the inhibitory BCY1 subunits, causing dissociation from and activation of the catalytic subunits.
CPX-574	cAMP-dependent protein kinase complex variant 6	BCY1;TPK2;TPK3	Inactive form of the cAMP-dependent protein kinase which assembles when cAMP concentrations are low. Exists as a tetramer composed of two catalytic subunits and two regulatory subunits. When cAMP concentrations are high, the nucleotide binds to the inhibitory BCY1 subunits, causing dissociation from and activation of the catalytic subunits.
CPX-575	Ste12/Dig1/Dig2 transcription regulation complex	DIG1;DIG2;STE12	Translational repressor complex which binds to the pheromone response elements (PREs; TGAAACR) in mating gene promoters. Upon pheromone stimulation, Fus3 MAPK (P16892) phosphorylates members of the Ste12 complex leading to dissociation and/or conformational change of the complex and to relief of Ste12 repression.
CPX-576	Tec1/Ste12/Dig1 transcription regulation complex	DIG1;STE12;TEC1	Translational repressor complex which binds to the filamentation response elements (FREs) on filamentous growth-specific target genes and, at much lower levels, at the pheremone response elements (PREs) of mating genes. Upon pheromone stimulation, Fus3 MAPK (P16892) phosphorylates members of the Ste12 complex leading to dissociation and/or conformational change of the complex and to relief of Ste12 repression.
CPX-579	Carbamoyl-phosphate synthase arginine-specific	CPA1;CPA2	Carbamoyl-phosphate synthase is a heterodimer consisting in the CPA1 and CPA2 subunits. CPS catalyzes the formation of carbamoyl phosphate from the ammonia moiety of glutamine, carbonate, and phosphate donated by ATP, as the first step in biosynthetic pathway leading to formation of arginine and/or urea. The small subunit (glutamine amidotransferase) binds and cleaves glutamine and the large subunit (synthetase) accepts the ammonia moiety cleaved from glutamine, binds all of the remaining substrates, and carries out all of the other catalytic events.
CPX-580	mRNA capping enzyme complex	CEG1;CET1	Catalyzes the first step in mRNA cap formation. Consists of two subunits: an RNA 5'-triphosphatase (RTPase) and GTP:mRNA guanylyltransferase (GTase). The GTase subunit (CEG1) binds to the phosphorylated carboxyl-terminal domain of the largest subunit (CTD-P) of RNA polymerase II, coupling capping with transcription. CEG1 bound to the CTD-P is inactive unless allosterically activated by interaction with the RTPase subunit (CET1). CET1 removes the gamma-phosphate from the 5' end of the RNA substrate to leave a diphosphate end. CEG1 subsequently transfers the GMP moiety of GTP to the 5' end of RNA via an enzyme-GMP covalent reaction intermediate to form the structure GpppN1-.mRNA.
CPX-581	Casein kinase II complex, CKA1-CKA2 variant	CKA1;CKA2;CKB1;CKB2	Serine/threonine-protein kinase complex involved in regulation of cell cycle progression, presumably through phosphorylation of target proteins. CK2 may also have role(s) in inhibiting apoptosis. Phosphorylates serine or threonine residues proximal to acidic amino acids (consensus Ser-Xaa-Xaa-Acidic where acidic residue may be Glu, Asp, pSer or pTYr). Thought to be a dual-specificity kinase in yeast, also able to phosphorylate tyrosine residues, although with less favourable kinetic parameters. ATP or GTP can serve as a phosphate donor. Disruption of CKA1 or CKA2 is not lethal, but disruption of both is synthetic lethal. CKA1 and CKA2 functional overlap is not complete, as yeast with temperature sensitive alleles of CKA1 or CKA2 display distinct phenotypes and different combinations of CKA subunits affect substrate specificity and sub-cellular localization. Disruption of CKB1 or CKB2 causes sensitivity to NaCl and LiCl. Disruption of both CKB1 and CKB2 is not synthetic lethal, although the regulatory subunits are responsible for the structural integrity of the holoenzyme. Much of CK2B is phosphorylated on autophosphorylation site and also in a cell cycle-dependent manner.
CPX-582	Trehalose-6-phosphate synthase/phosphatase complex, tps3 variant	TPS1;TPS2;TPS3	Catalyzes the production of trehalose from glucose-6-phosphate and UDP-glucose in a two step process. The Tps1 subunit is a trehalose-6-phosphate synthase (TPS) and catalyses the production of alpha,alpha-trehalose 6-phosphate from UDP-glucose and D-glucose 6-phosphate. Tps2 acts as a trehalose-6-phosphate phosphatase (TPP) to release trehalose as a final product. Tsp3 is a regulatory subunit appearing to be phosphorylated by PKA during stress recovery.
CPX-583	Trehalose-6-phosphate synthase/phosphatase complex, tsl1 variant	TPS1;TPS2;TSL1	Catalyzes the production of trehalose from glucose-6-phosphate and UDP-glucose in a two step process. The Tps1 subunit is a trehalose-6-phosphate synthase (TPS) and catalyses the production of alpha,alpha-trehalose 6-phosphate from UDP-glucose and D-glucose 6-phosphate. Tps2 acts as a trehalose-6-phosphate phosphatase (TPP) to release trehalose as a final product. Tsl1 is a regulatory subunit and may act to stabilize the complex.
CPX-588	Calcineurin complex variant 1	CNA1;CNB1	A Ca2+/calmodulin-regulated Ser/Thr protein phosphatase, highly conserved through evolution and a critical component of Ca2+-regulated signaling in a wide range of unicellular and multicellular eukaryotes. Calcineurin is a heterodimer containing a catalytic (A) subunit complexed with an essential regulatory (B) subunit. Calcineurin function requires interaction of both subunits. The catalytic subunit contains an active site dinuclear metal center. The regulatory subunit is tightly associated, myristoylated and binds Ca2+ via four Ca2+-binding EF-hand motifs. Two redundant genes, CNA1 and CNA2, encode the catalytic subunit and their expression is regulated in a cell cycle-dependent manner. In the yeast, Ca2+ signaling mediated by calcineurin, is required for survival during environmental stress. One role of the phosphatase under these conditions is to activate gene expression through its regulation of the CRZ1 (P53968) transcription factor. Calcineurin controls many other physiological processes in yeast, including cell cycle progression, cation homeostasis, morphogenesis, establishment of cell polarity and regulation of cell wall biosynthesis. Cells deficient for calcineurin are unable to survive pheromone-induced G1 arrest. When mobilization of internal calcium stores occurs, the catalytic subunit is bound by Ca2+-calmodulin and the active site is freed by displacement of the autoinhibitory domain.
CPX-590	Calcineurin complex variant 2	CMP2;CNB1	A Ca2+/calmodulin-regulated Ser/Thr protein phosphatase, highly conserved through evolution and a critical component of Ca2+-regulated signaling in a wide range of unicellular and multicellular eukaryotes. Calcineurin is a heterodimer containing a catalytic (A) subunit complexed with an essential regulatory (B) subunit. Calcineurin function requires interaction of both subunits. The catalytic subunit contains an active site dinuclear metal center. The regulatory subunit is tightly associated, myristoylated and binds Ca2+ via four Ca2+-binding EF-hand motifs. Two redundant genes, CNA1 and CNA2, encode the catalytic subunit and their expression is regulated in a cell cycle-dependent manner. In the yeast, Ca2+ signaling mediated by calcineurin, is required for survival during environmental stress. One role of the phosphatase under these conditions is to activate gene expression through its regulation of the CRZ1 (P53968) transcription factor. Calcineurin controls many other physiological processes in yeast, including cell cycle progression, cation homeostasis, morphogenesis, establishment of cell polarity and regulation of cell wall biosynthesis. Cells deficient for calcineurin are unable to survive pheromone-induced G1 arrest. When mobilization of internal calcium stores occurs, the catalytic subunit is bound by Ca2+-calmodulin and the active site is freed by displacement of the autoinhibitory domain.
CPX-599	Nuclear/nucleolar exosome complex, DIS3-RRP6 variant	CSL4;DIS3;MTR3;RRP4;RRP40;RRP42;RRP43;RRP45;RRP46;RRP6;SKI6	3' to 5' exo- and endoribonuclease complex that is involved in RNA maturation and degradation which include the removal of unstable and aberrant transcripts and may also regulate the levels of specific transcripts in response to environmental factors. Restricted to processing linear and circular single-stranded RNAs only. RNAs with complex secondary structures, particularly at the 3' end of the molecule, may have to be unwound or pre-processed by co-factors prior to entering the complex. Although some RNAs may be targeted directly to the catalytic subunits, the majority of substrates enter the barrel-like structure of the exosome through a pore at the centre of the cap and are threaded through the central channel in a 3' to 5' orientation. The ribonuclease activity of the catalytic subunits facilitates the degradation process. Two different exosomes exist in yeast, one found in the nucleus and nucleolus (this complex), the other form is lacking the RRP6 subunit and is found in the cytosol (CPX-603). The nuclear/nucleolar RNA exosome is involved in a) proper maturation of most RNA species such as intron-removal from pre-mRNAs and tRNA precursors and rRNA, snRNA, snoRNA, lncRNA and enhancer RNA processing, especially the removal of their 3-prime ends, b) the elimination of RNA processing by-products and non-coding, cryptic transcripts, such as upstream antisense RNA species (uaRNA), enhancer RNAs (eRNAs), heterochromatin-forming repetitive elements (ribosomal DNA repeats and centromeres) and long non-coding RNAs, c) the elimination of mRNAs with processing defects and mRNAs that fail to undergo proper splicing or 3′ end formation and d) gene expression either by mRNA processing or coordination of intron retention leading to regulation of decay of otherwise intact mRNAs. Nuclear exosome activity therefore limits or excludes export of target RNAs to the cytoplasm. Possibly also involved in the degradation of mRNAs with defects in their co-transcriptional packaging into ribonucleoprotein particles (mRNPs), retention of aberrant transcripts on the chromatin and transcription termination or DNA damage repair processes.
CPX-603	Cytoplasmic exosome complex, DIS3 variant	CSL4;DIS3;MTR3;RRP4;RRP40;RRP42;RRP43;RRP45;RRP46;SKI6	3-prime to 5-prime exo- and endoribonuclease complex that is involved in RNA maturation and degradation which include the removal of unstable and aberrant transcripts and may also regulate the levels of specific transcripts in response to environmental factors. Restricted to processing linear and circular single-stranded RNAs only. RNAs with complex secondary structures, particularly at the 3-prime end of the molecule, may have to be unwound or pre-processed by co-factors prior to entering the complex. Although some RNAs may be targeted directly to the catalytic subunit, the majority of substrates enter the barrel-like structure of the exosome through a pore at the centre of the cap and are threaded through the central channel in a 3-prime to 5-prime orientation. The ribonuclease activity of the catalytic subunit facilitates the degradation process. Two different exosomes exist in yeast, one found in the nucleus and nucleolus (CPX-599), the other form is lacking the RRP6 (Q12149) subunit and is found in the cytosol (this complex). The cytoplasmic RNA exosome is involved in general mRNA turnover (esp of Polymerase III transcripts) and specifically degrades inherently unstable mRNAs containing AU-rich elements (AREs) within their 3-prime untranslated regions and cytoplasmic rRNAs that have undergone polyadenylation. Degrades mRNAs subject to RNA interference and is involved in the following mRNA decay pathways: mRNAs with premature termination codons (PTCs; the nonsense mediated decay (NMD) pathway), ones lacking termination codons altogether (the non-stop decay (NSD) pathway) and ones where ribosomes stall (the no-go decay (NGD) pathway). May be involved in degradation of histone mRNA.
CPX-607	Actin-related protein 2/3 complex	ARC15;ARC18;ARC19;ARC35;ARC40;ARP2;ARP3	Assembles branched actin networks capable of generating protrusive force and resisting mechanical deformation by stimulating new filament growth from the side of existing actin filaments associated with regions of the plasma membrane. Purified Arp2/3 complex is inactive but stimulates rapid actin polymerization in the presence of activator proteins, the most potent type being the VCA (Verprolin, cofilin, acidic) domain-containing Wiskott-Aldrich syndrome protein (WASP) family members. The Arp2/3 complex appears to bind VCA and an existing actin filament in a cooperative manner. Upon activation, ARP2 and ARP3 move into the side-by-side arrangement of consecutive actin subunits along the short pitch helical axis of an actin filament, mimicking a filamentous actin dimer and creating a template for new filament assembly. The process appears to be ATP-dependent.
CPX-609	Signal recognition particle	SEC65;SRP14;SRP21;SRP54;SRP68;SRP72	A conserved ribonucleoprotein particle, which includes in its structure a small cytoplasmic RNA (scRNA). In co-translational targeting of membrane and secretory proteins, SRP recognizes signal sequences as soon as they emerge from the ribosomal polypeptide exit tunnel and binds to the ribosome-nascent chain complex (RNC), leading to retardation of peptide elongation. The SRP-RNC complex is targeted to the endoplasmic reticulum (ER) membrane by interaction with the SRP receptor (SR). After docking to the membrane, the RNC is transferred to the protein-conducting channel, the translocon, and protein synthesis continues. The SRP-SR complex dissociates from the ribosome and, as a result of GTP hydrolysis, SRP and SR dissociate from each other. The genes encoding scR1 and SRP54 are not essential for growth, although SRP-deficient cells grow poorly, suggesting that an alternative, SRP-independent targeting pathway(s) to the ER membrane exists.
CPX-636	ISW1b chromatin remodeling complex	IOC2;IOC4;ISW1	ATP-dependent chromatin remodeling complex, however ISW1b has a low affinity for nucleosomes resulting in a loss of nucleosome spacing and sliding activities. Appears to play a role in response to increases in temperature and is required for the transcriptional repression of a number of genes, this set differs from those repressed by ISW1a (CPX-637) with which it shares a catalytic subunit.
CPX-637	ISW1a chromatin remodeling complex	IOC3;ISW1	ATP-dependent chromatin remodeling complex which modulates the structure of chromatin to regulate a variety of cellular processes, including DNA replication, repair, chromosome segregation and transcription. Slides mononucleosomes from the end to the center of DNA and requires the flexible, acidic patch of the histone H4 tail to efficiently dock its translocase on the nucleosome, for stimulating the ATPase activity and inducing nucleosome mobility. Positions histone octamers in dinucleosomes more specifically than in mononucleosomes. Regularly spaces nucleosomes in vitro every 175 bp. ISW1a bound to 33 bp of extranucleosomal DNA at both entry/exit sites is in an inactive conformation, it becomes activated on binding to extranucleosomal DNA at only one entry/exit site. ISW1a bound to only one extranucleosomal DNA makes a stable contact with nucleosomal DNA two helical turns from the dyad axis, and this interaction is lost when ISW1a is bound to extranucleosomal DNA at both entry/exit sites. Required for the transcriptional repression of a number of genes, this set differs from those repressed by ISW1b (CPX-636) with which it shares a catalytic subunit.
CPX-656	SAGA complex	ADA2;CHD1;GCN5;HFI1;NGG1;SGF11;SGF29;SGF73;SPT20;SPT3;SPT7;SPT8;SUS1;TAF10;TAF12;TAF5;TAF6;TAF9;TRA1;UBP8	A transcriptional co-activator complex with histone acetyltransferase activity. Recruited to gene loci by the interaction of TRA1 with specific transcriptional activators, and the bromodomain of GCN5 binds acetylated H3 and H4 N-terminal tails which potentiates cooperative nucleosome acetylation of histone H3 catalysed by the acetylation module. This opens up the chromatin landscape for binding of additional transcription factors and the pre-initiation complex. The DUB module facilitates elongation through deubiquitination of H2B which allows for the recruitment of the CTK1 kinase (Q03957) and subsequent Ser-2 phosophorylation of the Pol II C-terminal domain.
CPX-684	Mating-type MATalpha2-MATa1 complex	HMRA1;MATALPHA2	Transcriptional repressor with a role in determining the three cell types of Saccharomyces cerevisiae: the a and alpha haploid cells and the a/alpha diploid cell type. Binds to a 21-base pair DNA sequence, the haploid-specific gene (hsg) operator, to repress transcription of haploid-specific genes and of MATALPHA1 (P0CY06).
CPX-692	Mating-type MATalpha2-MCM1 complex	MATALPHA2;MCM1	Transcriptional repressor with a role in determining the three cell types of Saccharomyces cerevisiae: the a and alpha haploid cells and the a/alpha diploid cell type. Binds to a 30- or 31-base-pair (bp) a-specific operator DNA, which contains the pseudosymmetric MCM1 16-bp P-box-binding site flanked on either side by alpha2-binding sites, to repress transcription of a-specific genes.
CPX-693	Mating-type MATalpha1-MCM1 complex	MATALPHA1;MCM1	Transcriptional activator with a role in determining the three cell types of Saccharomyces cerevisiae: the a and alpha haploid cells and the a/alpha diploid cell type. Binds P-primeQ promoter elements to activate the expression of alpha-specific genes.
CPX-695	Adenylyl cyclase complex	CYR1;SRV2	An adenylate cyclase complex probably required for an enhanced response of adenylyl cyclase to activated RAS family members. Adenylyl cyclase catalyzes the synthesis of a second messenger, cAMP.
CPX-728	ISW2 chromatin remodeling complex	DLS1;DPB4;ISW2;ITC1	ATP-dependent chromatin remodeling complex which is required for repression of early meiotic genes during mitotic cell growth. Slides mononucleosomes from the end to the center of DNA and requires the flexible, acidic patch of the histone H4 tail to efficiently dock its translocase on the nucleosome, for stimulating the ATPase activity and inducing nucleosome mobility. Preferentially bind nucleosome substrates containing ~70 bp extranucleosomal DNA at one entry/exit site of the nucleosome. ISW2 interacts with three nucleosomal and extranucleosomal regions. Itc1 and Isw2 bind to the region 2 helical turns from the dyad axis and a region closest to the entry/exit site. Itc1 subunit makes extensive contacts with extranucleosomal DNA. The DPB4 subunit contacts extranucleosomal DNA 37-53 bp away from the entry/exit site of the nucleosome and probably serves as an anchor point for ISW2 on DNA. The DPB4/DLS1 dimer acts to affect the nucleosome spacing activity of the complex, the ability to sense an adjacent nucleosome and to regulate remodeling and may affect the target gene profile it regulates.
CPX-729	Box C/D snoRNA-guided RNP methyltransferase complex	NOP1;NOP56;NOP58;SNU13	Small nucleolar RNA (snoRNA) dependent 2'-O-methyltransferase complex. Upon forming a snoRNP complex with a box C/D snoRNA and other core proteins, FBL transfers a methyl group to the 2'-hydroxyl of the ribose moiety in substrate RNAs. Complex plays a role in pre-rRNA cleavage and in 2'-O-methylation of nucleotides at specific positions in rRNAs, snoRNAs, and other RNAs during maturation. The snoRNA present in the complex guides the site-specific 2'-O-ribose methylation by base pairing with the rRNA for 10 to 21 nucleotides immediately 5' of box D. The residue targeted for methylation in the substrate RNA invariably pairs with the fifth nucleotide upstream of box D in the guide snoRNA. The complex also acts to direct pre-rRNA folding and rRNA processing through base pairing to the rRNA or flanking precursor sequences.
CPX-734	ISW2 chromatin remodeling complex variant 2	ISW2;ITC1	ATP-dependent chromatin remodeling complex which is required for repression of early meiotic genes during mitotic cell growth. Slides mononucleosomes from the end to the center of DNA and requires the flexible, acidic patch of the histone H4 tail to efficiently dock its translocase on the nucleosome, for stimulating the ATPase activity and inducing nucleosome mobility. Preferentially bind nucleosome substrates containing ~70 bp extranucleosomal DNA at one entry/exit site of the nucleosome. ISW2 interacts with three nucleosomal and extranucleosomal regions. ITC1 and ISW2 bind to the region 2 helical turns from the dyad axis and a region closest to the entry/exit site. ITC1 subunit makes extensive contacts with extranucleosomal DNA. The absence of the histone fold dimer DPB4/DLS1 present in variant 1 (CPX-728) appears to alter the target gene profile regulated by this complex, the dimer acts to affect its nucleosome spacing activity, the ability to sense an adjacent nucleosome and to regulate remodeling.
CPX-737	Box H/ACA ribonucleoprotein complex	CBF5;GAR1;NHP2;NOP10	Pseudouridine synthesis complex that converts uridine into pseudouridine at numerous specific sites within ribosomal RNAs (rRNAs) and spliceosomal small nuclear RNAs (snRNAs), isomerizing the uridine such that the ribose is subsequently attached to C5, instead of the normal N1. Pseudouridine residues may serve to stabilize the conformation of rRNAs.
CPX-756	Anaphase-Promoting core complex	APC1;APC11;APC2;APC4;APC5;APC9;CDC16;CDC23;CDC26;CDC27;DOC1;MND2;SWM1	APC, a key regulator of cell cycle progression, is a conserved cullin-RING E3 ubiqutin ligase which facilitates multiubiqutination of cell cycle proteins, including cyclins, so marking them for proteasomal destruction. Generally believed that APC acts as a scaffold that brings E2 enzymes and substrates into close proximity. APC activity is required for metaphase-anaphase transition, mitotic exit, G1 phase and DNA replication. Targets securin for destruction, which is necessary for chromosome segregation. APC seems to have similar function in meiosis. Co-activators, CDC20 and CDH1, associate with APC core complex at specific stages of cell cycle, and are thought to be involved in substrate specificity. APC-Cdc20 (CPX-760) is active in presence of high cyclin-cdk activity in M phase but after metaphase when cyclin-cdk activity decreases, Cdh1 is dephosphorylated, CDC20 is degraded and APC-CDH1 (CPX-761) activated. Ama1 (CPX-762) is meiotic co-activator required for sporulation and contributes to securin degradation and cyclin Clb5 in anaphase of meiosis. All APC co-activators, characterized by the presence of sequence elements, C-box and the IR-tail, that mediate their binding to APC, contain a C-terminal WD40 domain, predicted to fold into a propeller-like structure, believed to recognize APC substrates by interacting with specific recognition elements in substrates, D-boxes and KEN-boxes. Genetic inactivation of APC is lethal.
CPX-760	Anaphase-Promoting Complex, CDC20 variant	APC1;APC11;APC2;APC4;APC5;APC9;CDC16;CDC20;CDC23;CDC26;CDC27;DOC1;MND2;SWM1	APC, a key regulator of cell cycle progression, is a conserved cullin-RING E3 ubiqutin ligase which facilitates multiubiqutination of cell cycle proteins, including cyclins, so marking them for proteasomal destruction. Generally believed that APC acts as a scaffold that brings E2 enzymes and substrates into close proximity. APC activity is required for metaphase-anaphase transition, mitotic exit, G1 phase and DNA replication. Targets securin for destruction, which is necessary for chromosome segregation. APC seems to have similar function in meiosis. Co-activators, CDC20 and CDH1, associate with APC core complex (CPX-756) at specific stages of cell cycle, and are thought to be involved in substrate specificity. APC-Cdc20 is active in presence of high cyclin-cdk activity in M phase but after metaphase when cyclin-cdk activity decreases, CDH1 is dephosphorylated, CDC20 is degraded and APC-Cdh1 (CPX-761) activated. Ama1 (CPX-762) is meiotic co-activator required for sporulation and contributes to securin degradation and cyclin Clb5 in anaphase of meiosis. All APC co-activators, characterized by the presence of sequence elements, C-box and the IR-tail, that mediate their binding to APC, contain a C-terminal WD40 domain, predicted to fold into a propeller-like structure, believed to recognize APC substrates by interacting with specific recognition elements in substrates, D-boxes and KEN-boxes. Genetic inactivation of APC is lethal.
CPX-761	Anaphase-Promoting Complex, CDH1 variant	APC1;APC11;APC2;APC4;APC5;APC9;CDC16;CDC23;CDC26;CDC27;CDH1;DOC1;MND2;SWM1	APC, a key regulator of cell cycle progression, is a conserved cullin-RING E3 ubiqutin ligase which facilitates multiubiqutination of cell cycle proteins, including cyclins, so marking them for proteasomal destruction. Generally believed that APC acts as a scaffold that brings E2 enzymes and substrates into close proximity. APC activity is required for metaphase-anaphase transition, mitotic exit, G1 phase and DNA replication. Targets securin for destruction, which is necessary for chromosome segregation. APC seems to have similar function in meiosis. Co-activators, CDC20 and CDH1, associate with APC core complex (CPX-756) at specific stages of cell cycle, and are thought to be involved in substrate specificity. APC-Cdc20 (CPX-760) is active in presence of high cyclin-cdk activity in M phase but after metaphase when cyclin-cdk activity decreases, Cdh1 is dephosphorylated, Cdc20 is degraded and APC-Cdh1 activated. Ama1 (CPX-762) is meiotic co-activator required for sporulation and contributes to securin degradation and cyclin Clb5 in anaphase of meiosis. All APC co-activators, characterized by the presence of sequence elements, C-box and the IR-tail, that mediate their binding to APC, contain a C-terminal WD40 domain, predicted to fold into a propeller-like structure, believed to recognize APC substrates by interacting with specific recognition elements in substrates, D-boxes and KEN-boxes. Genetic inactivation of APC is lethal.
CPX-762	Anaphase-Promoting complex AMA1 variant	AMA1;APC1;APC11;APC2;APC4;APC5;APC9;CDC16;CDC23;CDC26;CDC27;DOC1;MND2;SWM1	APC, a key regulator of cell cycle progression, is a conserved cullin-RING E3 ubiqutin ligase which facilitates multiubiqutination of cell cycle proteins, including cyclins, so marking them for proteasomal destruction. Generally believed that APC acts as a scaffold that brings E2 enzymes and substrates into close proximity. APC activity is required for metaphase-anaphase transition, mitotic exit, G1 phase and DNA replication. Targets securin for destruction, which is necessary for chromosome segregation. APC seems to have similar function in meiosis.. AMA1 is a meiotic co-activator required for sporulation and contributes to securin degradation and cyclin Clb5 in anaphase of meiosis. AMA1 activates APC/C-mediated degradation during multiple periods in meiosis, including late in the first meiotic division. All APC co-activators, characterized by the presence of sequence elements, C-box and the IR-tail, that mediate their binding to APC, contain a C-terminal WD40 domain, predicted to fold into a propeller-like structure, believed to recognize APC substrates by interacting with specific recognition elements in substrates, D-boxes and KEN-boxes. Genetic inactivation of APC is lethal.
CPX-768	Nuclear origin recognition complex	ORC1;ORC2;ORC3;ORC4;ORC5;ORC6	Protein complex that binds to origin DNA in an ATP-dependent manner and recruits other essential proteins, such as the initiation factors CDC6 (P09119), Cdt1 (P47112), and the presumptive DNA helicase complex MCM (CPX-2944), to the autonomously replicating sequence (ARS) to form a pre-replicative complex before the initiation of DNA replication that occurs in S phase.
CPX-769	Casein kinase II complex, CKA1 variant	CKA1;CKB1;CKB2	Serine/threonine-protein kinase complex involved in regulation of cell cycle progression, presumably through phosphorylation of target proteins. CK2 may also have role(s) in inhibiting apoptosis.Phosphorylates serine or threonine residues proximal to acidic amino acids (consensus Ser-Xaa-Xaa-Acidic where acidic residue may be Glu, Asp, pSer or pTYr). Thought to be a dual-specificity kinase in yeast, also able to phosphorylate tyrosine residues, although with less favourable kinetic parameters. ATP or GTP can serve as a phosphate donor. Disruption of CKA1 or CKA2 is not lethal, but disruption of both is synthetic lethal. CKA1 and CKA2 functional overlap is not complete, as yeast with temperature sensitive alleles of CKA1 or CKA2 display distinct phenotypes and different combinations of CKA subunits affect substrate specificity and sub-cellular localization. Disruption of CKB1 or CKB2 causes sensitivity to NaCl and LiCl. Disruption of both CKB1 and CKB2 is not synthetic lethal, although the regulatory subunits are responsible for the structural integrity of the holoenzyme. Much of CK2B is phosphorylated on autophosphorylation site and also in a cell cycle-dependent manner.
CPX-770	Casein kinase II complex, CKA2 variant	CKA2;CKB1;CKB2	CK2 is involved in regulation of cell cycle progression, presumably through phosphorylation of target proteins. CK2 may also have role(s) in inhibiting apoptosis.Phosphorylates serine or threonine residues proximal to acidic amino acids (consensus Ser-Xaa-Xaa-Acidic where acidic residue may be Glu, Asp, pSer or pTYr). Thought to be a dual-specificity kinase in yeast, also able to phosphorylate tyrosine residues, although with less favourable kinetic parameters. ATP or GTP can serve as a phosphate donor. Disruption of CKA1 or CKA2 is not lethal, but disruption of both is synthetic lethal. CKA1 and CKA2 functional overlap is not complete, as yeast with temperature sensitive alleles of CKA1 or CKA2 display distinct phenotypes and different combinations of CKA subunits affect substrate specificity and sub-cellular localization. Disruption of CKB1 or CKB2 causes sensitivity to NaCl and LiCl. Disruption of both CKB1 and CKB2 is not synthetic lethal, although the regulatory subunits are responsible for the structural integrity of the holoenzyme. Much of CK2B is phosphorylated on autophosphorylation site and also in a cell cycle-dependent manner.
CPX-771	UTP-C complex variant 2	CKA1;CKB1;CKB2;RRP7;UTP22	A subcomplex of the 90S preribosome required for early processing of 18S rRNA and 40S ribosome formation.
CPX-772	UTP-C complex variant 1	CKA1;CKA2;CKB1;CKB2;RRP7;UTP22	A subcomplex of the 90S preribosome required for early processing of 18S rRNA and 40S ribosome formation.
CPX-773	UTP-C complex variant 3	CKA2;CKB1;CKB2;RRP7;UTP22	A subcomplex of the 90S preribosome required for early processing of 18S rRNA and 40S ribosome formation.
CPX-774	CURI complex variant 1	CKA1;CKA2;CKB1;CKB2;IFH1;RRP7;UTP22	Plays a role in coupling ribosomal protein gene transcription and ribosomal RNA synthesis and processing. Acts to sequester the ribosomal protein (RP)-specific transcription factor, IFH1, to reduce transcription of RP genes during periods of growth inhibition. Upon growth inhibition, the key regulator of cell growth, TORC1 is inactivated, which leads to rapid release of IFH1 from the RP gene promoter. RNA polymerase I activity inhibits the ability of UTP22, a component of both this complex and the SSU processome, to titrate IFH1 from RPG promoters. The CURI complex also activate transcription of RP genes since the CK2 component of the CURI complex can phosphorylate IFH1 at the sites essential for strong binding to FHL1 at the RP promoters.
CPX-775	CURI complex variant 2	CKA1;CKB1;CKB2;IFH1;RRP7;UTP22	Plays a role in coupling ribosomal protein gene transcription and ribosomal RNA synthesis and processing. Acts to sequester the ribosomal protein (RP)-specific transcription factor, IFH1, to reduce transcription of RP genes during periods of growth inhibition. Upon growth inhibition, the key regulator of cell growth, TORC1 is inactivated, which leads to rapid release of IFH1 from the RP gene promoter. RNA polymerase I activity inhibits the ability of UTP22, a component of both this complex and the SSU processome, to titrate IFH1 from RPG promoters. The CURI complex also activate transcription of RP genes since the CK2 component of the CURI complex can phosphorylate IFH1 at the sites essential for strong binding to FHL1 at the RP promoters.
CPX-776	CURI complex variant 3	CKA2;CKB1;CKB2;IFH1;RRP7;UTP22	Plays a role in coupling ribosomal protein gene transcription and ribosomal RNA synthesis and processing. Acts to sequester the ribosomal protein (RP)-specific transcription factor, IFH1, to reduce transcription of RP genes during periods of growth inhibition. Upon growth inhibition, the key regulator of cell growth, TORC1 is inactivated, which leads to rapid release of IFH1 from the RP gene promoter. RNA polymerase I activity inhibits the ability of UTP22, a component of both this complex and the SSU processome, to titrate IFH1 from RPG promoters. The CURI complex also activate transcription of RP genes since the CK2 component of the CURI complex can phosphorylate IFH1 at the sites essential for strong binding to FHL1 at the RP promoters.
CPX-777	SAS acetyltransferase complex	SAS2;SAS4;SAS5	Histone acetyltransferase (HAT) complex capable of acetylating both free histones and nucleosomes, although the nucleosomal HAT activity of SAS complex is relatively weak. Exclusively acetylates Lys-16 of histone H4 and may provide a barrier to Sir (silent information regulator) proteins that would prevent adjacent euchromatic regions from being transcriptionally inactivated. The complex appears to assemble in the nucleus, following the separate import of the components.
CPX-778	TRM11-TRM112 tRNA (m2G10) methyltransferase complex	TRM11;TRM112	S-adenosylmethionine-dependent methyltransferase responsible for the formation of N2-monomethylguanosine at position 10 (m2G10) in yeast cytoplasmic tRNA. The m2G10 is part of the body of the tRNA and is likely involved in tRNA folding and stability. m2G10 is stacked onto the m22G26 nucleotide which is methylated by Trm1 (P15565).
CPX-779	Elongator holoenzyme complex	ELP2;ELP3;ELP4;ELP6;IKI1;IKI3	N-acetyltransferase which acts to form modified wobble uridines in tRNA, such as 5-methoxycarbonylmethyl-uridine (mcm5U), 5-methoxycarbonylmethyl-2-thio-uridine (mcm5s2U), and 5-carbamoylmethyl-uridine (ncm5U). These sites influence the recognition rate and affinity between incoming tRNAs and codons in the A site of the translating ribosome, stablizing transient pausing events thus supporting proper domain folding of the nascent polypeptide chains during the elongation phase of the ribosome‐mediated translation process.
CPX-780	Signal recognition particle receptor complex	SRP101;SRP102	Mediates the co-translational targeting of membrane and secretory proteins. The signal recognition particle (SRP) binds to 9-12 large hydrophobic residues that constitute the signal sequences of nascent proteins as they emerge from the exit tunnel of the ribosome. The resulting targeting complex, composed of the SRP and the ribosome-nascent chain complex, then docks with the Signal recognition particle receptor. This interaction catalyzes the GTP-dependent transfer of the nascent chain from SRP to the protein translocation apparatus in the ER membrane. Following GTP hydrolysis, the complex dissociates.
CPX-781	NatC N-alpha-acetyltransferase complex	MAK10;MAK3;MAK31	N(alpha)-acetyltransferases, NatA (CPX-781), NatB (CPX-782) and NatC, carry out N-terminal acetylation, one of the most common co-translational modifications. Mak3 is the catalytic subunit of NatC. All three subunits are required for NatC activity. NatC substrates are rare but subclasses of proteins with Met-Ile, Met-Leu, Met-Trp, or Met-Phe termini are not acetylated in Mak3 deletion mutants. All three deletion strains showed similar phenotypes, including slower growth on non-fermentable carbon sources at elevated temperature.
CPX-782	NatB N-alpha-acetyltransferase complex	MDM20;NAT3	N(alpha)-acetyltransferases, NatA (CPX-783), NatB and NatC (CPX-781), carry out N-terminal acetylation, the covalent attachment of an acetyl group (CH3CO) to the free alpha-amino group (NH3+) at the N-terminal end of a polypeptide, one of the most common co-translational modifications. This changes the electrostatic properties of proteins and therefore protein function, stability and localization. NatB is responsible for the acetylation of methionine-acidic/hydrophilic N-termini (Met-Asp-, Met-Asn-, Met-Glu-, and Met-Gln-).
CPX-783	NatA N-alpha-acetyltransferase complex	ARD1;NAT1;NAT5	N(alpha)-acetyltransferases, NatA, NatB (CPX-782) and NatC (CPX-781), carry out N-terminal acetylation, one of the most common co-translational modifications. NatA is the major Nalpha-terminal acetyltransferase in the yeast cytosol, responsible for the acetylation of serine, alanine, threonine, and glycine. NAT1 anchors to the ribosome and interacts with nascent polypeptides.
CPX-813	Palmitoyltransferase ERF2-SHR5 complex	ERF2;SHR5	Palmitoyltransferase complex that catalyzes the palmitoylation of proteins through a two step reaction - the autopalmitoylation of the enzyme to create a palmitoyl-ERF2 intermediate followed by the transfer of the palmitoyl moiety to the RAS substrate. Palmitoyl-CoA serves as the palmitate donor.
CPX-828	RTG transcription factor complex	RTG1;RTG3	Heterodimeric transcription factor involved in the regulation of nuclear genes, such as CIT2, in response to mitochondrial stress. Also essential for peroxisome proliferation. Binds to each of two identical non-E-box core sequences, 5-GGTCAC-3, in the 76-bp regulatory upstream activation sequence element of the CIT2 promoter.
CPX-863	INO80 chromatin remodeling complex	ACT1;ARP4;ARP5;ARP8;IES1;IES2;IES3;IES4;IES5;IES6;INO80;NHP10;RVB1;RVB2;TAF14	Chromatin remodeling complex with both DNA-dependent ATPase activity, as well as 3'-5' helicase activity. Mobilizes mononucleosomes in an ATP-dependent manner thus regulating a distinct subset of genes. Also involved in multiple DNA repair pathways by its nucleosome remodeling ability, by regulating the accessibility of DNA repair proteins around the DNA double strand break site and by facilitating efficient homologous recombination.
CPX-867	DBF4-dependent CDC7 kinase complex	CDC7;DBF4	Serine/threonine-protein kinase essential for the initiation of DNA replication. Associates with replication origins where it phosphorylates components of the prereplicative complex including the MCM helicase (CPX-2944). Has post-replicative functions in meiosis and is essential for double-strand break formation and kinetochore localization of monopolin.
CPX-868	FET3-FTR1 high affinity iron permease complex	FET3;FTR1	High affinity iron uptake complex present in the plasma membrane. The complex forms in the endoplasmic reticulum and then traffics to the plasma membrane. Environmental ferric iron (Fe(III), Fe3+) is mobilized by reduction to ferrous ion (Fe(II), Fe2+) by surface metalloreductases such as FRE1 (P32791), followed by oxidation to Fe(III) by FET3. This FET3-bound Fe(III) is the substrate for permeation facilitated by FTR1.
CPX-869	FET5-FTH1 high affinity iron exporter complex	FET5;FTH1	High-affinity vacuolar exporter complex which transports ferrous iron ions (Fe(II), Fe2+) from the vacuole, the main storage component of intracellular free iron, into the cytoplasm in a low iron environment. The complex forms in the endoplasmic reticulum and then traffics to the vacuolar membrane. Plays a role in the switch from fermentative metabolism to respiratory metabolism.
CPX-940	ESCRT-I complex	MVB12;SRN2;STP22;VPS28	The ESCRT machinery consists of ESCRT-0 (CPX-1622), -I (this complex), -II (CPX-1623), -III (CPX-1624) and -IV (VPS4 complex, CPX-334) and is required for the downregulation of cell-surface receptors and for the final membrane scission step during endocytosis. The ESCRT-I complex directs the lysosomal degradation of ubiquinated transmembrane proteins.
CPX-946	SBF transcription complex	SWI4;SWI6	Heteromeric transcription factor, composed of a regulatory subunit SWI6) and a DNA-binding protein (SWI4), that activates gene expression during the G1/S transition of the cell cycle. Binds to a sequence motif called the SCB element (Swi4/6 cell cycle box, CACGAAA) which acts as a late Gl-specific UAS element in genes predominantly involved in budding, and in membrane and cell-wall biosynthesis.
CPX-950	MBP transcription complex	MBP1;SWI6	Heteromeric transcription factor, composed of a regulatory subunit (Swi6) and a DNA-binding protein (Mbp1), that activates gene expression during the G1/S transition of the cell cycle. Binds to a sequence motif called the MCB element (MluI cell cycle box, ACGCGTNA) which acts as a late Gl-specific UAS element in genes predominantly involved in DNA replication and repair .
CPX-956	GET complex	GET1;GET2;GET3	Required for the post-translational delivery of tail-anchored (TA) proteins to the endoplasmic reticulum. GET1 and GET2 act as a membrane receptor for soluble GET3, which recognizes and selectively binds the transmembrane domain of TA proteins in the cytosol, delivered to it by the GET4-GET5 transmembrane domain recognition complex (CPX-1861). Cooperates with the HDEL receptor ERD2 (P18414) to mediate the ATP-dependent retrieval of resident endoplasmic reticulum proteins that contain a C-terminal HDEL retention signal from the Golgi to the endoplasmic reticulum.
CPX-961	Mitotic spindle assembly checkpoint, MAD1-MAD2 complex	MAD1;MAD2	Acts at the spindle checkpoint, in a surveillance mechanism that mediates a delay in the onset of anaphase, until all chromosomes are properly attached to the mitotic or meiotic spindle. Required for the checkpoint response to absence of spindle tension, localising only to unattached kinetochores but not to attached kinetochores that lack tension, and participate in a bipolar orientation defect signaling pathway. MAD2 adopts two distinct conformations; when unbound, it adopts an open conformation (O-Mad2) but upon binding to MAD1 (or CDC20, P26309), two beta-sheets move across the face of the protein to create the closed conformation (C-Mad2), with MAD1 now trapped within this fold. Upon mitotic entry, the Mad1-C-Mad2 core complex is recruited to kinetochores. Because Mad2 can dimerise, O-Mad2 from the cytosol can then be recruited to kinetochore-bound Mad1-C-Mad2. C-Mad2 within the Mad1-C-Mad2 core complex acts as a prion-like template, catalysing the conversion of additional O-Mad2 proteins to the closed conformation and in doing so binding Cdc20 (CPX-962).
CPX-962	Mitotic checkpoint complex, CDC20-MAD2 subcomplex	CDC20;MAD2	Acts at the spindle checkpoint, in a surveillance mechanism that mediates a metaphase delay, until all chromosomes are properly attached to the mitotic or meiotic spindle, by sequestering Cdc20, thus preventing the activation of the the ubiquitin ligase activity of the anaphase-promoting complex (CPX-760). This ensures all chromosomes are correctly attached in a bipolar fashion to the mitotic spindle.
CPX-963	Mitotic checkpoint complex, MAD2-MAD3-BUB3-CDC20	BUB3;CDC20;MAD2;MAD3	Acts at the spindle checkpoint in a surveillance mechanism that mediates a delay in the onset of anaphase until all chromosomes are properly attached to the mitotic or meiotic spindle by inhibiting the anaphase-promoting complex (CPX-760), an E3 ubquitin ligase complex required for onset of anaphase. The Mitotic checkpoint complex is a more potent inhibitor of the APC/C than Mad2-Cdc20 alone (CPX-962).
CPX-964	GTPase-activating BFA1-BUB2 complex	BFA1;BUB2	Acts as a two-component GTPase-activating complex for TEM1 (P38987) GTPase, thus regulating a signal transduction cascade, called the mitotic exit network (MEN), which is required for mitotic exit and cytokinesis. The BUB2/BFA1 GAP binds TEM1 GTPase at spindle poles, achieving an asymmetry during mitosis when the spindle is properly positioned, with the complex accumulating on the bud-directed old spindle pole. BUB2/BFA1 keeps TEM1 inactive until the spindle is properly oriented, thus inhibiting MEN activation. Upon spindle misalignment TEM1 localizes symmetrically on both SPBs and the Spindle Position Checkpoint (SPOC) inhibits TEM1 through the BUB2/BFA1 complex, thereby restraining the MEN until the spindle repositions correctly.
CPX-977	CDC24-FAR1-Gbetagamma complex	CDC24;FAR1;STE18;STE4	Required for oriented growth of haploid cells in response to a pheromone gradient created by a mating partner of the opposite mating type. Forms at the cell cortex during mating, when a Far1-Cdc24 complex translocates from the nucleus. Recruits Cdc42 (P19073) and Bem1 (P29366) away from the bud site, thus providing the switch from bud growth to polarized growth, enabling the cell to project a shmoo towards the source of a pheromone gradient, and thus grow towards the mating partner. Binding to Gbetagamma may trigger a conformational change in Far1 that is required for its ability to activate Cdc24.
CPX-995	KEOPS tRNA N6-adenosine threonylcarbamoyltransferase complex	BUD32;CGI121;GON7;KAE1;PCC1	Catalyses the transfer of the threonylcarbamoyl-moiety of threonylcarbamoyladenylate (TCA) onto A37 of substrate tRNA in the cytoplasm. The N6-threonylcarbamoyladenosine (t6A) modification is present at position 37 of tRNAs that recognize ANN-codons, with N being any nucleotide, enhancing the codon-anti-codon interaction and is required for recognition of the AUG start codon. The modification is thus important for maintaining translational fidelity and also appears to play a role in transcription and telomere homeostasis. The unstable TCA intermediate is synthesised from ATP, threonine and bicarbonate by the SUA5 (P32579) enzyme.
CPX-999	MET4-MET28-MET31 sulfur metabolism transcription factor complex	MET28;MET31;MET4	Transcription factor complex regulating sulfur metabolism. MET4 lacks DNA-binding ability and relies on interactions with MET31 and MET32 (Q03081), paralogous proteins that bind the same cis-regulatory element, to activate its targets. MET31 and MET32 are C2H2 zinc finger-containing proteins that act solely as adaptors for recruiting MET4 to promoters, binding to sites with a TGTGGC core. MET28 acts to stabilise the complex.
CPX-1015	MET4-MET28-MET32 sulfur metabolism transcription factor complex	MET28;MET32;MET4	Transcription factor complex regulating sulfur metabolism. MET4 lacks DNA-binding ability and relies on interactions with MET31 (Q03081) and MET32, paralogous proteins that bind the same cis-regulatory element, to activate its targets. MET31 and MET32 are C2H2 zinc finger-containing proteins that act solely as adaptors for recruiting MET4 to promoters, binding to sites with a TGTGGC core. MET28 acts to stabilise the complex.
CPX-1016	CBF1-MET4-MET28 sulfur metabolism transcription factor complex	CBF1;MET28;MET4	Transcription factor complex regulating sulfur metabolism. MET4 lacks DNA-binding ability and relies on its interaction with CBF1 to activate its targets. CBF1 is a basic helix–loop–helix factor protein that that homodimerizes to bind a cis-regulatory element CACGTGA motif and then recruits the transactivator MET4 to promoters. MET28 acts to stabilise the complex.
CPX-1018	DRS2-CDC50 P4-ATPase complex	CDC50;DRS2	A membrane pump which actively translocates, or flips, phospholipids across cell membranes from the exoplasmic to the cytoplasmic leaflet of the lipid bilayer. This generates and maintains membrane lipid asymmetry, a property essential for a wide variety of cellular processes such as vesicle budding and intracellular vesicle trafficking. Transport is accomplished by cyclic changes between two main enzyme conformations, during which the DRS2 ATPase is phosphorylated by ATP at a conserved aspartate residue (Asp-560) and subsequently dephosphorylated. These processes are coupled to vectorial transport and counter-transport by a controlled opening and closing of cytoplasmic and exoplasmic pathways, which give access to the ion-binding sites that are buried inside the membrane-spanning region of the pump
CPX-1021	DNF1-LEM3 P4-ATPase complex	DNF1;LEM3	A membrane pump which actively translocates, or flips, phospholipids across cell membranes from the exoplasmic to the cytoplasmic leaflet of the lipid bilayer. This generates and maintains membrane lipid asymmetry, a property essential for a wide variety of cellular processes such as vesicle budding and intracellular vesicle trafficking. Transport is accomplished by cyclic changes between two main enzyme conformations, during which the DNF1 ATPase is phosphorylated by ATP at a conserved aspartate residue (Asp-667) and subsequently dephosphorylated. These processes are coupled to vectorial transport and counter-transport by a controlled opening and closing of cytoplasmic and exoplasmic pathways, which give access to the ion-binding sites that are buried inside the membrane-spanning region of the pump. Also involved in transport of the tryptophan permease TAT2 to the plasma membrane.
CPX-1022	DNF2-LEM3 P4-ATPase complex	DNF2;LEM3	A membrane pump which actively translocates, or flips, phospholipids across cell membranes from the exoplasmic to the cytoplasmic leaflet of the lipid bilayer. This generates and maintains membrane lipid asymmetry, a property essential for a wide variety of cellular processes such as vesicle budding and intracellular vesicle trafficking. Transport is accomplished by cyclic changes between two main enzyme conformations, during which the DNF2 ATPase is phosphorylated by ATP at a conserved aspartate residue (Asp-712) and subsequently dephosphorylated. These processes are coupled to vectorial transport and counter-transport by a controlled opening and closing of cytoplasmic and exoplasmic pathways, which give access to the ion-binding sites that are buried inside the membrane-spanning region of the pump. Also involved in transport of the tryptophan permease TAT2 to the plasma membrane.
CPX-1026	DNF3-CRF1 P4-ATPase complex	DNF3;YNR048W	A membrane pump which actively translocates, or flips, phospholipids across cell membranes from the exoplasmic to the cytoplasmic leaflet of the lipid bilayer. This generates and maintains membrane lipid asymmetry, a property essential for a wide variety of cellular processes such as vesicle budding and intracellular vesicle trafficking. Transport is accomplished by cyclic changes between two main enzyme conformations, during which the DNF3 ATPase is phosphorylated by ATP at a conserved aspartate residue (Asp-566) and subsequently dephosphorylated. These processes are coupled to vectorial transport and counter-transport by a controlled opening and closing of cytoplasmic and exoplasmic pathways, which give access to the ion-binding sites that are buried inside the membrane-spanning region of the pump.
CPX-1036	DNA mismatch repair MutSbeta complex	MSH2;MSH3	Mismatch repair complex, involved in the recognition and repair of insertion/deletion mismatches. Active in both targeted gene replacement in which a targeted sequence in the genome is replaced with a selectable gene from a linear targeting DNA, and the single-strand annealing pathway of recombination between direct repeats. Direct repeats flanking a double-stranded break is annealed by RAD52 (P06778) and further stabilized by MSH2-MSH3 which has similar activities on both the leading and lagging strands of replication. MSH2-MSH3 appear to facilitate targeted integration by the two-end invasion pathway while simultaneously inhibiting the single-strand assimilation pathway.
CPX-1037	DNA mismatch repair MutSalpha complex	MSH2;MSH6	Mismatch repair complex, involved in the recognition and repair of base-base and small insertion/deletion mismatches that appear as a consequence of DNA polymerase errors during DNA synthesis. The complex is most effective at repairing mismatches on the lagging strand of replication. Binding to a mismatched DNA which can bend, leads to stable association of MSH2 with DNA, inhibition of its ATP activity and formation of ATP-bound MSH2-MSH6 sliding clamps. When MSH6 is bound to mismatched DNA and MSH2 to ATP, the complex can recruit MutLalpha and initiate the repair process. Binding of MSH2-MSH6 to a mismatch and provides a recognition signal for interactions with repair proteins that are involved in subsequent steps.
CPX-1038	PIP2-OAF1 transcription factor complex	OAF1;PIP2	Acts as a transcriptional activator to induce the transcription of genes encoding proteins involved in fatty acid beta-oxidation, a response called oleic acid induction, when cells grow on fatty acids as the sole carbon source. Recognizes and binds to the oleate response element (ORE or peroxisome box), two inverted CGG triplets spaced by 14 to 18 intervening nucleotides recently refined to CGGN3TNA/(R)N8-12CCG, in the promoter region of a number of peroxisomal genes. Activity is inhibited by OAF1 under non-inducing conditions and repressed by glucose.
CPX-1039	COMPASS complex	BRE2;SDC1;SET1;SHG1;SPP1;SWD1;SWD2;SWD3	Histone methyltransferase that catalyzes methylation of Lys-4 of histone H3 and thus controls the silencing of telomeric regions. SWD1, SWD3, and SET1 constitute a core of the complex, and the absence of any of these subunits abolishes methylation of lysine 4 on histone H3. Subunits BRE2 and SDC1 are essential for trimethylation and important for mono- and dimethylation by the COMPASS complex. SPP1 is important for trimethylation, while SHG1 plays a minor role in trimethylation.
CPX-1040	SKI complex	SKI2;SKI3;SKI8	Central component of the 3'-5' cytoplasmic mRNA degradation pathway which interacts with Ski7 (Q08491) to mediate degradation by the exosome. The Ski complex appears to thread RNAs directly to the exosome, coupling the helicase and the exoribonuclease through a continuous RNA channel.
CPX-1041	DASH complex	ASK1;DAD1;DAD2;DAD3;DAD4;DAM1;DUO1;HSK3;SPC19;SPC34	Heterodecameric component of the kinetochore necessary for accurate chromosome segregation, supporting the dynamic attachment of mitotic chromosomes to the ends of shortening spindle microtubules. DASH forms closed rings around microtubules with a large gap between the DASH ring and the microtubule cylinder. A DASH-microtubule interface is believed to form, in which extensions from DASH rings reach across a gap between the ring and the microtubule and dock on the microtubule wall. DASH rings spontaneously oligomerize in the presence of microtubules of the mitotic spindle. DASH rings are processivity factors that allow kinetochores to translate along a single microtubule without dissociating. Each DASH ring may contain from 16-30 heterodecamers. The NDC80 complex (CPX-548) can simultaneously bind and bridge across two DASH complex rings through a tripartite interaction, each component of which is regulated by IPL1 kinase (P38991). This ensures a consistent spacing between rings. The complex may also may serve as a link between the kinetochore and the mitotic spindle.
CPX-1042	GAL3-GAL80 transcription regulation complex	GAL3;GAL80	Acts to relieve the repression of the GAL4 positive regulator of gene expression. The GAL network is a small set of genes that regulates galactose import and metabolism. The transcriptional activator GAL4 activates a set of enzymatic and regulatory genes by binding to their promoter regions. When galactose is the sole carbon source, the galactose-metabolizing enzymes are expressed at 1000 times their level in glucose. In the absence of galactose, GAL4 activity is repressed by forming a complex with the transcriptional repressor GAL80 (CPX-1044). In the presence of galactose and ATP, the GAL3-GAL80 complex forms, removing GAL80 from the GAL4-activation domain, which is then able to recruit the transcriptional machinery. It is also possible a tripartite complex forms (GAL4-GAL80-GAL3), which counterbalances the effect of GAL80 on GAL4 and allows GAL4 to interact with promoters. GAL3 primarily binds with ATP and galactose in the cytoplasm, then moves into the nucleus to interact with GAL80. A paralogous complex, GAL1-GAL80 (CPX-1043) can also form but appears to have lower activity as a transcriptional inducer of GAL genes. It is possible that GAL3-GAL80 may be involved solely in the short-term response to galactose and GAL1-GAL80 is required for continued expression of the GAL genes.
CPX-1043	GAL1-GAL80 transcription regulation complex	GAL1;GAL80	Acts to relieve the repression of the GAL4 positive regulator of gene expression. The GAL network is a small set of genes that regulates galactose import and metabolism. The transcriptional activator GAL4 activates a set of enzymatic and regulatory genes by binding to their promoter regions. When galactose is the sole carbon source, the galactose-metabolizing enzymes are expressed at 1000 times their level in glucose. In the absence of galactose, GAL4 activity is repressed by forming a complex with the transcriptional repressor GAL80 (CPX-1044). In the presence of galactose and ATP, the GAL1-GAL80 complex forms, removing GAL80 from the GAL4-activation domain, which is then able to recruit the transcriptional machinery. It is also possible a tripartite complex forms (GAL4-GAL80-GAL1), which counterbalances the effect of GAL80 on GAL4 and allows GAL4 to interact with promoters. GAL1 primarily binds with ATP and galactose in the cytoplasm, then moves into the nucleus to interact with GAL80. A paralogous complex, GAL3-GAL80 (CPX-1042) can also form and appears to have significantly higher activity as a transcriptional inducer of GAL genes. The importance of GAL1-GAL80 is unclear as it appears that GAL1 is not sufficiently expressed in the absence of galactose to serve as an inducer but other evidence suggests the complex may be required for the continued expression of the GAL genes.
CPX-1044	GAL4-GAL80 transcription repressor complex	GAL4;GAL80	Acts to repress the GAL4 positive regulator of gene expression. The GAL network is a small set of genes that regulates galactose import and metabolism. The transcriptional activator GAL4 activates a set of enzymatic and regulatory genes by binding to their promoter regions. When galactose is the sole carbon source, the galactose-metabolizing enzymes are expressed at 1000 times their level in glucose. In the absence of galactose, GAL4 activity is repressed by forming a complex with the transcriptional repressor GAL80. In the presence of galactose and ATP, the GAL3-GAL80 complex (CPX-1042) forms, removing GAL80 from the GAL4-activation domain, which is then able to recruit the transcriptional machinery. It is also possible a tripartite complex forms (GAL4-GAL80-GAL3), which counterbalances the effect of GAL80 on GAL4 and allows GAL4 to interact with promoters. GAL3 primarily binds with ATP and galactose in the cytoplasm, then moves into the nucleus to interact with GAL80. A paralogous complex, GAL1-GAL80 (CPX-1043) can also form but appears to have lower activity as a transcriptional inducer of GAL genes. It is possible that GAL3-GAL80 may be involved solely in the short-term response to galactose and GAL1-GAL80 is required for continued expression of the GAL genes.
CPX-1045	ERV41-ERV46 retrograde receptor complex	ERV41;ERV46	Transporter complex that recognises, binds and returns endoplasmic reticulum (ER) resident proteins that have trafficked to Golgi compartments. Targets proteins lacking the HDEL motif recognised by COPI-coated vesicles. Transported back to the Golgi by COPII (CPX-2523) for the next round of retrograde transport.
CPX-1047	BUD23-TRM112 methyltransferase complex	BUD23;TRM112	S-adenosylmethionine-dependent methyltransferase which plays a role in the synthesis of the small ribosomal subunit by catalyzing the N7-methylation of guanosine-1575 of 18S rRNA at the 20S pre-rRNA stage. The complex interacts with the box C/D snoRNA U3-associated DEAH RNA helicase DHR1, which appears to play a role in central pseudoknot formation, so may also contribute to controlling the folding of small subunit rRNA. May play a role in 40S ribosome maturation.
CPX-1052	TRM9-TRM112 methyltransferase complex	TRM112;TRM9	S-adenosylmethionine-dependent methyltransferase involved in the formation of mcm5(s2)U (5-methoxycarbonylmethyl(2-thio)uridine) modifications at position 34 from the anticodon loop of some tRNAs. This modification is present at the wobble position of tRNAArg(UCU), tRNAGly(UCC), tRNALys(UUU), tRNAGln(UUG) and tRNAGlu(UUC). Modifications in the anticodon loop of tRNAs are known to influence the translation rate and fidelity of decoding.
CPX-1053	Cleavage and polyadenylation specificity factor complex	CFT1;CFT2;FIP1;GLC7;MPE1;PAP1;PFS2;PTA1;PTI1;REF2;SSU72;SWD2;SYC1;YSH1;YTH1	Endonuclease complex required for mRNA 3' end processing to form a defined 3' end of the transcribed RNA. The complex cleaves pre-mRNAs, adds a polyadenylate tail, and triggers transcription termination. The 3' end of mature mRNAs is generated by a site-specific endonucleolytic cleavage of an internal phosphodiester bond of the primary transcript by YSH1. The upstream cleavage product generated is then polyadenylated by PAP1 to form a 50-90 adenosine tail at its 3-prime hydroxyl end, which is required for nuclear export, translation, and stability of mRNA. The downstream cleavage product is rapidly degraded. Cleavage and polyadenylation cycles are regulated by phosphorylation/dephosphorylation. Phosphorylation of CPF is inhibitory to polyadenylation therefore dephosphorylation of CPF by GLC7 is required to switch the processing complex to one competent for poly(A) addition.
CPX-1068	Importin complex, KAP60-KAP95	KAP95;SRP1	A nuclear import complex that functions as a nuclear import receptor for proteins containing a nuclear localisation signal (NLS). Subunit SRP1 specifically and directly binds to substrates containing either a simple or bipartite NLS motif. Docking of the importin/substrate complex to the nuclear pore complex (NPC) is mediated by KAP95. KAP95 binds to nucleoporin FxFG repeats and the complex is subsequently translocated through the pore by an energy requiring, GSP1-dependent mechanism. At the nucleoplasmic side of the NPC, GSP1-GTP (P32835) binds to KAP95, the three components separate and SRP1 and KAP95 are re-exported from the nucleus to the cytoplasm where GTP is hydrolysed. The directionality of nuclear import is thought to be conferred by an asymmetric distribution of the GTP- and GDP-bound forms of GSP1 between the cytoplasm and nucleus.
CPX-1071	RecQ helicase-Topo III complex	RMI1;SGS1;TOP3	Required for both the early and late steps of DNA double-strand break (DSB) via dissolution of double Holliday junctions. Early in the repair of a two-ended DSB, the complex contributes to DSB end resection by facilitating the formation of a single-strand 3' overhang on which the homologous recombination (HR) factor Rad51 (P25454) filament assembles. The complex has also been implicated in the unwinding of strand invasion after extension of the invading 3' end by DNA synthesis to promote DSB repair by synthesis-dependent strand annealing, as well as reversal of strand invasion prior to 3' end extension. Through these functions, the complex promotes non-crossover outcomes of HR and regulates HR levels.
CPX-1101	RNA polymerase I upstream activating factor complex	HHF1;HHT1;RRN10;RRN5;RRN9;UAF30	Binds tightly to the upstream element of the yeast Pol I promoter and is essential for a high level of transcription of the 35S rRNA gene. UAF has dual functions: both as a positive transcription factor for Pol I, and as a silencer for Pol II transcription of rRNA genes. Deletion of any one of the subunit protein genes encoding essential nonhistone proteins causes derepression of Pol II transcription of the 35S rRNA genes. The association of H3 and H4 with the other UAF components is important for the stability of UAF in vivo and, hence, for rRNA transcription by Pol I. Initiation of transcription requires the assembly of UAF, the core factor (CPX-1836), the TATA binding protein SPT15 (P13393), and RNAP-I (CPX-1664) with RRN3 (P36070) on the upstream element and core promoter. Upon transcription initiation, UAF, RRN3 and CF dissociate from the promoter.
CPX-1102	Ribonucleoside-diphosphate reductase variant 1	RNR1;RNR2;RNR4	Catalyzes the reduction of ribonucleotides to the corresponding deoxyribonucleotides, an essential step in the de novo synthesis of monomeric precursors for DNA replication and repair. The catalytically active form is an alpha2beta2 tetramer. The homodimeric alpha subunit, called R1, houses the active site, composed of redox-active disulfides, and binding sites for allosteric effectors, ribonucleoside diphosphates. The beta subunit, called R2, contains a di-iron cluster that in its reduced state reacts with dioxygen to form a stable tyrosyl radical (Y*) and a di-iron(III) cluster. This essential Y* is proposed to generate a thiyl radical, located on a cysteine residue in the R1 active site, that initiates ribonucleotide reduction. The enzyme is allosterically controlled by relative levels of dNTPs. This variant is found in all cell states, a related variant (CPX-1103) is only found in damaged or growth-arrested cells. the small subunit, RNR2-RNR4, is nuclear while the large subunit, RNR1, is cytoplasmic. In response to S-phase or DNA-damage, RNR2-RNR4 enters the cytoplasm to bind RNR1.
CPX-1103	Ribonucleoside-diphosphate reductase variant 2	RNR1;RNR2;RNR3;RNR4	Catalyzes the reduction of ribonucleotides to the corresponding deoxyribonucleotides, an essential step in the de novo synthesis of monomeric precursors for DNA replication and repair. The catalytically active form of the enzyme (CPX-1102) is an alpha2beta2 tetramer. The heterodimeric alpha subunits, called R1, house the active site, composed of redox-active disulfides, and binding sites for allosteric effectors, ribonucleoside diphosphates. The beta subunit, called R2, contains a di-iron cluster that in its reduced state reacts with dioxygen to form a stable tyrosyl radical (Y*) and a di-iron(III) cluster. This essential Y* is proposed to generate a thiyl radical, located on a cysteine residue in the R1 active site, that initiates ribonucleotide reduction. The enzyme is allosterically controlled by relative levels of dNTPs. In damaged cells or cells arrested for DNA synthesis, the small subunits (RNR2-RNR4) associate with a heterodimer of RNR1 and the damage-inducible RNR3.
CPX-1125	BUG1-GRH1 complex	BUG1;GRH1	Appears to play a role in the tethering of COPII (CPX-2523), though an interaction with Sec23/24, and thus formation of the cis-Golgi and endoplasmic reticulum to Golgi vesicle-mediated transport. The complex is anchored to membranes through an acetylated amino-terminal region in Grh1.
CPX-1140	HICS complex	CYK3;HOF1;INN1;SHO1	Appears to have a role in cytokinesis. May connect the actin-myosin ring to the plasma membrane.
CPX-1141	MOT1-TBP transcription regulation complex	MOT1;SPT15	Transcriptional regulation complex, formation of which causes the dissociation of the TATA-binding protein (TBP) from promoters and thereby regulates TBP distribution in the cell. ATP-driven TBP-DNA dissociation by MOT1 involves both the conversion of MOT1 to an open ATPase state to the closed state induced by ATP binding and short range DNA translocation. May form a larger, DNA-dependent, assembly with the NC2 complex (CPX-1662).
CPX-1142	MEX67-MTR2 mRNA nuclear export factor complex	MEX67;MTR2	Mediates the export of bulk mRNA through direct interactions with both the mRNA cargo and nuclear pore proteins that contain characteristic phenylalanine-glycine repeating sequence motifs (FG-nucleoporins). Also contributes to ribosomal subunit export.
CPX-1143	General transcription factor TFIIIB complex	BDP1;BRF1;SPT15	Transcription factor complex required for Pol III transcription complex (CPX-2660) assembly which transcribes short noncoding RNA genes. Cooperates with TFIIIC (CPX-1656) to recruit Pol III to different types of gene promoters and form the preinitiation complex (PIC). In the case of PIC formation at transfer DNA (tDNA) genes, TFIIIC recognizes the gene-internal box A and B elements, while TFIIIB localizes further upstream. TFIIIA (P39933) is required only for the transcription of 5S rRNA, where it recognizes the gene-internal control element, box C, to further recruit TFIIIC and TFIIIB. Once assembled upstream of the start site, TFIIIB generates a significant DNA distortion of the class III gene promoter through the SPT15 and BDP1 subunits.
CPX-1149	General transcription factor TFIIF complex	TAF14;TFG1;TFG2	General transcription factor that interacts with RNAPII and can recruit RNAPII to a preinitiation complex containing TFIID and TFIIB. Required for the opening of DNA, to allow transcription initiation. DNA opening occurs around the tip of the Pol II clamp and the TFIIE (CPX-1658) ‘extended winged helix’ domain. TFIIF and TFIIE bind open promoter DNA from opposite sides of the Pol II cleft. TFIIF adopts an extended induced structure that allows it to retain the upstream DNA–SPT15–TFIIB assembly on the wall and to bind the DNA bubble. TFIIF and TFIIE encircle and retain the DNA and TFIIE may then act to stabilize the open DNA structure.
CPX-1150	SWI/SNF chromatin remodelling complex	ARP7;ARP9;RTT102;SNF11;SNF12;SNF2;SNF5;SNF6;SWI1;SWI3;SWP82;TAF14	An ATP-dependent chromatin remodelling complex which disrupts the nucleosome structure, increases the binding of transcription factors to nucleosomes, mobilizes histone octamers along DNA in cis, transfers histone octamers to different DNA fragments, displaces histone H2A/H2B dimers and generates superhelical torsion in DNA. Binds preferentially to four-way DNA and promotes resection initiation at a DNA double-strand break. Binds to DNA and nucleosomes without any DNA sequence specificity.
CPX-1151	N-acetylglutamate synthase NAGS/NAGK complex	ARG2;ARG56	Required for the controlling initial step of L-arginine biosynthesis. Forms a metabolon, i.e. a complex formed by the supramolecular association of two sequentially acting enzymes of the pathway that synthesizes N(2)-acetyl-L-ornithine from L-glutamate. Regulated by arginine binding. The ARG5,6 kinase can exist independently of ARG2, ARG2 appears only to exist as a part of the metabolon. ARG5,6 may therefore also act as a chaperone and/or an essential stabilizing agent for ARG2.
CPX-1152	ARGR-MCM1 transcription regulation complex	ARG80;ARG81;ARG82;MCM1	Transcriptional regulation complex which binds, in the presence of arginine, to the promoter regions of genes co-regulated by arginine, repressing the synthesis of five anabolic enzymes, e.g. ornithine carbamoyltransferase and inducing the synthesis of two catabolic enzymes, e.g. arginase. The inositol polyphosphate multikinase, ARG82 appears to be required for the recruitment and stability of complex components but its activity in this complex has not been linked to its enzymatic activity. ARG82 is not required for the formation of an arginine-dependent protein-DNA complex in vitro so may not be a component of the mature complex.
CPX-1153	BLOC-1 complex	BLI1;BLS1;CNL1;KXD1;SNN1;VAB2	Endosomal Rab-GAP (GTPase-activating protein) adapter complex which controls the lifetime of active Rab5/Vps21 and thus endosomal maturation along the endocytic pathway.
CPX-1155	CoQ biosynthetic complex	CAT5;COQ3;COQ4;COQ5;COQ6;COQ9	Required for the synthesis of Coenzyme Q (CoQ), an isoprenylated benzoquinone which functions as an electron carrier from complex I or II to complex III in the inner mitochondrial membrane and which also acts as an antioxidant preventing the oxidation of lipoproteins and the plasma membrane. Assembly of the complex appears to be triggered by 4-hydroxyl-3-hexaprenyl benzoate (HHB) which is a precursor of CoQ.
CPX-1156	Central kinetochore CTF19 complex	CHL4;CTF3;IML3;MCM16;MCM22;MTW1;NKP1;NKP2	Present in the central kinetochore, where is appears to play a role in the enhancement of cohesin in the pericentromere. May help to mediate the attachment of the centromere to the mitotic spindle by forming interactions between the microtubule-associated outer kinetochore proteins and the centromere-associated inner kinetochore proteins. The COMA subcomplex proteins (CPX-1187) bind to the inner kinetochore proteins whilst the more peripheral proteins do not. Several of the subunits (IML3, CHL4, CTF19, MCM21, CTF3, MCM16 and MCM22) appear to be non-essential although their absence has a significant role in chromosome segregation in meiosis and more limited effects during mitosis. MTW1 is only present in low levels so may only associate with the complex.
CPX-1157	CUL8-MMS1-MMS22-ESC4 E3 ubiquitin ligase complex	HRT1;MMS1;MMS22;RTT101;RTT107	Ubiquitin ligase complex required for the ubiquition of acetylated histone H3, thus facilitating nucleosome assembly during replication and promoting replication progression during S-phase. RTT107 may recruit and help load the complex onto a DNA damage site at or near a stalled replication fork.
CPX-1162	Fatty-acyl-CoA synthase	FAS1;FAS2	Catalyzes the formation of long-chain fatty acids from acetyl-CoA, malonyl-CoA and NADPH. Consists of a multifunctional enzyme composed of two non-identical alpha and beta subunits which are organized in an alpha6beta6 complex with 6 sites of fatty acid synthesis. The alpha subunit, FAS2, contains domains for acyl carrier protein, 3-oxoacyl-[acyl-carrier-protein] reductase, and 3-oxoacyl-[acyl-carrier-protein] synthase. The beta subunit, FAS 1, contains domains for [acyl-carrier-protein] acetyltransferase and malonyltransferase, S-acyl fatty acid synthase thioesterase, enoyl-[acyl-carrier-protein] reductase, and 3-hydroxypalmitoyl-[acyl-carrier-protein] dehydratase.
CPX-1165	CUL8-MMS1-MMS22-CTF4 E3 ubiquitin ligase complex	CTF4;HRT1;MMS1;MMS22;RTT101	Ubiquitin ligase complex required for the ubiquition of acetylated histone H3, thus facilitating nucleosome assembly during replication and promoting replication progression during S-phase. CTF4 is a component of the replisome, and may retain the CUL8 complex at a stalled replication fork.
CPX-1166	CUL8-MMS1-ESC2 E3 ubiquitin ligase complex	ESC2;HRT1;MMS1;RTT101	Ubiquitin ligase complex that may play a role in transcriptional silencing at telomeric, rDNA and homothallic mating loci.
CPX-1167	CUL8-MMS1-ORC5 E3 ubiquitin ligase complex	HRT1;MMS1;ORC5;RTT101	A ubiquitin ligase complex that may be involved in regulation of DNA replication origins.
CPX-1178	Cytoplasmic dynein complex	DYN1;DYN2;DYN3;PAC11	A microtubule minus end-directed motor complex involved in positioning the mitotic spindle during cell division. Yeast undergoes a closed mitosis, and therefore the nucleus and its mitotic spindle must be positioned across the junction between the mother and bud, termed the bud neck, to provide a set of chromosomes to the daughter cell. Dynein anchors to the bud end and becomes activated, allowing force generation between the microtubule and the cortex. The microtubule is pulled to slide along the cortex, causing the spindle to move into the mother-bud neck .Chemical transitions (ATP binding, ATP hydrolysis and the release of inorganic phosphate (Pi) and ADP) are coupled to structural changes in the motor, whilst conversely, mechanical events (such as microtubule binding) can influence the rate of chemical transitions.
CPX-1179	DCS1 decapping scavenger complex	DCS1	m7G(5')pppN diphosphatase which degrades the 5-prime mRNA cap when the cap is no longer attached to the mRNA body but rather within short capped mRNA fragments that are generated from 3' to 5' mRNA decay. Releases m7GMP. Mononucleoside diphosphates (m7GDP and m3 2,2,7GDP) are not hydrolyzed by the complex, however mononucleoside triphosphates (m7GTP and m3 2,2,7GTP) are, demonstrating the importance of a triphosphate chain for DCS1 hydrolytic activity. Has a high binding affinity for m7GDP, which inhibits the complex, making this mononucleoside diphosphate a potential regulator of cap-dependent cellular processes.
CPX-1185	DCS1-DCS2 regulator of decapping scavenger complex	DCS1;DCS2	m7G(5')pppN diphosphatase with a kcat/KM value that is significantly lower than that of the Decapping Scavenger complex, DCS1 (CPX-1179) and has almost lost the preference for m7GpppG as a substrate shown by the homodimer. Degrades the 5' mRNA cap, releasing m7GMP, when the cap is no longer attached to the mRNA body but rather within short capped mRNA fragments that are generated from 3' to 5' mRNA decay. DCS2 is only expressed by the cell under conditions of diauxic stress, and the formation of this complex may allow the cell to change the distribution and relative activities of the mRNA decay pathways in the stationary phase cell.
CPX-1186	Kinetochore MIS12 complex	DSN1;MTW1;NNF1;NSL1	Required for normal chromosome alignment and segregation, kinetochore formation during mitosis, proper kinetochore microtubule attachments and for the spindle assembly checkpoint. The complex plays a role in establishing a bipolar spindle-kinetochore interaction by joining kinetochore subunits contacting DNA to those contacting microtubules. Mis12/MIND is part of a tridentate linker layer, which also contains the Ndc80 (CPX-548) and COMA (CPX-1187) complexes. Evidence suggests interactions between COMA, MIND, and Ndc80 complexes. The Mis12/MIND complex is a platform onto which outer kinetochore proteins assemble, including microtubule-binding proteins. It is proposed to have a distinct function with respect to force generation and microtubule attachment. In the absence of MIND, there is bipolar binding without the generation of sufficient pulling force to cause centromere stretching and transient sister-chromatid separation. MIND requires CBF3 complex for assembly onto centromeric DNA. Different combinations of MIND subunits have been found, which may reflect the regulated steps in kinetochore assembly.
CPX-1187	COMA complex	AME1;CTF19;MCM21;OKP1	Heterotetrameric subcomplex of a larger central kinetochore CTF19 complex (CPX-1156). COMA is part of a tridentate linker layer, which also contains the Ndc80 (CPX-548) and MIND (CPX-1186) complexes. Although the COMA, MIND, and Ndc80 complexes assemble independently, evidence suggests subsequent interactions. COMA is a platform onto which outer kinetochore proteins assemble, including microtubule-binding proteins. It is proposed to have a distinct function with respect to force generation and microtubule attachment. In the absence of COMA, there is bipolar binding without the generation of sufficient pulling force to cause centromere stretching and transient sister-chromatid separation. COMA requires CBF3 complex (CPX-1898) for assembly onto centromeric DNA. Different combinations of COMA subunits have been found, which may reflect the regulated steps in kinetochore assembly.
CPX-1188	DPB11-SLD3-SLD2 DNA replication complex	DPB11;SLD2;SLD3	Associate with replication origins and promotes loading of DNA polymerases onto the origins to initiate chromosomal DNA replication when cyclin-dependent kinase activity increases at the G1/S cell cycle boundary. May play an active role in assembly or activation of the replication fork CMG helicase (CPX-297) thus playing a role in a critical S phase regulatory mechanism that restricts DNA replication to S phase. Interaction of the complex with with single-stranded DNA may be important for GINS attachment to MCM.
CPX-1189	RAD26-DEF1 stalled RNAPII response complex	DEF1;RAD26	Appears to form in response to DNA damage-stalled RNA polymerase II (RNAPII, CPX-2662), when the stall is persistent such as at DNA lesions. RAD26 appears to protect RNAPII from degradation to allow time for repair. When the lesion cannot be rapidly removed by RAD26-promoted DNA repair, DEF1 enables ubiquitination and proteolysis of RNAPII. The complex may therefore act to coordinate a stalling rescue mechanism driven by the two proteins.
CPX-1190	TUL1 E3 ubiquitin ligase complex	DSC2;DSC3;TUL1;UBX3	E3 ubiquitin ligase complex required in cells lacking the multivesicular body pathway and under conditions of ubiquitin depletion. Functions in protein homeostasis under non-stress conditions and support a role in protein quality control.
CPX-1191	Global genome repair CUL3-RAD7-RAD16-ELC1 ubiquitin ligase complex	CUL3;ELC1;RAD16;RAD7	A ubiquitin ligase complex required for optimal nucleotide excision repair following UV-induced DNA damage. Ubiquinates the DNA repair protein RAD4 (P14736), targeting it for degradation by the 26S proteasome following UV radiation. de novo protein synthesis subsequently restores RAD4 to pre-irradiation levels.
CPX-1198	Gamma tubulin small complex	SPC97;SPC98;TUB4	Seeds microtubule nucleation at microtubule-organizing centres, controlling the location and timing of nucleation. Component of the spindle pole body, which is responsible for the nucleation and organisation of microtubules within the cell, thus playing a role in chromosome segregation in mitosis and meiosis and controlling cytoplasmic interphase microtubules. The complex is bound directly to the spindle pole body by SPC110 (P32380) on the nuclear face and SPC72 (P39723) on the cytoplasmic face.
CPX-1200	RAP1-GCR1 transcription activation complex	GCR1;RAP1	Transcription factor required for the transcription of ribosomal protein and glycolytic genes. Appears to simultaneously bind to two adjacent DNA elements (UAS(RPG) and the CT box, bound specifically by RAP1 and GCR1, respectively). The complex can activate transcription through isolated UAS(RPG) (upstream activating sequence in (ribosomal protein genes)) but not CT elements.
CPX-1229	RAP1-GCR1-GCR2 transcription activation complex	GCR1;GCR2;RAP1	Transcription factor required for the transcription of glycolytic genes. Appears to simultaneously bind to two adjacent DNA elements (UAS(RPG) and the CT box, bound specifically by RAP1 and GCR1, respectively). The complex can activate transcription through isolated UAS(RPG) ((upstream activating sequence in ribosomal protein genes)) but not CT elements. CT box-dependent transcriptional activation requires GCR2. GCR2 is essential only for the expression of CT box-containing glycolytic genes, but not for ribosomal genes, which do not have a CT box. GCR2 tappears to induce a conformation change in GCR1 and/or stimulate its hyperphosphorylation.
CPX-1230	BNI4-GLC7 phosphatase complex	BNI4;GLC7	Protein phosphatase complex which is important for the regulation of bud site emergence. The asymmetric localization of BNI4-GLC7 is essential for proper morphological development and correct deposition of the chitin ring as the complex recruits chitin synthase III to the cell cortex on the mother-side of the septin collar.
CPX-1231	GAC1-GLC7 phosphatase complex	GAC1;GLC7	Protein phosphatase complex that potentially controls glycogen synthesis by regulating the phosphorylation state of glycogen synthase, GSY2.
CPX-1249	SDS22-GLC7 phosphatase complex	GLC7;SDS22	Protein phosphatase complex implicated in acting in opposition to the Chromosomal Passenger complex (CPX-1900) at the kinetochore. Glc7 dephosphorylation of kinetochore proteins promotes mitotic spindle attachment. The opposing Chromosomal Passenger complex and Glc7 activities ensure that chromosomes achieve a bipolar attachment to the spindle. SDS22 appears to both act as a targeting subunit for the enzyme and also to regulate phosphatase activity.
CPX-1260	SDS22-GLC7-YPI1 phosphatase complex	GLC7;SDS22;YPI1	Protein phosphatase complex implicated in acting in opposition to the Chromosomal Passenger complex (CPX-1900) at the kinetochore. GLC7 dephosphorylation of kinetochore proteins promotes mitotic spindle attachment. The opposing Chromosomal Passenger complex and GLC7 activities ensure that chromosomes achieve a bipolar attachment to the spindle. SDS22 appears to both act as a targeting subunit for the enzyme and also to regulate phosphatase activity. YPI1 may target the complex to the nucleus and also act to maintain the complex in a largely inactive state, preventing inactivation of the spindle checkpoint.
CPX-1266	REG1-GLC7 phosphatase complex	GLC7;REG1	Protein phosphatase complex with a role in glucose repression. REG1-GLC7 binds to SNF1 when the SNF1 kinase complex (CPX-232/CPX-2800/CPX-231) is activated by phosphorylation, which occurs at a much higher rate in glucose-limited cells than in glucose-grown cells. REG1-GLC7 facilitates the transition of the kinase complex back to an autoinhibited state, presumably by dephosphorylating SNF1.
CPX-1267	REG2-GLC7 phosphatase complex	GLC7;REG2	Protein phosphatase complex with a role in theresponse to glucose levels. During steady-state growth in high glucose, the SNF1 kinase complex (CPX-232/CPX-2800/CPX-231) is inactive and REG2 is not expressed. Prolonged glucose starvation leads to SNF1-dependent accumulation of REG2. Once glucose becomes abundant, REG2-GLC7 contributes to the rapid dephosphorylation and inactivation of SNF1 which acts as a central regulator of cellular energy homeostasis.
CPX-1268	Glycine decarboxylase multienzyme complex	GCV1;GCV2;GCV3;LPD1	Catalyzes the oxidative cleavage of glycine into CO2 and NH3, utimately playing a role in the conversion of glycine to serine. The concomitant transfer of a methylene carbon unit to THF1 generates the C1 donor 5,10-methylene tetrahydrofolate. Located in the mitochondrion. The P protein (GCV2, P49095) binds the alpha-amino group of glycine through its pyridoxal phosphate cofactor; CO2 is released and the remaining methylamine moiety is then transferred to the lipoamide cofactor of the H protein (GV3, P39726).
CPX-1269	Glycosylphosphatidylinositol-mannosyltransferase II complex	GPI18;PGA1	Mannosyltransferase complex responsible for the transfer of the second mannose to the glycosylphosphatidylinositol (GPI) during GPI precursor assembly. GPI is a complex glycolipid with a core structure, phosphoethanolamine-6-mannose-alpha1,2-mannose-alpha1,6-mannose-alpha1,4-glucosamine-alpha1,6-inositol-phospholipid that functions as a membrane anchor for many cell surface proteins.
CPX-1270	Glycosylphosphatidylinositol-mannosyltransferase I complex	GPI14;PBN1	Mannosyltransferase complex responsible for the transfer of the first alpha-1,4-mannose to the glycosylphosphatidylinositol (GPI) during GPI precursor assembly. GPI is a complex glycolipid with a core structure, phosphoethanolamine-6-mannose-alpha1,2-mannose-alpha1,6-mannose-alpha1,4-glucosamine-alpha1,6-inositol-phospholipid that functions as a membrane anchor for many cell surface proteins.
CPX-1274	Glycosylphosphatidylinositol-N-acetylglucosaminyltransferase complex	ERI1;GPI1;GPI15;GPI19;GPI2;SPT14	Monoglycosyltransferase complex that catalyses the transfer of N-acetylglucosamine from UDP-N-acetylglucosamine to the 6-position of phosphatidylinositol, the first, and committed, step of glycosylphosphatidylinositol (GPI) biosynthesis. GPI is a complex glycolipid with a core structure, phosphoethanolamine-6-mannose-alpha1,2-mannose-alpha1,6-mannose-alpha1,4-glucosamine-alpha1,6-inositol-phospholipid that functions as a membrane anchor for many cell surface proteins.
CPX-1275	GPI-anchor transamidase complex	GAA1;GAB1;GPI16;GPI17;GPI8	Transamidase enzyme complex that transfers the glycosylphosphatidylinositol (GPI) lipid to the newly made GPI protein in the endoplasmic reticulum, replacing the C-terminal GPI attachment signal peptide of a protein with the lipid. GPI is a complex glycolipid with a core structure, phosphoethanolamine-6-mannose-alpha1,2-mannose-alpha1,6-mannose-alpha1,4-glucosamine-alpha1,6-inositol-phospholipid that functions as a membrane anchor for many cell surface proteins.
CPX-1276	HMC complex	HAP1;HSC82;HSP82;SRO9;SSA1;SSA2;YDJ1	Represses HAP1 activity in the absence of heme, thus modulating oxygen dependent gene expression. The HMC complex is associated with low DNA-binding and transcriptional activities. Heme disrupts the HMC and allows HAP1 to form a dimer, with higher DNA-binding and transcription rate properties.
CPX-1277	INO2-INO4 transcription activation complex	INO2;INO4	Binds to a cis-acting promoter element, designated ICRE (inositol/choline-responsive element, consensus sequence WYTTCAYRTGS). Induces expression of CHO1, the enzyme responsible for the synthesis of phosphatidylethanolamine from CDP-diacylglycerol, under growth conditions when the level of phosphatidate is elevated and tethers the OPI1 repressor to the nuclear/endoplasmic reticulum membrane.
CPX-1278	LMA1 complex, TRX1 variant	PBI2;TRX1	Required for the trafficking of yeast vacuoles, such as homotypic vacuole and ER-derived COPII vesicle fusion with the Golgi. Acts synergistically with SEC18 to support vacuole fusion and acts in an early stage of the vacuole inheritance reaction. The reduction-oxidation activity of thioredoxin does not appear to be required for this function.
CPX-1279	LMA1 complex, TRX2 variant	PBI2;TRX2	Required for the trafficking of yeast vacuoles, such as homotypic vacuole and ER-derived COPII vesicle fusion with the Golgi. Acts synergistically with SEC18 to support vacuole fusion and acts in an early stage of the vacuole inheritance reaction. The reduction-oxidation activity of thioredoxin does not appear to be required for this function.
CPX-1280	Luminal surveillance complex	HRD3;KAR2;YOS9	Recognizes the protein determinant required for ER-associated degradation (ERAD) of mis-folded proteins, recruiting substrates to HRD1-associated machinery, and activating downstream events that commit substrates for degradation. The complex recognizes misfolded glycoproteins independent of their glycosylation status and brings them to the downstream ubiquitination/extraction machinery, however the commitment step to destruction requires the lectin YOS9, which recognizes the glycan species found on terminally misfolded proteins.
CPX-1283	HTM1-PDI1 exomannosidase complex	MNL1;PDI1	Exomannosidase complex which initiates breakdown of unfolded glycoproteins by trimming the Man8GlcNAc2 glycan to produce Man7GlcNAc2, thus initiating the clearance of these proteins from the endoplasmic reticulum. N-linked Man7GlcNAc2 oligosaccharides serve as a signal for degradation by the Hrd1 ubiquitin ligase complex (CPX-3070).
CPX-1287	MPS2-BBP1 spindle pole body anchor complex	BBP1;MPS2	Key mediator of the link between the nuclear envelope and the spindle pole body (SPB), anchoring the SPB to fusion sites of the inner nuclear membrane and outer nuclear membrane. Forms higher molecular weight assemblies with other SPB proteins (MPS3/P47069, SPC29/P33419) which hold the SPB in the nuclear envelope.
CPX-1288	MEI5-SAE3 recombination assembly factor complex	MEI5;SAE3	Regulates homologous recombination repair by binding to, and stimulating, the homologous DNA 3-stranded exchange activity of meiosis-specific DMC1 (P25453). Enhances DMC1 loading onto RPA-coated single-stranded DNA, at a RAD51 foci and that it enhances DMC1-mediated D-loop formation. The coordinated actions of RAD51 and DMC1 are considered to play a critical role in homology searches and strand exchange during recombination.
CPX-1292	REC102-REC104 meiotic recombination initiation complex	REC102;REC104	Required for the formation and repair of programmed DNA double-strand breaks (DSBs) catalyzed by SPO11 (Q22236) during meiotic recombination. May act to bridge the MER2-MEI4-REC114 complex (CPX-1809) with SPO11 and SKI8 (Q02793). Required for SPO11 nuclear localization, chromatin association, and binding to hot spots. Preferentially localizes to sites on the structural axis, where the series of loops (10-20kb) that pairs of sister chromatids organise into are anchored.
CPX-1293	Mitochondrial 2-oxoglutarate dehydrogenase complex	KGD1;KGD2;KGD4;LPD1	Catalyzes the oxidative decarboxylation of alpha-ketoglutarate to succinyl-CoA, NADH and CO2. Succinyl-CoA is then converted to succinate by succinyl-CoA synthetase or used as a substrate in heme biosynthesis. Acts as a major site of reactive oxygen species generation.
CPX-1294	Mitochondrial ribonuclease P complex	RPM2	Responsible for the 5' endonucleolytic cleavage of precursor tRNAs (pre-tRNAs) to remove approximately 12 leader nucleotides to yield mature tRNAs. The RNA subunit of the mitochondrial RNase P is most probably a catalytically active ribozyme that is capable of both recognizing and cleaving substrates efficiently and accurately. The protein component serves as an absolutely required cofactor.
CPX-1295	MKT1-PBP1 translation regulation complex	MKT1;PBP1	Translational regulation complex which modulates levels of the HO endonucease in the mother cells of budding yeast, enabling the cells to switch mating types. The mechanism is unclear but the nuclease activity activity of MKT1 appears to be equired for the function.
CPX-1302	OPY2-MSB2 osmosensory complex	MSB2;OPY2	Osmosensor that activates the HOG1 mitogen-activated protein kinase (P32485), which regulates diverse osmoadaptive responses. Increased external osmolarity induces conformational changes in the complex formed between the Hkr1-Msb2 homology (HMH) domain of MSB2 and the cysteine-rich region of OPY2. This conformational change is transmitted across the plasma membrane to induce an interaction between the associated STE20 (Q03497) and STE11 (P23561) protein kinases, thus activating a signal cascade which culminates in HOG1 activation.
CPX-1303	MST27-MST28 vesicle formation complex	MST27;MST28	Role in promoting vesicle formation. Appears to provide nucleation sites, which recruit and locally concentrate cytosolic coat complexes onto the membranes of the early secretory pathway. The complexes cycles between the endoplasmic reticulum (ER) and Golgi apparatus, however, its steady-state localization is probably in the ER.
CPX-1304	MYO2-VAC17-VAC8 transport complex	MYO2;VAC17;VAC8	Transport complex required to move the attached vacuole membrane along actin cables from a mother cell into the bud. Once in the bud, VAC17 is degraded, releasing the vacuole from MYO2 and depositing it at the centre of the bud.
CPX-1306	Nascent polypeptide-associated complex, EGD1-EGD2 variant	EGD1;EGD2	Reversibly binds to cytoplasmic ribosomes and interacts with nascent polypeptides emerging from the ribosome to prevent them from incorrect interactions, thus controlling the early protein folding processes and preventing aggregation or degradation of newly synthesized proteins. The EGD1-EGD2 variant appears to be the dominant form of the complex formed in vivo and has a preference for ribosomes translating metabolic enzymes as well as secretory and membrane proteins. By binding to the first 30-50 amino acids to be translated, the complex prevents mitochondrial precursor proteins synthesized in the cytosol from forming a basic, amphipathic helix. This enables this targeting sequence to first bind to chaperones and mitochondrial import stimulating factors and then to the outer membrane translocase complex (CPX-474) on the mitochondrial surface.
CPX-1307	Nascent polypeptide-associated complex, BTT1-EGD2 variant	BTT1;EGD2	Reversibly binds to cytoplasmic ribosomes and interacts with nascent polypeptides emerging from the ribosome to prevent them from incorrect interactions, thus controlling the early protein folding processes and preventing aggregation or degradation of newly synthesized proteins. The BTT1-EGD2 variant appears to be the less dominant form of the complex formed in vivo and has a preference for ribosomes translating mitochondrial or ribosomal proteins. By binding to the first 30-50 amino acids to be translated, the complex prevents mitochondrial precursor proteins synthesized in the cytosol from forming a basic, amphipathic helix. This enables this targeting sequence to first bind to chaperones and mitochondrial import stimulating factors and then to the outer membrane translocase complex (CPX-474) on the mitochondrial surface.
CPX-1314	bI4 intron splicing factor complex	BI4;NAM2	Self-splicing ribozymal RNA Group I intron splicing factor for mitochondrial introns. A guanosine cofactor docks onto an active G-binding site and hydrolyses the phosphodiester bond at the splice site located in P1, resulting in a free hydroxyl group at the upstream exon and the guanosine cofactor being attached to the 5-prime end of the intron. Then the terminal guanosine of the intron occupies the G-binding site to organize the second ester-transfer reaction leading to the ligation of the adjacent upstream and downstream exons and release of the catalytic intron.
CPX-1315	Nonsense-mediated decay complex	NAM7;NMD2;UPF3	Recognizes and elicits the rapid degradation of mRNAs that prematurely terminate translation and also regulates the expression of specific genes by degrading natural mRNAs. Nonsence-mediated decay (NMD) is triggered by the messenger ribonucleoprotein (mRNP) context surrounding the translation termination event. NMD targets can be recognized as targets due to the lack of factors bound downstream from the termination codon. A ribosome terminating translation at a termination codon substantially upstream from the poly(A) tail terminates translation inefficiently. NMD may occur because the PAB1 (P04147) or other factor bound to the poly(A) tail is not in close enough proximity to the terminating ribosome to enable interaction of the PAB1 with SUP35 (P05453), which is bound to the terminating ribosome and thus establishes the correct mRNP context for a normal translation termination event. In the absence of correct translation termination, the nonsense-mediated decay complex interacts with the translation release factor ERF1-ERF3 complex (CPX-435), resulting in an aberrant translation termination event and NMD activation. NMD activation leads to the decapping of the mRNA by the decapping complex, DCP1-DCP2 (CPX-1628), followed by 5-prime to 3-prime degradation of the mRNA by the exoribonuclease XRN1 (P22147).
CPX-1316	NRD1 snoRNA termination complex	NAB3;NRD1;SEN1	ATP-dependent 5-prime->3-prime DNA/RNA helicase complex required for transcription termination at genes encoding snRNAs and snoRNAs30 and at cryptic unstable transcripts, which are an important class of transcription units that code for ncRNA. May also include some mRNAs as substrates. NRD1 and NAB3 recognize and bind to specific motifs on the nascent RNA (GUAA/G and UCUUG respectively) NRD1 additionally interacts with phosphoryated Ser-5 of the C-terminal domain of the largest subunit of RNAPII (CPX-2662). This positions SEN1 onto the nascent RNA in close proximity to RNAPII and the complex translocates along the RNA causing dismantling of the elongation complex (ternary complexes composed of the transcribing RNA polymerase, the DNA template and the nascent RNA) in a reaction that requires the action of the helicase domain of SEN1.
CPX-1317	WHI2-PSR1 phosphatase complex	PSR1;WHI2	Protein phosphatase complex required for full activation of the general stress response, possibly through the dephosphorylation of MSN2 (P33748). MSN2 is a transcription factor which binds to cis-acting STREs (stress response elements) in the promoter regions of many stress-responsive genes, and activates their transcription.
CPX-1318	WHI2-PSR2 phosphatase complex	PSR2;WHI2	Protein phosphatase complex required for full activation of the general stress response, possibly through the dephosphorylation of MSN2 (P33748). MSN2 is a transcription factor which binds to cis-acting STREs (stress response elements) in the promoter regions of many stress-responsive genes, and activate their transcription.
CPX-1319	PSTB lipid transfer acceptor membrane complex	PDR17;PSD2	Lipid transfer complex that is responsible for interorganelle transport of phospholipids, specifically for the non-vesicular transport of phospholipids such as phosphatidylserine from the endoplasmic reticulum to the endosome. Resides in the acceptor (endosomal) membrane and binds to specific lipids on the donor membrane.
CPX-1320	Peptide:N-glycanase-Rad23 complex	PNG1;RAD23	Role in the proteasomal degradation of a specific set of ER-associated protein degradation (ERAD) substrates, specifically deglycosylates the denatured form of N-linked glycoproteins in the cytoplasm and assists proteasome-mediated glycoprotein degradation.
CPX-1322	RAD53-ASF1 complex	ASF1;RAD53	Role in recovery from the DNA damage checkpoint. ASF1 binds most of the free and unmodified RAD53 in the cell and this is required for complete dephosphorylation of Rad53 when the upstream DNA damage checkpoint signaling is turned off. Phosphorylation of RAD53 following DNA damage causes dissociation and frees RAD53 to undergo autophosphorylation and activation and to participate in double-strand break repair.
CPX-1323	CDC48-RAD23-UFD2 complex	CDC48;RAD23;UFD2	A type II AAA ATPase that is involved in the dislocation/extraction step of its substrate proteins from cellular structures or multiprotein complexes into the cytosol where they are largely degraded by the proteasome.. Role in the escort pathway of proteasomal protein degradation, linking the ubiquitylation of specific substrates directly to their delivery to the proteasome. Oligo-ubiquitylated substrates are recognized and extracted by CDC48. UFD2 modifies the client proteins with lys-48-linked chains of four to six ubiquitins. RAD23 is recruited to the ternary complex, in which its UBL domain associates with UFD2, and then CDC48 remodels the complex to release the RAD23-ubiquitylated substrate complex which binds to the proteasome and delivers the substrate for degradation.
CPX-1331	bI3 intron splicing factor complex	BI3;MRS1	Self-splicing ribozymal RNA Group I intron splicing factor. A guanosine cofactor docks onto an active G-binding site and hydrolyses the phosphodiester bond at the splice site located in P1, resulting in a free hydroxyl group at the upstream exon and the guanosine cofactor being attached to the 5-prime end of the intron. The terminal guanosine of the intron then occupies the G-binding site to organize the second ester-transfer reaction leading to the ligation of the adjacent upstream and downstream exons and release of the catalytic intron.
CPX-1332	RAT1-RAI1 RNA polymerase II termination complex	RAI1;RAT1	5-prime-3-prime exoribonuclease which promotes RNA polymerase II (RNAPII) termination by degrading RNA from the newly formed 5-prime phosphorylated end. RNAPII becomes catalytically disrupted when an NTP mis-incorporates and is more efficiently terminated by the complex.
CPX-1333	RTT109-VPS75 histone acetyltransferase complex	RTT109;VPS75	Histone acetyltransferase complex that acetylates lysines-9, -27 and possibly -56 on newly synthesized histone H3 during S-phase to mediate nucleosome assembly during DNA replication and DNA repair. Complex formation is required for full activity with VPS75, ensuring that RTT109 is efficiently localized in the nucleus, and presenting histones to RTT109 for acetylation.
CPX-1335	RVS161-RVS167 amphiphysin complex	RVS161;RVS167	Binds to membranes and promote the membrane curvature required for endocytosis and also potentially membrane scission at the sites of endocytosis. The BAR domains present in both proteins form helical structures at the neck of the invaginating plasma membrane. Functions with INP52 (P50942) to promote scission of the vesicle. The complex appears to protect the PI(4,5)P2 in the vesicle neck resulting in differential hydrolysis by INP52 to generate a lipid phase boundary. This leads to a mechanochemical interfacial force, driving membrane scission. In growing yeast cells, the complexes localize to cortical actin patches, which are sites of endocytosis.
CPX-1340	Separin-securin complex	ESP1;PDS1	Regulates the metaphase-to-anaphase transition during cell cycle progression, playing a role in control of the metaphase-anaphase transition and anaphase onset. Complex formation both activates and inhibits the protease activity of separase which is responsible for cleaving the MCD1/SCC1 (Q12158) subunit of the cohesin ring that holds sister chromatids together during mitosis. Securin appears to ensure that separase adopts its proper fold required for proteolytic activity and also promotes subcellular localization of separase to the nucleus. Securin is degraded via ubiquitylation by the anaphase-promoting complex (APC, CPX-760, CPX-761, CPX-762, CPX-756) enabling separase to become fully active.
CPX-1341	SEC23-LST1 COPII cargo recruitment complex	SEC23;SFB3	Adapter complex which interacts with the COPII coat (CPX-2523) to recruit specific cargo proteins, such as PMA1 (P05030), the essential plasma membrane ATPase, into the membrane vesicles that export newly synthesised proteins from the endoplasmic reticulum. Requires the presence of SEC23/SEC24 in the COPII coat for activity. Required for the export of glycosylphosphatidylinositol-anchored proteins to the Golgi apparatus through interaction with the EMP24 complex (CPX-1698).
CPX-1342	SET3C histone deacetylase complex	CPR1;HOS2;HOS4;HST1;SET3;SIF2;SNT1	Histone deacetylase complex important in regulating gene induction during stress response, such as changes in carbon sources, nitrogen starvation and DNA damage. SET3C binds to the histone marker H3K4me2 either in the 5' region of the open reading frames or in the promoter regions of some genes, replacing H3K4me3
CPX-1344	SLAC complex	LAS17;SLA1	Regulates actin polymerization during clathrin-mediated endocytosis. Complex formation inhibits the Arp2/3 nucleation-promoting factor activity of LAS17 and maintains it in an inactive state during the last 20 seconds of the immobile phase of endocytosis.
CPX-1355	RTT107-SLX4-SLX1 complex	RTT107;SLX1;SLX4	Required for checkpoint dampening by reducing RAD53 checkpoint activation. Complex formation enables MEC1 (P38111) and CDK-mediated phosphorylation of SLX4 and RTT107 under replication stress and DNA damage situations. Upon phosphorylation of SLX4 on Ser-486, the complex becomes associated with DPB11 (P47027) and diminishes DPB11 interaction with RAD9, thus reducing RAD53 (P22216) phosphorylation and activation.
CPX-1362	SLX4-RAD1-RAD10 endonuclease complex	RAD1;RAD10;SLX4	Endonuclease, which cuts branched DNA structures at the transition between dsDNA and ssDNA. Required for the repair of double-stranded breaks flanked by direct repeat sequences (boxes) which can occur by single-strand annealing), if a 5-prime to 3-prime resection is allowed to progress past the repeats. The complementary single-stranded repeats can anneal, leaving heterologous flaps to be removed by the RAD1–RAD10 endonuclease, before gap-filling and ligation completes the repair thereby deleting one of the repeats and the intervening sequence. SLX4 functions as a scaffold, following phosphorylation by MEC1 (P38111) or TEL1 (P38110), and may participate in proper positioning of RAD1-RAD10 or directing proper assembly/disassembly of one or more tail removal proteins, such as SAW1 (P39735), at 3-prime tailed intermediates.
CPX-1363	SAW1-RAD1-RAD10 endonuclease complex	RAD1;RAD10;SAW1	Endonuclease, which cuts branched DNA structures at the transition between dsDNA and ssDNA. Required for the repair of double-stranded breaks flanked by direct repeat sequences (boxes) which can occur by single-strand annealing, if a 5-prime to 3-prime resection is allowed to progress past the repeats. The complementary single-stranded repeats can anneal, leaving heterologous flaps to be removed by the RAD1-RAD10 endonuclease catalyzing the 3-prime-non-homologous tail removal of the single-strand annealing recombination intermediates, before gap-filling and ligation completes the repair thereby deleting one of the repeats and the intervening sequence. SAW1 contributes to 3-prime tail removal as a mediator between a 3-prime DNA flap substrate and RAD1-RAD10.
CPX-1364	SMC5-SMC6 SUMO ligase complex	KRE29;MMS21;NSE1;NSE3;NSE4;NSE5;SMC5;SMC6	SUMO ligase complex with a role in homologous recombination (HR) and replication. Required for chromosome segregation at repetitive sequences. Localizes to repetitive elements such as the rDNA and telomeres where is is thought to promote and resolve HR-dependent intermediates using ATP-hydrolysis to symmetrically reel DNA into loops. Also required for telomere maintenance during replication and telomere elongation and for SUMOylating components of the replisome, such as MCM2 (P29469) and the POL2 (P21951) subunit of the DNA polymerase epsilon complex (CPX-2110), which is important for replication fork progression in the presence of DNA-damaging agents.
CPX-1370	SNO1-SNZ1 pyridoxal 5'-phosphate synthase complex	SNO1;SNZ1	Catalyzes the hydrolysis of glutamine to glutamate and ammonia, thus supplying ammonia as a source of the ring nitrogen of pyridoxine as part of the biosynthesis of pyridoxal 5'-phosphate. SNZ1 may act as a synthetase that mediates the coupling of ammonia with an unknown acceptor substrate, possibly via a tunnel in the synthetase subunit.
CPX-1371	SNO2-SNZ1 pyridoxal 5'-phosphate synthase complex	SNO2;SNZ1	Catalyzes the hydrolysis of glutamine to glutamate and ammonia, thus supplying ammonia as a source of the ring nitrogen of pyridoxine as part of the biosynthesis of pyridoxal 5'-phosphate. SNZ1 may act as a synthetase that mediates the coupling of ammonia with an unknown acceptor substrate, possibly via a tunnel in the synthetase subunit.
CPX-1372	SNT2C histone deacetylase complex	ECM5;RPD3;SNT2	Histone deacetylase complex which may play a role in transcriptional regulation in response tooxidative stress.
CPX-1377	SNX4-ATG20 sorting nexin complex	ATG20;SNX4	Required on a maturing endosome to sort and export distinct cargo proteins. The heterodimers oligomerize and coat the membrane, driving a transition in topology from a flat membrane to a form the tubular endosomal network thus generating transport vesicles for trafficking of retromer cargoes. SNX4-ATG20 functions on the SNC1 (P31109) v-SNARE recycling pathway to transport SNC1 to the Golgi
CPX-1378	SNX4-SNX41 sorting nexin complex	SNX4;SNX41	Required on a maturing endosome to sort and export distinct cargo proteins. The heterodimers oligomerize and coat the membrane, driving a transition in topology from a flat membrane to a form the tubular endosomal network thus generating transport vesicles for trafficking of retromer cargoes . SNX4-SNX41 mediates retrograde sorting of ATG27(P46989), an integral membrane protein implicated in selective autophagy.
CPX-1379	Mitochondrial succinyl-CoA synthetase complex	LSC1;LSC2	Catalyzes the nucleotide-dependent conversion of succinyl-CoA to succinate and ATP. This enzyme functions in the tricarboxylic acid (TCA) cycle
CPX-1380	TAP42-RRD2-PPH21 phosphatase complex	PPH21;RRD2;TAP42	A serine/threonine protein phosphatase complex that plays a major role in TOR1/2 (P35169/P32600)-mediated signaling and gene expression. Rapamycin causes release of the phosphatase-RRD dimer from TAP42.
CPX-1381	NVJ1-VAC8 nucleus-vacuole junction complex	NVJ1;VAC8	Nucleus-vacuole junction complex, a membrane contact site formed between perinuclear and vacuolar membranes. Mediates essential cellular processes such as piecemeal microautophagy of the nucleus (PMN), a selective autophagic recycling process stimulated by carbon or nitrogen starvation through the target of rapamycin signaling pathway. Under these conditions, the region of the nucleus in the vicinity of NVJs invaginates into the vacuolar lumen and forms a bleb-like structure, which is released as a vesicle and eventually degraded by vacuolar hydrolases. NVJs are also involved in lipid metabolism by recruiting the two lipid-modifying enzymes, oxystereol-binding proteins homology OSH1 (P35845) involved in nonvesicular lipid trafficking and the enoyl-CoA reductase TSC13 (Q99190) that mediates the synthesis of very-long-chain fatty acids.
CPX-1382	TAP42-RRD2-PPH22 phosphatase complex	PPH22;RRD2;TAP42	A serine/threonine protein phosphatase complex that plays a major role in TOR1/2 (P35169/P32600)-mediated signaling and gene expression. Rapamycin causes release of the phosphatase-RRD dimer from TAP42.
CPX-1383	TRAPPIII protein complex	BET3;BET5;TRS20;TRS23;TRS31;TRS33;TRS85	Tethering complexes which provide the initial recognition event that links a particular vesicle with its target membrane. It is an Autophagy-specific guanine nucleotide exchange factor for the Rab GTPase YPT1 (P01123) that is recruited to the phagophore assembly site (PAS) when macroautophagy is induced by the ATG1 kinase complex (CPX-1676). The TRAPPIII-specific subunit, TRS85, targets this complex to the PAS. BET3, BET5, TRS23, and TRS31 create a catalytic site for promoting GDP/GTP exchange in YPT1.
CPX-1384	SUM1-RFM1-HST1 histone deacetylase complex	HST1;RFM1;SUM1	Histone deacetylase complex which represses the expression of middle sporulation genes during vegetative growth. The histone H3 specific methyltransferase SET1 (P38827) promotes association of the locus-specific SUM1-RFM1-HST1 repressor complex with the middle sporulation element in the promoter region of a subset of genes. Once bound, the complex maintains histone H4 lys-5 in a deacetylated state. The complex is also required for full initiation capacity of ORC-mediated replication initiation at consensus sequence within origins of replication in the genome.
CPX-1386	Synapsis initiation complex	CST9;SPO16;SPO22;ZIP2	Forms at axial association sites, where the chromosomes are in close contact, and is required for polymerization of ZIP1 (P31111) along the lengths of chromosomes during synapsis, the pairing of two homologous chromosomes that occurs during meiosis. ZIP1 polymerization into oligomeric arrays of transverse filaments leads to the formation of the synaptonemal complex, a proteinaceous connection between homologous chromosomes which forms during meiotic prophase. The accumulation of the ZIP1 appears to require the SUMO E3 ligase activity of CST9. The complex may also promote MSH4-MSH5 complex (CPX-1704)-mediated crossovers, the exchange of genetic material between homologous chromosomes during meiosis.
CPX-1387	Synaptonemal complex	ECM11;GMC2;HOP1;RED1;ZIP1	Liquid crystalline structure that forms a large scaffold connecting homologous chromosomes from end to end during meiotic prophase I. . Required for stabilising chromosome pairing and alignment, and for crossover events and chiasmata formation between homologous chromosome pairs. Mediates the lengthwise alignment of homologous chromsomes within 100 nm of each other with thread-like axial or lateral elements are paired together by transverse filaments formed by oligomerized ZIP1 proteins.
CPX-1407	ECM11-GMC2 synaptonemal assembly activation factor complex	ECM11;GMC2	Facilitates the assembly of the transverse filament of the synaptonemal complex (CPX-1387) by promoting the oligomerisation of ZIP1 (P31111). Recruited to the site of synapsis initiation complex (CPX-1386) binding where it may act to stabilise the nascent ZIP1 oligomer. ECM11 SUMOylation promotes ZIP1 assembly whilst ZIP1 promotes ECM11 SUMOylation in a positive feedback loop leading to further assembly of ZIP1, loading of ECM11-GMC2 and SUMOylation of ECM11 until the Synaptonemal complex is fully established.
CPX-1408	Nuclear meiotic cohesin complex	IRR1;REC8;SMC1;SMC3	Required for sister chromatid cohesion during meiotic cell division, which enables cells to attach sister kinetochores to microtubules with opposing polarity (bi-orientation) and subsequently resists the tendency of these microtubules to pull chromatids toward opposite spindle poles. Before the commencement of replication, the cohesin complex is loaded onto DNA. The arms of the SMC1/3 molecules embrace the DNA, thereby forming a ring of approx. 40 nm diameter. The head domains of SMC1 and SMC3 are locked together by REC8. Cohesion might be generated as the replication fork passes through the ring, entrapping both sister chromatids inside. At the metaphase to anaphase transition, REC8 is cleaved by separase, thereby opening the lock of the SMC1/3 head domains. The ring opens and sister chromatids can be pulled to opposite spindle poles. REC8 is required to efficiently recruit meiotic axis proteins such as RED1 and evenly distribute these along the meiotic chromosomes.
CPX-1409	UTP-A complex	NAN1;UTP10;UTP15;UTP4;UTP5;UTP8;UTP9	Required for early co-transcriptional events in ribosome biogenesis, acting as an RNA chaperone to initiate ribosome assembly. At the earliest stages of transcription, three subunits of UTPA (UTP8, UTP9 and UTP17) bind to nascent pre-rRNA at the very 5′ end while the remaining four subunits (UTP10, UTP4, UTP5 and UTP15) interact with nucleotides further downstream in the 5'-external transcribed spacer (ETS). May also act to stimulate U3 snoRNP recruitment. A sub-unit of the small subunit (SSU) processome, a 2.2 MDa ribonucleoprotein complex involved in the processing, assembly and maturation of nascent pre-ribosomal RNA to form the small ribosomal subunit. The SSU processome is a giant particle composed of numerous ribosome assembly factors, including the UTP-A, UTP-B (CPX-1410), UTP-C (CPX-772/CPX-771/CPX-773) and MPP10 (CPX-1893) complexes, the U3 small nucleolar ribonucleoprotein (snoRNP) and many individual proteins.
CPX-1410	UTP-B complex	DIP2;PWP2;UTP13;UTP18;UTP21;UTP6	Required for early co-transcriptional events in ribosome biogenesis, acting as an RNA chaperone to initiate ribosome assembly. May facilitate specific U3 snoRNA- 5'-external transcribed spacer (ETS) base-pairing with PWP2 bridging the interaction site. A sub-unit of the small subunit (SSU) processome, a 2.2 MDa ribonucleoprotein complex involved in the processing, assembly and maturation of nascent pre-ribosomal RNA to form the small ribosomal subunit. The SSU processome is a giant particle composed of numerous ribosome assembly factors, including the UTP-A (CPX-1409), UTP-B, UTP-C (CPX-772/CPX-771/CPX-773) and MPP10 (CPX-1893) complexes, the U3 small nucleolar ribonucleoprotein (snoRNP) and many individual proteins.
CPX-1412	UBP3-BRE5 ubiquitin hydrolase complex	BRE5;UBP3	Specifically deubiquitylates and consequently controls the expression level of the SEC23 (P15303) and SEC27 (P41811) subunits of the COPII (CPX-2523) and COPI complexes that regulate anterograde and retrograde transport between the endoplasmic reticulum and the Golgi apparatus respectively. Also required for the assmbly of nonmembranous ribonucleoprotein stress granules. Inhibits mitophagy but promotes other types of autophagy, including ribophagy. The complex translocates dynamically from the cytosol to the mitochondria upon induction of mitophagy.
CPX-1413	VPS55-VPS68 sorting complex	VPS55;VPS68	Appears to act with or downstream of the ESCRT (Endosomal sorting complex required for transport) machinery to regulate trafficking at endosome and may also mediate a step in the endosomal maturation process.
CPX-1414	UBA3-ULA1 E1 enzyme	UBA3;ULA1	E1 enzyme complex that activates the Ubiquitin-like protein modifier RUB1 (Q03919) by adenylating its C-terminal glycine residue using ATP, then linking this residue to the side chain of the catalytic cysteine of UBA3 (Cys-168), yielding NEDD8-UBA3. This is conjugated by the E2 UBC12 (P52491) to a single site in the carboxyl termini of cullins, a family of hydrophobic proteins providing a scaffold for E3 ubiquitin ligases, thus modulating the E3 enzymatic activity.
CPX-1415	IME1-UME6 transcription activation complex	IME1;UME6	Transcriptional activator that acts at promoters of early meiosis-specific genes and recruits the histone acetyl transferase Gcn5 to initiate transcription. Formation of the complex under meiotic induction conditions converts the URS1 element-binding protein, UME6, from a repressor to an activator resulting in the formation of asci. Phosphorylation of IME1 by RIM11 (P38615) is required for complex formation.
CPX-1417	BBP-MUD2 branchpoint-binding complex	MSL5;MUD2	Orchestrates spliceosome assembly by binding the intron branchpoint sequence 5-prime-UACUAAC and establishes cross intron-bridging interactions with the U1 snRNP (CPX-23) at the 5-prime splice site of an unspliced intron in an RNA transcript.
CPX-1418	Spliceosomal commitment complex	PRP5	Formation of this complex is the first defined step in the yeast splicing pathway and is responsible for intron recognition, which targets pre-mRNA to the splicing pathway. Binding of the 5-prime end of U1 snRNP (CPX-23) to the 5-prime splice site through base-pairing forms first a basal complex only dependent on a 5-prime splice site (CC1) and then a more stable second complex dependent on a branchpoint as well as a 5-prime splice site region (CC2). Interactions between the BBP-MUD2 branchpoint-binding complex (CPX-1417) and the U1 snRNP protein PRP40 (P33203) defines a bridge between the two ends of the intron. PRP5 may interact with U1 snRNP and other proteins to bridge the 5' splice site and the UACUAACA box of the pre-mRNA's branchpoint region. It may also recruit U2 snRNP (CPX-26) which binds to the intron branch site of the commitment complex to form the pre-spliceosome in an ATP dependent step.
CPX-1419	Spindle pole body central plaque complex	CMD1;SPC110;SPC29;SPC42	Component of the spindle pole body, which is responsible for the nucleation and organisation of microtubules within the cell, thus playing a role in chromosome segregation in mitosis and meiosis and controlling cytoplasmic interphase microtubules.
CPX-1420	Spindle pole body intermediate layer 2 complex	CNM67;SPC42	Component of the spindle pole body, which is responsible for the nucleation and organisation of microtubules within the cell, thus playing a role in chromosome segregation in mitosis and meiosis and controlling cytoplasmic interphase microtubules.
CPX-1421	NOP8 60s ribosome pre-assembly complex	DBP6;NOP8;RSA3;URB1;URB2	May function as a scaffold to mediate topological rearrangements by the RNA helicases and organize assembly of early pre-60S ribosomes.
CPX-1422	TEL2-TTI1-TTI2 complex	TEL2;TTI1;TTI2	Regulates the stability of phosphatidylinositol 3-kinase-related protein kinases (PIKKs) such as TEL1 (P38110) and MEC1 (P38111), which are required for checkpoint signaling. Newly synthesized PIKK interacts with TEL2, in the TEL2-TTI1-TTI2 complex assisted by HSP90 (P02829). Phosphorylated TEL2 then appears to mediate the interaction between PIKK and R2TP complex to eventually lead to the proper assembly of PIKK.
CPX-1423	COX1 pre-assembly complex	COA3;COX14;MSS51;SSC1	Binds to and stabilizes COX1 (P00401) during the assembly of mitochondrial respiratory chain complex IV/cytochrome C oxidase (CPX-1721/CPX-1722). The process is probably catalyzed by assembly chaperones such as SHY1 (P53266) and COA1 (P40452). The complex also acts to trap the COX1-mRNA-specific translational activator, MSS51, thus rendering it incompetent to support translation of COX1. On further maturation of the assembly intermediate, MSS51 dissociates and can stimulate further rounds of COX1 mRNA translation.
CPX-1424	Tubulin alpha-beta heterodimeric complex, TUB1 variant	TUB1;TUB2	Building block of the non-covalent cylindrical polymers that make up the hollow water-filled microtubule structures required for the migration and proper orientation of the nucleus, spindle pole body separation, spindle function, and nuclear division.
CPX-1425	Tubulin alpha-beta heterodimeric complex, TUB3 variant	TUB2;TUB3	Building block of the non-covalent cylindrical polymers that make up the hollow water-filled microtubule structures required for the migration and proper orientation of the nucleus, spindle pole body separation, spindle function, and nuclear division.
CPX-1426	Myosin class II complex	MLC1;MLC2;MYO1	Building block of the class II myosin bipolar filament, responsible for the anti-parallel sliding of actin filaments. Plays a role in cell separation, appearing to form thick filaments that scaffold the assembly of the division machinery. The myosin heavy chain motor domain mediates the ATP-dependent interaction with the F-actin cytoskeleton. The myosin neck region with the bound light chains acts as a rigid lever arm that amplifies movements within the myosin motor domain into a large mechanical stroke that directionally propels the myosin along the actin filament.
CPX-1470	Myosin class I complex, MYO5 variant	CMD1;MYO5	Responsible for endocytic internalization. Required for proper actin cytoskeleton assembly polarization via the formation of actin patches. The myosin heavy chain motor domain mediates the ATP-dependent interaction with the F-actin cytoskeleton. The myosin neck region with the bound light chains acts as a rigid lever arm that amplifies movements within the myosin motor domain into a large mechanical stroke that directionally propels the myosin along the actin filament. The C-terminal extension (long-tail) of Myosin-5 can trigger Arp2/3 complex (CPX-607)-dependent actin polymerization.
CPX-1500	Myosin class I complex, MYO3 variant	CMD1;MYO3	Responsible for endocytic internalization. Required for proper actin cytoskeleton assembly polarization via the formation of actin patches. The myosin heavy chain motor domain mediates the ATP-dependent interaction with the F-actin cytoskeleton. The myosin neck region with the bound light chains acts as a rigid lever arm that amplifies movements within the myosin motor domain into a large mechanical stroke that directionally propels the myosin along the actin filament. The C-terminal extension (long-tail) of Myosin-5 can trigger Arp2/3 complex (CPX-607)-dependent actin polymerization.
CPX-1501	Myosin class V complex, MYO4 variant	CMD1;MLC1;MYO4	Building block of the class V myosin processive molecular motor involved in a range of organelle-transporting functions, including the transport of vacuoles and mRNA. The myosin heavy chain motor domain mediates the ATP-dependent interaction with the F-actin cytoskeleton. The myosin neck region with the bound light chains acts as a rigid lever arm that amplifies movements within the myosin motor domain into a large mechanical stroke that directionally propels the myosin along the actin filament. Myosin V has a high duty cycle, i.e. remains attached to actin for a large fraction of the mechanochemical cycle due to the slow rate of ADP release, the rate-limiting step in the ATPase cycle. This kinetic adaptation allows myosin V to take multiple steps without dissociating from the actin filament. Myosin V can take large steps of approximately 36nm, a distance equal to the helical repeat of the actin filament allowing Myosin V to walk in a straight line on the actin filament, in a hand-over-hand fashion.
CPX-1599	40S cytosolic small ribosomal subunit	ASC1;RPS12;RPS13;RPS15;RPS2;RPS20;RPS3;RPS31;RPS5	Component of the ribosome, the site of protein biosynthesis resulting from translation of messenger RNA (mRNA). Acts as the decoding centre of the ribosome which brings mRNA and aminoacylated transfer (t)RNAs together, with the 16S ribosomal (r)RNA being required for the selection of the cognate tRNA.
CPX-1601	60S cytosolic large ribosomal subunit	RPL10;RPL28;RPL29;RPL3;RPL30;RPL32;RPL38;RPL39;RPL5;RPP0	Component of the ribosome, the site of protein biosynthesis resulting from translation of messenger RNA (mRNA). Responsible for the catalytic activity of the ribosome, the peptidyltransferase activity required to catalyze peptide bond formation. The nascent polypeptides leave the ribosome through a tunnel in the LSU and interact with protein factors that function in enzymatic processing, targeting, and the membrane insertion of nascent chains at the exit of the ribosomal tunnel.
CPX-1602	54S mitochondrial large ribosomal subunit	IMG1;IMG2;MHR1;MNP1;MRP20;MRP35;MRP49;MRP7;MRPL1;MRPL10;MRPL11;MRPL13;MRPL15;MRPL16;MRPL17;MRPL19;MRPL20;MRPL22;MRPL23;MRPL24;MRPL25;MRPL27;MRPL28;MRPL3;MRPL31;MRPL32;MRPL33;MRPL35;MRPL36;MRPL37;MRPL38;MRPL39;MRPL4;MRPL40;MRPL44;MRPL49;MRPL50;MRPL51;MRPL6;MRPL7;MRPL8;MRPL9;MRX14;RML2;RTC6;YML6	Component of the ribosome, the site of protein biosynthesis resulting from translation of messenger RNA (mRNA). Responsible for the catalytic activity of the ribosome, the peptidyltransferase activity required to catalyze peptide bond formation. The mitochondrial ribosome (mitoribosome) is responsible for the synthesis of mitochondrial genome-encoded proteins, including at least some of the essential transmembrane subunits of the mitochondrial respiratory chain. The mitoribosomes are tethered to the mitochondrial inner membrane and translation products are cotranslationally integrated into the membrane. The inner membrane protein MBA1 (P38300) aligns the mitochondrial peptide exit tunnel with the membrane insertion machinery and supports the transfer of the mitochondrial nascent peptides towards the membrane
CPX-1603	37S mitochondrial small ribosomal subunit	EHD3;FYV4;MRP1;MRP10;MRP13;MRP17;MRP2;MRP21;MRP4;MRP51;MRPS12;MRPS16;MRPS17;MRPS18;MRPS28;MRPS35;MRPS5;MRPS8;MRPS9;NAM9;PET123;QRI5;RSM10;RSM18;RSM19;RSM23;RSM24;RSM25;RSM26;RSM27;RSM28;RSM7;SWS2;VAR1	Component of the ribsome, the site of protein biosynthesis resulting from translation of messenger RNA (mRNA). Acts as the decoding centre of the ribosome which brings mRNA and aminoacylated transfer (t)RNAs. The mitochondrial ribosome (mitoribosome) is responsible for the synthesis of mitochondrial genome-encoded proteins, including at least some of the essential transmembrane subunits of the mitochondrial respiratory chain. The mitoribosomes are tethered to the mitochondrial inner membrane and translation products are cotranslationally integrated into the membrane. The inner membrane protein MBA1 (P38300) aligns the mitochondrial peptide exit tunnel with the membrane insertion machinery and supports the transfer of the mitochondrial nascent peptides towards the membrane
CPX-1606	RCL1-BMS1 40S ribosomal subunit maturation complex	BMS1;RCL1	Required for 40S ribosomal subunit maturation. Formation of the complex is required for the import of RCL1 into the nucleus. In the absence of GTP, BMS1 acts as a chaperone and masks the RCL1 active site. GTP binding to BMS1 and/or GTP hydrolysis unveils the RNA binding surface of RCL1 and promotes 20S pre-rRNA cleavage to form the mature 18S RNA.
CPX-1610	Nucleosome, variant HTA2-HTB2	HHF1;HHT1;HTA2;HTB2	Nucleosomes wrap and compact DNA into chromatin, limiting DNA accessibility to the cellular machineries which require DNA as a template. Histones thereby play a central role in transcription regulation, DNA repair, DNA replication and chromosomal stability.
CPX-1611	Nucleosome, variant HTA2-HTB1	HHF1;HHT1;HTA2;HTB1	Nucleosomes wrap and compact DNA into chromatin, limiting DNA accessibility to the cellular machineries which require DNA as a template. Histones thereby play a central role in transcription regulation, DNA repair, DNA replication and chromosomal stability.
CPX-1612	Nucleosome, variant HTA1-HTB1	HHF1;HHT1;HTA1;HTB1	Nucleosomes wrap and compact DNA into chromatin, limiting DNA accessibility to the cellular machineries which require DNA as a template. Histones thereby play a central role in transcription regulation, DNA repair, DNA replication and chromosomal stability.
CPX-1613	Nucleosome, variant HTZ1-HTB1	HHF1;HHT1;HTB1;HTZ1	Nucleosomes wrap and compact DNA into chromatin, limiting DNA accessibility to the cellular machineries which require DNA as a template. Histones thereby play a central role in transcription regulation, DNA repair, DNA replication and chromosomal stability. The H2A.Z nucleosome acts as a barrier that occludes the transcription start sites at the edge of the nucleosome-free region, potentially keeping promoters in a repressed state. The complex additionally helps position downstream nucleosomes in the coding region. SWR1 (CPX-2122) replaces the canonical H2A/H2B dimer at nucleosomes flanking histone-depleted regions, such as promoters, with the variant histone H2A.Z/H2B dimer.
CPX-1614	Nucleosome, variant HTZ1-HTB2	HHF1;HHT1;HTB2;HTZ1	Nucleosomes wrap and compact DNA into chromatin, limiting DNA accessibility to the cellular machineries which require DNA as a template. Histones thereby play a central role in transcription regulation, DNA repair, DNA replication and chromosomal stability. The H2A.Z nucleosome acts as a barrier that occludes the transcription start sites at the edge of the nucleosome-free region, potentially keeping promoters in a repressed state. The complex additionally helps position downstream nucleosomes in the coding region. SWR1 (CPX-2122) replaces the canonical H2A/H2B dimer at nucleosomes flanking histone-depleted regions, such as promoters, with the variant histone H2A.Z/H2B dimer.
CPX-1616	Clathrin complex	CHC1;CLC1	Building block of the polyhedral coat of coated pits and vesicles, forming a polymeric mechanical scaffold on the vesicle surface. Clathrin-coated vesicles participate in selective protein transport processes from the plasma membrane and the Golgi complex, including endocytosis, sorting of newly made lysosomal proteins, secretory granule formation and localization of certain Golgi membrane proteins.
CPX-3342	Seipin complex	LDB16;SEI1	Required for resulating the size, morphology and content of lipid droplets. Acts to stabilize the contact points between the endoplasmic reticulum and lipid droplet, preventing the equilibration of the two membrane systems and establishing a diffusion barrier. The complex modulates the balance between neutral lipid and phospholipid synthesis and appears to affect the distribution of enzymes involved in phosphatidic acid to diacyl glycerol conversion. Mutations in human seipin cause lipodystrophy.
CPX-3384	LAS1 RNA processome complex	GRC3;LAS1	Endonuclease responsible for the removal of the second internal transcribed spacer region (ITS2) from 35S pre-ribosomal RNA, located between the 5.8S and 25S rRNA. LAS1 within this complex functions as RNA endonuclease, which cleaves at site C2, yielding a 2′,3′ cyclic phosphate at the 7S pre-rRNA and a hydroxyl group at the 5′ end of the 26S pre-rRNA. Subsequently, GRC3, phosphorylates 26S pre-rRNA at its free 5′-OH group, allowing the associated RAT1 5′ to 3′ exonuclease and its co-factor RAI1 to trim 26S pre-rRNA to 25′S pre-rRNA.
CPX-3462	CLA4-BEM1-CDC24 polarity complex	BEM1;CDC24;CLA4	Required for the establishment of cell polarity during the cell division cycle, and essential for bud emergence. Binds directly to activated CDC42 GTPase and is required for orchestrating a cellular gradient of CDC42. The complex assembles in late G1 and BEM1 directly augments the guanine exchange factor (GEF) activity of CDC24, promoting the exchange of CDC42-bound GDP with GTP. BEM1 also increases CDC24 phosphorylation by CLA4. Phosphorylation inhibits scaffold-dependent stimulation of CDC24 GEF activity, thus BEM1 stimulates GEF activity in a reversible fashion, controlling the flux of cellular signalling through CDC42. The core circuit appears to be a positive feedback loop with GTP-CDC42 at the membrane recruiting the complex from the cytoplasm to promote activation of neighbouring CDC42. A corresponding negative feedback loop appears to ensure only one bud forms.
CPX-3503	MIH complex	HOF1;IQG1;MLC1	Role in cytokinesis. May bridge actomyosin ring contraction and septum synthesis, resulting in the coordination of these processes, and leading to plasma membrane ingression and fusion.
CPX-3541	AIM21-TDA2 actin assembly regulator complex	AIM21;TDA2	Localizes to actin cortical patches at sites of endocytosis and negatively regulates barbed end F-actin assembly, resulting in the generation of free actin pools. Necessary for efficient endocytosis and balancing the distribution of actin between patches and cables. Interacts with, and may regulate the activity of, the F-actin capping protein complex (CPX-1637).
CPX-3621	ATR-ATRIP DNA damage-sensing kinase complex	LCD1;MEC1	Master regulator of the DNA damage response controlling a signaling cascade required for the maintenance of genomic integrity. Activated by RPA complex (CPX-21)-coated single-stranded DNA at the site of DNA double-strand breaks and stalled replication forks. Appears to control the production of an adequate and balanced pool of deoxyribonucleotides and maintain replication fork stability.
CPX-3681	SCF-Ydr131c ubiquitin ligase complex	CDC34;CDC53;HRT1;SKP1;YDR131C	SCF-Ydr131c is a member of the SCF (Skp1-Cullin-F-box) E3 ubiquitin ligase family, in which the F-box protein, YDR131C (Q03899), forms the substrate recognition subunit. The complex may form a homodimer.
CPX-824	Nuclear pore complex	ASM4;DYN2;GLE1;GLE2;MLP1;MLP2;NDC1;NIC96;NSP1;NUP1;NUP100;NUP116;NUP120;NUP133;NUP145;NUP157;NUP159;NUP170;NUP188;NUP192;NUP2;NUP42;NUP49;NUP53;NUP57;NUP60;NUP82;NUP84;NUP85;POM152;POM34;SEC13;SEH1	The nuclear pore complex (NPC) is a large assembly embedded in the nuclear envelope of eukaryotic cells. The yeast nucleus contains approximately 200 NPCs per cell and as the sole site of macromolecular traffic between the nucleus and cytoplasm, the complex provides an important control point for the regulation of gene expression. Inert polymers and small proteins less than 9 nm in diameter or less than 30-40 kDa in mass can freely diffuse through the NPC, larger particles traverse the NPC by a facilitated mechanism with the structure able to expand radially to accommodate the passage of larger particles. The nuclear basket subunits play an active role in transcription, transcriptional memory and chromatin organization by recruiting members of the transcription machinery to the nuclear side of the NCP.
CPX-1839	alpha-1,6-mannosyltransferase complex, M-Pol II variant	ANP1;HOC1;MNN10;MNN11;MNN9	Role in the initiation and extension of an alpha -1,6-linked polymannose backbone as a first step in mannan synthesis, a branched polymer attached to the glycans of many of the proteins destined for the cell wall. May play the major role in the the extension of the mannan backbone after it is initiated by M-Pol I (CPX-1672).
CPX-1622	ESCRT-0 complex	HSE1;VPS27	The ESCRT machinery consists of ESCRT-0 (this complex), -I (CPX-940), -II (CPX-1623), -III (CPX-1624) and -IV (VPS4 complex, CPX-334) and is required for the downregulation of cell-surface receptors and for the final membrane scission step during endocytosis. ESCRT-0 binds PI3P on endosomes and ubiquitinated cargo via VPS27, recruiting clathrin and sequestering ubiquitylated cargo in clathrin-coated microdomains. HSE1 recruits ESCRT-1 and initiates the multivesicular body (MVB) pathway.
CPX-1623	ESCRT-II complex	SNF8;VPS25;VPS36	The ESCRT machinery consists of ESCRT-0 (CPX-1622), -I (CPX-940), -II (this complex), -III (CPX-1624) and -IV (VPS4 complex, CPX-334) and is required for the downregulation of cell-surface receptors and for the final membrane scission step during endocytosis. ESCRT-II transiently associates with endosomes and facilitates recruitment of ESCRT-III components to membranes.
CPX-1624	ESCRT-III complex	DID4;SNF7;VPS20;VPS24	A membrane fission complex that is part of the ESCRT machinery of ESCRT-0 (CPX-1622), -I (CPX-940), -II (CPX-1623), -III (this complex) and -IV (VPS4 complex, CPX-334). It is involved in multiple membrane fission processes: a) the final step of cell organelle fusion processes such as the biogenesis of intraluminal vesicles (ILV) in multivesicular bodies (MVB, a type of late endosomes), fusion of autophagosomes with MVB or lysosomes and amphisomes or MVB with lysosomes, thereby playing a crucial role in processes like autophagy and downregulation of cell-surface receptors, b) polarity, c) migration, d) miRNA activity, e) mRNA transport, f) repair of plasma membrane wounds, g) the final scission of cytokineses, h) nuclear envelope sealing by annular fusion, i) nuclear pore complex (NPC) surveillance and j) extraction of defective NPCs. ESCRT-III assembles into a highly ordered filament-like hetero-oligomer, which may spatially restrict membrane-curvature-inducing factors to initiate budding away from the cytoplasm. VPS20 nucleates the homo-oligomerization of SNF7 that is capped by VPS24. VPS24 recruits VPS2, initiates VPS4-dependent ESCRT-III dissasembly and binds phosphatidylinositol 3,5-diphosphate.
CPX-1625	HOPS tethering complex	PEP3;PEP5;VAM6;VPS16;VPS33;VPS41	Multisubunit tethering complex involved in endo-lysosomal vesicle trafficking and lysosome biogenesis by cross-linking two membranes, and facilitating the formation of a SNARE complex during fusion. Required for the delivery of vacuolar proteins and homotypic fusion of vacuoles and controls the clearance of late endosomes and autophagosomes during heterophagy and autophagy through promoting fusion of these vesicles with the vacuole Controls homotypic vacuole-vacuole fusion by regulating vesicle docking to the vacuole through its interaction with soluble SNAREs (CPX-1887), the GTP-bound form of the Rab protein YPT7 (P32939) and phosphoinositides. HOPS indirectly facilitates trans-SNARE complex formation by tethering membranes then protects newly formed trans-SNARE complexes from disassembly by SEC17/SEC18 (P32602/P18759). Reduces the levels of noncanonical trans-SNARE complexes formed during fusion, and further reduces the capacity of these mismatched complexes to undergo fusion. HOPS function is regulated through phosphorylation of its VPS41 subunit by YCK3 which lowers its affinity for vacuolar lipids.
CPX-1626	CORVET tethering complex	PEP3;PEP5;VPS16;VPS3;VPS33;VPS8	Multisubunit tethering complex involved in early endosomal fusions by cross-linking two membranes, and facilitating the formation of a SNARE complex during fusion. Cooperates with Rab GTPases to capture vesicles and trap them prior to the action of SNAREs. Catalyses either vacuole fission into sub-compartments or vacuole-endosome fusion, or both, by interacting with the Rab GTPase VPS21 (P36017) to promote tethering and fusion of RAB5/VPS21-positive membranes.
CPX-1627	RAVE complex	RAV1;RAV2;SKP1	Mediates both the biosynthetic assembly and the glucose-induced reassembly of the V-ATPase (CPX-1193). Binds to V1 released from the vacuolar membrane by glucose deprivation and releases V1 upon glucose readdition. Appears to be aiding cytosolic V1 complexes to assemble with V0 at the membrane.
CPX-1628	RNA decapping complex, DCP1-DCP2	DCP1;DCP2	Removes the 7-methyl guanine cap structure from mRNA molecules, yielding a 5'-phosphorylated mRNA fragment and 7m-GDP. Necessary for the degradation of mRNAs, both in normal mRNA turnover and in nonsense-mediated mRNA decay. The activity of this complex is tightly regulated to prevent premature degradation of the transcript.
CPX-1629	TIM22 mitochondrial inner membrane twin-pore carrier translocase complex	TIM10;TIM12;TIM18;TIM22;TIM54;TIM9	Mediates the insertion and lateral release of multi-spanning membrane precursor proteins into the mitochondrial inner membrane in a membrane potential-dependent manner following translocation into the mitochondrion. Most mitochondrial proteins are synthesized in the cytosol, imported into mitochondria, sorted to one of the four submitochondrial compartments, where they function, and attain their functional native conformation, which is often facilitated by assembly into the membrane or a multiprotein complex.
CPX-1630	Mitochondrial processing peptidase complex	MAS1;MAS2	Metalloprotease which cleaves off the N-terminal presequence from nuclear encoded mitochondrial precursor proteins, such as the sequence that targets the proteins to the mitochondrial matrix. Common features for cleavage of the extension peptides by MPP are a proximal basic amino acid residue, usually arginine at the P2 position, distal N-terminal basic residues generally 3-10 residues from the proximal arginine and an aromatic or less often another type of bulky hydrophobic residue at position P1'; MPP also prefers polar residues such as histidine, serine, and threonine at positions P2' and P3'.
CPX-1631	tRNA (adenine(58)-N(1))-methyltransferase complex	GCD10;GCD14	Catalyzes the transfer of a methyl group from the cofactor S-adenosyl-l-methionine (CHEBI:67040) to N1 of adenine-58 to give 1-methyladenosine (m1A58) in initiator methionyl-tRNA. This is required for maintaining the stability of the initiator methionine tRNAiMet.
CPX-1632	trm8-trm82 tRNA (guanine-N(7)-)-methyltransferase	TRM8;TRM82	Required for 7-methylguanosine modification (m7G46) of tRNA. The m7G46 modification is required to prevent tRNA levels decay in a rapid tRNA degradation pathway.
CPX-1633	Transcription factor TFIIA complex	TOA1;TOA2	Transcription factor complex that regulates transcription initiation from RNA polymerase II promoters. Binding to the transcription factor complex TFIID-TBP enhances assembly of the transcriptional preinitiation complex PIC and its binding to the DNA at the TATA-box by displacing transcription inhibitors.
CPX-1634	Protein farnesyltransferase complex	RAM1;RAM2	Catalyzes the transfer of a 15-carbon lipid, the farnesyl moiety, from farnesyl pyrophosphate to a cysteine at the fourth position from the C-terminus of several proteins having the C-terminal sequence Cys-aliphatic-aliphatic-X (CaaX box). The hydrophobic farnesyl moiety aids membrane attachment of the target proteins which include many essential signal transduction proteins, including members of the Ras superfamily. Farnesylation is essential both for normal functioning of these proteins, and for the transforming activity of oncogenic mutants.
CPX-1635	Protein geranylgeranyltransferase type I complex	CDC43;RAM2	Catalyzes the transfer of a 20-carbon lipid, the geranyl-geranyl moiety, from geranyl-geranyl pyrophosphate to a cysteine at the fourth position from the C-terminus of several proteins having the C-terminal sequence Cys-aliphatic-aliphatic-X (CaaX box). The Zn2+ is required for peptide, but not for isoprenoid, substrate binding. The hydrophobic geranyl-geranyl moiety aids membrane attachment of the target proteins which include many essential signal transduction proteins, including members of the Ras superfamily.
CPX-1636	Protein geranylgeranyltransferase type II complex	BET2;BET4;MRS6	Catalyzes the transfer of a 20-hydrocarbon geranyl-geranyl moiety from geranyl-geranyl pyrophosphate to a Rab protein having the C-terminal sequence -XXCC, -XCXC and -CCXX , where both cysteines may become modified. Requires both Zn2+ and Mg2+ for maximal activity. The Rab escort protein, MRS6, is the substrate-binding subunit (component A) of the complex which binds unprenylated Rab proteins and presents the substrate peptide to the catalytic component B. Component A is thought to be regenerated by transferring its prenylated Rab back to the donor membrane.
CPX-1637	F-actin capping protein complex	CAP1;CAP2	Caps the barbed end of the actin filament thereby blocking the exchange of subunits at these ends. The complex is an essential component for the reconstitution of movement powered by actin polymerization and is important for actin assembly and cell motility.
CPX-1638	Oligosaccharyltransferase complex, OST6 variant	OST1;OST2;OST4;OST5;OST6;STT3;SWP1;WBP1	Transfers the dolicholphosphate-linked core oligosaccharide to selected Asn-X-Ser/Thr sequences of the nascent polypeptide chain, a key step in N-glycosylation of secretory and membrane-bound proteins in the lumen of the endoplasmic reticulum. The two variant complexes may be involved in the recognition of different protein substrates, perhaps in combination with their recruitment to the two different protein translocation machineries. Variant 1 may be involved in N-glycosylation of a group of proteins, necessary for cell wall formation or for growth at high temperature and binds to the Ssh1 translocon complex (CPX-1834).
CPX-1639	Oligosaccharyltransferase complex, OST3 variant	OST1;OST2;OST3;OST4;OST5;STT3;SWP1;WBP1	Transfers the dolicholphosphate-linked core oligosaccharide to selected Asn-X-Ser/Thr sequences of the nascent polypeptide chain, a key step in N-glycosylation of secretory and membrane-bound proteins in the lumen of the endoplasmic reticulum. The two variant complexes may be involved in the recognition of different protein substrates, perhaps in combination with their recruitment to the two different protein translocation machineries. Variant 2 binds to SEC61 translocon complex (CPX-1833).
CPX-1640	Nucleotide excision repair factor 2 complex	RAD23;RAD4	Nucleotide excision repair damage-recognition heterodimer. Binds damaged DNA and recruits the NEF1 and NEF3 complexes. Rad4 inserts a beta-hairpin through the DNA duplex, causing the two damaged base pairs to flip out of the double helix. Lesion recognition does not appear to be based in structural discrimination between normal and damaged DNA by Rad4/XPC, but may be due to a ‘kinetic gating’ mechanism, whereby the DNA lesion selectivity arises mainly from the kinetic competition between Rad4-induced DNA opening and the residence time of Rad4 at a given site.
CPX-1641	GINS complex	PSF1;PSF2;PSF3;SLD5	Required for the initiation of replication and for replication fork progression, mediating interactions with replication factors. Binds to and enhances the enzymatic function of the MCM helicase (CPX-2944) during the initiation and elongation stages of replication. Core component of the replicative helicase CMG (CPX-297) complex that serves as the replicative helicase unwinding duplex DNA ahead of moving replication fork during chromosome duplication. Also appears to interact with and stimulate the polymerase activities of DNA polymerase epsilon complex (CPX-2110) and the DNA polymerase alpha:primase complex (CPX-2091).
CPX-1642	General transcription factor complex TFIID	SPT15;TAF1;TAF10;TAF11;TAF12;TAF13;TAF14;TAF2;TAF3;TAF4;TAF5;TAF6;TAF7;TAF8;TAF9	General transcription factor complex that acts as the primary core promoter recognition factor in the initiation of RNA polymerase II (Pol II)-dependent transcription. The TBP subunit of TFIID recognizes and binds to the TATA box (if present), while TAF1 and TAF2 interact with the Initiator element (Inr), and TAF1 and the TAF6-TAF9 module recognizes the downstream core promoter element (DPE). Other core promoter elements, such as the motif ten element (MTE), may also be involved. Binding of the general transcription factor complex TFIIA (CPX-1633) enhances binding of TFIID to the core promoter and nucleates pre-initiation complex (PIC) assembly. Following recruitment of TFIIA to TFIID, TFIIB, TFIIF, Pol II, TFIIE (CPX-1658) and TFIIH are successively assembled at the core promoter, allowing the PIC to initiate Pol II transcription.
CPX-1643	UDP-N-acetylglucosamine transferase complex	ALG13;ALG14	Catalyses the second step of eukaryotic N-linked glycosylation in endoplasmic reticulum, transferring an N-acetylglucosamine (GlcNAc) from UDP-GlcNAc to GlcNAc-PP-Dolichol. Alg14 is a membrane protein that recruits the cytosolic Alg13 protein to the ER, Alg13 contains the catalytic domain of the UDP-GlcNAc transferase, but cytosolic Alg13 is not active unless bound to Alg14 at the ER membrane suggesting the formation of the Alg13/14 complex is crucial for UDP-GlcNAc transferase activity.
CPX-1644	HOP2-MND1 recombination assembly factor complex	HOP2;MND1	Recombinase cofactor that activates both RAD51 (P25454)- and DMC1 (P25453)-mediated homologous pairing during homologous recombination. Acts to stabilize the presynaptic filament, a right-handed helical nucleoprotein strand generated by RAD51 and DMC1 from single-stranded DNA derived from the nucleolytic processing of a primary lesion. The HOP2-MND1 complex synergizes with the filament to assemble the synaptic complex, and promotes DMC1-/RAD51-mediated strand exchange between the presynaptic filament and recombining double-stranded DNA to form a D-loop, acting with RAD54 (P32863), a nucleosome remodeler, to promote homologous pairing with the nucleosomal double-stranded DNA.
CPX-1645	Ste4-Ste18 heterodimer	STE18;STE4	Signal-transmitting component of the G protein heterotrimer in the pheremone response pathway. Activation of the Ste2 receptor by mating pheromone leads to GTP binding and dissociation of the G protein alpha subunit (Gpa1, P08539) from the G protein beta and gamma subunit complex (STE4 and STW18). STE4-STE18 activate the downstream pheromone signaling MAP kinase cascade leading to expression of mating-specific genes, inducing cell cycle arrest in G1, promoting polarized cell growth to form mating projections (shmoos), and establishing the changes in plasma membrane, cell wall and nuclear envelope to permit cell-cell fusion (plasmogamy) and fusion of the two haploid nuclei (karyogamy).
CPX-1646	G protein heterotrimer	GPA1;STE18;STE4	Inactive form of the G protein signal-transmitting component in the pheremone response pathway. Activation of the Ste2 receptor by mating pheromone leads to GTP binding and dissociation of the G protein alpha subunit (GPA1) from the G protein beta and gamma subunits (CPX-1645).
CPX-1647	SF3B complex	CUS1;HSH155;HSH49;RDS3;RSE1;YSF3	Spliceosomal complex, an essential factor for splicing of pre-mRNA. Part of the U2 snRNP as well as the U11/U12 di-snRNP. Present in the pre-spliceosomal A complex and the fully assembled catalytic active spliceosomes.
CPX-1648	SF3A complex	PRP11;PRP21;PRP9	Essential role in pre-mRNA splicing. A core component of the mature U2 snRNP (small nuclear ribonucleoprotein particle), a dynamic 17S particle which assembles as part of the spliceosome. Displacement of SF3A from the spliceosome initiates the first step of the splicing reaction.
CPX-1649	RES complex	BUD13;IST3;PML1	Required for efficient splicing as well as nuclear retention of pre-mRNA.Promotes the efficient formation of the activated Bact spliceosomal complex from the U4/U6.U5 tri-snRNP (CPX-25).
CPX-1651	PRP19-associated complex	BRR2;BUD13;BUD31;CDC40;CEF1;CLF1;CUS1;CWC15;CWC2;CWC21;CWC22;CWC23;CWC24;CWC25;CWC27;ECM2;HSH155;IST3;ISY1;LEA1;MSL1;NTC20;PRP11;PRP19;PRP21;PRP22;PRP45;PRP46;PRP8;PRP9;RSE1;SLU7;SMB1;SMD1;SMD2;SMD3;SMX3;SNT309;SNU114;SPP2;SYF1;SYF2;YJU2	Required for defining the specificity of interaction of the U5 and U6 small nuclear ribonucleoprotein particles with the 5' splice site to stabilize their association with the spliceosome after U4 is dissociated.
CPX-1652	COPI vesicle coat complex	COP1;RET2;RET3;SEC21;SEC26;SEC27;SEC28	Coats vesicles which bud from the Golgi membrane and subsequently transport proteins from the cis end of the Golgi complex back to the rough endoplasmic reticulum (ER), where they were originally synthesized (retrograde transport), and between Golgi compartments. The complex binds to di-lysine motifs and reversibly associates with Golgi non-clathrin-coated vesicles, which further mediate biosynthetic protein transport from the ER, via the Golgi to the trans Golgi network. Cargo containing the sorting motifs KKXX and KXKXX interact with COPI to form carriers.
CPX-1653	Retromer complex	PEP8;VPS17;VPS29;VPS35;VPS5	A coat complex that mediates the recycling of transmembrane proteins from endosomes to the trans-Golgi network. Functions in endosomal membrane protein sorting and transport for endosome-to-Golgi retrieval. Involved in the retrieval of a vacuolar protein sorting VPS10 (P32319) protein, from endosome for retrograde transport to the trans-Golgi network.
CPX-1654	m-AAA protease complex	AFG3;YTA12	Mitochondrial ATP-dependent protease, essential for the maintenance of cellular respiratory competence. Embedded in the inner membrane with the proteolytic domains facing the matrix. Membrane protein degradation requires the proteolytic activity of both subunits of the protease. Controls COX1 and COB pre-mRNA stability and splicing and is required for assembly of cytochrome c oxidase.
CPX-1655	i-AAA complex	MGR1;MGR3;YME1	Mitochondrial ATP-dependent protease, crucial for mitochondrial DNA-independent growth. Proteins residing in the IMS are transported across the outer membrane in a largely unfolded state and the complex appears to play a role as a folding assistant.
CPX-1656	General transcription factor TFIIIC complex	TFC1;TFC3;TFC4;TFC6;TFC7;TFC8	Transcription factor required for Pol III transcription complex assembly. Mediates tRNA and 5S RNA gene activation by binding to intragenic promoter elements. Assembles the initiation complex TFIIIB-TFIIIC-tDNA upstream of the transcription start site, which is sufficient for RNA polymerase III (CPX-2660) recruitment and function.
CPX-1657	Nuclear cap-binding complex	CBC2;STO1	Binds co-transcriptionally to the 5-prime, m7GpppG-cap (m7G-cap) structures of all RNA polymerase II transcripts (mRNAs and pre-miRNAs). Required for processes such as pre-mRNA splicing through commitment complex and spliceosome formation, export of mRNA out of the nucleus in association with NPL3 (Q01560), degradation of nuclear mRNAs, primary miRNA processing and miRNA-mediated RNA interference. In the cytosol, importin-beta interacts with CBC-bound importin-alpha (CPX-1068) and promotes the dissociation of the RNA from CBC. Importin-complex-bound CBC gets reimported into the nucleus for reuse.
CPX-1658	General transcription factor complex TFIIE	TFA1;TFA2	Required for mRNA synthesis of many, but not all, genes in yeast. In the transcription process, TFIIE regulates TFIIH kinase activity that phosphorylates the carboxy-terminal domain of the largest subunit of RNA polymerase II. Required for the opening of DNA, to allow transcription initiation. DNA opening occurs around the tip of the Pol II clamp and the TFIIE ‘extended winged helix’ domain. TFIIF (CPX-1149) and TFIIE bind open promoter DNA from opposite sides of the Pol II cleft. TFIIF adopts an extended induced structure that allows it to retain the upstream DNA-SPT15-TFIIB assembly on the wall and to bind the DNA bubble. TFIIF and TFIIE encircle and retain the DNA and TFIIE may then act to stabilize the open DNA structure.
CPX-1659	General transcription factor TFIIH complex	CCL1;KIN28;RAD3;SSL1;SSL2;TFB1;TFB2;TFB3;TFB4;TFB5;TFB6	A general transcription factor which plays a central role in both RNA polymerase II transcription and DNA repair. Component of the Pol II preinitiation complex. The TFIIH subunit XPB is an ATP-dependent translocase that promotes DNA strand separation and promoter escape. During the transition from initiation to promoter clearance, the kinase subunit Kin28 phosphorylates Ser-5 and Ser-7 within the Pol II carboxyl terminal domain (CTD). This phosphorylation initiates a cascade of phosphorylation/dephosphorylation events on the CTD that correlates with dissociation of Pol II from the initiation machinery and its association with elongation and mRNA processing factors. This is the only general transcription factor with enzyme activity. During nucleotide excision repair, TFIIH is required for opening DNA around lesions that disrupt base pairing to permit excision of the damaged DNA and its replacement by a new DNA fragment.
CPX-1660	General transcription factor complex TFIIK	CCL1;KIN28;TFB3	Protein kinase component of transcription factor IIH (TFIIH) which phosphorylates the C-terminal domain of RNA polymerase II during transition from transcription to elongation after preinitiation complex (PIC) formation, thereby positively regulating transcription. TFIIH is essential for both basal and activated transcription, and is involved in nucleotide excision repair of damaged DNA. It is unclear whether this module has a role independent of that as a sub-complex of TFIIH.
CPX-1661	SPT4-SPT5 transcription elongation factor complex	SPT4;SPT5	An essential RNA polymerase II elongation factor which functions in the control of RNAP II processivity. Mediates both activation and inhibition of transcription elongation, and plays a role in pre-mRNA processing. This complex seems to be important for the stability of the RNA polymerase II elongation machinery on the chromatin template but not for the inherent ability of this machinery to translocate down the gene. Binds RNA in a sequence-specific manner by recognizing multiple AA repeat sequences and a region within the conserved NusG N-terminal (NGN) domain of SPT5 contacts the non-template strand of DNA both upstream of RNAPII and in the transcription bubble.
CPX-1662	Negative cofactor 2 transcriptional regulator complex	BUR6;NCB2	Represses RNA polymerase II transcription through binding to SPT15/TBP and thereby inhibiting the assembly of the preinitiation complex. The NC2 complex may also mediate transcriptional activation from TATA-driven promoters through association with SPT15/TBP and may form a larger, DNA-dependent, assembly with the Mot1-TBP complex (CPX-1141).
CPX-1663	CYC8-TUP1 corepressor complex	CYC8;TUP1	Corepressor complex with a role in the repression of many genes in a wide variety of physiological processes including heme-regulated and catabolite repressed genes. May also be involved in the derepression of at least some target genes. The complex is recruited to target genes by interaction with DNA-bound transcriptional repressors, like MATALPHA2, MIG1, RFX1 and SKO1. The complex recruits histone deacetylases to produce a repressive chromatin structure, interacts with hypoacetylated N-terminal tails of histones H3 and H4 that have been programmed for repression by the action of histone deacetylases, and interferes directly with the transcriptional machinery by associating with the RNA polymerase II mediator complex. Undergoes transient hyperosmotic stress-induced SUMOylation and inclusion formation, which are important for the regulation of hyperosmotic-stress genes, for example the activation of glycerol biosynthesis genes.
CPX-1664	DNA-directed RNA Polymerase I complex	RPA12;RPA135;RPA14;RPA190;RPA34;RPA43;RPA49;RPB10;RPB5;RPB8;RPC10;RPC19;RPC40;RPO26	Catalyzes the transcription of ribosomal RNA from a DNA template by acting as a nucleotidyl transferase that polymerizes ribonucleotides at the 3' end of an RNA transcript synthesizing precursors of rRNAs. Forms inactive dimers whereas initiation-competent Pol I is monomeric. Initiation of transcription requires the assembly of the upstream activating factor (UAF, CPX-1101), the core factor (CPX-1836), the TATA binding protein SPT15, and RNAP-I with RRN3 on the upstream element and core promoter. Upon transcription initiation, UAF, RRN3 and CF dissociate from the promoter.
CPX-1665	DNA ligase IV complex	DNL4;LIF1	DNA ligase which catalyses the final ligation step in the non-homologous end-joining DNA repair pathway. Ligates DNA strands to restore the continuity of the chromosome in non-homologous end joining DNA double-strand break repair. Interacts with the Ku70:Ku80 (CPX-1732) and MRX CPX-1872) complexes.
CPX-1666	MutLalpha endonuclease complex	MLH1;PMS1	Mn2+-dependent endonuclease which nicks a DNA strand containing a pre-existing nick, presumably to provide an entry site for a mispair excision reaction. Required for DNA mismatch repair (MMR), correcting base-base mismatches and insertion-deletion loops resulting from DNA replication, DNA damage or from recombination events between non-identical sequences during meiosis. ATP binding induces a conformational change in the MSH2-MSH6 (CPX-1037) and MSH2-MSH3 (CPX-1036) complexes which converts these to a clamp form that slides along the DNA and leads to recruitment of MutLalpha, MutLbeta (CPX-1667) and MLH1-MLH3 (CPX-1668). Plays a major role in maintaining the genetic stability of simple sequence repeats, by suppressing recombination between slightly divergent or homeologous DNA sequences, and in the repair of heteroduplex sites present in meiotic recombination intermediates. The MLH1-PMS1 heterodimer acts as the major Mlh heterodimer in MMR and is thought to coordinate Msh-DNA binding with downstream repair factors.
CPX-1667	MutLbeta endonuclease complex	MLH1;MLH2	Mn2+-dependent endonuclease which nicks a DNA strand containing a pre-existing nick, presumably to provide an entry site for a mispair excision reaction. Required for DNA mismatch repair (MMR), correcting base-base mismatches and insertion-deletion loops resulting from DNA replication, DNA damage or from recombination events between non-identical sequences during meiosis. ATP binding induces a conformational change in the MSH2-MSH6 (CPX-1037) and MSH2-MSH3 (CPX-1036) complexes which converts these to a clamp form that slides along the DNA and leads to recruitment of MutLalpha (CPX-1666) , MutLbeta and MLH1-MLH3 (CPX-1668).. This complex has been proposed to be an accessory factor that acts in conjunction with MLH1-PMS1 (CPX-1666) in maintaining the genetic stability of simple sequence repeats, by suppressing recombination between slightly divergent or homeologous DNA sequences, and in the repair of heteroduplex sites present in meiotic recombination intermediates. It may play a role in regulating between different crossover pathways.
CPX-1668	MLH1-MLH3 endonuclease complex	MLH1;MLH3	Mn2+-dependent endonuclease which nicks a DNA strand containing a pre-existing nick, presumably to provide an entry site for a mispair excision reaction. Required for DNA mismatch repair (MMR), correcting base-base mismatches and insertion-deletion loops resulting from DNA replication, DNA damage or from recombination events between non-identical sequences during meiosis. ATP binding induces a conformational change in the MSH2-MSH6 (CPX-1037) and MSH2-MSH3 (CPX-1036) complexes which converts these to a clamp form that slides along the DNA and leads to recruitment of MutLalpha (CPX-1666), MutLbeta (CPX-1667) and MLH1-MLH3. Appears to substitute in a minor way MutLalpha, for maintaining the genetic stability of simple sequence repeats, by suppressing recombination between slightly divergent or homeologous DNA sequences, and in the repair of heteroduplex sites present in meiotic recombination intermediates.
CPX-1669	RENT complex	CDC14;NET1;SIR2	Regulates transcriptional silencing at the rDNA locus. Silencing within the yeast rDNA repeats inhibits hyperrecombination, represses transcription from foreign promoters, regulates cell cycle progression and extends replicative life span.Interaction with FOB1 is required for the association of the RENT complex with the rDNA non-transcribed spacer region and for silencing at this location.
CPX-1670	MUS81-MMS4 structure-specific endonuclease complex	MMS4;MUS81	Structure-specific endonuclease that plays an important role in rescuing stalled replication forks and resolving the mitotic recombination intermediates. Has a substrate preference for branched DNA structures with a 5-prime end at the branch nick with cleavage probably occurring approximately half a helical turn upstream of the free 5-prime end. Resolves the four-way Holliday junction (HJ) in which the two recombining DNAs are covalently-linked junctions in crossover formation during meiotic recombination, however, its ability to cut intact HJs was found to be very limited in comparison with other structures, suggesting that a HJ precursor (such as a nicked HJ) might be its preferred DNA substrate. In mitotic cells, the activity of MUS81-MMS4 is low during S-phase, but phosphorylation of the MMS4 leads to complex activation at the onset of mitosis by the collaborative actions of two cell cycle kinases: CDC28 (P00546) and CDC5 (P32562).
CPX-1671	Prefoldin co-chaperone complex	GIM3;GIM4;GIM5;PAC10;PFD1;YKE2	Hexameric molecular chaperone complex which interacts with nascent polypeptide chains, binds specifically to cytosolic chaperonin and transfers target proteins to it. Specifically promotes the formation of properly folded and functional alpha- and gamma-tubulin
CPX-1672	alpha-1,6-mannosyltransferase complex, M-Pol I variant	MNN9;VAN1	Role in the initiation and extension of an alpha -1,6-linked polymannose backbone as a first step in mannan synthesis, a branched polymer attached to the glycans of many of the proteins destined for the cell wall.
CPX-1673	Replication fork protection complex	CSM3;TOF1	Required for chromosome segregation during meiosis and DNA damage repair. Acts at the intra-S-phase checkpoint pathway to stabilize stalled replication forks by maintaining the replisome at the arrested sites. Coordinates leading and lagging strand synthesis and moves with the replication fork, transfering cohesin from the front of the fork to the newly synthesized DNA. Stabilizes replication forks in a configuration that is recognized by replication checkpoint sensors and protects stalled replication forks against the fork-releasing activity of RRM3 helicase. The complex recruits the checkpoint mediator MRC1 (P25588) to the replisome to perform its checkpoint function.
CPX-1674	MON1-CCZ1 guanyl-nucleotide exchange factor complex	CCZ1;MON1	Guanyl-nucleotide exchange factor complex required to activate the endosomal GTPase Rab7 required for fusion of multivesicular bodies/late endosomes and of autophagosomes to lysosomes. Maintains proper vacuole morphology in vacuole delivery pathways by regulating fusion of vesicles with the vacuole at the tethering/docking stage. Regulates the SNARE complex during the coordinated priming and docking stages of fusion. May play a role in early-to-late endosome conversion. Mon1 interacts with Rab5 family GTPases and phosphatidylinositol phosphate lipids to recruit the complex to endosomes. For binding to autophagosomes, Ccz1 instead interacts with ATG8 and lipid packing defects.
CPX-1675	Septin complex	CDC10;CDC11;CDC12;CDC3;SHS1	A heterooligomeric complex, formed from GTP-binding proteins, that polymerizes end-to-end into filaments at the bud neck. Play a role in cytokinesis, assembling early in the cell cycle as a patch at the incipient bud site and forming a ring approximate 15 minutes before bud emergence, which transforms into an hour-glass shaped collar of cortical filaments that spans both sides of the mother-bud neck. This collar persists until just before cytokinesis, when it splits into two rings that occupy opposite sides of the neck. The septins at the bud neck serve as a structural scaffold that recruits different components involved in diverse processes at specific stages during the cell cycle. Septins are also involved in cell morphogenesis, bud site selection, chitin deposition, cell cycle regulation, cell compartmentalization and spore wall formation.
CPX-1676	ATG1/ULK1 protein kinase complex	ATG1;ATG13;ATG17;ATG29;ATG31	Central regulator of autophagy initiation. Essential for recruitment of Atg proteins to the pre-autophagosomal structure, the putative site for autophagosome formation, under starvation condition, resulting in the sequestration of cytoplasmic proteins and organelles for bulk degradation.
CPX-1677	Phosphatidylinositol 3-kinase complex II	VPS15;VPS30;VPS34;VPS38	Catalyzes phosphorylation of phosphatidyl inositol, one of the major phospholipids in the cell, specifically at the d-3 position of the inositol ring, to generate PtdIns(3)P. Directs the synthesis of a specific endosomal pool of PtdIns3P, which is required for recruitment/activation of the retromer complex, thereby ensuring efficient endosome-to-Golgi retrograde transport.
CPX-1678	TRAMP complex variant 4-1	AIR1;HUL4;MTR4;PAP2	Recognises and bind to pre-ribosomal RNA and snoRNAs leading to their rapid degradation by the nuclear exosome (CPX-599). Adds a short oligo(A) tail to the RNA which is assumed to make it a better substrate for 3'-end degradation. There is evidence that the various TRAMP complexes (CPX-1678, CPX-1679, CPX-1680) exhibit some substrate specificity.
CPX-1679	TRAMP complex variant 4-2	AIR2;HUL4;MTR4;PAP2	Recognises and bind to pre-ribosomal RNA and snoRNAs leading to their rapid degradation by the nuclear exosome (CPX-599). Adds a short oligo(A) tail to the RNA which is assumed to make it a better substrate for 3'-end degradation. There is evidence that the various TRAMP complexes (CPX-1678, CPX-1679, CPX-1680) exhibit some substrate specificity with TRAMP4-2 targetting RNAPII transcripts, particularly mRNA 5' ends, close to the transition start site and also the CUT, SUT, and XUT ncRNAs.
CPX-1680	TRAMP complex variant 5-1	AIR1;MTR4;TRF5	Recognises and bind to pre-ribosomal RNA and snoRNAs leading to their rapid degradation by the nuclear exosome (CPX-599). Adds a short oligo(A) tail to the RNA which is assumed to make it a better substrate for 3'-end degradation. There is evidence that the various TRAMP complexes (CPX-1678, CPX-1679, CPX-1680) exhibit some substrate specificity with TRAMP5-1 preferentially targeting the ITS1 spacer region of 35S pre-rRNA
CPX-1681	Monopolin complex	CSM1;HRR25;LRS4;MAM1	Essential for clamping microtubule binding sites, ensuring orientation of sister kinetochores to the same pole (monopolar kinetochore attachment) during meiosis I.
CPX-1682	Histone acetyltransferase B	HAT1;HAT2;HIF1	Acetylates Lys-12 and Lys-5 of non-chromatin-bound histone H4, an essential step in the regulation of chromatin activity and of telomeric silencing.
CPX-1683	DBF2-MOB1 protein kinase complex	DBF2;MOB1	Serine/threonine proein kinase complex with a role in exit from mitosis during the cell cycle. Once activated, the complex translocates to the nucleus where it phosphorylates an unknown protein to dislodge CDC14 (Q00684) from NET1 (P47035), resulting in diffusion of CDC14 throughout the nucleus. Phosphorylates CDC14 on several sites that flank the C-terminal nuclear localization signal (NLS) sequences, thereby inhibiting the NLS. Because of this, phosphorylated CDC14 molecules that escape to the cytoplasm cannot efficiently return to the nucleus and dephosphorylate substrates such as CDH1 (P53197) and SWI5 (P08153). Phosphorylates chitin synthase CHS2 (P14180) to regulate cytokinesis.
CPX-1684	CBK1-MOB2 kinase complex	CBK1;MOB2	Required for the final event of cell division, destruction of an extracellular septum that forms between mother and daughter cells during cytokinesis. Plays a role in the RAM pathway which regulates the ACE2 (P21192) transcription factor, which turns on expression of septum-destroying hydrolases and plays a role in the polarized morphogenesis of bud site selection, bud development, and cell separation. The complex is ctivated by the hippo-like kinase KIC1 (P38692).
CPX-1685	BUR1-BUR2 kinase complex	BUR2;SGV1	Implicated in transcription elongation. Phosphorylates the UBC2/RAD6 ubiquitin-conjugating enzyme (E2), leading to monoubiquitination of histone H2B, the localization of the PAF1 complex (CPX-1726) to chromatin, and the silencing of telomeric-associated genes. Also required for histone H3 Lys-4 trimethylation. Recruited to the C-terminal repeat domain of the largest subunit of RNA Pol II, RPB1 (P04050), phosphorylated on Ser-5 to augment Ser-2 phosphorylation by the carboxy-terminal domain protein kinase complex (CPX-1710) early in the transcription cycle.
CPX-1687	Thp1-Sac3 complex	SAC3;THP1	Functions in transcription-coupled mRNA export from the nucleus to the cytoplasm. Dock export-competent ribonucleoprotein particles (mRNPs) to the nuclear entrance of the nuclear pore complex (nuclear basket), by association with components of the nuclear mRNA export machinery (MEX67-MTR2 and SUB2) in the nucleoplasm and the nucleoporin NUP1 at the nuclear basket.
CPX-1688	PHO80-PHO85 kinase complex	PHO80;PHO85	Cyclin-dependent protein kinase that negatively regulates the phosphate starvation response by controlling both the localization and activity of the transcription factor PHO4 (P07270). PHO4, in turn, activates transcription of phosphate acquisition genes.
CPX-1689	PCL6-PHO85 kinase complex	PCL6;PHO85	Cyclin-dependent protein kinase which phosphorylates and inactivates GLC8 (P41818), which then modulates GLC7 type-1 protein phosphatase (P38229), thus controlling glycogen phosphorylase and glycogen synthase activities in response to nutrient availability.
CPX-1690	PCL7-PHO85 kinase complex	PCL7;PHO85	Cyclin-dependent protein kinase that phosphorylates and inactivates GLC8 (P41818), which then modulates GLC7 type-1 protein phosphatases (P38229), thus controlling glycogen phosphorylase and glycogen synthase activities in response to nutrient availability.
CPX-1691	PCL8-PHO85 kinase complex	PCL8;PHO85	Cyclin-dependent protein kinase that phosphorylates and inactivates GSY2 (P27472), a regulatory enzyme in glycogen synthesis, thus controlling glycogen synthase activities in response to nutrient availability.
CPX-1692	PCL10-PHO85 kinase complex	PCL10;PHO85	Cyclin-dependent protein kinase that phosphorylates and inactivates GSY2 (P27472), a regulatory enzyme in glycogen synthesis, thus controlling glycogen synthase activities in response to nutrient availability.
CPX-1693	CLG1-PHO85 kinase complex	CLG1;PHO85	Cyclin-dependent protein kinase with a role in cell integrity and polarized cell growth. Phosphorylates the chaperone protein SSA1 (P10591), a chaperone that is essential for protection of the cyclin CLN3 (P13365), essential for the control of the cell cycle at the G1/S (start) transition, from the degradation machinery. Acts to positively regulate autophagy through promoting the degradation of SIC1, a negative regulator of autophagy.
CPX-1694	PCL2-PHO85 kinase complex	PCL2;PHO85	Cyclin-dependent protein kinase essential for the control of the cell cycle at the G1/S (start) transition. Phosphorylates RVS167 which functions in actin cytoskeleton regulation and is required for the formation of endocytic vesicles at the plasma membrane. Positively controls degradation of sphingoid long chain base kinase LCB4 (Q12246) by phosphorylation, which is required for its ubiquitination and degradation. LCB4 catalyses the formation of sphingoid long-chain base 1-phosphates which have roles in roles in heat stress resistance, diauxic shift, and Ca2+ mobilization.
CPX-1695	PCL1-PHO85 kinase complex	PCL1;PHO85	Cyclin-dependent protein kinase essential for the control of the cell cycle at the G1/S (start) transition. Positively controls degradation of sphingoid long chain base kinase LCB4 (Q12246) by phosphorylation, which is required for its ubiquitination and degradation. LCB4 catalyses the formation of sphingoid long-chain base 1-phosphates which have roles in roles in heat stress resistance, diauxic shift, and Ca2+ mobilization. Also involved in phosphorylation of the CDK inhibitor (CKI) SIC1 (P38634), which is required for its ubiquitination and degradation, releasing repression of B-type cyclins and promoting exit from mitosis.
CPX-1696	PCL5-PHO85 kinase complex	PCL5;PHO85	Cyclin-dependent protein kinase that positively controls degradation of transcription factor GCN4 (P03069) under favorable growth conditions. GCN4 is a master transcriptional regulator of amino acid and vitamin biosynthetic enzymes, whose expression is upregulated in response to amino acid starvation Phosphorylation of GCN4 is required for its degradation by the E3 ubiquitin ligase complex SCF-Cdc4 (CPX-3234). Amino acid starvation reduces PCL5-PHO85-associated GCN4 kinase activity and leads to stabilization of GCN4
CPX-1697	PCL9-PHO85 kinase complex	PCL9;PHO85	Active in the M/G1 phase of the cell cycle.
CPX-1698	EMP24 complex	EMP24;ERP1;ERP2;ERV25	Plays a role in selective transport processes at the ER-Golgi interface by tethering both COPI (CPX-1652) and COPII (CPX-2523) complexes via dilysine motives on EMP24 and ERV25. May initially recruit the deactivated form of ARF1 (P11076), facilitating the formation of a COPI priming complex and subsequently enabling efficient budding. In addition, the ability of p24 proteins to oligomerize and to present multiple coatomer-binding motifs may promote COPI budding by docking coatomer more firmly to the membrane. Required for the export of glycosylphosphatidylinositol-anchored proteins to the Golgi apparatus through interaction with the SEC23-LST1 COPII cargo recruitment complex (CPX-1341).
CPX-1699	CLN1-CDC28 kinase complex	CDC28;CKS1;CLN1	Cyclin-dependent protein kinase complex required for the control of the cell cycle at the G1/S (start) transition, controlling the trigger of post-Start processes such as spindle pole body duplication, and the initiation of DNA replication. CSK1 is required for activity of CLN-CDC28 complexes. The protein may also play a role in complex stability and substrate recognition.
CPX-1700	CLN3-CDC28 kinase complex	CDC28;CKS1;CLN3	Cyclin-dependent protein kinase complex required for the control of the cell cycle at the G1/S (start) transition, controlling the trigger of post-Start processes such as spindle pole body duplication, and the initiation of DNA replication. CSK1 is required for activity of CLN-CDC28 complexes. The protein may also play a role in complex stability and substrate recognition.
CPX-1701	CLB2-CDC28 kinase complex	CDC28;CLB2	Cyclin-dependent protein kinase complex required for the control of the cell cycle at the G2/M (mitosis) transition. Mitotic cyclin-CDKs (M-CDKs) regulate accurate chromosome segregation through mitosis. Also plays a role in enhancing double-stranded DNA damage response and repair by targeting the chromatin remodeling factor Fun30.
CPX-1702	CLB5-CDC28 kinase complex	CDC28;CLB5	Cyclin-dependent protein kinase complex required for the control of the cell cycle during S-phase where it is required to activate DNA replication. Essential for initiation of meiotic recombination because it phosphorylates Ser-30 of MER2, a meiosis-specific double-strand break (DSB) protein, which primes Mer2 for subsequent phosphorylation by DDK on Ser29, creating a negatively charged patch necessary for DSB formation. Also plays a role in enhancing DNA damage response and repair by targeting the chromatin remodeling factor Fun30.
CPX-1703	Prohibitin complex	PHB1;PHB2	Chaperone which functions to protect the cell from imbalances in the production of mitochondrial proteins by stabilizing newly synthesised mitochondrial-encoded proteins. Prohibitin-deficient cells have a reduced replicative lifespan, associated with mitochondrial decline and display morphological changes of aging.
CPX-1704	MutSgamma meiotic recombination complex	MSH4;MSH5	Binds to double Holliday Junctions and other DNA repair intermediates. Binding physically entraps at least one, and possibly two, duplexes of double-stranded DNA, thereby stabilising the recombination intermediate.
CPX-1705	BUD14-GLC7 phosphatase complex	BUD14;GLC7	Protein phosphatase complex which is important for bud site selection. Regulates microtubule dynamics at the cortex by acting as a specific activator of the dynein complex at the bud cortex. May also play a role in the regulation of transcription by the CCR4-NOT complex (CPX-1800) by phosphorylating and modifying the activity of the MSN2 transcription factor (P33748).
CPX-1706	Acyl-CoA ceramide synthase complex	LAC1;LAG1;LIP1	Synthesizes ceramide from the reaction of a C26 fatty acyl-CoA with a sphingoid base, thus controlling cell growth, and mediating different cellular events, such as apoptosis, growth arrest, endocytosis and stress response.
CPX-1707	Ornithine carbamoyltransferase arginase complex	ARG3;CAR1	Complex in which the activity of ornithine carbamoyltransferase (OTCase) is inhibited whereas arginase remains catalytically active thus preventing the recycling of ornithine produced by arginase by OTCase - an example of epiarginase control. Complex forms in the presence of ornithine and arginine.
CPX-1708	Nucleotide-excision repair factor 1 complex	RAD1;RAD10;RAD14	Role in nucleotide-excision repair; possesses DNA damage recognition and endodeoxynuclease activities.
CPX-1709	Nucleotide excision repair factor 4 complex	ABF1;RAD16;RAD7	An ATP-dependent damage recognition factor required for repair of damaged, nontranscribed DNA, in a process whereby DNA is incised on both sides of the lesion, resulting in the removal of a fragment approximately 25-30 nucleotides long. Locates damage on the non-transcribed strand and in transcriptionally inactive regions of the genome, with ABF1 binding to specific sites increasing the efficiency of the repair process. RAD16 appears to generate superhelical torsion in the DNA in one direction originating from the ABF1-binding site and may remodel chromatin to generate the space for DNA repair synthesis. Subsequent to binding the DNA lesion, the NEF4 complex may serve as a nucleation site for the assembly of the other repair components for dual incision to occur.
CPX-1710	Carboxy-terminal domain protein kinase complex	CTK1;CTK2;CTK3	Cyclin-dependent protein that phosphorylates RNA polymerase II (RNAPII, CPX-2662) on the carboxyl-terminal repeat domain (CTD) of its largest subunit RPB1 (P04050), which is important for efficient transcription elongation, mRNA 3′-end processing, and transcription termination of small noncoding RNAs. Also plays a role in RNA polymerase I (RNAPI, CPX-1664) transcription. Increases the correct decoding of mRNA during translation elongation by phosphorylating residue Ser-238 of RPS2 (P25443), a protein of the small ribosomal subunit (CPX-1599). Directs the association of SET2 (P46995) to RNAP II, which results in the establishment of H3K36 methylation and deacetylated chromatin in the bodies of genes. Also regulates SET1-mediated H3K4 methylation which marks the 5′ end of transcribed genes, promoting association of chromatin-remodeling and histone-modifying enzymes.
CPX-1711	RIX1 complex	IPI1;IPI3;RIX1	Required for 3-prime maturation of the 5.8 S rRNA, a late pre-rRNA processing step. May also play an essential role in ATP-dependent maturation and nuclear export of nascent 60S subunits from the nucleoplasm to the cytoplasm.
CPX-1712	Gin4 serine/threonine kinase complex	BNI5;CDC10;CDC11;CDC12;CDC3;GIN4;NAP1;SHS1	Serine/threonine kinase complex that assembles when cells enter mitosis. The associated GIN4 molecules present in this complex phosphorylate each other, leading to GIN4 hyperphosphorylation and activation. This mechanism appears to ensure GIN4 is only activated during mitosis. GIN4 is involved in septin ring formation during mitosis.
CPX-1715	TORC1 serine/threonine-protein kinase complex, TOR1 variant	KOG1;LST8;TCO89;TOR1	Serine/threonine-protein kinase signalling complex which senses diverse inputs, such as nitrogen- and carbon-containing nutrients, hormonal stimulation, various stresses, availability of energy within the cell and oxygen and mediates temporal control of cell growth via regulation of translation, transcription, ribosome biogenesis, nutrient transport, and autophagy. Coordinates cell size by regulating timing of G1-S cell cycle progression by mediating G1 cyclin/CDK activation as well as through destabilization of the SIC1 (P38634) CDK inhibitor.
CPX-1716	TORC1 serine/threonine-protein kinase complex, TOR2 variant	KOG1;LST8;TCO89;TOR2	Serine/threonine-protein kinase signalling complex which senses diverse inputs, such as nitrogen- and carbon-containing nutrients, hormonal stimulation, various stresses, availability of energy within the cell and oxygen and mediates temporal control of cell growth via regulation of translation, transcription, ribosome biogenesis, nutrient transport, and autophagy. Coordinates cell size by regulating timing of G1-S cell cycle progression by mediating G1 cyclin/CDK activation as well as through destabilization of the SIC1 (P38634) CDK inhibitor.
CPX-1717	TORC2 complex	AVO1;AVO2;BIT61;LST8;TOR2;TSC11	Serine/threonine-protein kinase signalling complex required for responses to starvation and stress conditions. Required for cytokinetic actomyosin ring (CAR) morphology and constriction, controls polarity of the actin cytoskeleton, and.regulates the timing and fidelity of cytokinesis.
CPX-1718	GARP tethering complex	VPS51;VPS52;VPS53;VPS54	Tethering complex required for retrograde traffic from both the early and late endosomes to the Golgi during vesicle trafficking,sorting cargo for recycling to the plasma membrane or degradation in vacuoles. Links the vesicle through the SNARE proteins such as TGL1 (Q03322) to the Golgi, leading to membrane fusion between late Golgi and endosomal vesicles. Required for the recycling of amino-phospholipid flippases and cell wall synthesis proteins, thus playing a role in lipid homeostasis. Essential role in meiotic progression and spore formation.
CPX-1719	Exomer complex	BCH1;BCH2;BUD7;CHS5;CHS6	Cargo adaptor complex that mediates the trafficking of certain cargoes from the trans-Golgi network/early endosomes to the plasma membrane. Forms a coat structure on vesicles involved in exocytosis of specific cargo proteins, including chitin synthase CHS3 (P29465), from the trans-Golgi network to the cell surface. Recruited by GTP-bound ARF1 (P11076).
CPX-1720	RNase H2 complex	RNH201;RNH202;RNH203	Specifically degrades the RNA species of RNA:DNA duplexes and removal of ribonucleotides misincorporated in genomic DNA, thus, preventing genomic instability and the accumulation of aberrant nucleic acid. Participates in DNA replication, possibly by mediating the removal of lagging-strand Okazaki fragment RNA primers during DNA replication.
CPX-1721	Mitochondrial respiratory chain complex IV, COX5A variant	COX1;COX12;COX13;COX2;COX3;COX4;COX5A;COX6;COX7;COX8;COX9	Key role in aerobic respiration, in which mitochondrial enzymes accept electrons from electron carriers reduced in glycolysis and the tricarboxylic acid cycle. A complex metalloprotein that transfers electrons from reduced cytochrome c to molecular oxygen and conserves the free energy released in this exergonic reaction by maintaining a transmembrane proton gradient which is utilized to drive the synthesis of ATP or ion transport across the membrane. The four protons consumed in the reduction of one oxygen molecule to water are taken from the mitochondrial matrix and, coupled to this reaction, four additional protons are translocated from the matrix to the intermembrane space.
CPX-1722	Mitochondrial respiratory chain complex IV, COX5B variant	COX1;COX12;COX13;COX2;COX3;COX4;COX5B;COX6;COX7;COX8;COX9	Key role in aerobic respiration, in which mitochondrial enzymes accept electrons from electron carriers reduced in glycolysis and the tricarboxylic acid cycle. A complex metalloprotein that transfers electrons from reduced cytochrome c to molecular oxygen and conserves the free energy released in this exergonic reaction by maintaining a transmembrane proton gradient which is utilized to drive the synthesis of ATP or ion transport across the membrane. The four protons consumed in the reduction of one oxygen molecule to water are taken from the mitochondrial matrix and, coupled to this reaction, four additional protons are translocated from the matrix to the intermembrane space. This variant contains subunit 5B, in place of 5a, expression of which is switched on when the O2 concentration drops below a threshold of 0.5 uM O2, and results in a cytochrome-c oxidase which has a higher turnover rate for nitric oxide production. This thought to be a positive feedback mechanism in which mitochondrially produced nitric oxide induces expression of COX5b, whose protein product then functions to enhance the ability of Cytochrome c to produce nitric oxide in hypoxic/anoxic cells.
CPX-1726	PAF1 complex	CDC73;CTR9;LEO1;PAF1;RTF1	A multifunctional complex involved in many aspects of RNA polymerase II (Pol II) transcriptional regulation, including transcriptional elongation, 3'-terminal end processing, and histone modification. Role in 3'-end formation of mRNAs, required for the recruitment of cleavage and polyadenylation factors CFT1 and PCF11 to RNA polymerase II. Required for activation of the RAD6/UBC2-BRE1 ubiquitin ligase complex, which ubiquitinates histone H2B to form H2BK123ub1. Also required for the methylation of histone H3 by the COMPASS complex (CPX-1039) to form H3K4me, by SET2 to form H3K36me, and by DOT1 to form H3K79me.
CPX-1730	Peroxisomal ABC transporter complex PXA1-PXA2	PXA1;PXA2	Peroxisomal ABC transporter involved in transmembrane transport of long chain fatty acids, most likely in their CoA ester form, into the peroxisomal matrix prior to beta-oxidation. Very long chain acyl-CoA esters are hydrolyzed by the PXA1-PXA2 complex prior to the transport of their fatty acid portion into the peroxisomes with the CoA being released into the cytoplasm.
CPX-1731	DNA replication factor C complex, CTF18 variant	CTF18;CTF8;DCC1;RFC2;RFC3;RFC4;RFC5	DNA-dependent ATPase clamp-loader/unloader complex required for efficient establishment of chromosome cohesion during S-phase and may load or unload POL30/PCNA. During a clamp loading circle, the RFC:clamp complex binds to DNA and the recognition of the double-stranded/single-stranded junction stimulates ATP hydrolysis by RFC. The complex presumably provides bipartite ATP sites in which one subunit supplies a catalytic site for hydrolysis of ATP bound to the neighboring subunit. Dissociation of RFC from the clamp leaves the clamp encircling DNA.
CPX-1732	Ku70:Ku80 complex	YKU70;YKU80	Single-stranded DNA-dependent 3-prime to 5-prime ATP-dependent helicase complex which binds preferentially to fork-like ends of double-stranded DNA in a cell cycle-dependent manner. Required for non-homologous end joining DNA double stranded break repair. Binds to naturally occurring chromosomal ends, and therefore provides chromosomal end protection. Appears to have a role in recruitment of telomerase and CDC13 to the telomere and the subsequent telomere elongation. Required also for telomere recombination to repair telomeric ends in the absence of telomerase.
CPX-1733	NOC1-NOC2 pre-ribosome maturation complex	MAK21;NOC2	Associates with 90S and 66S pre-ribosomes and is enriched in the nucleolus. Required for for intranuclear movement and maturation of ribosomal precursor particles.
CPX-1734	NOC2-NOC3 pre-ribosome maturation complex	NOC2;NOC3	Associates with 66S pre-ribosomes and is mainly nucleoplasmic. Required for intranuclear movement and maturation of ribosomal precursor particles.
CPX-1735	NOP14-NOC4 complex	NOC4;NOP14	required for biogenesis of the small ribosomal subunit formation and subsequent export to the cytoplasm.The nucleolar localization of Nop14 is dependent on Noc4.
CPX-1738	Phenylalanyl-tRNA synthetase complex	FRS1;FRS2	Catalyses the esterificaion of phenylalanine to its cognate tRNA with the concomitant hydrolysis of ATP. The activated amino acid is transferred to the 2-OH group of a phenylalanine-accepting tRNA.
CPX-1739	Mannosyl phosphorylinositol ceramide synthase SUR1-CSG2	CSG2;SUR1	Catalyzes the addition of mannosyl to phosphorylinositol ceramide, and essential step in the synthesis of mannosylinositol phosphorylceramide. Function in the Golgi. Preferentially active against IPC-B and IPC-C in comparison with Mannosyl phosphorylinositol ceramide synthase CSH1-CSG2 (CPX-1740).
CPX-1740	Mannosyl phosphorylinositol ceramide synthase CSH1-CSG2	CSG2;CSH1	Catalyzes the addition of mannosyl to phosphorylinositol ceramide, and essential step in the synthesis of mannosylinositol phosphorylceramide. Function in the Golgi. Less active against IPC-B and IPC-C in comparison with Mannosyl phosphorylinositol ceramide synthase SUR1-CSG2 (CPX-1739).
CPX-1741	Endonuclease SceI	SSC1	Mitochondrial endonuclease which cleaves mitochondrial DNA during the process of mitochondrial fusion, when haploid cells are mated to form zygotic cells, to induce genetic recombination among the heterogeneous mitochondrial DNAs inherited from the parents.
CPX-1742	tRNA-specific adenosine-34 deaminase complex	TAD2;TAD3	Deaminates adenosine-34 (wobble position) to inosine in double-stranded tRNA. When present at the wobble position, inosine can pair degenerately with uracil, cytosine, or adenosine, enabling a single tRNA to recognize up to three different codons.
CPX-1743	Ribosome-associated complex	SSZ1;ZUO1	Chaperone complex involved in regulation of accurate translation termination and in folding or maintaining nascent polypeptides in a folding-competent state. RAC stimulates the ATPase activity of the ribosome-associated pool of Hsp70-type chaperones SSB1/SSB2 that bind to the nascent polypeptide chain.
CPX-1744	Mitochondrial sorting and assembly machinery complex	SAM35;SAM37;SAM50	Involved in the membrane assembly of mitochondrial beta-barrel proteins, which are synthesized on cytosolic ribosomes and recognized initially by the import receptors of the translocase of the mitochondrial outer membrane (TOM complex CPX-474). They are then translocated across the outer membrane via the general-import pore of the TOM complex and relayed to the SAM complex.
CPX-1786	Dsl1 tethering complex	DSL1;SEC39;TIP20	Multisubunit tethering complex essential for the retrograde traffic of COPI-coated vesicles from the Golgi to the ER. Binds to individual SNAREs via their N-terminal regulatory domains and also to assembled SNARE complexes, and is capable of accelerating SNARE complex assembly. SNARE binding mediates fusion of COPI vesicles with the endoplasmic reticulum.
CPX-1787	Nem1-Spo7 phosphatase complex	NEM1;SPO7	Phosphatase complex with an essential role in formation of a spherical nucleus and meiotic division. Dephosphorylates PAH1 (P32567), a critical factor in coordinating phospholipid biosynthesis at the nuclear/ER membrane with nuclear growth during the cell cycle. NEM1-SPO7-mediated regulation of membrane biogenesis is required to promote mitophagy.
CPX-1793	TREX complex	HPR1;MFT1;SUB2;TEX1;THO2;THP2;YRA1	Couples transcription elongation by RNA polymerase II to mRNA export. Associates with the polymerase and travels with it along the length of the transcribed gene. TREX is composed of the THO transcription elongation complex (CPX-1792) as well as other proteins that couple THO to mRNA export proteins.
CPX-1892	Mitochondrial inner membrane peptidase complex	IMP1;IMP2;SOM1	Processes certain precursor proteins that are exported from the matrix into the inner membrane or the intermembrane space. The two IMP subunits are associated with the inner membrane, and their catalytic sites are exposed to the intermembrane space. The IMP1 and IMP2 proteins both display proteolytic activity and have non-overlapping substrate specificities. IMP1 has been shown to catalyse the maturation of cytochrome oxidase subunit 2, cytochrome b2 and the 32-kDa form of NADH-dependent cytochrome b5 reductase, while IMP2 participates in the second processing step during the maturation of cytochrome c1. SOM1 appears to functions as a molecular chaperone, which binds to specific substrates and directs them to the catalytic site.
CPX-5304	Endoplasmic reticulum snare complex UFE1-USE1-SEC20-SEC22	SEC20;SEC22;UFE1;USE1	SNARE complex required for the fusion of retrograde transport vesicles with the endoplasmic reticulum. Mediates membrane fusion through the spontaneous assembly of four complementary SNARE (soluble N-ethylmaleimide-sensitive factor attachment protein receptors) motifs. SNAREs bind to each other in-trans, that is, with SNAREs anchored in each apposed tethered membrane. The assembly process leads to a tight connection between the fusing membranes and initiates membrane fusion.
CPX-5321	Endosomal SNARE complex TLG2-VTI1-TLG1-SNC2	SNC2;TLG1;TLG2;VTI1	SNARE complex required for the fusion of endosomal vesicles with the trans-Golgi network. Mediates membrane fusion through the spontaneous assembly of four complementary SNARE (soluble N-ethylmaleimide-sensitive factor attachment protein receptors) motifs. SNAREs bind to each other in-trans, that is, with SNAREs anchored in each apposed tethered membrane. The assembly process leads to a tight connection between the fusing membranes and initiates membrane fusion.
CPX-5322	Endosomal SNARE complex TLG2-VTI1-TLG1-SNC1	SNC1;TLG1;TLG2;VTI1	SNARE complex required for the fusion of endosomal vesicles with the trans-Golgi network. Mediates membrane fusion through the spontaneous assembly of four complementary SNARE (soluble N-ethylmaleimide-sensitive factor attachment protein receptors) motifs. SNAREs bind to each other in-trans, that is, with SNAREs anchored in each apposed tethered membrane. The assembly process leads to a tight connection between the fusing membranes and initiates membrane fusion.
CPX-5341	DBF20-MOB1 kinase complex	DBF20;MOB1	Probable role in exit from mitosis during the cell cycle. By parology to DBF2-MOB1 kinase complex (CPX-1683), the complex once activated, translocates to the nucleus where it phosphorylates an unknown protein to dislodge CDC14 (Q00684) from NET1 (P47035), resulting in diffusion of CDC14 throughout the nucleus. Phosphorylates CDC14 on several sites that flank the C-terminal nuclear localization signal (NLS) sequences, thereby inhibiting the NLS. Because of this, phosphorylated CDC14 molecules that escape to the cytoplasm cannot efficiently return to the nucleus and dephosphorylate substrates such as CDH1 (P53197) and SWI5 (P08153). Phosphorylates chitin synthase CHS2 (P14180) to regulate cytokinesis.
CPX-1887	Vacuolar SNARE complex VAM3-VTI1-VAM7-YKT6	VAM3;VAM7;VTI1;YKT6	SNARE complex required for autophagosome-vacuole fusion. Mediates membrane fusion through the spontaneous assembly of four complementary SNARE (soluble N-ethylmaleimide-sensitive factor attachment protein receptors) motifs. SNAREs bind to each other in-trans, that is, with SNAREs anchored in each apposed tethered membrane. The assembly process leads to a tight connection between the linked membranes and initiates membrane fusion.
CPX-5401	Vacuolar SNARE complex VAM3-VTI1-VAM7-NYV1	NYV1;VAM3;VAM7;VTI1	SNARE complex required for homotypic vacuole fusion and is important for vacuole formation. SNARE assembly also appears to promote Ca2+ release from the vacuole lumen. Mediates membrane fusion through the spontaneous assembly of four complementary SNARE (soluble N-ethylmaleimide-sensitive factor attachment protein receptors) motifs. SNAREs bind to each other in-trans, that is, with SNAREs anchored in each apposed tethered membrane. The assembly process leads to a tight connection between the linked membranes and initiates membrane fusion.
CPX-5421	Endosomal SNARE complex PEP12-VTI1-SYN8-YKT6	PEP12;SYN8;VTI1;YKT6	SNARE complex required for transport from the Golgi to endosomes. Mediates membrane fusion through the spontaneous assembly of four complementary SNARE (soluble N-ethylmaleimide-sensitive factor attachment protein receptors) motifs. SNAREs bind to each other in-trans, that is, with SNAREs anchored in each apposed tethered membrane. The assembly process leads to a tight connection between the linked membranes and initiates membrane fusion.
CPX-5422	Endosomal SNARE complex PEP12-VTI1-TLG1-YKT6	PEP12;TLG1;VTI1;YKT6	SNARE complex required for transport from the Golgi to endosomes. Mediates membrane fusion through the spontaneous assembly of four complementary SNARE (soluble N-ethylmaleimide-sensitive factor attachment protein receptors) motifs. SNAREs bind to each other in-trans, that is, with SNAREs anchored in each apposed tethered membrane. The assembly process leads to a tight connection between the linked membranes and initiates membrane fusion.
CPX-5423	Endosomal SNARE complex PEP12-VTI1-TLG1-SNC1	PEP12;SNC1;TLG1;VTI1	SNARE complex required for transport from the Golgi to endosomes. Mediates membrane fusion through the spontaneous assembly of four complementary SNARE (soluble N-ethylmaleimide-sensitive factor attachment protein receptors) motifs. SNAREs bind to each other in-trans, that is, with SNAREs anchored in each apposed tethered membrane. The assembly process leads to a tight connection between the linked membranes and initiates membrane fusion.
CPX-5424	Endosomal SNARE complex PEP12-VTI1-SYN8-SNC1	PEP12;SNC1;SYN8;VTI1	SNARE complex required for transport from the Golgi to endosomes. Mediates membrane fusion through the spontaneous assembly of four complementary SNARE (soluble N-ethylmaleimide-sensitive factor attachment protein receptors) motifs. SNAREs bind to each other in-trans, that is, with SNAREs anchored in each apposed tethered membrane. The assembly process leads to a tight connection between the linked membranes and initiates membrane fusion.
CPX-5441	SPO16:ZIP2	SPO16;ZIP2	Binds both single-stranded and double-stranded DNA; prefers nicked double-stranded DNA and Holliday Junction DNA. Lacks endonuclease activity and may act as a scaffolding complex stabilizing D-loop intermediates
CPX-5442	ZZS complex	SPO16;SPO22;ZIP2	Complex that preferentially binds double-strand break hot spots during meiosis; ZIP2 is critical for complex binding to chromosomes
CPX-5461	Endosomal SNARE complex PEP12-VTI1-SYN8-SNC2	PEP12;SNC2;SYN8;VTI1	SNARE complex required for transport from the Golgi to endosomes. Mediates membrane fusion through the spontaneous assembly of four complementary SNARE (soluble N-ethylmaleimide-sensitive factor attachment protein receptors) motifs. SNAREs bind to each other in-trans, that is, with SNAREs anchored in each apposed tethered membrane. The assembly process leads to a tight connection between the linked membranes and initiates membrane fusion.
CPX-5462	Endosomal SNARE complex PEP12-VTI1-TLG1-SNC2	PEP12;SNC2;TLG1;VTI1	SNARE complex required for transport from the Golgi to endosomes. Mediates membrane fusion through the spontaneous assembly of four complementary SNARE (soluble N-ethylmaleimide-sensitive factor attachment protein receptors) motifs. SNAREs bind to each other in-trans, that is, with SNAREs anchored in each apposed tethered membrane. The assembly process leads to a tight connection between the linked membranes and initiates membrane fusion.
CPX-1365	Vesicular SNARE complex SSO1-SEC9-SNC1	SEC9;SNC1;SSO1	An exocytic SNARE complex required for the fusion of post-Golgi secretory vesicles with the plasma membrane and is active primarily in vegetative cells. Mediates membrane fusion through the spontaneous assembly of four complementary SNARE (soluble N-ethylmaleimide-sensitive factor attachment protein receptors) motifs. SNAREs bind to each other in-trans, that is, with SNAREs anchored in each apposed tethered membrane. The assembly process leads to a tight connection between the linked membranes and initiates membrane fusion.
CPX-5463	Vesicular SNARE complex SSO1-SEC9-SNC2	SEC9;SNC2;SSO1	An exocytic SNARE complex required for the fusion of post-Golgi secretory vesicles with the plasma membrane and is active primarily in vegetative cells. Mediates membrane fusion through the spontaneous assembly of four complementary SNARE (soluble N-ethylmaleimide-sensitive factor attachment protein receptors) motifs. SNAREs bind to each other in-trans, that is, with SNAREs anchored in each apposed tethered membrane. The assembly process leads to a tight connection between the linked membranes and initiates membrane fusion.
CPX-5464	Vesicular SNARE complex SSO1-SPO20-SNC1	SNC1;SPO20;SSO1	SNARE complex required for the fusion of post-Golgi secretory vesicles with the pre-spore membrane. Mediates membrane fusion through the spontaneous assembly of four complementary SNARE (soluble N-ethylmaleimide-sensitive factor attachment protein receptors) motifs. SNAREs bind to each other in-trans, that is, with SNAREs anchored in each apposed tethered membrane. The assembly process leads to a tight connection between the linked membranes and initiates membrane fusion. SPO20 induction is sporolation-specific.
CPX-5465	Vesicular SNARE complex SSO2-SEC9-SNC2	SEC9;SNC2;SSO2	An exocytic SNARE complex required for the fusion of post-Golgi secretory vesicles with the plasma membrane and is active primarily in vegetative cells. Mediates membrane fusion through the spontaneous assembly of four complementary SNARE (soluble N-ethylmaleimide-sensitive factor attachment protein receptors) motifs. SNAREs bind to each other in-trans, that is, with SNAREs anchored in each apposed tethered membrane. The assembly process leads to a tight connection between the linked membranes and initiates membrane fusion.
CPX-5466	Vesicular SNARE complex SSO1-SPO20-SNC2	SNC2;SPO20;SSO1	SNARE complex required for the fusion of post-Golgi secretory vesicles with the pre-spore membrane. Mediates membrane fusion through the spontaneous assembly of four complementary SNARE (soluble N-ethylmaleimide-sensitive factor attachment protein receptors) motifs. SNAREs bind to each other in-trans, that is, with SNAREs anchored in each apposed tethered membrane. The assembly process leads to a tight connection between the linked membranes and initiates membrane fusion. SPO20 induction is sporulation-specific.
CPX-1369	Vesicular SNARE complex SSO2-SEC9-SNC1	SEC9;SNC1;SSO2	An exocytic SNARE complex required for the fusion of post-Golgi secretory vesicles with the plasma membrane and is active primarily in vegetative cells. Mediates membrane fusion through the spontaneous assembly of four complementary SNARE (soluble N-ethylmaleimide-sensitive factor attachment protein receptors) motifs. SNAREs bind to each other in-trans, that is, with SNAREs anchored in each apposed tethered membrane. The assembly process leads to a tight connection between the linked membranes and initiates membrane fusion.
CPX-5521	Vacuolar SNARE complex SSO1-SEC9-NYV1	NYV1;SEC9;SSO1	SNARE complex required for the fusion of vacuoles with the plasma membrane and is active primarily in vegetative cells. Mediates membrane fusion through the spontaneous assembly of four complementary SNARE (soluble N-ethylmaleimide-sensitive factor attachment protein receptors) motifs. SNAREs bind to each other in-trans, that is, with SNAREs anchored in each apposed tethered membrane. The assembly process leads to a tight connection between the linked membranes and initiates membrane fusion.
CPX-1800	CCR4-NOT mRNA deadenylase complex	CAF130;CAF40;CCR4;CDC36;CDC39;MOT2;NOT3;NOT5;POP2	Major cellular mRNA deadenylase complex, removing polyA tails that protect transcripts from degradation and promotes translation in the cytoplasm. The complex is linked to various cellular processes including bulk mRNA degradation, miRNA-mediated repression, translational repression during translational initiation, and general transcription regulation, potentially by promoting the resumption of elongation of arrested RNAPII when it encounters transcriptional blocks in vivo.
CPX-1805	Dynactin complex	ARP1;ARP10;JNM1;LDB18;NIP100	Recruited to autoinhibited dynein, a retrograde microtubule motor complex to activate the processive, unidirectional movement of dynein. Required for intracellular transport by dynein by localizing cytoplasmic dynein to its proper intracellular cargo and modulating dynein motor activity. Dynactin increases the run length of single dynein motors, but does not alter the directionality of dynein movement. Required for the spindle translocation late in anaphase and is involved in a cell wall synthesis checkpoint.
CPX-1806	Rad17-Mec3-Ddc1 checkpoint clamp complex	DDC1;MEC3;RAD17	Enables the DNA repair pathways to restore the integrity of the DNA prior to DNA synthesis or separation of the replicated chromosomes. Associates with sites of DNA damage and modulates the MEC1 signaling pathway and the activation of RAD53 in response to DNA damage at phase G1. Loads onto DNA in an ATP-dependent manner through its interaction with the RAD24-RFC checkpoint clamp loader complex (CPX-1807). The comples is reported as showing no detectable exonuclease activity. The complex also physically regulates DNA polymerase zeta-dependent mutagenesis by controlling the access of polymerase zeta to damaged DNA.
CPX-1807	DNA replication factor C complex, RAD24 variant	RAD24;RFC2;RFC3;RFC4;RFC5	DNA-dependent ATPase clamp-loader complex for the Rad17-Mec3-Ddc1 checkpoint clamp complex (CPX-1806). During a clamp loading circle, the RFC:clamp complex binds to DNA and the recognition of the double-stranded/single-stranded junction stimulates ATP hydrolysis by RFC. The complex presumably provides bipartite ATP sites in which one subunit supplies a catalytic site for hydrolysis of ATP bound to the neighbouring subunit.
CPX-1808	GCN1-GCN20 complex	GCN1;GCN20	Functions on translating ribosomes to promote binding of uncharged tRNA to the A-site or in the transfer of uncharged tRNA from the A-site to the histidyl-tRNA synthetase (HisRS)-like domain in GCN2 for kinase activation. It is thus required for activation of GCN2 and the consequent induction of GCN4 translation in amino acid-starved cells.
CPX-1809	MER2-MEI4-REC114 meiotic recombination initiation complex	MEI4;REC107;REC114	Appears to act as a regulatory subunit for the Spo11 loading onto potential double strand break sites, as an essential part of the initiation of meiotic recombination.
CPX-1810	NuA3 histone acetyltransferase complex	EAF6;NTO1;SAS3;TAF14;YNG1	Acetylates Histone H3 on Lys-14 of the mature histone protein, resulting in transcription elongation. Histone H3 methylation leads to the recruitment of NuA3 to nucleosomes, via binding of the Yng1 subunit.
CPX-1811	Sir2-3-4 silent chromatin complex	SIR2;SIR3;SIR4	Required for transcriptional repression of the silent mating type loci, HML and HMR. Spreads from sites of nucleation by first deacetylating the H3 and H4 histone tails, and then binding stably to nucleosomes to silence promoters up to 3 kb from the telomeric repeat.
CPX-1812	1,3-beta-D-glucan synthase complex, FKS1-RHO1 variant	FKS1;RHO1	Synthesizes 1,3-beta-glucan, a major structural component of the yeast cell wall and of the yeast spore wall. FKS1 variant is responsible for cell wall and spore wall assembly.
CPX-1813	1,3-beta-D-glucan synthase complex, FKS2-RHO1 variant	GSC2;RHO1	Synthesizes 1,3-beta-glucan, a major structural component of the yeast cell wall and of the yeast spore wall. GSC2/FKS2 variant is active during sporulation.
CPX-1814	R2TP co-chaperone complex	PIH1;RVB1;RVB2;TAH1	Co-chaperone that plays a role in box C/D snoRNP assembly/maintenance, especially under stress conditions. Also involved in the proper accumulation of box H/ACA small nucleolar RNAs. Regulates the stability of phosphatidylinositol 3-kinase-related protein kinases (PIKKs) such as TEL1 (P38110) and MEC1 (P38111), which are required for checkpoint signaling. Newly synthesized PIKK interacts with TEL2, in the TEL2–TTI1–TTI2 complex (CPX-1422), assisted by HSP90 (P02829). Phosphorylated TEl2 then mediates the interaction between PIKK and R2TP complex to eventually lead to the proper assembly of PIKK.
CPX-6127	TIM23 mitochondrial inner membrane pre-sequence translocase complex, sort variant	MGR2;TIM17;TIM21;TIM23;TIM50	Major pre-protein translocase in the inner membrane of mitochondria, mediates the translocation of N-terminal, positively charged pre-sequence-containing proteins. Proteins in which the charged sequence is followed by a hydrophobic sorting signal are laterally transferred and inserted into the inner membrane.
CPX-539	TIM23 mitochondrial inner membrane pre-sequence translocase complex, motor variant	MGE1;PAM16;PAM17;PAM18;SSC1;TIM17;TIM23;TIM44;TIM50	Major pre-protein translocase in the inner membrane of mitochondria, mediates the translocation of N-terminal, positively charged pre-sequence-containing proteins. TIM50 interacts with incoming pre-sequence-carrying pre-proteins as they reach the trans site of the TOM40 complex (CPX-474). Pre-proteins are directed by the intermembrane space-exposed domains of TIM50, and TIM23 to the protein-conducting channel of the TIM23 complex. The pre-sequence translocase-associated motor (PAM) drives the completion of pre-protein translocation into the matrix. In most cases, the pre-sequence is proteolytically removed by the mitochondrial-processing peptidase (CPX-1630).
CPX-1830	CCAAT-binding factor complex	HAP2;HAP3;HAP4;HAP5	Transcriptional activator that binds to the 5'-CCAAT-3' consensus elements within promoters required for yeast to grow on nonermentable carbon sources such as cytochrome genes, thus acting as a global regulator of respiration. The Hap2/Hap3/Hap5 trimer is sufficient for CCAAT-specific binding at target promoters. Hap4, is necessary for transcriptional activation and is subject to glucose repression.
CPX-1831	Eukaryotic translation initiation factor 3 core complex	NIP1;PRT1;RPG1;TIF34;TIF35	Orchestrates several crucial steps in the translation initiation pathway. eIF3, eIF2 (CPX-427), eIF5, and eIF1 bind to each other to form a multifactor complex (MFC) which then binds to the 40S ribosome to form the 43S preinitiation complex. Thus formed, 43S preinitiation complex binds to mRNA to form 48S PIC and scans the mRNA leader region for the start codon. In addition to the five core subunits, yeast eIF3 complex has a loosely associated subunit, namely, Hcr1 (eIF3j/Q05775). This protein promotes the binding of eIF3 to the ribosome and is involved in ribosomal biogenesis as well as proper selection of the AUG start site.
CPX-1832	tRNA-intron endonuclease complex	SEN15;SEN2;SEN34;SEN54	Catalyzes the first step of tRNA splicing, cleaving the splice sites of all the intron-containing pre-tRNAs, either in the nucleus or on the mitochondrial surface after their export out of the nucleus. The products are an intron and two tRNA half-molecules bearing 2',3' cyclic phosphate and 5'-OH termini. There are no conserved sequences at the splice sites, but the intron is invariably located at the same site in the gene, placing the splice sites an invariant distance from the constant structural features of the tRNA body.
CPX-1833	SEC61 protein-conducting channel complex	SBH1;SEC61;SSS1	Cotranslational protein conducting channel (PCC) that also assembles with the Sec62-Sec63 complex (CPX-3056) to form the post-translational translocon complex (CPX-3055). Transports secretory proteins across, and inserts integral membrane proteins into, the membrane of the endoplasmic reticulum. The ribosome with an emerging signal sequence is targeted to the membrane by the signal recognition particle (CPX-609) and its receptor. The Sec61 complex acts as a receptor for the ribosome via its cytosolic loops. The alignment of the ribosomal tunnel with a central pore of the PCC allows direct movement of the nascent chain from the ribosomal tunnel exit across or into the membrane. The SEC61 channel appears to be responsible for the transport of glycoproteins. Binds to the oligosaccharyl transferase complex variant 2 (CPX-1639) which selectively glycosylates nascent polypeptide chains in the endoplasmic reticulum.
CPX-1834	SSH1 translocon complex	SBH2;SSH1;SSS1	Forms the protein-conducting channel (PCC) for secretory and membrane proteins which engages in the post- and cotranslational translocation of secretory proteins across and the insertion of integral membrane proteins into the membrane of the endoplasmic reticulum. The ribosome with an emerging signal sequence is targeted to the membrane by the signal recognition particle (SRP) and its receptor. The Ssh1 complex acts as a receptor for the ribosome via its cytosolic loops. The alignment of the ribosomal tunnel with a central pore of the PCC allows direct movement of the nascent chain from the ribosomal tunnel exit across or into the membrane. The SSH1 translocon complex does not appear to be required for the transport of glycoproteins (see SEC61 translocon complex, CPX-1833). Recognizes proteins bearing strongly hydrophobic signal sequences. Binds to the oligosaccharyl transferase complex variant 1 (CPX-1638) which selectively glycosylates nascent polypeptide chains in the endoplasmic reticulum.
CPX-1835	Signal peptidase complex	SEC11;SPC1;SPC2;SPC3	Catalyzes the cleavage of N-terminal signal sequences of proteins targeted to the endoplasmic reticulum. The complex cleaves the signal peptides of most secretory and many membrane proteins as soon as the lumenal domain of the translocating polypeptide is large enough to expose its cleavage site to the enzyme, during the translocation of the protein through the translocon pore into the endoplasmic reticulum.
CPX-1836	RNA polymerase I core factor complex	RRN11;RRN6;RRN7	Transcription preinitiation complex which binds tightly to the upstream element of the RNA Polymerase I (RNAP-I, CPX-1664) promoter of 35S rRNA genes. Initiation of transcription requires the assembly of the upstream activating factor (UAF, CPX-1101), the core factor (CF), the TATA binding protein SPT15, and RNAP-I with RRN3 on the upstream element and core promoter. Upon transcription initiation, UAF, RRN3 and CF dissociate from the promoter.
CPX-1837	CUL3-HRT1-ELC1-ELA1 ubiquitin ligase complex	CUL3;ELA1;ELC1;HRT1	Ubiquitin ligase complex. Required for lysine 48-linked polyubiquitylation of Rpb1, the largest subunit of RNA polymerase II, which targets Pol II for proteasomal degradation, removing stalled RNA polymerase II from a DNA lesion site enabling the repair machinery to bind.
CPX-1838	a-agglutinin	AGA1;AGA2	Cell surface mannoproteins that mediate cell-cell adhesion of haploid cells during mating. The a- and alpha-agglutinins, expressed by MATa and MATalpha cells, respectively, interact directly with 1:1 stoichiometry. Exposure to the pheromone expressed by the opposite mating type induces agglutinin expression and thus facilitates the agglutination reaction.
CPX-1840	COG Golgi transport complex	COG1;COG2;COG3;COG4;COG5;COG6;COG7;COG8	Peripheral membrane oligomeric protein complex which acts as a retrograde vesicle tethering factor in intra-Golgi protein trafficking, bringing cargo vesicles in close proximity to their target compartment. May play a role in protein glycosylation by directly or indirectly effecting transport, retention, or retrieval to appropriate cisternae of resident Golgi glycosylation enzymes.
CPX-1846	Histone H2A phosphatase complex	PPH3;PSY2;PSY4	Dephosphorylates gammaH2AX, a required step in efficient recovery from the DNA damage checkpoint following a double-strand break repair. The phosphatase appears to target gammaH2AX after its displacement from DNA.
CPX-1848	ATG12-ATG5 complex	ATG12;ATG5	Essential for autophagy during nutrient deprivation, a catabolic process that sequesters undesired cellular material into autophagosomes for delivery to lysosomes for degradation. Contributes to nutrition homeostasis and damage control in eukaryotic cells. Acts as an E3-like ligase. This activity is dependent on ATP and two enzymes, ATG7 (P38862) an E1-like activating enzyme and ATG10 (Q07879) an E2-like conjugating enzyme. Required for lipidation of ATG8 (P38182) (e.g. to phosphatidylethanolamine) and associates with the vesicle membranes once bound to ATG16 (CPX-1849).
CPX-1849	ATG12-ATG5-ATG16 complex	ATG12;ATG16;ATG5	Essential for autophagy during nutrient deprivation, a catabolic process that sequesters undesired cellular material into autophagosomes for delivery to lysosomes for degradation. Functions as an E3-like enzyme in the ATG8 conjugation system. The ATG12-ATG5-ATG16 complex targets the autophagic membrane via the ATG5-ATG16 complex moiety and then recruits an ATG3:ATG8 thioester intermediate via the interaction between ATG3 and ATG12. The ATG12-ATG5 (CPX-1848) conjugate facilitates the transfer reaction of ATG8 from ATG3 to phosphatidylethanolamine (PE) through a reorganization of the catalytic centre of the E2-like enzyme ATG3. The C-terminal glycine of ATG8 is then conjugated to the amine moiety of PE. The role of ATG16, which has no E3-like activity appears to be to target the ATG12-ATG5 conjugate to the autophagic membranes. ATG8-PE/ATG12-ATG5 complexes form homogeneous oligomers, comprising two to four subunits. ATG16 may then act to reorganize ATG8-PE/ATG12-ATG5 oligomers to form a continuous, flat protein layer with meshwork-like architecture on membranes.
CPX-1850	Anthranilate synthase complex	TRP2;TRP3	Catalyses the conversion of chorismic acid to anthranilic acid in the first step in the tryptophan branch of aromatic amino acid biosynthesis. Tryptophan-specific regulation of enzyme activity level occurs through feedback regulation by the end product of the pathway, regulated by a tryptophan regulatory element (62LLESAKTNNELDRYS76) within Trp2. Component I (Trp2) and Component II (Trp3) are required for glutamine-dependent ASase activity while component I can use ammonia as cosubstrate without need of complex formation. . The C-terminal half of Trp3 also has indole-3-glycerol phosphate synthase activity.
CPX-1851	RPD3S histone deacetylase complex	EAF3;RCO1;RPD3;SIN3;UME1	Histone deacetylase which functions by deacetylating chromatin, thereby limiting accessibility of the transcriptional machinery to the underlying DNA. RPD3S recognizes the SET2 methylated histones and deacetylates histones within transcribed sequences. This erases transcription elongation-associated histone acetylation and serves to repress the occurrence of spurious transcription initiation from cryptic start sites within open reading frames. May also act to promote nucleosome assembly like a histone chaperone and prevent RSC-dependent histone eviction from nucleosomes
CPX-1852	RPD3L histone deacetylase complex	CTI6;DEP1;PHO23;RPD3;RXT2;RXT3;SAP30;SDS3;SIN3;UME1	Histone deacetylase recruited to promoters in association with specific transcription factors such as UME6 (P39001), ASH1 (P34233), IME1 (P21190), WHI5 (Q12416), and STB1 (P42845) where it acts as a promoter targeted regulator of transcription.. At the promoter region, RPD3 deacetylates specific lysine residues on histones H3 and H4 in a localized region spanning about two nucleosomes. May also act to promote nucleosome assembly like a histone chaperone and prevent RSC-dependent histone eviction from nucleosomes. During vegetative growth, the complex functions as a negative regulator for all genes, whereas upon nitrogen depletion it functions as a positive regulator early during meiosis.
CPX-1853	CKM complex	SRB8;SSN2;SSN3;SSN8	Cyclin-dependent kinase complex which reversibly associates with the Mediator complex (CPX-3226). The mediator complex lacking the CKM complex has a stimulatory effect on basal transcription. In contrast, the mediator complex containing the sub-complex represses basal transcription. This effect is independent of kinase activity but binding of the complex to the Mediator may interfere with RNAPII recruitment and repress transcription re-initiation.
CPX-1854	Golgi SNARE complex SED5-BOS1-BET1-SEC22	BET1;BOS1;SEC22;SED5	SNARE complex required for fusion of endoplasmic reticulum-derived vesicles at the cis-Golgi cisternae. Mediates membrane fusion through the spontaneous assembly of four complementary SNARE (soluble N-ethylmaleimide-sensitive factor attachment protein receptors) motifs. SNAREs bind to each other in-trans, that is, with SNAREs anchored in each apposed tethered membrane. The assembly process leads to a tight connection between the linked membranes and initiates membrane fusion.
CPX-1855	Golgi SNARE complex SED5-GOS1-SFT1-YKT6	GOS1;SED5;SFT1;YKT6	SNARE complex required for fusion of endoplasmic reticulum-derived vesicles at the cis-Golgi cisternae. Mediates membrane fusion through the spontaneous assembly of four complementary SNARE (soluble N-ethylmaleimide-sensitive factor attachment protein receptors) motifs. SNAREs bind to each other in-trans, that is, with SNAREs anchored in each apposed tethered membrane. The assembly process leads to a tight connection between the linked membranes and initiates membrane fusion.
CPX-1856	Serine/threonine-protein phosphatase PP2A variant 1	CDC55;PPH21;TPD3	A serine/threonine phosphatase, the activity of the catalytic subunit of which is highly regulated by members of a family of regulatory subunits, which determine the substrate specificity, (sub)cellular localization and catalytic activity of the PP2A holoenzymes. The catalytic subunits are subject to two types of post-translational modification, phosphorylation and methylation, which are also thought to be important regulatory devices.
CPX-1857	Serine/threonine-protein phosphatase PP2A variant 2	PPH21;RTS1;TPD3	A serine/threonine phosphatase, the activity of the catalytic subunit of which is highly regulated by members of a family of regulatory subunits, which determine the substrate specificity, (sub)cellular localization and catalytic activity of the PP2A holoenzymes. The catalytic subunits are subject to two types of post-translational modification, phosphorylation and methylation, which are also thought to be important regulatory devices.
CPX-1858	Serine/threonine-protein phosphatase PP2A variant 4	PPH22;RTS1;TPD3	A serine/threonine phosphatase, the activity of the catalytic subunit of which is highly regulated by members of a family of regulatory subunits, which determine the substrate specificity, (sub)cellular localization and catalytic activity of the PP2A holoenzymes. The catalytic subunits are subject to two types of post-translational modification, phosphorylation and methylation, which are also thought to be important regulatory devices.
CPX-1859	Serine/threonine-protein phosphatase PP2A variant 3	CDC55;PPH22;TPD3	A serine/threonine phosphatase, the activity of the catalytic subunit of which is highly regulated by members of a family of regulatory subunits, which determine the substrate specificity, (sub)cellular localization and catalytic activity of the PP2A holoenzymes. The catalytic subunits are subject to two types of post-translational modification, phosphorylation and methylation, which are also thought to be important regulatory devices.
CPX-1861	GET4-GET5 transmembrane domain recognition complex	GET4;HSP104;MDY2;SGT2;YBR137W	Escorts newly-synthesised tail-anchored proteins to GET3 (Q12154) for insertion into the endoplasmic reticulum membrane through the GET complex (CPX-956). The complex acts both as an active tethering device that brings GET3 into proximity with its substrates and enzymatically activates GET3 for transmembrane domain recognition. The complex may contain additional heat-shock domain proteins, and it is unclear how many of these are bound at any one time.
CPX-1862	PeBoW complex	ERB1;NOP7;YTM1	Role in coordinating ribosome biogenesis with cell cycle progression, necessary for the conversion of 27SA3 pre-rRNA to 27SBS pre-rRNA. Forms an extensive protein-protein and protein-RNA interaction network within early ribosome assembly intermediates in the nucleolus, thereby potentially serving as a hub for stabilizing or remodeling ribonucleoprotein neighborhoods during 60S subunit biogenesis
CPX-1863	TAP42-RRD1-SIT4 phosphatase complex	RRD1;SIT4;TAP42	A serine/threonine protein phosphatase complex that plays a major role in TOR1/2 (P35169/P32600)-mediated signaling and gene expression. Rapamycin causes release of the phosphatase-RRD dimer from TAP42.
CPX-1864	SIT4-SAP155 phosphatase complex	SAP155;SIT4	Serine/threonine phosphatase complex which forms in response to nutrient deprivation, mediates G1 to S cell cycle progression and a number of signaling events controlled by the target of rapamycin TOR signaling cascade including growth, budding, NCR gene expression and GCN2-regulated translation.
CPX-1865	SIT4-SAP185 phosphatase complex	SAP185;SIT4	Serine/threonine phosphatase complex which forms in response to nutrient deprivation, mediates G1 to S cell cycle progression and a number of signaling events controlled by the target of rapamycin TOR signaling cascade including growth, budding, NCR gene expression and Gcn2-regulated translation.
CPX-1866	SIT4-SAP190 phosphatase complex	SAP190;SIT4	Forms in response to nutrient deprivation, mediates G1 to S cell cycle progression and a number of signaling events controlled by the target of rapamycin TOR signaling cascade including growth, budding, NCR gene expression and Gcn2-regulated translation.
CPX-1867	Nuclear mitotic cohesin complex	IRR1;MCD1;SMC1;SMC3	Required for sister chromatid cohesion during cell division, which enables cells to attach sister kinetochores to microtubules with opposing polarity (bi-orientation) and subsequently resists the tendency of these microtubules to pull chromatids toward opposite spindle poles. Before the commencement of replication, the cohesin complex (CPX-1408) is loaded onto DNA. The arms of the Smc1/3 molecules embrace the DNA, thereby forming a ring of approx. 40 nm diameter. The head domains of Smc1 and Smc3 are locked together by Scc1. Cohesion might be generated as the replication fork passes through the ring, entrapping both sister chromatids inside. At the metaphase to anaphase transition, Scc1 is cleaved by separase, thereby opening the lock of the Smc1/3 head domains. The ring opens and sister chromatids can be pulled to opposite spindle poles.
CPX-1868	SCC2-SCC4 cohesin loader complex	SCC2;SCC4	Required for the stable association of the cohesin complex (CPX-1867) with DNA and ensures its enrichment at the mitotic spindle of the centromere thus ensuring correct segregation of the sister chromatids into the daughter cells during cell replication. The RSC chromatin remodeling complex (CPX-1889/CPX-1888) recruits budding yeast SCC2/SCC4 to broad nucleosome-free regions and thhe SCC2/SCC4 complex cooperates with RSC to maintain nucleosome depletion at its binding sites.
CPX-1869	Nuclear condensin complex	BRN1;SMC2;SMC4;YCG1;YCS4	Essential for the structural organization of chromosomes during their segregation by the mitotic spindle. Condensin subunits localize along the axial core of pachytene chromosomes and probably introduce positive supercoils into relaxed DNA in the presence of type I topoisomerases and converts nicked DNA into positive knotted forms in the presence of type II topoisomerases.
CPX-6643	RQT ribosome-associated quality control trigger complex	CUE3;RQT4;SLH1	Recognizes ubiquitinated stalled ribosomes and induces subunit dissociation to facilitate the ribosome-associated quality control (RQC) pathway. The complex associates with E3 ubiquitin-ligase HEL2 (Q05580)-ribosome complexes and required for the primary steps of RQC. The ubiquitin-binding activity of RQT3 and ATPase activity of CUE3 were crucial to trigger RQC.by the RQC complex (CPX-3265).
CPX-608	ADA complex	ADA2;AHC1;AHC2;GCN5;NGG1;SGF29	Chromatin remodelling complex that primarily acetylates nucleosomal histones H3 and H2B. May not participate directly in transcription. ADA2 is thought to potentiate GCN5 catalytic activity and ADA3 to facilitate nucleosomal acetylation and an expanded lysine specificity. Shares the HAT module of ADA2-GCN5-NGG1-SGF29 with the related SAGA complex (CPX-656).
CPX-675	SLIK (SAGA-like) complex	ADA2;CHD1;GCN5;HFI1;NGG1;SGF11;SGF29;SGF73;SPT20;SPT3;SPT7;SUS1;TAF10;TAF12;TAF5;TAF6;TAF9;TRA1;UBP8	A transcriptional co-activator complex that accompanies Pol II during elongation, preferentially acetylates nucleosomal histones H3 and H2B and subsequently evicts nucleosomes from gene coding regions. Required for growth under stressful conditions to activate transcription of stress-responsive, Pol II-transcribed genes. Plays a role in the yeast retrograde response pathway that is important for gene expression changes during mitochondrial dysfunction.
CPX-392	Mitochondrial NIAUFX iron-sulfur cluster assembly complex	ACP1;ISD11;ISU1;NFS1;YAH1;YFH1	Required for the de novo synthesis of iron-sulfur (Fe-S) clusters within mitochondria, which is required for maturation of both mitochondrial and cytoplasmic [2Fe-2S] and [4Fe-4S] proteins. NFS1 provides sulfur for Fe-S cluster assembly by cleaving this atom from the side chain of the substrate L-cysteine and storing it in the form of a persulfide. The ISU1 scaffold protein performs the transient assembly of the 2Fe-2S cluster using persulfide sulfur and Fe(II). Electrons are provided by a mitochondrial ferredoxin, YAH1.
CPX-6864	BOL2-GRX3 iron-sulfur cluster assembly complex	BOL2;GRX3	Reversibly binds [Fe2-S2] clusters and appears to play a role in Fe-S cluster assembly and trafficking, and in transferring an intact [Fe2-S2] cluster to an apo acceptor protein. Active in the nucleo-cytoplasmic compartments.
CPX-6865	BOL2-GRX4 iron-sulfur cluster assembly complex	BOL2;GRX4	Reversibly binds [2Fe-2S] clusters and appears to play a role in Fe-S cluster assembly and trafficking, and in transferring an intact [2Fe-2S] cluster to an apo acceptor protein. Active in the nucleo-cytoplasmic compartments.
CPX-1192	Vacuolar proton translocating ATPase complex, Golgi variant	STV1;VMA1;VMA10;VMA11;VMA13;VMA16;VMA2;VMA3;VMA4;VMA5;VMA6;VMA7;VMA8;VMA9;VOA1;YPR170W-B	Translocates protons across a lipid bilayer via an ATP-driven rotary mechanism, thus acidifing the lumen of its resident organelle. As newly synthesized proteins traverse the Golgi apparatus they undergo post-translational modifications, including glycosylation, sulfation, and phosphorylation, and are targeted to their appropriate destination in a pH-dependent manner. Membrane-bound ion transporters/proton exchangers use the pH gradient to sequester metal ions to the vacuole and other cellular organelles. The combined action of the V-ATPase and membrane transporters plays a key role in maintaining cellular homoeostasis. The variant of the complex containing the STV1 subunit results in the retention of the V-ATPase complex on Golgi and endosomal membranes. The N-terminal domain of STV1 contains the W83KY sequence, which is necessary and sufficient for targeting the complex to the Golgi apparatus. When yeast cells are deprived of glucose, the V1 and VO regions separate and are no longer able to hydrolyze ATP and transport protons.
CPX-1193	Vacuolar proton translocating ATPase complex, vacuole variant	VMA1;VMA10;VMA11;VMA13;VMA16;VMA2;VMA3;VMA4;VMA5;VMA6;VMA7;VMA8;VMA9;VOA1;VPH1;YPR170W-B	Translocates protons across a lipid bilayer via an ATP-driven rotary mechanism, thus acidifing the lumen of its resident organelle. Membrane-bound ion transporters/proton exchangers use the resulting pH gradient to sequester metal ions to the vacuole and other cellular organelles. The combined action of the V-ATPase and membrane transporters plays a key role in maintaining cellular homoeostasis. The variant of the complex containing the VPH1 subunit results in the retention of the V-ATPase complex on vacuole membranes. When yeast cells are deprived of glucose, the V1 and VO regions separate and are no longer able to hydrolyze ATP and transport protons. Reassembly is mediated by the RAVE complex (CPX-1627).
CPX-6921	GRX4 iron-sulfur cluster assembly homodimer complex	GRX4	Reversibly binds [2Fe-2S] clusters and appears to play a role in Fe-S cluster assembly and trafficking, and in transferring an intact [2Fe-2S] cluster to an apo acceptor protein. Active in the nucleo-cytoplasmic compartments.
CPX-6924	GRX3 iron-sulfur cluster assembly homodimer complex	GRX3	Reversibly binds [2Fe-2S] clusters and appears to play a role in Fe-S cluster assembly and trafficking, and in transferring an intact [2Fe-2S] cluster to an apo acceptor protein. Active in the nucleo-cytoplasmic compartments.
CPX-6928	BOL1-GRX5 iron-sulfur cluster assembly complex	BOL1;GRX5	Reversibly binds [2Fe-2S] clusters and appears to play a role in Fe-S cluster assembly and trafficking, and in transferring an intact [2Fe-2S] cluster to an apo acceptor protein. Active in the nucleo-cytoplasmic compartments.
CPX-6930	BOL3-GRX5 iron-sulfur cluster assembly complex	BOL3;GRX5	Reversibly binds [2Fe-2S] clusters and appears to play a role in Fe-S cluster assembly and trafficking, and in transferring an intact [2Fe-2S] cluster to an apo acceptor protein. Active in the nucleo-cytoplasmic compartments.
CPX-6937	GRX7 iron-sulfur cluster assembly homodimer complex	GRX7	Reversibly binds [2Fe-2S] clusters and appears to play a role in Fe-S cluster assembly and trafficking, and in transferring an intact [2Fe-2S] cluster to an apo acceptor protein. Active in the nucleo-cytoplasmic compartments.
CPX-6957	GRX5 iron-sulfur cluster assembly homodimer complex	GRX5	Reversibly binds Fe-S clusters and appears to play a role in Fe-S cluster assembly and trafficking. May also participate in the maturation of [4Fe-4S]2+ cluster-containing proteins in a glutathione-independent manner, possibly as a carrier protein to mediate the transfer of preassembled [4Fe-4S]2+ cluster to target proteins. Active in the mitchondria.
CPX-1872	MRX double-strand break repair complex	MRE11;RAD50;XRS2	Endo- and exonuclease complex that plays a central role in double-strand break (DSB) repair, DNA recombination, maintenance of telomere integrity and meiosis via non-homologous end joining and homologous recombination.. The complex possesses both single-strand endonuclease activity and double-strand-specific 3'-5' exonuclease activity, which are provided by MRE11. Mre11 and Rad50 form an ATP-regulated nuclease that senses DSBs and tethers DNA via long Rad50 coiled-coil domains. Required for the formation of the DSB catalysed by the transesterase SPO11 (P23179) protein and subsequently removes covalently attached Spo11 from the 5' extremity of the breaks through its nuclease activity, to allow further break resection. The MRX complex also plays a role during meiosis in bridging DNA molecules together and in sensing SPO11 DSB and activating the DNA damage checkpoint. Clips double-stranded DNA in the vicinity of protein-blocked DNA ends.
CPX-1873	Nucleolar ribonuclease P complex	POP1;POP3;POP4;POP5;POP6;POP7;POP8;RPP1;RPR2	Responsible for the 5' endonucleolytic cleavage of precursor tRNAs (pre-tRNAs), catalyzing phosphodiester bond hydrolysis to remove approximately 12 leader nucleotides to yield mature tRNAs. The RNA subunit of the nucleolar RNase P is a catalytically active ribozyme that is capable of both recognizing and cleaving substrates efficiently and accurately. The protein component serves as an absolutely required cofactor.
CPX-1686	TREX-2 transcription-export complex	CDC31;SAC3;SEM1;SUS1;THP1	Couples SAGA (CPX-656)-dependent gene expression and transcription elongation to mRNA export at the inner side of the nuclear pore complex (NPC, CPX-824). The TREX-2 complex is tethered to the inner side of the NPC via the nucleoporins NUP1 (P20676) and NUP60 (P39705) and facilitates the repositioning and association of actively transcribing genes with nuclear pores (gene gating). Provides a feedback mechanism for the control of transcription and the preservation of genetic integrity of transcribed DNA regions.
CPX-1881	Phosphatidylinositol 3-kinase complex, class III, type I	ATG14;ATG38;VPS15;VPS30;VPS34	Catalyzes phosphorylation of phosphatidyl inositol, one of the major phospholipids in the cell, specifically at the d-3 position of the inositol ring, to generate PtdIns(3)P (CHEBI:17283). The formation of PtdIns(3)P is crucial for membrane recruitment of ATG proteins and the early stage of autophagosome formation
CPX-1882	HAP1 transcriptional repressor complex, SSA1 variant	HAP1;SRO9;SSA1;YDJ1	Represses the transcriptional activity of HAP1 in the absence of haem. When haem concentration increases, haem enhances the interaction of Hsp90 with HAP1 and binds to AP1, causing conformational changes in the multi-chaperone-HAP1 complex and leading to HAP1 activation.
CPX-1883	HAP1 transcriptional repressor complex, SSA2 variant	HAP1;SRO9;SSA2;YDJ1	Represses the transcriptional activity of HAP1 in the absence of haem. When haem concentration increases, haem enhances the interaction of Hsp90 with HAP1 and binds to HAP1, causing conformational changes in the multi-chaperone-HAP1 complex and leading to HAP1 activation.
CPX-1884	HDA1 histone deacetylase complex	HDA1;HDA2;HDA3	Class II histone deacetylase, recruited to specific promoter loci through sequence-specific DNA-binding proteins, for example the TUP1 repressor (P16649), and subsequently precisely modifies adjacent nucleosomes at the lysine residues of histones H2B and H3 to repress transcription. Also deacetylates the N-terminal tails of the histones via a nonspecific DNA-binding mechanism.
CPX-1885	NineTeen complex	CEF1;CLF1;ISY1;NTC20;PRP19;SNT309;SYF1;SYF2	Required for spliceosome activation, associates with the spliceosome after the release of U1 and U4 to stabilize the association of U5 and U6 with the spliceosome. The NTC plays an important role in promoting or stabilizing high-specificity interactions between U6 and the 5' splice site and between U5 and the exon sequence at the splice junctions after U1 and U4 have dissociated
CPX-1886	Post-mRNA release spliceosomal complex	NTR2;PRP43;SPP382	Catalyzes disassembly of the spliceosome in an ATP-dependent manner, separating U2, U5, U6, NTC (NineTeen Complex, CPX-1885), and lariat-intron.
CPX-1888	RSC chromatin remodelling complex, variant RSC2	ARP7;ARP9;HTL1;LDB7;NPL6;RSC2;RSC3;RSC30;RSC4;RSC58;RSC6;RSC8;RSC9;RTT102;SFH1;STH1	Member of the SWI/SNF family of ATP-dependent chromatin remodelers with a role in contributing to the integrity of centromeric DNA. The RSC complex is generally recruited to RNA polymerase III promoters and is specifically recruited to RNA polymerase II promoters by transcriptional activators and repressors where it is responsible for the transfer of a histone octamer from a nucleosome core particle to naked DNA. The reaction requires ATP and involves an activated RSC-nucleosome intermediate. The remodeling reaction also involves DNA translocation, DNA twist and conformational change. As a reconfigurer of centromeric and flanking nucleosomes, the RSC complex is required both for proper kinetochore function in chromosome segregation and, via a PKC1-dependent signaling pathway, for organization of the cellular cytoskeleton. It is also involved in non-homologous end joining.
CPX-1889	RSC chromatin remodelling complex, variant RSC1	ARP7;ARP9;HTL1;LDB7;NPL6;RSC1;RSC3;RSC30;RSC4;RSC58;RSC6;RSC8;RSC9;RTT102;SFH1;STH1	Member of the SWI/SNF family of ATP-dependent chromatin remodelers with a role in contributing to the integrity of centromeric DNA. The RSC complex is generally recruited to RNA polymerase III promoters and is specifically recruited to RNA polymerase II promoters by transcriptional activators and repressors where it is responsible for the transfer of a histone octamer from a nucleosome core particle to naked DNA. The reaction requires ATP and involves an activated RSC-nucleosome intermediate. The remodeling reaction also involves DNA translocation, DNA twist and conformational change. As a reconfigurer of centromeric and flanking nucleosomes, the RSC complex is required both for proper kinetochore function in chromosome segregation and, via a PKC1-dependent signaling pathway, for organization of the cellular cytoskeleton. It is also involved in non-homologous end joining.
CPX-1890	Exocyst complex	EXO70;EXO84;SEC10;SEC15;SEC3;SEC5;SEC6;SEC8	Recruited to sites of active exocytosis and membrane expansion, where it mediates the tethering of secretory vesicles to the plasma membrane in preparation for soluble N-ethylmaleimide-sensitive factor (NSF) attachment protein receptor (SNARE)-mediated membrane fusion. The exocyst is localized to the emerging bud tip, where it mediates exocytosis for the asymmetric expansion of daughter cell surfaces during polarized cell growth. During cytokinesis, the exocyst is localized to the mother–daughter cell junction to mediate abscission. The targeting of secretory vesicles to the plasma membrane involves direct interactions of the exocyst with PI(4,5)P2. In addition, a number of small GTP-binding proteins interact with components of the exocyst and regulate the assembly, localization, and function of this complex.
CPX-1891	RPB4-RPB7 subcomplex	RPB4;RPB7	Shuttles between the nucleus and cytoplasm and mediates both transcription and the two major cytoplasmic mRNA decay pathways, enhancing the deadenylation process of specific mRNAs. Interacts with components of the translation initiation factor 3 (eIF3), and is required for efficient translation initiation. Efficient translation in the cytoplasm depends on association of RPB4/7 with RNA polymerase II (CPX-2662) in the nucleus.
CPX-1893	MPP10 complex	IMP3;IMP4;MPP10	Required for early co-transcriptional events in ribosome biogenesis, acting as an RNA chaperone to initiate ribosome assembly. IMP3 protein directly associates with the first 70 nucleotides of the U3 snoRNA, with a stem-loop structure within the hinge region, and thereby directs the preassembled MPP10 complex to the U3 preprocessome. A sub-unit of the small subunit (SSU) processome, a 2.2 MDa ribonucleoprotein complex involved in the processing, assembly and maturation of nascent pre-ribosomal RNA to form the small ribosomal subunit. The SSU processome is a giant particle composed of numerous ribosome assembly factors, including the UTP-A (CPX-1409), UTP-B (CPX-1410), UTP-C (CPX-772/CPX-771/CPX-773) and MPP10 complexes, the U3 small nucleolar ribonucleoprotein (snoRNP) and many individual proteins.
CPX-1894	COP9 signalosome complex	CSI1;CSN9;PCI8;RRI1;RRI2;YJR084W	Essential regulator of the ubiquitin (Ubl) conjugation pathway by mediating the deneddylation of the cullin subunits of SCF-type E3 ligase complexes. Plays a role in the regulation of the mating pheromone response.
CPX-1895	mRNA cleavage factor complex CFIA	CLP1;PCF11;RNA14;RNA15	Required for the posttranscriptional maturation of mRNA 3' ends. CFI binds signal sequences at the 3' end of yeast mRNA. and is required for correct positioning of a larger protein complex, CPF (CPX-1053), which contains the catalytic subunits executing mRNA cleavage and polyadenylation. CFI (CPX-1896) and CFII recognize the processing signals of the RNA and perform the endonucleolytic cleavage, whereas CFI, polyadenylation factor I (PFI), and the single-polypeptide PAP1 are required for the polyadenylation step. CFIA forms a stable sub-complex
CPX-1896	mRNA cleavage factor complex CFI	CLP1;HRP1;PCF11;RNA14;RNA15	Required for the posttranscriptional maturation of mRNA 3' ends. CFI binds signal sequences at the 3' end of yeast mRNA. and is required for correct positioning of a larger protein complex, CFI and CFII recognize the processing signals of the RNA and perform the endonucleolytic cleavage, whereas CFI, polyadenylation factor I (PFI), and the single-polypeptide PAP1 are required for the polyadenylation step. CFIA (CPX-1895) forms a stable sub-complex.
CPX-2662	DNA-directed RNA polymerase II complex	RPB10;RPB11;RPB2;RPB3;RPB4;RPB5;RPB7;RPB8;RPB9;RPC10;RPO21;RPO26	Catalyzes the transcription of RNA from a DNA template by acting as a nucleotidyl transferase that polymerizes ribonucleotides at the 3' end of an RNA transcript. Synthesizes precursors of mRNAs, and most snRNA and microRNAs. During a transcription cycle, Pol II, general transcription factors and the mediator complex (CPX-3226) assemble as the preinitiation complex (PIC) at the promoter. 11-15 base pairs of DNA surrounding the transcription start site are melted and the single-stranded DNA template strand of the promoter is positioned deeply within the central active site cleft of Pol II to form the open complex. After synthesis of about 30 bases of RNA, Pol II releases its contacts with the core promoter and the rest of the transcription machinery (promoter clearance) and enters the stage of transcription elongation in which it moves on the template as the transcript elongates. Pol II appears to oscillate between inactive and active conformations at each step of nucleotide addition.
CPX-1898	CBF3 complex	CBF2;CEP3;CTF13;SKP1	Binds to the CDEIII DNA element, conserved between all yeast chromosomes, early in kinetochore assembly and acts as the the primary determinant of assembly. Binding of the CBF3 complex and presence of the unique N-terminal tails of the two CSE4 (P36012) molecules in the nucleosome could cooperate to induce a sharp bending of the centromeric DNA, thus creating a C-loop structure in which the CSE4 nucleosome is proximal to the plus end of the kinetochore. Alternatively, CSE4-nucleosomes are part of the highly phased array of nucleosomes on either side of the CEN-sequence, while CFB3 occupies CDEIII and additional Ndc10 molecules occupy the CDEII sites to form an extended binding platform. microtubule
CPX-1899	Spc105 complex	KRE28;SPC105	Located to the kinetochore, interacts with centromere proteins. This complex has a role in kinetochore-microtubule binding and spindle assembly checkpoint.
CPX-1900	Chromosomal passenger complex	BIR1;IPL1;NBL1;SLI15	Serine/threonine kinase complex which ensures chromosome bi-orientation on the mitotic spindle during metaphase by phosphorylating multiple kinetochore components. It destabilizes monopolar attachments by phosphorylating key proteins at the kinetophore. The opposing Chromosomal Passenger complex and Glc7 (P32598) activities ensure that chromosomes achieve a bipolar attachment to the spindle. Monopolar attachments do not produce tension across sister kinetochores (and the complex may act by sensing this absence of tension). The Chromosome passenger complex is conserved from yeast to man and is an essential regulator of diverse aspects of mitosis that ensure faithful chromosome segregation. The complex undergoes changes in its localization throughout mitosis: in early mitosis it presumably localizes to chromosome arms while later in metaphase it is found at the centromere. At anaphase onset it re-localizes to mitotic spindle microtubules accumulating in the midbody in late anaphase where it promotes spindle disassembly and cytokinesis. In budding yeast it seems to follow the positive ends of depolimerizing microtubules in late anaphase. It also plays a role in contractile ring formation and regulation of abscission in cytokinesis.
CPX-1604	Small ribosomal subunit processome	BUD21;ECM16;EMG1;ENP1;ENP2;FAF1;FCF1;FCF2;KRE33;KRR1;LCP5;NOP1;NOP56;NOP58;PNO1;RRP5;RRP7;RRP9;SAS10;SNU13;SOF1;UTP11;UTP14;UTP20;UTP22;UTP30;UTP7	Mediates the early stages of maturation of the small ribosomal subunit by coupling RNA folding to subsequent RNA cleavage and processing steps. A 47S precursor transcript contains coding segments for the small ribosomal subunit (18S) and large ribosomal subunit (28S and 5.8S) and regulatory regions including the 5' external transcribed spacer (5' ETS). The SSU processome binds to the 5' ETS and cleaves the precursor transcript at site A1, which separates the 5′ ETS and 18S segments. and then drives the transition toward a pre-40S particle.
CPX-7884	GID E3 ubiquitin ligase complex, GID10 variant	FYV10;GID10;GID7;GID8;RMD5;VID28;VID30	E3 ubiquitin ligase complex that triggers polyubiquitylation and subsequent proteasomal degradation of selected substrates. The complex functions as a specific N-recognin of the Pro/N-degron pathway, binding substrates with N-terminal proline residues.
CPX-7885	GID E3 ubiquitin ligase complex, GID11 variant	FYV10;GID11;GID7;GID8;RMD5;VID28;VID30	E3 ubiquitin ligase complex that triggers polyubiquitylation and subsequent proteasomal degradation of selected substrates. The complex functions as the N-recognin of the Pro/N-degron pathway and preferably recognizes substrates with threonine or serine residues at the N terminus, including the phosphate metabolism protein PHM8 (P40025), phosphoglycerate mutase 3 (Q12326) and the proteasome activator BLM10 (P43583).
CPX-8127	CDC48-SHP1 AAA ATPase complex	CDC48;SHP1	A type II AAA ATPase that is involved in the dislocation/extraction step of its substrate proteins from cellular structures or multiprotein complexes into the cytosol where they are largely degraded by the proteasome. Acts to separate the substrate receptor MET30 (P39014) from the SCF-Met30 (CPX-3249) ubiquitin ligase complex when methionine limitation blocks the interaction between SCF-MET30 and its substrates MET4 (P32389) and MET32 (Q12041).
CPX-8171	PBA1-PBA2 proteasomal chaperone complex	ADD66;PBA1	Chaperone complex with a role in the early stage assembly of the 26S proteasome (CPX-2262). Binds to the top of the alpha ring as it assembles, on the opposite side to the PBA3-PBA4 complex (CPX-8172) and is assumed to enforce the proper configuration of the ring and prevent the premature binding of other complexes which interact with the core barrel-shaped chamber. Release of the PBA1-PBA2 complex is one of the final stages of proteasome assembly.
CPX-8172	PBA3-PBA4 proteasomal chaperone complex	IRC25;POC4	Chaperone complex with a role in the early stage assembly of the 26S proteasome (CPX-2262). Binds to the bottom of the alpha ring as it assembles, on the opposite side to the PBA1-PBA2 complex (CPX-8171) and is assumed to enforce the proper configuration of the ring and prevent the premature binding of other complexes which interact with the core barrel-shaped chamber. PBA3-PBA4 appears to disengage shortly after completion of the alpha-ring.
CPX-8559	MECA complex	MDM36;NUM1	Tethers the mitochondria, endoplasmic reticulum and plasma membrane together to ensure proper distribution and positioning of the mitochondria within the cell.
CPX-1091	DNA polymerase zeta complex	POL31;POL32;REV3;REV7	Low-fidelity non-essential DNA polymerase that is involved in translesion DNA synthesis. Required for the majority of spontaneous mutagenesis in wild-type yeast cells, as well as for mutagenesis associated with transcription, with double-strand break repair, and with defective DNA repair.
CPX-3211	MIS complex	IME4;KAR4;MUM2;SLZ1;VIR1	The MIS complex is a methyltransferase which methylates adenosine at the N6 position to form N6-methyladenosine. mRNA methylation in Saccharomyces cerevisiae occurs only during meiosis. During meiosis, complete mRNA methylation requires MIS complex localization to the nucleolus in a Slz1-dependent manner. NDT80 also regulates Mum2 and Ime4 nucleolar localization during meiosis. Methylation of mRNA by this complex suppresses pseudohyphal development.
CPX-784	Vacuolar transporter chaperone complex, VTC3 variant	VTC1;VTC3;VTC4	Polyphosphate (polyP) polymerase that synthesizes polyP from ATP and translocates polyP across the vacuolar membrane to maintain an intracellular phosphate (Pi) homeostasis. Integral membrane complex enriched at the vacuolar membrane, but also localizes to other cellular compartments. VTC proteins have been implicated in several membrane-related processes, such as sorting of H+-translocating ATPases, endocytosis, ER-Golgi trafficking, vacuole fusion, and the microautophagic scission of vesicles into the vacuolar lumen. May bind calmodulin during some, or all, of these processes. This VTC3 variant is located mostly in the vacuole. VTC5 (P38966) can associate with the VTC complex and may act as an optional regulatory subunit.
CPX-8568	Vacuolar transporter chaperone complex, VTC2 variant	VTC1;VTC2;VTC4	High-molecular-weight integral membrane complex enriched at the vacuolar membrane, but also localizes to other cellular compartments. VTC proteins have been implicated in several membrane-related processes, such as sorting of H+-translocating ATPases, endocytosis, ER-Golgi trafficking, vacuole fusion, vacuolar polyphosphate homeostasis and the microautophagic scission of vesicles into the vacuolar lumen. May bind calmodulin during some, or all, of these processes. This VTC2 variant is mostly located at the ER and nuclear envelope. VTC5 (P38966) can associate with the VTC complex and may act as an optional regulatory subunit.
CPX-1792	THO complex	HPR1;MFT1;TEX1;THO2;THP2	Functions in the formation and nuclear export of translation-competent messenger ribonucleoprotein particles. Functions at the interface between transcription and mRNA export via its interaction with SUB2 in the TREX complex (CPX-1793). Recruited to transcribed genes and moves along the gene with the elongating polymerase during transcription. THO is important for stabilizing nascent RNA in the RNA polymerase II elongation complex by preventing formation of DNA:RNA hybrids behind the elongating polymerase. The inclusion o Tex1 in this complex is debated in the literature.
CPX-9181	SESAME metabolic enzyme complex	ACS2;CDC19;SAM1;SAM2;SER3;SER33;SHM2	Multi-enzyme complex which regulates the crosstalk between Histone H3 (HHt1/HHT2, P61830) methylation and phosphorylation by sensing glycolysis and glucose-derived serine metabolism. This leads to auto-regulation of the expression of the PYK1 pyruvate kinase. Complex activity is stimulated by glycolysis and serine metabolism to repress gene expression and confer cell resistance to oxidative stress. In the presence of sufficient glucose, PYK1 is activated, and SET1 (P38827) is recruited at the promoter of PYK1 by active RNA polymerase II. PYK1 phosphorylates Thr-12 of histone H3 using phosphoenolpyruvate as a substrate, while serine biosynthetic enzymes in SESAME generate serine from 3-phosphoglyceric acid to stimulate this phosphorylation. The COMPASS complex (CPX-1039) then recruits SESAME to the PYK1 coding region, allowing COMPASS to utilize SAM synthesized by SESAME to methylate H3 Lys-5. This interaction with COMPASS promotes SESAME recruitment, which phosphorylates H3 Thr-12 at the gene body and suppresses PYK1 transcription. The acetyl-coenzyme A synthetase ACS2 is required for the regulation of telomere silencing and cellular senescence. SESAME interacts with the SAS histone acetyltransferase complex (CPX-777) to promote histone H4 (HHF1/ HHF2) Lys-17 acetylation and the occupancy of the transcription factor , BDF1 (P35817), at subtelomeric regions. This interaction maintains telomere silencing by antagonizing the spreading of SIR2 (P06700) histone deacetylase along the telomeres, which is enhanced by acetate.
CPX-1901	Peroxisomal receptor export module complex	PEX1;PEX15;PEX6	Processive protein translocase that mediates the ATP-dependent relocation and recycling of the peroxisomal targeting signal import receptor PEX5 (P35056) from the peroxisomal membrane to the cytosol, where it is then available for another round of protein import. The PEX1-PEX6 heterohexamer acts as a p97/CDC48-like ATPase that threads monoubiquitinated PEX5 through its central pore.
CPX-1903	PEX2-PEX10-PEX12 ubiquitin ligase complex	PEX10;PEX12;PEX2	E3 ubiquitin-ligase complex which forms a retrotranslocation channel required for the export of the PEX5 peroxisomal import -receptor from peroxisomes to the cytosol, promoting PEX5 (P35056) recycling. When receptor recycling is compromised, the receptor is polyubiquitylated by the complex, extracted from the ligase channel by another ATPase, and degraded by the proteasome.
CPX-1904	Peroxisomal PEX13-PEX14-PEX17 docking complex	PEX13;PEX14;PEX17	Facilitates the peroxoisomal-membrane docking of cargo-loaded, peroxisomal targeting signal type 1 (PTS1) and PTS2 proteins. Proteins designated for peroxisomes are synthezised on cytosolic ribosomes and are recognised by the receptor PEX5 (P35056) via their PTS1 or the PEX7-PEX18 receptor complex via their PTS2 The receptor-cargo-complexes bind to the docking-complex at the peroxisomal membrane. It is assumed that the binding between the docking complex and cargo-loaded receptors leads to the formation of a transient pore.
CPX-1905	Peroxisomal PEX7-PEX18 receptor complex	PEX18;PEX7	Receptor complex which recognises peroxisomal targeting signal type 2 containing proteins synthezised on cytosolic ribosomes. The receptor-cargo complex is then transported from the cytosol to the peroxisomal docking complex (CPX-1904).
CPX-1906	Peroxisomal PEX7-PEX21 receptor complex	PEX21;PEX7	Receptor complex which recognises peroxisomal targeting signal type 2 containing proteins synthezised on cytosolic ribosomes. The receptor-cargo complex is then transported from the cytosol to the peroxisomal docking complex (CPX-1904).
CPX-26486	Protein geranylgeranyltransferase type III complex	BET2;ECM9	Catalyzes the transfer of a 20-hydrocarbon geranyl-geranyl moiety from geranyl-geranyl pyrophosphate to YKT6 (P36015) via a thioether linkage to a cysteine residue located within a conserved C-terminal tandem cysteine motif (CCIIM), where the second cysteine is mono-farnseylated, resulting in a doubly prenylated protein.
CPX-1197	PPG1-FAR complex	FAR10;FAR11;FAR3;FAR7;FAR8;PPG1;VPS64	Multisubunit protein phosphatase complex. Localised at the mitochondria, where it mediates the inhibition of mitophagy via ATG32 (Q06671) dephosphorylation and at the endoplasmic reticulum where it is plays a role in the regulation of the TORC2 (CPX-1717) signaling pathway.
CPX-1939	TRAPP II complex	BET3;BET5;TCA17;TRS120;TRS130;TRS20;TRS23;TRS31;TRS33;TRS65	Tethering complexes which provide the initial recognition event that links a particular vesicle with its target membrane. Participates in intra-Golgi and endosome-Golgi transport. Binds to a component of the COPI coat. BET3, BET5, TRS23, and TRS31 create a catalytic site for promoting GDP/GTP exchange in YPT1.
CPX-1940	TRAPPI protein complex	BET3;BET5;TRS20;TRS23;TRS31;TRS33	Tethering complexes which provide the initial recognition event that links a particular vesicle with its target membrane. Participates in ER-Golgi transport and is a guanine nucleotide exchange factor for the Rab protein YPT1 (P01123). BET3 binds the SEC23 (P15303) subunit of the coat protein II (COPII) coat. BET3, BET5, TRS23, and TRS31 create a catalytic site for promoting GDP/GTP exchange in YPT1.
CPX-1947	Methionyl glutamyl tRNA synthetase complex	ARC1;GUS1;MES1	Catalyzes the aminoacylation of tRNAs by their cognate amino acid. Arc1p makes contact with MetRS and GluRS through its amino-terminal domain, while its carboxy-terminal contains a tRNA-binding domain. As a result of the formation of this complex, cognate tRNAs are bound with high affinity and aminoacylation efficiency is increased.
CPX-1028	NEO1-DOP1-MON2 golgi transporter complex	DOP1;MON2;NEO1	Functions in vesicle trafficking within the Golgi/endosomal system to regulate retrograde recycling of cargoes from endosomes back to and within the Golgi. In contrast to the DOP1-MON2 interaction in humans, DOP1 weakly interacts with MON2 in yeast, and therefore the complex's role in membrane remodelling at the tubular endosomal network and the trans-Golgi network interface is unclear.
CPX-26727	CHL1-CTF4 complex	CHL1;CTF4	Functions as a replisome-organizing module that coordinates DNA replication fork progression with sister chromatid cohesion establishment during S phase. CTF4 acts as a replisomal interaction hub, recruiting the CHL1 helicase to the CMG helicase (CPX-297) via a conserved binding motif shared with GINS (CPX-1641) and DNA polymerase-alpha. This coupling links DNA unwinding to lagging-strand priming, promoting efficient replication, particularly under conditions of nucleotide depletion.
CPX-26729	SED5-SLY1 SNARE chaperone complex	SED5;SLY1	SNARE regulatory complex which controls vesicle-mediated membrane trafficking between the endoplasmic reticulum (ER) and Golgi apparatus in yeast. SLY1 binds directly to the N-terminal region of SED5, an essential syntaxin, stabilizing it and facilitating the assembly of SNARE complexes that drive membrane fusion. The SLY1 N-lobe is anchored to SED5 on the target organelle while the SlLY1 regulatory loop binds the incoming vesicle’s lipid bilayer This interaction enhances the specificity and efficiency of vesicle docking and fusion, thereby ensuring proper intracellular transport and maintaining cellular organization.
CPX-26731	ERG25-ERG26-ERG27 ergosterol biosynthesis complex	ERG25;ERG26;ERG27	Ergosterol biosynthesis complex. The ERG25-ERG26-ERG27 multienzyme complex is formed primarily in the endoplasmic reticulum (ER) during the late stages of the ergosterol synthesis pathway, which involves the conversion of lanosterol to zymosterol through a series of demethylation, reduction, and desaturation reactions. Ergosterol is essential for mitochondrial DNA maintenance, and is also an immunoactive lipid which induces host cell pyroptosis, a necrotic and inflammatory programmed cell death. Ergosterol abundance is critical for yeast stress adaptation, including hypoxic and iron deficiency responses in yeast. Loss-of-function of complex components within the late pathway is thought to be lethal and lead to sterol auxotrophy.
CPX-2091	DNA polymerase alpha:primase complex	POL1;POL12;PRI1;PRI2	Initiates DNA replication by synthesizing short RNA primers on the leading and lagging strand templates in a minimum of five steps: template binding, NTP binding, dinucleotide formation, extension to a functional RNA primer, and primer transfer to the POLA catalytic site for elongation into hybrid primers of about 35 nucleotides.
CPX-2101	DNA polymerase delta complex	POL3;POL31;POL32	Believed to be the major polymerase for the elongation of both leading and lagging strands of chromosomal DNA in eukaryotic cells. Required for Okazaki fragment maturation together with Fen1 and proliferating cell nuclear antigen (PCNA). The 3'-5'-exonuclease activity of DNA polymerase delta is important for this process. Also involved in telomerase-mediated telomere addition and participates in several DNA repair pathways
CPX-2110	DNA polymerase epsilon complex	DPB2;DPB3;DPB4;POL2	Believed to play a role in the elongation of both leading and lagging strands of chromosomal DNA in eukaryotic cells. Required for DNA replication, DNA repair, transcriptional silencing and sister-chromatid cohesion.
CPX-2112	Telosome complex	RAP1;RIF1;RIF2	A protective cap that inhibits telomerase, counteracts SIR-mediated transcriptional silencing, and prevents inadvertent recognition of telomeres as DNA double-strand breaks. Rif1 and Rif2 have separable and independent Rap1-binding epitopes, allowing Rap1 recruitment and binding over large distances (42-110 A).
CPX-2122	Swr1 chromatin remodelling complex	ACT1;ARP4;ARP6;BDF1;RVB1;RVB2;SWC3;SWC4;SWC5;SWC7;SWR1;VPS71;VPS72;YAF9	ATP-dependent chromatin-remodeling complex. SWR1 replaces the canonical H2A/H2B dimer at nucleosomes flanking histone-depleted regions, such as promoters, with a variant histone H2A.Z/H2B dimer. H2A.Z has been shown to affect the stability of its host nucleosome, higher-order chromatin folding, and recruitment of transcriptional factors.
CPX-2143	Hpa2 acetyltransferase	HPA2	Acetyltransferase which catalyzes the transfer of an acetyl group from acetyl-CoA to an acceptor residue on histones H-3 and H-4 and also on polyamines. May also acetylate certain small basic proteins.
CPX-2146	SYP1 endocytic adapter complex	SYP1	Acts as a component of the machinery that drives clathrin-mediated endocytosis in budding yeast. Plays a role in the distribution of endocytic sites. Recruits Ede1 (P34216) which is important for endocytic site formation. Negatively regulates the WAS-Arp2/3 complex that helps choreograph the precise timing of actin assembly during endocytosis. Also functions in polarized cell growth.
CPX-2147	Ire1 serine/threonine-protein kinase/endoribonuclease complex	IRE1	Endoplasmic reticulum localized, type-I transmembrane homodimer which forms in response to the accumulation of unfolded protein in the ER and evokes the unfolded protein response (UPR) by splicing the mRNA encoding master transcriptional regulator of the UPR, HAC1 (P41546). IRE1 cleaves a single phosphodiester bond in each of two RNA hairpins (with non-specific base paired stems and loops of consensus sequence CNCNNGN, where N is any base) to remove an intervening intron from the target transcript. IRE1 auto-activates via transphosphorylation following binding of unfolded proteins to its N-termini.
CPX-2148	Phosphatidylinositol transporter complex	PDR16	Phosphatidylinositol transfer homodimer a lipid droplet-associated protein that inhibits lipid mobilization from these particles. May assist in shuttling sterols or their intermediates, between membranes or, alternatively, between sterol biosynthetic enzymes or complexes. Required for the resistance of yeast cells to azole antifungals.
CPX-2156	Chaperonin-containing T-complex	CCT2;CCT3;CCT4;CCT5;CCT6;CCT7;CCT8;TCP1	Group II Heat Shock Protein 60 chaperonins which catalyses the cytoplasmic ATP-dependent folding of newly synthesized proteins.
CPX-2225	Myosin class V complex, MYO2 variant	CMD1;MLC1;MYO2	Building block of the class V myosin processive molecular motor involved in a range of organelle-transporting functions, including the transport of vacuoles and mRNA. The myosin heavy chain motor domain mediates the ATP-dependent interaction with the F-actin cytoskeleton. The myosin neck region with the bound light chains acts as a rigid lever arm that amplifies movements within the myosin motor domain into a large mechanical stroke that directionally propels the myosin along the actin filament. Myosin V has a high duty cycle, i.e. remains attached to actin for a large fraction of the mechanochemical cycle due to the slow rate of ADP release, the rate-limiting step in the ATPase cycle. This kinetic adaptation allows myosin V to take multiple steps without dissociating from the actin filament. Myosin V can take large steps of approximately 36nm, a distance equal to the helical repeat of the actin filament allowing Myosin V to walk in a straight line on the actin filament, in a hand-over-hand fashion.
CPX-2262	26S proteasome complex	PRE1;PRE10;PRE2;PRE3;PRE4;PRE5;PRE6;PRE7;PRE8;PRE9;PUP1;PUP2;PUP3;RPN1;RPN10;RPN11;RPN12;RPN13;RPN2;RPN3;RPN5;RPN6;RPN7;RPN8;RPN9;RPT1;RPT2;RPT3;RPT4;RPT5;RPT6;SCL1;SEM1	Multi-enzyme complex that functions as the primary degradation machinery for the selective turnover of surplus or damaged proteins within the cell. Proteins targeted for degradation are covalently labeled with polyubiquitin chains which are recognized and removed by the proteasome. The core contains the protease active sites (chymotrypsin-like, trypsin-like and peptidylglutamyl-peptide hydrolyzing) that perform the proteolysis reactions in an internal chamber. The regulatory particles act as a discriminating gateway for potential substrates. The base drives the mechanical substrate unfolding and translocation of the unstructured polypeptides into the degradation chamber of the core peptidase. The lid contains the deubiquitinating enzyme (DUB) RPN11 that cleaves polyubiquitin chains from targeted substrates as an essential step in proteasomal substrate processing.
CPX-2267	SOD1-CCS1 superoxide dismutase heterodimer	CCS1;SOD1	Complex formation results in the activationof the antioxidant enzyme copper, zinc superoxide dismutase,SOD1 which protects cells against oxygen stress and reactive oxygen species by converting superoxide radicals into water and hydrogen peroxide. SOD1 (CPX-2896) activation involves insertion of copper and oxidation of an intrasubunit disulfide bond. Insertion of copper is required for any enzymatic activity. Oxidation of the disulfide bond is required to increase the enzymatic activity from approximately 10 % in disulfide-reduced SOD1 to 100 % in disulfide-oxidized SOD1. The copper chaperone, CCS1 (CPX-2895), both delivers the copper and oxidises the disulfide bond.
CPX-2268	TIM9-TIM10 mitochondrial intermembrane space protein transporter complex	TIM10;TIM9	Facilitates transport of hydrophobic precursors of a distinct subgroup of inner membrane proteins through the aqueous intermembrane space as they exit the TOM40 channel complex (CPX-474) in the outer membrane. Functions as a chaperone to maintain the hydrophobic membrane proteins in an import competent state and escort substrates to the TIM22 insertion complex (CPX-1629), which mediates protein insertion into the membrane.. Cross-links to the COOH-terminal domain of the essential import translocase protein TIM23 (P32897) and plays a key role in TIM23 import to the mitochondrial inner membrane.
CPX-2281	MIM mitochondrial import complex	MIM1;MIM2	Major translocase complex which orchestrates the insertion of precursors of multi-spanning alpha-helical proteins, both N-terminal (signal-anchored) or C-terminal (tail-anchored) anchored, into the mitochondrial outer membrane. Accept precursor proteins from the TOM70 receptor in the TOM40 mitochondrial outer membrane translocase core complex (CPX-474) and also inserts single-spanning proteins that are imported in a Tom70-independent manner.
CPX-2321	CIA targeting complex	CIA1;CIA2;MET18	Interacts with target (apo)proteins, and transfers the transiently bound [4Fe-4S] cluster from the Cfd1-Nbp35 complex (CPX-385) as part of the iron-sulfur cluster (ISC) assembly system
CPX-2371	TIM8-TIM13 mitochondrial intermembrane space protein transporter complex	TIM13;TIM8	Facilitates transport of hydrophobic precursors of a distinct subgroup of inner membrane proteins through the aqueous intermembrane space as they exit the TOM40 channel complex (CPX-474) in the outer membrane. Plays a role in the import of a distinct subgroup of inner membrane proteins, functioning as a chaperone to maintain the hydrophobic membrane proteins in an import competent state and escort substrates to the TIM22 insertion complex (CPX-1629), which mediates protein insertion into the membrane. Cross-links to the COOH-terminal domain of the essential import translocase protein TIM23 (P32897) and plays a key role in TIM23 import to the mitochondrial inner membrane.
CPX-2523	COPII vesicle coat complex	SAR1;SEC13;SEC23;SEC24;SEC31	Mediates formation of the membrane vesicles that export newly synthesised proteins from the endoplasmic reticulum. Upon exchange of GDP for GTP (catalysed by SEC12), SAR1 exposes an N-terminal amphipathic helix that inserts into the outer ER membrane leaflet, promoting curvature. SAR1 recruits SEC23/24 to the membrane to form the inner layer of the COPII coat. SEC24 binds transport cargo while SEC23 interacts with SAR1 and recruits the outer COPII components (SEC13/31) that form a cage around the vesicle by self-assembling into a polyhedron. SEC16 may also be required for proper COPII coat assembly but its role has not been clearly defined.
CPX-2533	Kinetochore CCAN complex	AME1;CHL4;CNN1;CTF19;CTF3;IML3;MCM16;MCM21;MCM22;MHF1;MHF2;MIF2;NKP1;NKP2;OKP1;WIP1	Interacts with duplex DNA and facilitates accurate chromosome segregation. Plays a central role in assembly of kinetochore proteins, mitotic progression and chromosome segregation. It may be involved in incorporation of newly synthesized CENPA (P36012) into centromeres to form CENP-A nucleosomes (CPX-5705). Required for chromosome congression and efficient alignment of the chromosomes on a metaphase plate.
CPX-2541	MMS2-UBC13 ubiquitin ligase complex	MMS2;UBC13	Ubiquitin ligase complex. Transfers the thioester-bound donor ubiquitin from Ubc13 onto the Mms2 catalytically inactive E2 variant. Functions in concert with RING E3 ubiquitin ligase RAD5 to catalyze the Lys-63-linked polyubiquitination of monoubiquitinated replication processivity factor PCNA (CPX-544). MMS2 positions the acceptor ubiquitin so that only Lys-63 approaches the active site cysteine of UBC13. This modification activates the recombination-like DNA damage-avoidance mechanism, in which the replicating polymerase avoids synthesis opposite damaged DNA by transient switching of the template, from the damaged DNA strand to the intact newly synthesized strand of the sister chromatid.
CPX-2566	Nucleosome, variant HTA1-HTB2	HHF1;HHT1;HTA1;HTB2	Nucleosomes wrap and compact DNA into chromatin, limiting DNA accessibility to the cellular machineries which require DNA as a template. Histones thereby play a central role in transcription regulation, DNA repair, DNA replication and chromosomal stability.
CPX-2581	2-(3-amino-3-carboxypropyl)histidine synthase complex	DPH1;DPH2	Essential for the first step of biosynthesis of diphthamide, a unique post-translationally modified histidine residue on EEF2 (P32324), a GTPase that is essential in the elongation step of translation. The complex catalyzes the addition of an aminocarboxypropyl (ACP) group to a specific histidine residue in EEF2 using S-adenosylmethionine as a substrate. A small iron-containing protein DPH3 (Q3E840) donates one Fe atom to convert the [3Fe-4S] cluster in DPH1-DPH2 to a functional [4Fe-4S] cluster during the radical-SAM enzyme catalytic cycle. the [4Fe-4S]2+ cluster in DPH1-DPH2 is reduced to [4Fe-4S]+ using dithionite as the reductant. The [4Fe-4S]+ cluster donates two electrons to SAM, cleaving it, forming an organometallic complex and releasing methylthioadenosine.The organometallic intermediate serves as a stabilized ACP radical and reacts with EEF2 to form an intermediate which is converted to the ACP-modified EEF2 product after loss of a hydrogen atom
CPX-2660	DNA-directed RNA polymerase III complex	RET1;RPB10;RPB5;RPB8;RPC10;RPC11;RPC17;RPC19;RPC25;RPC31;RPC34;RPC37;RPC40;RPC53;RPC82;RPO26;RPO31	Catalyzes the transcription of RNA from an DNA template by acting as a nucleotidyl transferase that polymerizes ribonucleotides at the 3-prime end of an RNA transcript. Responsible for the transcription of genes encoding small structured RNAs such as tRNAs, the 7 SL lncRNA, spliceosomal U6 snRNA and ribosomal 5S RNA. Pol III machinery recognizes conserved promoter elements located within the transcribed region, generally the box A and box B sequences, which contribute to the D- and T-loops in the tRNA structure. RPC34, RPC31 and RPC82 play a role in transcription initiation whereas the RPC37-RPC53 heterodimer is crucial for the correct recognition of the termination signals of class III genes. RPC11 is required for RNA cleavage. Pol III is capable of reinitiating transcription more rapidly on the same gene after the first transcription cycle without being released (facilitated reinitiation), resulting in a higher initiation efficiency; this appears to require an RPC11-dependent conformational change of Pol III. The core complex is believed to assemble in the cytoplasm before being transported to the nucleus.
CPX-2678	Glycosylphosphatidylinsitol ethanolamine-phosphate transferase II complex	GPI11;LAS21	Ethanolamine phosphate transferase involved in glycosylphosphatidylinositol (GPI)-anchor biosynthesis. Transfers ethanolamine phosphate to the 6-position of the GPI second mannose in Man-Man-Man-(EtNP)Man-GlcN-(acyl)PI, sequentially following the addition of a phosphoethanolamine moiety to the third mannose by GPI-ET-III complex (CPX-2680).
CPX-2680	Glycosylphosphatidylinsitol ethanolamine-phosphate transferase III complex	GPI11;GPI13	Ethanolamine phosphate transferase involved in glycosylphosphatidylinositol (GPI)-anchor biosynthesis. Transfers ethanolamine phosphate to the 6-position of the GPI third mannose in Man-Man-Man-(EtNP)Man-GlcN-(acyl)PI, sequentially followed by the addition of a phosphoethanolamine moiety to the second mannose by the GPI-ET-II complex (CPX-2678).
CPX-2723	ISA1-ISA2-IBA57 mitochondrial iron-sulfur protein assembly complex	IBA57;ISA1;ISA2	Assembles [4Fe-4S] clusters from reductive coupling of two [2Fe-2S] clusters received from GLRX5 homodimers (CPX-6957). The [4Fe-4S] clusters can then be inserted into mitochondrial [4Fe-4S]-requiring proteins.
CPX-2800	Snf1 protein kinase complex variant SIP2	SIP2;SNF1;SNF4	Energy sensor protein kinase complex, activated by glucose depletion. Regulates cellular energy metabolism by activating energy-producing pathways and inhibiting energy-consuming processes via derepression of glucose-repressed genes. Required for the diauxic shift, in which genes required for mitochondrial oxidative metabolism (normally repressed by glucose) are switched on; growth then resumes at a lower rate. Role in filamentous invasive growth, on glucose depletion, in haploid cells. The activity of this complex is modulated by reversible phosphorylation of SNF1 Thr-210 which increases in response to glucose starvation and correlates with large increases in cellular ADP-to-ATP and AMP-to-ATP ratios. Binding of ADP, but not AMP, to the complex protects against dephosphorylation of Thr-210, suggesting that ADP, rather than AMP, may be the critical activating signal. When glucose levels are high, the complex is cytoplasmic. Upon glucose depletion, SIP2-containing SNF1 remain in the cytosol.
CPX-2841	GRX6 iron-sulfur cluster assembly homodimer complex	GRX6	Reversibly binds [2Fe-2S] clusters and appears to play a role in Fe-S cluster assembly and trafficking, and in transferring an intact [2Fe-2S] cluster to an apo acceptor protein.
CPX-2854	Elongation Factor eEF1 complex, variant CAM1	CAM1;EFB1;TEF1	Transports an aminoacylated-tRNA (aa-tRNA) to the ribosomal A-site during the elongation phase of protein synthesis. GTP bound to eEF1A (TEF1/2) is hydrolyzed upon codon-anticodon match between an aa-tRNA in the ribosomal RNA A-site and mRNA bound to the ribosome. Inactive eEF1A-GDP leaves the ribosome and must be recycled to eEF1A-GTP before binding another molecule of aa-tRNA. The guanine nucleotide exchange factor eEF1B catalyzes the exchange of GDP for GTP.
CPX-2894	Inositol phosphorylceramide synthase complex	AUR1;KEI1	Catalyzes the addition of a phosphorylinositol group onto the 1-OH position of ceramide to form inositol phosphorylceramide, an essential step in forming the inositol-phosphate head group of sphingolipids. Sphingolipids are a structurally diverse class of membrane lipids implicated in a number of cell signaling functions.
CPX-2895	Superoxide dismutase 1 copper chaperone	CCS1	Copper chaperone for superoxide dismutase which delivers copper to the [Cu-Zn] superoxide dismutase I (SOD1, CPX-2896) forming heterodimer (CPX-2267). Insertion of copper is required for SOD1 enzymatic activity. Oxidation of an intramolecular disulfide bond is required to increase the enzymatic activity from approximately 10 % in disulfide-reduced SOD1 to 100 % in disulfide-oxidized SOD1. The copper chaperone, CCS1, both delivers the copper and oxidises the disulfide bond.
CPX-2896	[Cu-Zn] Superoxide dismutase complex	SOD1	Catalyzes the breakdown of two superoxide molecules into dioxygen and hydrogen peroxide in two asymmetrical steps using an essential copper atom in the active site of the enzyme. Reduction of the oxidized Cu(II) form of the enzyme by superoxide, releasing dioxygen (reaction 1), alternates with oxidation of the reduced Cu(I) form by another superoxide anion and two protons, generating hydrogen peroxide (reaction 2). Protects the cell guard against free radical species produced during cellular metabolism. SOD1 acquires its copper by forming a heterodimer with the copper chaperone, CCS (CPX-2267), which also is responsible for formation of an intramolecular disulfide bond required to increase the enzymatic activity from approximately 10 % in disulfide-reduced SOD1 to 100 % in disulfide-oxidized SOD1. The copper chaperone, CCS1 (CPX-2895), both delivers the copper and oxidises the disulfide bond. There is also evidence of CCS-independent activation of SOD1.
CPX-2902	RAD6-RAD18 ubiquitin ligase complex	RAD18;RAD6	Ubiquitin ligase complex invovled in post-replicative repair of damaged DNA. Mono-ubiquitinates PCNA at a highly conserved lysine, lys-164, in response to replication-stalling DNA damage. This promotes the recruitment of a class of specialized polymerases capable of using damaged DNA as a template for trans-lesion synthesis. Also plays a role in the prevention of spontaneous mutations caused by oxidation of guanine to 7,8-dihydo-8-oxoguanine, caused by free radicals and reactive oxygen species.
CPX-2910	BRE1-RAD6 ubiquitin ligase complex	BRE1;RAD6	Ubiquitin ligase complex. Mono-ubiquitinates the histone H2B residue lysine-123. This provides a specific tag for epigenetic transcriptional activation in addition to modulating the formation of double-strand breaks during meiosis and being a prerequisite for DNA-damage checkpoint activation. Ubiquitination of lys-123 is a prerequisite for the subsequent di- and trimethylation of histone H3 on K4 and K79 which is important for telomeric gene silencing. A BRE1-associated protein, LGE1, is also required for H2B monoubiquitination and may be part of a larger complex.
CPX-2911	BRE1 E3 ubiquitin-protein ligase complex	BRE1	E3 ubiquitin-protein ligase. Plays a required role in regulation of RNA polymerase II association with active genes.
CPX-2918	UBR1-RAD6 ubiquitin ligase complex	RAD6;UBR1	Ubiquitin ligase complex. Polyubiquitinates proteins containing unacetylated N-terminal residues causing their subsequent degradation by the proteasome as part of the Ac/N-End Rule pathway. Recognizes unacetylated N-terminal methionine if it is followed by a hydrophobic residue. Additionally, acts in an N-end rule independent manner as a component of a novel quality control pathway for proteins synthesized on cytosolic ribosomes
CPX-2921	RSP5-BUL1 ubiquitin ligase complex	BUL1;RSP5	Ubiquitin ligase complex. Polyubiquinates plasma membrane transporters and permeases, required for their endocytosis and subsequent degradation in the vacuole. BUL1 binds to the target protein, enabling ubiquitylation by RSP5. Phosphorylation of BUL1 results in binding to 14-3-3 proteins proteins, protecting the permeases from down-regulation. Appears to be redundant with the RSP5-BUL2 ubiquitin ligase complex (CPX-2923).
CPX-2923	RSP5-BUL2 ubiquitin ligase complex	BUL2;RSP5	Ubiquitin ligase complex. Polyubiquinates plasma membrane transporters and permeases, required for their endocytosis and subsequent degradation in the vacuole. BUL2 binds to the target protein, enabling ubiquitylation by RSP5. Phosphorylation of BUL2 results in binding to 14-3-3 proteins, protecting the permeases from down-regulation. Appears to be redundant with the BUL1:RSP5 complex (CPX-2921).
CPX-2935	RAD6-UBR2 ubiquitin ligase complex	RAD6;UBR2	Ubiquitin ligase complex. May act in a quality control pathway for proteins synthesized on cytosolic ribosomes. UBR2 is a paralog of UBR1 (P19812) but lacks the conserved sequence motifs required for N-end rule degradation.
CPX-2937	MUB1-RAD6-UBR2 ubiquitin ligase complex	MUB1;RAD6;UBR2	Ubiquitin ligase complex. Ubiquitylates, and targets for destruction, the RPN4 (Q03465) transcription factor, which upregulates the proteasome genes. The binding of MUB1 may position the RPN4 ubiquitylation site proximal to the Ub∼RAD6 thioester and allowing the transfer of Ubiquitin from RAD6 to RPN4. MUB1 is a short-lived protein and is ubiquitinated by the UBR2-RAD6 ubiquitin conjugating enzyme (CPX-2935).
CPX-2944	MCM complex	MCM2;MCM3;MCM4;MCM5;MCM6;MCM7	Essential for 'once per cell cycle' DNA replication initiation and elongation in eukaryotic cells, associates with the origins of DNA replication to form part of the pre-replicative complex. Activation of the MCM complex at origins by cyclin-dependent kinases and the CDC7 protein kinase (P06243) leads to initiation of DNA synthesis. MCM2-7 complexes unwind the double stranded DNA at the origins, recruit DNA polymerases and initiate DNA synthesis.
CPX-2946	CDC48-NPL4-UFD1 AAA ATPase complex	CDC48;NPL4;UFD1	A type II AAA ATPase that is involved in the dislocation/extraction step of its substrate proteins from cellular structures or multiprotein complexes into the cytosol where they are largely degraded by the proteasome. Recruited by the integral membrane protein UBX2 (Q04228) and interacts with ubiquitin ligase complexes involved in the endoplasmic reticulum-associated degradation (ERAD) pathway.
CPX-2948	CUE1-UBC7 ubiquitin-conjugating enzyme complex	CUE1;UBC7	Component of the endoplasmic reticulum-associated protein degradation (ERAD) pathway. UBC7 is a ubiquitin-conjugating enzyme (E2) that functions with endoplasmic reticulum resident ubiquitin ligases (E3s) only if bound to the ER surface by CUE1. UBC7 may also be activated by CUE1.
CPX-2950	TIM9-TIM10-TIM12 mitochondrial intermembrane space protein transporter complex	TIM10;TIM12;TIM9	Facilitates transport of hydrophobic precursors of a distinct subgroup of inner membrane proteins through the aqueous intermembrane space as they exit the TOM40 channel complex (CPX-474) in the outer membrane. Functions as a chaperone to maintain the hydrophobic membrane proteins in an import competent state and escort substrates to the TIM22 insertion complex (CPX-1629), which mediates protein insertion into the membrane.
CPX-3028	1,3-beta-D-glucan synthase complex, FKS3-RHO1 variant	FKS3;RHO1	Synthesizes 1,3-beta-glucan, a major structural component of the yeast cell wall and of the yeast spore wall. FKS3 variant is responsible for normal spore wall assembly.
CPX-3034	Acetolactate synthase complex	ILV2;ILV6	Catalyzes the first step that is common to the biosynthesis of branched-chain amino acids. The reaction involves the irreversible decarboxylation of pyruvate to a bound hydroxyethyl group that then condenses with either a second pyruvate molecule to form 2-acetolactate as the first step in the biosynthesis of valine and leucine. or with 2-ketobutyrate to form 2-aceto-2-hydroxybutyrate as the initial step in the biosynthesis of isoleucine.
CPX-3036	PMT1-PMT2 dolichyl-phosphate-mannose-protein mannosyltransferase complex	PMT1;PMT2	Initiates protein O-mannosylation by catalyzing the transfer of a mannosyl residue from dolichol-phosphate-beta-D-Mannose to Ser and Thr residues of proteins in an alpha-D-mannosidic linkage. Some proteins with moderate Ser/Thr content are O-mannosylated when they are not properly folded. In the endoplasmic reticulum this removes them from folding cycles by reducing engagement with the KAR2 chaperone (P164740). O-mannosyl glycans are important for the stability, localization and/or function of various secretory and membrane proteins and hence cell wall integrity. Acts on both soluble and membrane proteins.
CPX-3037	PMT1-PMT3 dolichyl-phosphate-mannose-protein mannosyltransferase complex	PMT1;PMT3	Initiates protein O-mannosylation by catalyzing the transfer of a mannosyl residue from dolichol-phosphate-beta-D-Mannose to Ser and Thr residues of proteins in an alpha-D-mannosidic linkage. Some proteins with moderate Ser/Thr content are O-mannosylated when they are not properly folded. In the endoplasmic reticulum this removes them from folding cycles by reducing engagement with the KAR2 chaperone (P164740). O-mannosyl glycans are important for the stability, localization and/or function of various secretory and membrane proteins and hence cell wall integrity. Acts on both soluble and membrane proteins.
CPX-3038	PMT5-PMT2 dolichyl-phosphate-mannose-protein mannosyltransferase complex	PMT2;PMT5	Initiates protein O-mannosylation by catalyzing the transfer of a mannosyl residue from dolichol-phosphate-beta-D-Mannose to Ser and Thr residues of proteins in an alpha-D-mannosidic linkage. Some proteins with moderate Ser/Thr content are O-mannosylated when they are not properly folded. In the endoplasmic reticulum this removes them from folding cycles by reducing engagement with the KAR2 chaperone (P164740). O-mannosyl glycans are important for the stability, localization and/or function of various secretory and membrane proteins and hence cell wall integrity. Acts on both soluble and membrane proteins.
CPX-3039	PMT4 dolichyl-phosphate-mannose-protein mannosyltransferase complex	PMT4	Initiates protein O-mannosylation by catalyzing the transfer of a mannosyl residue from dolichol-phosphate-beta-D-Mannose to Ser and Thr residues of proteins in an alpha-D-mannosidic linkage. O-mannosyl glycans are important for the stability, localization and/or function of various secretory and membrane proteins and hence cell wall integrity. Acts on membrane-bound proteins.
CPX-3040	PMT5-PMT3 dolichyl-phosphate-mannose-protein mannosyltransferase complex	PMT3;PMT5	Initiates protein O-mannosylation by catalyzing the transfer of a mannosyl residue from dolichol-phosphate-beta-D-Mannose to Ser and Thr residues of proteins in an alpha-D-mannosidic linkage. Some proteins with moderate Ser/Thr content are O-mannosylated when they are not properly folded. In the endoplasmic reticulum this removes them from folding cycles by reducing engagement with the KAR2 chaperone (P164740). O-mannosyl glycans are important for the stability, localization and/or function of various secretory and membrane proteins and hence cell wall integrity. Acts on both soluble and membrane proteins.
CPX-3055	Translocon complex	SBH1;SEC61;SEC62;SEC63;SEC66;SEC72;SSS1	Post-translationally translocates nascent proteins into the endoplasmic reticulum. The complex is composed of the SEC61 translocon complex protein-conducting channel (CPX-1833) and the tetrameric SEC62-63 complex (CPX-3056). The SEC62-63 complex plays a crucial role in targeting of the signal recognition particle-independent protein substrate to the protein-conducting channel and also in the assembly of the post-translocon complex.
CPX-3056	SEC62-SEC63 complex	SEC62;SEC63;SEC66;SEC72	Required for post-translational translocation of nascent proteins into the endoplasmic reticulum. Plays a crucial role in targeting of the signal recognition particle-independent protein substrate to the protein-conducting channel and also in the assembly of the post-translocon complex (CPX-3055).
CPX-3069	CDC48-NPL4-VMS1 AAA ATPase complex	CDC48;NPL4;VMS1	A type II AAA ATPase that is involved in the dislocation/extraction step of its substrate proteins from cellular structures or multiprotein complexes into the cytosol where they are largely degraded by the proteasome. Required for the destruction of damaged, misfolded and ubiquitinated proteins in the mitochondrion. Under conditions of mitochondrial stress, VMS1 (Q04311) recruits CDC48 and NPL4 and extracts ubiquitinated proteins for proteasomal degradation. May also play a role in endoplasmic reticulum-associated protein degradation (ERAD).
CPX-3070	HRD1 E3 ubiquitin ligase complex	DER1;HRD1;HRD3;UBX2;USA1;YOS9	Transmembrane E3 ubiquitin ligase complex involved in the endoplasmic reticulum-associated degradation (ERAD) pathway, directing misfolded proteins to proteasomal degradation. Required for ERAD-L, -M subpathways which degrade proteins with misfolded luminal or transmembrane domains, respectively. The HRD1 core complex acts together with the E2 ubiquitin conjugating enzymes Cue1-Ubc7 (CPX-2948) and UBC1 (P21734) and also the Cdc48p-Npl4p-Ufd1p AAA ATPase complex (CPX-2946).
CPX-3074	Doa10 E3 ubiquitin ligase complex	SSM4;UBX2	Transmembrane E3 ubiquitin ligase complex involved in the endoplasmic reticulum-associated degradation (ERAD) pathway, directing misfolded proteins to proteasomal degradation. Required for ERAD-C subpathway which degrades proteins with misfolded cytoplasmic domains. The Doa10 core complex acts together with the E2 ubiquitin conjugating enzymes Ubc6 (P33296) and Cue1-Ubc7 (CPX-2948) and also the Cdc48p-Npl4p-Ufd1p AAA ATPase complex (CPX-2946).
CPX-3078	Ric1-Rgp1 guanyl-nucleotide exchange factor complex	RGP1;RIC1	Guanine nucleotide exchange factor (GEF) that activates YPT6 (Q99260), by exchanging bound GDP for free GTP. YPT6 is a Rab GTPase which mediates the fusion of vesicles from endosomes at the Golgi apparatus and, once activated, recruits the GARP tethering complex (CPX-1718).
CPX-3087	Shu complex	CSM2;PSY3;SHU1;SHU2	Role in the early stages of the homologous recombination DNA damage repair process. Recruits the Rad55-Rad57 complex (CPX-3139) and the homologous recombination machinery to the sites of single-stranded DNA gaps left by replication-blocking lesions to complete error-free DNA-damage tolerance.
CPX-3088	PAS complex	ATG18;FAB1;FIG4;VAC14;VAC7	Role in the synthesis and turnover of the low abundance, signaling lipid phosphatidylinositol 3,5-bisphosphate (PtdIns(3,5)P2; CHEBI:16851). PtIns(3,2)P2 has been implicated in processes such as vacuole morphology, homeostasis, membrane scission, acidification and transport vesicle formation.
CPX-3139	RAD55-RAD57 complex	RAD55;RAD57	Role in the early stages of the homologous recombination DNA damage repair process. Recruited by the Shu complex (CPX-3087) to the sites of single-stranded DNA gaps left by replication-blocking lesions to complete error-free DNA-damage tolerance. Counteracts the anti-recombination activity of the SRS2 helicase (P12954) by associating with the RAD51 (P25454)-ssDNA filament, rendering it more stable than a nucleoprotein filament containing RAD51 alone. stimulates RAD51 filament assembly onto RPA-coated single-stranded DNA. The RAD51/RAD55-AD57 co-filament resists disruption by the SRS2 anti-recombinase by blocking SRS2 translocation. The complex is also involved in double-strand break repair.
CPX-3146	Mitochondrial DNA-directed RNA polymerase complex	MTF1;RPO41	Mitochondrial RNA polymerase resides in the mitochondrion and is responsible for transcription of all genes on the mitochondrial genome, both protein- and RNA-coding. Binding of the polymerase complex to the promoter consensus sequence 5-prime-(- 8)ATATAAGTA(+ 1) bends and opens promoter DNA. The ability to initiate transcription at mitochondrial promoters is conferred by the regulatory subunit Mtf1p. The transcriptional activity of mitochondrial RNA polymerase is repressed by the high ATP levels generated during growth on glucose, and activated at low ATP levels during growth on non-fermentable carbon sources.
CPX-3155	NuA4 histone acetyltransferase complex	ACT1;ARP4;EAF1;EAF3;EAF5;EAF6;EAF7;EPL1;ESA1;SWC4;TRA1;YAF9;YNG2	Essential gene regulatory acetyltransferase with ATPase, DNA helicase and structural DNA binding activities. NuA4 histone acetyltransferase (HAT) complex is involved in epigenetic transcriptional activation of selected genes principally by acetylation of nucleosomal histones H4, H3, H2B, H2A and H2A variant H2A.Z. Acetylates histone H4 to form H4K5ac, H4K8ac, H4K12ac and H4K16ac, histone H3 to form H3K14ac, histone H2B to form H2BK16ac, histone H2A to form H2AK4ac and H2AK7ac, and histone variant H2A.Z to form H2A.ZK14ac. Acetylation of histone H4 is essential for DNA double-strand break repair through homologous recombination. Involved in cell cycle progression.
CPX-3158	SPOTS complex	LCB1;LCB2;ORM1;ORM2;SAC1;TSC3	Serine C-palmitoyltransferase (SPT) catalyzes the first committed step in the biosynthesis of sphingolipids: condensation of serine with palmitoyl-CoA to form 3-ketosphinganine. The catalytic activity depends on LCB1 and LCB2, and is stimulated several-fold by TSC3. The remaining components are believed to play regulatory roles. Mature sphingolipids are an essential component of the plasma membrane. Moreover, several intermediates in sphingolipid metabolism are important signaling molecules involved in control of growth and stress response. Tight regulation of this rate-limiting step in sphingolipid synthesis is therefore critical for lipid homeostasis, membrane biogenesis, protein quality control and trafficking through the secretory pathway. Regulation of sphingolipid synthesis is mediated by phosphorylation of ORM1 and ORM2 as well as by up-regulation of ORM2 protein levels. Sphingolipid depletion activates the TORC2 complex (CPX-1717), which triggers ORM1 and ORM2 phosphorylation by the protein kinase YPK1 (P12688). Inhibition of the nutrient-sensitive TORC1 complex (CPX-1715 /CPX-1716) triggers phosphorylation of ORM proteins by the protein kinase NPR1 (P22211). Increased phosphorylation of ORM proteins reduces their inhibitory activity resulting in stimulation of SPOTS and increased sphingolipid synthesis. In addition, the presence of the phosphoinositide phosphatase SAC1 (P32368) in the SPOTS complex appears to link sphingolipid synthesis to phosphoinositide signaling that controls ER functions and ER-to-Golgi traffic. Thus, the SPOTS complex may be responsible for coordinating sphingolipid homeostasis with a variety of processes that control cell growth and response to nutrients.
CPX-3159	SLX1-SLX4 structure-specific endonuclease complex	SLX1;SLX4	A structure-specific DNA endonuclease that cleaves the phosphodiester backbone on the 3'-side of the DNA branchpoint of branched DNA substrates including stem-loops and Y-structures, replication forks, 5'- and 3'-flaps, and nicked or intact Holliday junctions and is therefore involved in DNA recombination and repair. It is involved in rDNA copy number regulation and appears to act at the termination of rDNA replication.
CPX-3163	Sulfite reductase complex (NADPH)	MET10;MET5	Sulfite reductase is a flavoprotein complex that catalyzes the reduction of sulfite to sulfide in the cysteine and methionine biosynthesis pathway. The activity is also required for sulfate assimilation.
CPX-3172	EGO complex	EGO2;GTR1;GTR2;MEH1;SLM4	The EGO complex is localized to the vacuolar membranes and activates vacuolar membrane associated TORC1 in the presence of preferred nitrogen sources. It thereby has an important role in regulating cell growth and autophagy by relaying amino acid signals. Specifically, its subunit GTR1 becomes activated to a GTP-bound form in a downstream response to nutrient signals, causing EGO to interact with and activate TORC1. EGO is required for recovery from rapamycin-induced growth arrest and positively regulates microautophagy.
CPX-3179	Slx5-Slx8 SUMO-targeted ubiquitin ligase (STUbL) complex	SLX5;SLX8	The Slx5-Slx8 complex is a heterodimeric ubiquitin ligase (E3) that recognizes sumoylated proteins and causes the transfer of ubiquitin from an E2 to its target, attaching polyubiquitin chains to it. The complex has DNA-binding activity and is involved in various cellular processes, including targeting poly-sumoylated proteins for degradation; DNA damage repair and genome stability. The complex is localized to the nucleus and has been implicated in protein quality control of nuclear proteins.
CPX-3180	Mitochondrial degradosome complex	DSS1;SUV3	Plays an essential role in mitochondrial RNA turnover, degrading structured RNA in an ATP-dependent manner. Helicase activity of the degradosome is more efficient with substrates with 3'-overhangs, and requires the presence of DSS1. Unprocessed rRNA and mRNA accumulate in cells lacking degradosome activity, however, tRNA maturation is unaffected, indicating that this complex is not directly involved in RNA processing. Instead, the degradosome complex is likely part of the mitochondrial RNA surveillance system, which degrades aberrant and unprocessed RNAs.
CPX-3184	EAF5-7-3 nucleosome disassembly/reassembly complex	EAF3;EAF5;EAF7	Plays a role in co-transcriptional RNA processing and maturation by associating with the coding region of transcriptionally active genes and affecting RNA polymerase II processivity. Promote the disruption, and subsequent reassembly, of nucleosomes. Also exists as a component of the NuA4 histone acetyltransferase complex (CPX-3155) which is involved in transcriptional activation of selected genes principally by acetylation of nucleosomal histone H4 and H2A.
CPX-3185	Piccolo NuA4 histone acetyltransferase complex	EPL1;ESA1;YNG2	Histone acetyltransferase complex which is involved in transcriptional activation of selected genes, principally by acetylation of nucleosomal histone H4 and H2A. Strongly prefers chromatin over free histones as substrate. Also acts as the catalytic core of the 1.3-MDa NuA4 histone acetyltransferase complex (CPX-3155).
CPX-3188	Polarisome	BNI1;BUD6;MSB3;MSB4;PEA2;SPA2	Controls thepolarized (unidimensional) cell growth in yeast and other fungi. Required for tip growth and acts as a central hub for coordinating exocytosis with actin cable formation. One of the targets of polarisome is the Rab GTPase SEC4, which associates with secretory vesicles and stimulates their fusion with the exocytic sites at the plasma membrane. Thus, the primary function of polarisome appears to be guiding polarized transport and secretion along actin cables and bringing secretory vesicles to the sites of polarized growth.
CPX-3196	ERMES complex	GEM1;MDM10;MDM12;MDM34;MMM1	The ERMES complex serves as a physical connection between the endoplasmic reticulum (ER) and the mitochondrion. The complex, or simply the physical connection provided by the complex, may facilitate transfer of lipids, calcium ions, or other metabolites between the organelles. Mitochondrial nucleoids are located near ERMES, and the complex is required for accurate segregation of the mitochondrial genome. Mutations is any of the complex subunit genes confer aberrant mitochondrial morphology and inheritance.
CPX-3207	Mitochondrial pyruvate dehydrogenase complex	LAT1;LPD1;PDA1;PDB1;PDX1	Mitochondrial matrix enzyme that converts pyruvate to acetyl-CoA and CO2. This provides a metabolic connection between glycolysis, whose end product is pyruvate, and the tricarboxylic acid cycle, which starts with acetyl-CoA. Pyruvate dehydrogenase (PDH) activity is negatively regulated via phosphorylation of its PDA1 subunit. The protein kinases PKP1 (P40530) and PKP2 (P53170) phosphorylate PDA1, and the protein phosphatases PTC5 (Q12511) and PTC6 (P25646) mediate its dephosphorylation.
CPX-3212	Mitotic checkpoint complex, MAD1-MAD2-BUB1-BUB3 subcomplex	BUB1;BUB3;MAD1;MAD2	This complex forms during mitosis, as a result of the activation of the spindle checkpoint. BUB3 and BUB1 are associated through the cell cycle, however, the addition of MAD1 is cell cycle dependent. The formation of a stable complex requires the functions of MAD2, BUB3, and MPS1. In addition, a highly conserved Arg-Leu-Lys motif at 653-655 of MAD1 is required for the formation of a complete complex.
CPX-3215	FACT complex	POB3;SPT16	A heterodimeric H2A-H2B histone chaperone, that helps reorganize nucleosomes in an ATP independent fashion. It promotes histone removal, deposition and replacement on chromatin. Due to its role in chromatin dynamics, it has a role in many cellular processes related to chromatin: DNA replication, DNA damage and repair, transcription initiation and elongation. The redundant NHP6A/B proteins(P11632/P11633) are involved in FACT function and supply the DNA binding activity, potentially destabilizing nucleosomes to promote formation of alternative chromatin structures in addition to recruiting FACT.
CPX-3226	Core mediator complex	CSE2;GAL11;MED1;MED11;MED2;MED4;MED6;MED7;MED8;NUT1;NUT2;PGD1;RGR1;ROX3;SIN4;SOH1;SRB2;SRB4;SRB5;SRB6;SRB7	Plays an essential role in gene expression regulation by acting as a bridge between DNA-binding transcription factors and the RNA polymerase II (RNAPII) transcription machinery, serving as a central scaffold within the pre-initiation complex. The Mediator complex is also targeted by sequence-specific, DNA-binding transcription factors and appears to regulate RNAPII at both the initiation and elongation stages of transcription. The Mediator complex, having a compact conformation in its free form, is recruited to promoters by direct interactions with regulatory proteins and unfolds to an extended conformation and partially surrounds RNAPII specifically interacting with the unphosphorylated form of its C-terminal domain. The Mediator complex dissociates from the RNA polymerase II holoenzyme and stays at the promoter when transcriptional elongation begins. Reversibly associates with the CKM complex (CPX-1853). Mediator lacking the CKM complex has a stimulatory effect on basal transcription. In contrast, Mediator containing the sub-complex represses basal transcription.
CPX-3231	SEA complex	IML1;MTC5;NPR2;NPR3;RTC1;SEA4;SEC13;SEH1	Vacuole associated growth regulator that acts as a GTPase-activating protein (GAP) for GTR1 (Q00582), a Rag GTPase that relays nutrient status to the Target of Rapamycin Complex 1 (CPX-1715, CPX-1716) One end of the SEA complex is made of the IML1/NPR2/NPR3 trimer (SEACIT), involved in inhibition of TORC1 signaling, while the other end, composed of RTC1/MTC5/SEA4/SEH1/SecEC13 (SEACAT), is involved in the activation of TORC1 signaling by acting as a scaffold for the binding of TORC1 regulators. The complex thus regulates TORC1 signaling and is involved in maintaining vacuolar integrity, regulating autophagy in response to nitrogen starvation. A putative GEF activity was suggested for NPR2 and NPR3.
CPX-3233	GSE complex	GTR1;GTR2;LTV1;MEH1;SLM4	GTPase complex that stimulates TORC1 in response to amino acid stimulation. The GSE complex was shown to be localized to late endosomes, and to be required for sorting of GAP1 - a general amino acid permease - to the plasma membrane from endosomes. Regulates exit from rapamycin-induced growth arrest. GSE shares common components with the EGO complex (CPX-3172).
CPX-3234	SCF-Cdc4 ubiquitin ligase complex	CDC34;CDC4;CDC53;HRT1;SKP1	SCF-Cdc4 is a member of the SCF (Skp1-Cullin-F-box) E3 ubiquitin ligase family, in which the F-box protein, Cdc4, forms the substrate recognition subunit. It is required for both G1/S and G2/M cell cycle transitions, when it ubiquitinates and targets to degradation its substrates such as SIC1, FAR1, CLN1/2 and CLB6. The active complex may be a homodimer.
CPX-3238	SUMO activating enzyme complex	AOS1;UBA2	SUMO activating complex provides an E1-like activity that catalyzes the first step in conjugation of Smt3 (SUMO) to proteins (sumoylation). The activated Smt3 is then transferred to the E2-like SUMO conjugating enzyme Ubc9. In subsequent steps, Smt3 is covalently attached to lysine residues on target proteins by one of the E3-like SUMO ligases that include Siz1, Mms21, Cst9, and Nfi1. Attachment of Smt3 alters protein-protein and protein-DNA interactions, as well as subcellular localization of the target proteins, among which are septins, several DNA repair proteins, and cell division regulators, therefore affecting chromosome segregation, cell cycle control, and likely many other regulatory pathways.
CPX-3241	SCF-Grr1 ubiquitin ligase complex	CDC34;CDC53;GRR1;HRT1;SKP1	SCF-Grr1 is a member of the SCF (Skp1-Cullin-F-box) E3 ubiquitin ligase family, in which the F-box protein, Grr1, forms the substrate recognition subunit. It is required for the G1/S cell cycle transition, when it ubiquitinates and targets proteins such as CLN1/2 and GIC2 for degradation. It is a central component in glucose-induced signal transduction, regulating the induction of the glucose transporter Hxt1 via degradation of Mth1 when glucose is abundant. Grr1 is also responsible for the ubiquitination and degradation of several metabolic enzymes and proteins involved in glycolysis and amino-acid biosynthesis.The active complex may be a homodimer.
CPX-3242	SCF-Mdm30 ubiquitin ligase complex	CDC34;CDC53;HRT1;MDM30;SKP1	SCF-Mdm30 is a member of the SCF (Skp1-Cullin-F-box) E3 ubiquitin ligase family, in which the F-box protein, Mdm30, forms the substrate recognition subunit. The complex is required for the degradation of Fzo1 and Gal80, and is thereby involved in mitochondrial fusion and regulation of galactose metabolism. The active complex may be a homodimer.
CPX-3243	SCF-Ufo1 ubiquitin ligase complex	CDC34;CDC53;HRT1;SKP1;UFO1	SCF-Ufo1 is a member of the SCF (Skp1-Cullin-F-box) E3 ubiquitin ligase family, in which the F-box protein, Ufo1, forms the substrate recognition subunit. The complex is required for the degradation of HO and Gal80, thereby involved in mating type switching and regulation of galactose metabolism. The complex may form a homodimer.
CPX-3244	SCF-Das1 ubiquitin ligase complex	CDC34;CDC53;DAS1;HRT1;SKP1	SCF-Das1 is a member of the SCF (Skp1-Cullin-F-box) E3 ubiquitin ligase family, in which the F-box protein, Das1, forms the substrate recognition subunit. The complex is required for the degradation of MIG2 and Gal80, thereby involved in regulation of galactose metabolism. The complex may form a homodimer.
CPX-3248	Asi ubiquitin ligase complex	ASI1;ASI2;ASI3	The Asi complex resides in the nuclear inner membrane and ubiquitinates proteins to target them for degradation, as part of the endoplasmic reticulum-associated degradation (ERAD) pathway. It targets two types of substrate: misfolded nuclear inner membrane proteins; and proteins that participate in sterol biosynthesis, including ERG11 (lanosterol 14-alpha-demethylase) and NSG1, a regulator of sterol biosynthesis. The Asi complex has an important role in regulation of the response to extracellular amino acids, by mediating degradation of the transcription factor Stp1.
CPX-3249	SCF-MET30 E3 ubiquitin ligase complex	CDC34;CDC53;HRT1;MET30;SKP1	SCF-Met30 is a member of the SCF (Skp1-Cullin-F-box) E3 ubiquitin ligase family, in which the F-box protein, MET30, forms the substrate recognition subunit. The complex is required for the ubiquitylation of the transcription factor MET4 (P32389), resulting in its deactivation, and destabilization of the cell cycle inhibitor MET32 (Q12041), thus enabling cell cycle progression. MET4 is the master regulator of genes governing the synthesis of sulfur-containing amino acids, therefore SCF-MET30 coordinates cell cycle progression with biosynthetic pathways of sulfur-containing metabolites, such as methionine, cysteine, and S-adenosylmethionine. The complex may form a homodimer.
CPX-3250	SCF-Dia2 ubiquitin ligase complex	CDC34;CDC53;DIA2;HRT1;SKP1	SCF-Dia2 is a member of the SCF (Skp1-Cullin-F-box) E3 ubiquitin ligase family, in which the F-box protein, Dia2, forms the substrate recognition subunit. The complex may form a homodimer. SCF-Dia2 is involved in a number of cellular processes: it has been associated with replication stress response and is considered part of the replisome progression complex responsible for fork stability. CSF-Dia2 has also been linked to part of the intra-S phase DNA damage checkpoint. It is also involved in transcriptional silencing at telomeres and mating type loci, as well as regulating transcription by mediating assembly of the RSC complex. It is required for the degradation of Cdc6 in G1.
CPX-3253	SCF-Ylr352w ubiquitin ligase complex	CDC34;CDC53;HRT1;LUG1;SKP1	SCF-Ylr352w is a member of the SCF (Skp1-Cullin-F-box) E3 ubiquitin ligase family, in which the F-box protein, Lug1, forms the substrate recognition subunit. The cellular role of this complex is unknown. The complex may form a homodimer.
CPX-3254	SCF-Saf1 ubiquitin ligase complex	CDC34;CDC53;HRT1;SAF1;SKP1	SCF-Saf1 is a member of the SCF (Skp1-Cullin-F-box) E3 ubiquitin ligase family, in which the F-box protein, Saf1, forms the substrate recognition subunit. The complex is required for the ubiquitylation of Aah1 and several vacuolar/lysosomal enzymes. The complex may form a homodimer.
CPX-3255	SCF-Hrt3 ubiquitin ligase complex	CDC34;CDC53;HRT1;HRT3;SKP1	SCF-Hrt3 is a member of the SCF (Skp1-Cullin-F-box) E3 ubiquitin ligase family, in which the F-box protein, Hrt3, forms the substrate recognition subunit. The complex is involved in the cellular response to methylmercury. The complex may form a homodimer.
CPX-3265	Ribosome quality control complex	CDC48;NPL4;RKR1;RQC1;RQC2;UFD1	A 60S-ribosomal subunit-associated complex involved in ubiquitin proteasome mediated degradation of polypeptides whose translation is stalled on the ribosome. The abnormal stalled ribosome is recognized and ubiquitinated at one or more specific residues by the E3 ubiquitin ligase HEL2 (Q05580) . Ribosome ubiquitination induces subunit dissociation by the RQT complex (CPX-6643). Dissociation of the 40S subunits allows binding of 60S ribosome-nascent chains to RQC2, which recruits the LTN1 E3 ubiquitin ligase. LTN1 ubiquitinates the nascent polypeptide chains, targeting them for degradation. RQC2 attaches C-terminal alanyl/threonyl sequences to stalled polypeptides. The ATPase CDC48 and cofactors UFD1 and NPL4 unfold ubiquitinated polypeptides, then extracts the peptidyl-tRNA from the 60S, thereby recruiting it to the 26S proteasome for degradation.
CPX-3279	INAC inner membrane assembly complex	INA17;INA22	Inner membrane assembly complex (INAC) promotes the biogenesis of mitochondrial F1Fo-ATP synthase by facilitating assembly of the peripheral stalk. Loss of INAC function causes dissociation of the F1-domain from the membrane-integral Fo-portion.
CPX-3281	Mitochondrial proton-transporting ATP synthase complex	ATP1;ATP14;ATP15;ATP16;ATP17;ATP18;ATP19;ATP2;ATP20;ATP3;ATP4;ATP5;ATP6;ATP7;ATP8;OLI1;TIM11	Acts to convert the energy of oxidation-reduction reactions of the electron transport chain (respiration) to the phosphorylation of ADP. The synthesis of ATP is coupled to the respiratory chain via the proton potential. The ATP synthase is a molecular motor composed of two separable parts: F1 and F0. The F1 portion contains the catalytic sites for ATP synthesis and protrudes into the mitochondrial matrix. F0 forms a proton turbine that is embedded in the inner membrane and connected to the rotor of F1. The flux of protons flowing down a potential gradient powers the rotation of the rotor driving the synthesis of ATP. Thus, the flow of protons though F0 is coupled to the synthesis of ATP.
CPX-3284	Ribonuclease MRP complex	POP1;POP3;POP4;POP5;POP6;POP7;POP8;RMP1;RPP1;SNM1	Site-specific endonuclease, closely related to RNAse P complex (CPX-1873). Most protein subunits are common between the two complexes, only SNM1 and RNP1 are unique to MRP, as well as the RNA component NME1. RNAse MRP is involved in rRNA processing in the nucleolus, but during exit from mitosis it also localizes to specialized cytoplasmic P bodies and participates in cleaving CLB2 mRNA. The RNA subunit NME1 is a catalytically active ribozyme that is capable of both recognizing and cleaving substrates, Despite its name (Mitochondrial RNA Processing) the nucleolar complex is not involved in processing mitochondrial RNA.
CPX-3294	PAN2-PAN3 mRNA deadenylation complex	PAN2;PAN3	A poly(A)-specific 3' exoribonuclease required to regulate Poly(A) tails added to mRNA co-transcriptionally and which are required for the export of mature mRNAs to the cytoplasm The complex is responsible for the poly(A) trimming of the tail length to a transcript specific size which regulates translation repression and mRNA decay.The complex is non-essential, but its deletion results in increased poly(A)-tail length.
CPX-3297	FUN30 complex	FUN30	Important roles in heterochromatin silencing and DNA repair. Remodels chromatin at the 5-prime end of genes by sliding promoter-proximal nucleosomes.
CPX-3298	Telomerase holoenzyme complex	EST1;EST2;EST3	Telomerase is a ribonucleoprotein complex that is essential for maintenance of telomeres. It is a reverse transcriptase that elongates the single-stranded G-rich 3' protruding ends of chromosomal DNA using TLC1 RNA as a template. Est1 and TLC1 are sufficient for telomerase activity in vitro, but in vivo all 4 subunits are required. Although telomerase activity can be detected throughout the cell cycle, telomeres are only elongated in late S-phase. Telomerase is known to interact with other complexes, including CDC13 complex (via EST1), Yku70/80 complex (CPX-1732) (via TLC1) and Sm heteroheptameric complex (via TLC1).
