区分	上流	下流	種類	採用した作用	内容
文献の遺伝子名	TPK2	FLO8	phosphorylation		SGD で特定できない名前 FLO8（標準名に直す）: verified_round24.csv
文献の遺伝子名	ZIP3	SMT3	sumoylation		SGD で特定できない名前 ZIP3（標準名に直す）: verified_round25.csv
文献の遺伝子名	SDC25	RAS2	activation		SGD で特定できない名前 SDC25（標準名に直す）: verified_round30.csv
文献で誤りと確認	PHO85	POL2	転写制御以外	取り込まない	本文: Pho85 は RNA ポリメラーゼ II の CTD の Thr4 と Ser2・Ser5 を試験管内でリン酸化する。POL2 への言及はない（30598543）（PMID: 30598543）
文献で誤りと確認	PHO85	PCL7	転写制御以外	取り込まない	要旨: Pcl7 は Pho85 と働くキナーゼ複合体を作り、その活性はリン酸の飢餓で抑えられる。リン酸による調節は Pho81 に依存する（11069666）（PMID: 11069666）
文献で誤りと確認	MOB1	DBF2	転写制御以外	取り込まない	要旨: Cdc15 は Mob1 に結合した Dbf2 だけを活性化する（11404483）。Cdk1 は Mob1 をリン酸化して Dbf2-Mob1 の活性を阻む（20123997）（PMID: 11404483, 20123997）
文献で誤りと確認	YCK2	POL2	転写制御以外	取り込まない	本文: Hrr25・Yck2・Yck3・Cmk1・Cmk2・Pho85・Rim11・Ssk2・Sln1 は RNA ポリメラーゼ II の最大サブユニット（Rpb1 = RPO21）の CTD の Thr4 をリン酸化する新しいキナーゼ（試験管内のキナーゼアッセイ）（30598543）（PMID: 30598543）
文献で誤りと確認	YCK3	POL2	転写制御以外	取り込まない	本文: Hrr25・Yck2・Yck3・Cmk1・Cmk2・Pho85・Rim11・Ssk2・Sln1 は RNA ポリメラーゼ II の最大サブユニット（Rpb1 = RPO21）の CTD の Thr4 をリン酸化する新しいキナーゼ（試験管内のキナーゼアッセイ）（30598543）（PMID: 30598543）
文献で誤りと確認	CMK1	POL2	転写制御以外	取り込まない	本文: Hrr25・Yck2・Yck3・Cmk1・Cmk2・Pho85・Rim11・Ssk2・Sln1 は RNA ポリメラーゼ II の最大サブユニット（Rpb1 = RPO21）の CTD の Thr4 をリン酸化する新しいキナーゼ（試験管内のキナーゼアッセイ）（30598543）（PMID: 30598543）
文献で誤りと確認	CMK2	POL2	転写制御以外	取り込まない	本文: Hrr25・Yck2・Yck3・Cmk1・Cmk2・Pho85・Rim11・Ssk2・Sln1 は RNA ポリメラーゼ II の最大サブユニット（Rpb1 = RPO21）の CTD の Thr4 をリン酸化する新しいキナーゼ（試験管内のキナーゼアッセイ）（30598543）（PMID: 30598543）
文献で誤りと確認	PIB2	SCH9	転写制御	取り込まない	BioGRID の記録の論文（Caligaris 2023）の要旨では、Sch9 と Pib2 をリン酸化するのは Snf1（SNF1 ⊣ SCH9・SNF1 ⊣ PIB2 は記録済み）。Pib2 はキナーゼではない（PMID: 36749016）
文献で誤りと確認	PIB2	SCH9	転写制御以外	取り込まない	BioGRID の記録の論文（Caligaris 2023）の要旨では、Sch9 と Pib2 をリン酸化するのは Snf1（SNF1 ⊣ SCH9・SNF1 ⊣ PIB2 は記録済み）。Pib2 はキナーゼではない（PMID: 36749016）
文献で誤りと確認	PHO85	PHO80	転写制御	取り込まない	Pho85-Pho80 複合体の中の関係（Pho80 の S234 のリン酸化は複合体の活性に要る）。同じまとまりの中の矢印は取り込まない（verified_round6 と同じ扱い）（PMID: 15057567）
文献で誤りと確認	PHO85	PHO80	転写制御以外	取り込まない	Pho85-Pho80 複合体の中の関係（Pho80 の S234 のリン酸化は複合体の活性に要る）。同じまとまりの中の矢印は取り込まない（verified_round6 と同じ扱い）（PMID: 15057567）
文献で誤りと確認	UBC7	HRD1	転写制御	取り込まない	BioGRID が挙げる 14593114 はヒトの HRD1 の論文（E2 から E3 へのユビキチンの受け渡し）。出芽酵母の関係ではない（PMID: 14593114）
文献で誤りと確認	UBC7	HRD1	転写制御以外	取り込まない	BioGRID が挙げる 14593114 はヒトの HRD1 の論文（E2 から E3 へのユビキチンの受け渡し）。出芽酵母の関係ではない（PMID: 14593114）
文献で誤りと確認	TPK1	HXK2	転写制御	取り込まない	要旨（8286332）: Hxk2 の S15 は PKA の配列で試験管内では PKA がリン酸化するが、生体内でリン酸化するのは PKA ではないとされる。生体内のキナーゼは Snf1（23066030。SNF1 ⊣ HXK2 は記録済み）（PMID: 8286332, 23066030）
文献で誤りと確認	TPK1	HXK2	転写制御以外	取り込まない	要旨（8286332）: Hxk2 の S15 は PKA の配列で試験管内では PKA がリン酸化するが、生体内でリン酸化するのは PKA ではないとされる。生体内のキナーゼは Snf1（23066030。SNF1 ⊣ HXK2 は記録済み）（PMID: 8286332, 23066030）
文献で誤りと確認	PKC1	TOR1	転写制御	取り込まない	要旨は、ラパマイシン耐性の変異が「PKC のリン酸化部位になりうる配列」を変えるというだけで、Pkc1 がリン酸化した実験はない（PMID: 8186460）
文献で誤りと確認	PKC1	TOR1	転写制御以外	取り込まない	要旨は、ラパマイシン耐性の変異が「PKC のリン酸化部位になりうる配列」を変えるというだけで、Pkc1 がリン酸化した実験はない（PMID: 8186460）
文献で誤りと確認	PKC1	TOR2	転写制御	取り込まない	要旨は、ラパマイシン耐性の変異が「PKC のリン酸化部位になりうる配列」を変えるというだけで、Pkc1 がリン酸化した実験はない（PMID: 8186460）
文献で誤りと確認	PKC1	TOR2	転写制御以外	取り込まない	要旨は、ラパマイシン耐性の変異が「PKC のリン酸化部位になりうる配列」を変えるというだけで、Pkc1 がリン酸化した実験はない（PMID: 8186460）
文献で誤りと確認	TOR2	ATG13	転写制御	取り込まない	TORC1 による Atg13 のリン酸化（TOR1 ⊣ ATG13 で記録済み）。TOR2 → SCH9・TOR2 → TAP42 と同じく、TOR2 の関係として TORC2 の働きに数えないため取り込まない（PMID: 15665377）
文献で誤りと確認	TOR2	ATG13	転写制御以外	取り込まない	TORC1 による Atg13 のリン酸化（TOR1 ⊣ ATG13 で記録済み）。TOR2 → SCH9・TOR2 → TAP42 と同じく、TOR2 の関係として TORC2 の働きに数えないため取り込まない（PMID: 15665377）
文献で誤りと確認	FPK1	YPK1	転写制御以外	取り込まない	要旨（19966303）: リン酸化するのは Ypk1 の方で、Ypk1 は Fpk1 をリン酸化して働きを下げる（YPK1 ⊣ FPK1）。28069741・29895620 の要旨も Ypk1 が Fpk1 を抑えるとする。Fpk1 が Ypk1 をリン酸化するという記述はない（PMID: 19966303）
文献で誤りと確認	GCN2	YGR054W	転写制御以外	取り込まない	要旨（24391917・21849502）: Gcn2 がリン酸化するのは eIF2α（SUI2）で、YGR054W（eIF2A）ではない。BioGRID の注記も eIF2a のリン酸化を指しており、別の遺伝子 eIF2A に付けられている。39163341 も Gcn2 の HisRS ドメインの構造の論文で eIF2A は出てこない（PMID: 24391917, 21849502）
文献で誤りと確認	ATG1	HSC82	転写制御	取り込まない	論文の酵母の実験は Hsp82（yHsp90、S25 のリン酸化部位変異）で、Hsc82 は対照として使われているだけ。Atg1 が Hsp82 をリン酸化して ATPase 活性を抑える（ATG1 ⊣ HSP82 として別に検討できる）（PMID: 37453059）
文献で誤りと確認	ATG1	HSC82	転写制御以外	取り込まない	論文の酵母の実験は Hsp82（yHsp90、S25 のリン酸化部位変異）で、Hsc82 は対照として使われているだけ。Atg1 が Hsp82 をリン酸化して ATPase 活性を抑える（ATG1 ⊣ HSP82 として別に検討できる）（PMID: 37453059）
文献で誤りと確認	ATG1	PAB1	転写制御	取り込まない	論文（37659076、本文）は精製した Pab1 が細胞抽出液中の Atg1 を試験管内で活性化することを示しており、Atg1 が Pab1 をリン酸化して働きを変える実験はない（PMID: 37659076）
文献で誤りと確認	ATG1	PAB1	転写制御以外	取り込まない	論文（37659076、本文）は精製した Pab1 が細胞抽出液中の Atg1 を試験管内で活性化することを示しており、Atg1 が Pab1 をリン酸化して働きを変える実験はない（PMID: 37659076）
文献で誤りと確認	ATG1	RIM4	転写制御	取り込まない	要旨（37659076）: 精製した Rim4 とその RRM を含む変異体が減数分裂期の細胞抽出液と免疫沈降した Atg1 複合体で Atg1 を活性化する（Rim4 → Atg1）。Atg1 による Rim4 のリン酸化の働きは示されていない。Rim4 は自食作用で分解される（PMID: 37659076）
文献で誤りと確認	ATG1	RIM4	転写制御以外	取り込まない	要旨（37659076）: 精製した Rim4 とその RRM を含む変異体が減数分裂期の細胞抽出液と免疫沈降した Atg1 複合体で Atg1 を活性化する（Rim4 → Atg1）。Atg1 による Rim4 のリン酸化の働きは示されていない。Rim4 は自食作用で分解される（PMID: 37659076）
文献で誤りと確認	BUD32	SCH9	転写制御	取り込まない	要旨（19021767）: Bud32 の S258 をリン酸化するのは Sch9 で、逆ではない。このリン酸化は Bud32 の触媒活性は変えないが Grx4 との結合とリン酸化を高める（SCH9 → BUD32 の活性化として別に検討できる）（PMID: 19021767）
文献で誤りと確認	BUD32	SCH9	転写制御以外	取り込まない	要旨（19021767）: Bud32 の S258 をリン酸化するのは Sch9 で、逆ではない。このリン酸化は Bud32 の触媒活性は変えないが Grx4 との結合とリン酸化を高める（SCH9 → BUD32 の活性化として別に検討できる）（PMID: 19021767）
文献で誤りと確認	RSP5	SIC1	転写制御以外	取り込まない	要旨（16338358）: PY モチーフを Sic1 に入れて Rsp5 でユビキチン化させる、プロテアソーム実験用の基質の作り方。天然の Sic1 は Rsp5 の基質ではない。19153599 も Rsp5 の K63 鎖とプロテアソームの論文で、要旨に Sic1 は出てこない。21076411 は Ubr1-Ufd4 の論文（PMID: 16338358, 19153599）
文献で誤りと確認	PTP2	CDC28	転写制御以外	取り込まない	要旨（10580002）: Cdc28 の活性化リン酸（CAK による）を外すのは 2C 型ホスファターゼ Ptc2・Ptc3 で、チロシンホスファターゼ Ptp2・Ptp3 は出てこない。PTC2 ⊣ CDC28 として別に検討できる（PMID: 10580002）
文献で誤りと確認	PTP3	CDC28	転写制御以外	取り込まない	要旨（10580002）: Cdc28 の活性化リン酸（CAK による）を外すのは 2C 型ホスファターゼ Ptc2・Ptc3 で、チロシンホスファターゼ Ptp2・Ptp3 は出てこない。PTC3 ⊣ CDC28 として別に検討できる（PMID: 10580002）
文献で誤りと確認	CDC14	CSA1	転写制御	取り込まない	BioGRID の 35142288 は Cdc6 の脱リン酸化の論文（PP2A-Cdc55・Cdc14・Sic1 による Cdc6 の調節）。PMC の本文では Csa1 は Cdc14 の特異性を示す試験管内の陽性対照の基質として使われただけで、Csa1 の働きは調べていない（PMID: 35142288）
文献で誤りと確認	CDC14	CSA1	転写制御以外	取り込まない	BioGRID の 35142288 は Cdc6 の脱リン酸化の論文（PP2A-Cdc55・Cdc14・Sic1 による Cdc6 の調節）。PMC の本文では Csa1 は Cdc14 の特異性を示す試験管内の陽性対照の基質として使われただけで、Csa1 の働きは調べていない（PMID: 35142288）
文献で誤りと確認	CDC5	CDC16	転写制御	取り込まない	要旨（10871279）: cdc5 変異体は体内の APC のリン酸化に影響するが、Cdc5 による Cdc16・Cdc27 の試験管内のリン酸化は体内のリン酸化部位では起こらない。APC を活性化するリン酸化は Cdc28 によるもの（CDC28 の関係として扱う）（PMID: 10871279）
文献で誤りと確認	CDC5	CDC16	転写制御以外	取り込まない	要旨（10871279）: cdc5 変異体は体内の APC のリン酸化に影響するが、Cdc5 による Cdc16・Cdc27 の試験管内のリン酸化は体内のリン酸化部位では起こらない。APC を活性化するリン酸化は Cdc28 によるもの（CDC28 の関係として扱う）（PMID: 10871279）
文献で誤りと確認	CDC5	CDC27	転写制御	取り込まない	要旨（10871279）: cdc5 変異体は体内の APC のリン酸化に影響するが、Cdc5 による Cdc16・Cdc27 の試験管内のリン酸化は体内のリン酸化部位では起こらない。APC を活性化するリン酸化は Cdc28 によるもの（CDC28 の関係として扱う）（PMID: 10871279）
文献で誤りと確認	CDC5	CDC27	転写制御以外	取り込まない	要旨（10871279）: cdc5 変異体は体内の APC のリン酸化に影響するが、Cdc5 による Cdc16・Cdc27 の試験管内のリン酸化は体内のリン酸化部位では起こらない。APC を活性化するリン酸化は Cdc28 によるもの（CDC28 の関係として扱う）（PMID: 10871279）
文献で誤りと確認	HOG1	CDC14	転写制御以外	取り込まない	本文（32265285）: 大腸菌から精製した Hog1 は試験管内で Cdc14 をリン酸化しなかった。Hog1 がリン酸化するのは Net1 で、Net1 を介して Cdc14 の放出を遅らせる（HOG1 → NET1 として扱う）（PMID: 32265285）
文献で誤りと確認	CLB2	FIN1	転写制御以外	取り込まない	要旨（17173039）: S 期から中期に Fin1 をリン酸化して紡錘体への結合を抑えるのは Clb5-Cdk1 で、Clb5-Cdk1 が不活性化される後期に Cdc14 が脱リン酸化する。BioGRID の 22078879 は脱リン酸化の順序のモデルの論文で、要旨に Fin1 は出てこない（PMID: 22078879, 17173039）
文献で誤りと確認	SWE1	CLB2	転写制御以外	取り込まない	本文（31101497）: Swe1 が M-CDK に結合してリン酸化するのは Cdk1（Cdc28）の Y19 で、Clb2 ではない。Clb2 の LxF ドッキングと Cks1 が Swe1 と M-CDK の相互の抑制を仲立ちする。SWE1 ⊣ CDC28 は記録済み（PMID: 31101497）
文献で誤りと確認	PPH22	DNA2	転写制御以外	取り込まない	要旨・本文（35977012）: Dna2 の N 末端 1-100 を GFP につないだ合成センサーの研究。PP2A-Cdc55 は試験管内でこの断片の S17T 変異型を好んで脱リン酸化し、本来の S17 は主に Cdc14 が脱リン酸化する。Dna2 そのものの働きへの作用は示されていない（PMID: 35977012）
文献で誤りと確認	CDC7	DBF4	転写制御	取り込まない	Dbf4 は Cdc7 の調節サブユニットで、Cdc7-Dbf4（DDK）の中の関係。10508166 では精製した Cdc7-Dbf4 で両方のサブユニットが自己リン酸化されると述べるだけで、働きへの作用は書かれていない。8943332 は Dbf4 が Cdc5 を複製起点に呼ぶという論文。同じまとまりの中の矢印は取り込まない（PMID: 8943332, 10508166）
文献で誤りと確認	CDC7	DBF4	転写制御以外	取り込まない	Dbf4 は Cdc7 の調節サブユニットで、Cdc7-Dbf4（DDK）の中の関係。10508166 では精製した Cdc7-Dbf4 で両方のサブユニットが自己リン酸化されると述べるだけで、働きへの作用は書かれていない。8943332 は Dbf4 が Cdc5 を複製起点に呼ぶという論文。同じまとまりの中の矢印は取り込まない（PMID: 8943332, 10508166）
文献で誤りと確認	ELM1	BFA1	転写制御以外	取り込まない	要旨: Elm1 は Kin4 の活性化ループの保存残基をリン酸化して Kin4 を活性化し、SPOC に必要（20855503）。Elm1 が Bfa1 を直接リン酸化するという記述はなく、本文の Bfa1 のリン酸化の変化は Kin4 を介した間接的なもの。PubMed で Elm1 と Bfa1 を検索しても他の論文はない。基質の取り違えとして却下（PMID: 20855503）
文献で誤りと確認	ATG3	ATG5	転写制御以外	取り込まない	要旨: 試験管内の Atg8 結合系で、Atg12-Atg5 結合体（単独の Atg12 や Atg5 ではない）が Atg3 の活性を高めて Atg8 を Atg3 から PE へ移す反応を促し、E3 様の酵素として働く（17986448）。働きかけるのは Atg5（Atg12-Atg5）から Atg3 で、Atg3 が Atg5 に作用するという記録は逆向き（PMID: 17986448）
文献で誤りと確認	HRR25	MIH1	転写制御以外	取り込まない	要旨: Mih1（Cdc25）は細胞周期の初めに過剰リン酸化され、分裂期に入るとき PP2A-Cdc55 で脱リン酸化される。過剰リン酸化の大部分はカゼインキナーゼ 1 による（18316413）。本文ではそれが Yck1/2 で、Hrr25 は試験管内で Mih1 を過剰リン酸化できず、hrr25 温度感受性変異でも Mih1 のリン酸化は変わらない。Hrr25 の記録は取り違えとして却下（PMID: 18316413）
文献で誤りと確認	SIR3	HHF1	転写制御以外	取り込まない	要旨: Sir4 の N 末端は HM 座の抑制に通常は不要だが、Sir4C は Sir2・Sir3 と複合体を作り触媒活性をもつ（22654676）。本文の脱アセチル化は SIR 複合体による試験管内の反応で、脱アセチル化酵素は Sir2。Sir3 は触媒サブユニットではなく、Sir2 が作る脱アセチル化ヒストンに結合する側なので却下（PMID: 22654676）
文献で誤りと確認	SIR3	HHF2	転写制御以外	取り込まない	要旨: Sir4 の N 末端は HM 座の抑制に通常は不要だが、Sir4C は Sir2・Sir3 と複合体を作り触媒活性をもつ（22654676）。本文の脱アセチル化は SIR 複合体による試験管内の反応で、脱アセチル化酵素は Sir2。Sir3 は触媒サブユニットではなく、Sir2 が作る脱アセチル化ヒストンに結合する側なので却下（PMID: 22654676）
文献で誤りと確認	CDC28	POL2	転写制御以外	取り込まない	要旨: RNA ポリメラーゼ II の最大サブユニットの CTD の Thr4 をリン酸化するキナーゼを新たに 10 種見つけ、Hrr25 が snoRNA 遺伝子の転写終結に働く（30598543）。基質は RNA Pol II（Rpo21）の CTD で、DNA ポリメラーゼ ε の Pol2 ではない。BioGRID の「Pol II」の対応づけの誤りとみて棄却（PMID: 30598543）
文献で誤りと確認	DMA1	DMA2	転写制御以外	取り込まない	要旨: Dma1（Chf1）・Dma2（Chf2）は E3 で、Ubc4 に依存する自己ユビキチン化が自身の分解を起こす。cis と trans のユビキチン化は精製系で再構成したもの（18202552）（PMID: 18202552）
文献で誤りと確認	DMA2	DMA1	転写制御以外	取り込まない	要旨: Dma1（Chf1）・Dma2（Chf2）は E3 で、Ubc4 に依存する自己ユビキチン化が自身の分解を起こす。cis と trans のユビキチン化は精製系で再構成したもの（18202552）（PMID: 18202552）
文献で誤りと確認	HRD1	PDR5	転写制御以外	取り込まない	要旨: Hrd1 の膜貫通部位は ERAD-M の基質の選別に特異性をもつ。本文で分解・ユビキチン化を調べた Pdr5 は、ミスフォールドさせた変異体 Pdr5* を ERAD のモデル基質として使ったもので、正常な Pdr5 の制御ではない（19394298）（PMID: 19394298）
文献で誤りと確認	RTT109	VPS75	転写制御以外	取り込まない	要旨: Rtt109 は酵母から Vps75 との複合体として精製され、Vps75 は体内で Rtt109 を安定化する。Rtt109 の H3-K9 アセチル化活性は試験管内で Vps75 により強く高まる（18458063）。Rtt109 が Vps75 に作用するという記述はない（PMID: 18458063）
文献で誤りと確認	NPR1	RPS24A	転写制御以外	取り込まない	要旨: CNBr で切った酵母抽出液のペプチドを組換え Npr1 で試験管内でリン酸化し、リボソームタンパク質 Rpl24a がよい基質だと分かった。Npr1 のコンセンサス配列 (K/R)-X-X-S-(K/R) を示した（19780626）（PMID: 19780626）
文献で誤りと確認	CDC3	SMT3	転写制御以外	取り込まない	要旨: SUMO は分裂期にセプチン Cdc3・Cdc11・Shs1 に付き、後期の直前に現れ細胞質分裂で消える。付加部位の変異でセプチンリングの分解に欠陥が出る（10579719）。Cdc3 は SUMO の基質で、Cdc3 → Smt3 の関係として誤り（PMID: 10579719）
文献で誤りと確認	CKA1	PSH1	転写制御以外	取り込まない	要旨: Psh1 をリン酸化するのは CK2 の Cka2 サブユニットで、本文では cka1Δ では Psh1 の泳動は野生型と同じ、cka2Δ でリン酸化が失われる（25183013）。CKA1 → PSH1 は誤り。CKA2 → PSH1 は別の行（PMID: 25183013）
文献で誤りと確認	CKA2	NRG1	転写制御以外	取り込まない	要旨: ストレスでの Nrg1 のリン酸化は cka1Δ で失われ、cka2Δ では失われない。Nrg1 のリン酸化には Cka1 が特異的に必要（16607517）。CKA2 → NRG1 は誤り。CKA1 → NRG1 のリン酸化の働きの向きは書かれていない（PMID: 16607517）
文献で誤りと確認	CUE1	HRD1	転写制御以外	取り込まない	要旨: Hrd1 のユビキチン化は Hrd1 自身の自己ユビキチン化で、反応液の Cue1 は E2（Ubc7）の補助因子。CUE1 が HRD1 をユビキチン化するのではない（37066402）（PMID: 37066402）
文献で誤りと確認	DOT1	HHF1	転写制御以外	取り込まない	要旨: Dot1 は H3K79 のメチル化酵素。H4 のアセチル化（K16）が Dot1 をアロステリックに活性化し、H2B のユビキチン化と協調して H3K79 のジ・トリメチル化を支える（33479126）。H4 は Dot1 の基質ではなく活性化因子（別の関係として side に記録）（PMID: 33479126）
文献で誤りと確認	GAL83	PFK27	転写制御以外	取り込まない	要旨: SCF-Grr1 はグルコース除去に応じて Pfk27 と Tye7 を標的にする。Pfk27 は Snf1 にリン酸化され、リン酸化されない Pfk27 は安定（17828247）。要旨に Gal83 は出てこない（PMID: 17828247）
文献で誤りと確認	GCN5	SGF73	転写制御以外	取り込まない	要旨: アセチル CoA が増える時期に Gcn5/SAGA が成長遺伝子のヒストンをアセチル化する。本文では SAGA の中の Spt7・Ada3・Sgf73 が Gcn5 依存にアセチル化されるが、Sgf73 の働きがどう変わるかは書かれていない（21596309）（PMID: 21596309）
文献で誤りと確認	GID10	MDH2	転写制御以外	取り込まない	要旨: Gid10 はストレスで誘導される GID の別の基質受容体で、Art2 をユビキチン化させる。本文では GID-Gid10 は Mdh2 を試験管内で弱くしかユビキチン化せず（この論文では Gid4 型だけがユビキチン化した）、体内で Gid4 の代わりに Mdh2 を分解させることはできない（35437932）（PMID: 35437932）
文献で誤りと確認	DOA4	LDB19	転写制御以外	取り込まない	要旨: ユビキチンの Ser57 のリン酸化がユビキチンの恒常性とエンドサイトーシスを調節する。本文では、試験管内でユビキチン化した Art1 を Doa4 の脱ユビキチン化活性を測るモデル基質に使った（29130884）（PMID: 29130884）
文献で誤りと確認	BET2	MRS6	転写制御以外	取り込まない	要旨: Mrs6 は酵母の構成要素 A（Rab を触媒の Bet2/Mad2 に運ぶ）で、組換え Mrs6 を Bet2・Mad2 に加えると GGTase-II の活性が戻る。Mrs6 は Ypt1・Sec4 の膜への結合に要る。Mrs6 がプレニル化されるとは書かれていない（8183917）（PMID: 8183917）
文献で誤りと確認	MRS6	BET2	転写制御以外	取り込まない	要旨: Mrs6（構成要素 A）を Bet2（β）と Mad2（α）に加えると GGTase-II の活性が戻る。プレニル化されるのは Ypt1・Sec4 で、Bet2 ではない（8183917）（PMID: 8183917）
文献で誤りと確認	RIM11	POL32	転写制御以外	取り込まない	要旨: Pol32 の RPA 結合モジュールの T256・T257 のリン酸化は Rfa1 への親和性を上げ、リン酸化を模した置換は BIR を高める（41951601）。本文: 捕捉した Cdc7・Cdc5・CKII は Trx-RBM をリン酸化したが、Cdc28 と Rim11 はしなかった（PMID: 41951601）
文献で誤りと確認	SEC4	MSB3	転写制御以外	取り込まない	要旨: Msb3/Gyp3 は Vps21 に特異的な GAP で Ypt7 にも働く（22593206）。Msb3/Gyp3 は試験管内で Sec4・Ypt6・Ypt51・Ypt31/32・Ypt1 の強力な GAP（10559187）。Sec4 が Msb3 に作用するという記述はない（PMID: 22593206, 10559187）
文献で誤りと確認	VPS21	MSB3	転写制御以外	取り込まない	要旨: Msb3/Gyp3 は Vps21 に特異的な GAP で、msb3 を欠くと Vps21 とエフェクターの Vps8 が液胞膜にたまる（22593206）。Vps21 が Msb3 に作用するという記述はない（PMID: 22593206）
文献で誤りと確認	BET2	MAD2	転写制御以外	取り込まない	要旨: 酵母の GGTase-II の触媒サブユニット Bet2p（β）と Mad2p（α）に Mrs6p を加えると試験管内で GGTase-II 活性が再構成され、Mrs6p が component A だと分かった。Bet2p と Mad2p の変異は Ypt1p・Sec4p の膜への結合を妨げる（8183917）。Bet2 が Mad2 をプレニル化して働きを変えるという記述はない（PMID: 8183917）
文献で誤りと確認	ERF2	VAC8	転写制御以外	取り込まない	要旨: Vac8 は体内・試験管内で DHHC タンパク質 Pfa3 にパルミトイル化される。Vac8 の SH4 ドメインだけにすると、全長に見られる特異性が失われ、試験した 5 つの酵母 DHHC タンパク質すべてにパルミトイル化された（19416974）。Erf2 が全長の Vac8 に作用するという記述はない（PMID: 19416974）
文献で誤りと確認	GLN1	HYR1	転写制御以外	取り込まない	要旨: Gpx3（HYR1）はグルタミン合成酵素（GS＝Gln1）と酸化還元の状態によらず体内・試験管内で結合し、酸化ストレスによる GS の不活性化と分解を活性に依らずに防ぐ。Gpx3 が GS を非酵素的な分解から守ると提案している（17707771）（PMID: 17707771）
文献で誤りと確認	GPA1	GET3	転写制御以外	取り込まない	要旨: 受容体でない GEF として Arr4（GET3）を見つけた。Arr4 は G タンパク質に直接結合し、グアニンヌクレオチドの交換を速め、α サブユニットのヌクレオチドが外れた状態を安定にする。Arr4 は MAPK のリン酸化・遺伝子の転写・接合など G タンパク質に依存する応答を高める（18261907）。Gpa1 が Arr4 に作用するという記述はない（PMID: 18261907）
文献で誤りと確認	HRR25	POL2	転写制御以外	取り込まない	要旨: 論文は RNA ポリメラーゼ II の最大サブユニット（RPO21）の CTD の Thr4 をリン酸化するキナーゼ（Hrr25 など）を扱う。POL2 は DNA ポリメラーゼ ε の触媒サブユニットで別の遺伝子。CTD の Thr4 のリン酸化の作用の向きも書かれていない（30598543）（PMID: 30598543）
文献で誤りと確認	KNS1	HSF1	転写制御以外	取り込まない	要旨: PKA に負に制御される Yak1 がグルコース枯渇時に Hsf1 と Msn2 をリン酸化して活性化し、Yak1 は試験管内で Hsf1 を直接リン酸化して DNA 結合活性を高める（18793336）。要旨に Kns1 は出てこない（PMC 本文なし）（PMID: 18793336）
文献で誤りと確認	LAS17	ACT1	転写制御以外	取り込まない	要旨: Las17 は酵母で最も強い Arp2/3 の活性化因子で、Sla1 と安定な複合体を作り、Sla1 が単量体アクチンと競合して Las17 の活性を抑える（22973053）。本文では、Las17-P8-12 断片を単量体アクチンより過剰に加えると単量体の結合・隔離で重合が強く抑えられるとあり、BioGRID の「Las17 はアクチンの重合を抑える」はこの人工的な条件の記録（PMID: 22973053）
文献で誤りと確認	MAD2	BET2	転写制御以外	取り込まない	要旨: GGTase-II の触媒サブユニット Bet2p/Mad2p の変異は Ypt1p と Sec4p の膜への結合を壊す。Mrs6 を Bet2（β）と Mad2（α）に加えると GGTase-II 活性が再構成される（8183917）。8756702 では α サブユニットの遺伝子は BET4 と書かれている（PMID: 8183917）
文献で誤りと確認	MAD2	MRS6	転写制御以外	取り込まない	要旨: GGTase-II の触媒サブユニット Bet2p/Mad2p の変異は Ypt1p と Sec4p の膜への結合を壊す。Mrs6 を Bet2（β）と Mad2（α）に加えると GGTase-II 活性が再構成される（8183917）。8756702 では α サブユニットの遺伝子は BET4 と書かれている（PMID: 8183917）
文献で誤りと確認	MAD2	YPT1	転写制御以外	取り込まない	要旨: GGTase-II の触媒サブユニット Bet2p/Mad2p の変異は Ypt1p と Sec4p の膜への結合を壊す。Mrs6 を Bet2（β）と Mad2（α）に加えると GGTase-II 活性が再構成される（8183917）。8756702 では α サブユニットの遺伝子は BET4 と書かれている（PMID: 8183917）
文献で誤りと確認	MRS6	MAD2	転写制御以外	取り込まない	要旨: 組換えの Mrs6 を Bet2（β）と Mad2（α）に加えると GGTase-II 活性が試験管内で再構成され、Mrs6 は component A。Mrs6 は Ypt1・Sec4 の膜への結合に必要（8183917）（PMID: 8183917）
文献で誤りと確認	MEC1	RPA135	転写制御以外	取り込まない	要旨: Mec1 の免疫沈降物は試験管内で RPA1・RPA2 をリン酸化し、RPA1 の主な部位は S178。rfa1-S178A は RPA1 と Rad53 のリン酸化の速さを変えるが、ほかにはチェックポイントの応答に影響しない（14642562）（PMID: 14642562）
文献で誤りと確認	RAD53	DBP2	転写制御以外	取り込まない	要旨: 論文は Polε（Pol2・Dpb2・Dpb3・Dpb4）の Rad53 によるリン酸化を扱い、本文の「Pol2 and Dbp2 subunits」は Polε の Dpb2 のこと。RNA ヘリカーゼ Dbp2 の記述はない（33932350）（PMID: 33932350）
文献で誤りと確認	RIM11	POL2	転写制御以外	取り込まない	要旨: Pol II の最大サブユニットの CTD の Thr4 をリン酸化するキナーゼを探し、Rim11 を含む 10 の新しい Thr4 キナーゼを見つけた。標的は RNA ポリメラーゼ II（RPO21）で POL2 ではない（30598543）（PMID: 30598543）
文献で誤りと確認	SGV1	POL2	転写制御以外	取り込まない	要旨: Bur1 は CTD の Thr4 もリン酸化する。標的は RNA ポリメラーゼ II（RPO21）の CTD で POL2 ではない（30598543）。SGV1 → RPO21 は既に登録済み（PMID: 30598543）
文献で誤りと確認	RPS5	SNA4	転写制御以外	取り込まない	要旨: 合成したユビキチンで、E2・E3 がユビキチン鎖をつくるときのアクセプターのリシンの側鎖の役割を試験管内で調べた。Rsp5 の HECT 断片に Sna4 の PY 配列のペプチドを付けて使った（33288957）（PMID: 33288957）
文献で誤りと確認	RDS2	SNF1	転写制御以外	取り込まない	要旨: Rds2 は糖新生の遺伝子を活性化し、その負の調節因子を抑える転写因子。エタノールへ移すと Rds2 の活性化は Snf1 による高リン酸化と相関する（17875938）（PMID: 17875938）
文献で誤りと確認	RTT109	ASF1	転写制御以外	取り込まない	要旨: Rtt109 は H3 K56 と K9 のアセチル化酵素。体内で H3 K9 のアセチル化には Asf1 と Vps75 の両方、K56 には Asf1 だけが必要（18458063）（PMID: 18458063）
文献で誤りと確認	SEC4	GYP8	転写制御以外	取り込まない	要旨: Msb3/Gyp3 は Vps21 と Ypt7 の GAP。試験管内の GAP の網羅で Gyp8 は多くの Rab に強い活性を示した（22593206）（PMID: 22593206）
文献で誤りと確認	SEC4	MDR1	転写制御以外	取り込まない	要旨: 試験管内の GAP の網羅で、Gyp2（Mdr1）は Msb3 と同じくらい Sec4 に活性を示した（22593206）（PMID: 22593206）
文献で誤りと確認	SHS1	SMT3	転写制御以外	取り込まない	要旨: SUMO は分裂期にセプチン Cdc3・Cdc11・Shs1 に付き、後期の直前に現れ細胞質分裂で消える。付加部位の変異でセプチンリングの分解が損なわれる（10579719）（PMID: 10579719）
文献で誤りと確認	SLH1	RPS20	転写制御以外	取り込まない	要旨: 衝突したリボソームのポリユビキチン化は Hel2 による。Slh1 は RQT 複合体のヘリカーゼで、ユビキチン化されたリボソームを ATP 依存で解離させる（32203490）。Slh1 はユビキチンリガーゼではなく、ユビキチン化の酵素の取り違え（uS10 = Rps20 を修飾するのは HEL2）（PMID: 32203490）
文献で誤りと確認	SLN1	POL2	転写制御以外	取り込まない	要旨: RNA ポリメラーゼ II の最大サブユニットの CTD の Thr4 をリン酸化するキナーゼを試験管内で探し、Sln1 などが新たに見つかった（30598543）。基質は RNA Pol II の CTD（RPO21）で、POL2（DNA ポリメラーゼ ε）ではない。似た名前の遺伝子の取り違え。なお RPO21 への作用も試験管内のスクリーニングだけで向きは不明（PMID: 30598543）
文献で誤りと確認	SSK2	POL2	転写制御以外	取り込まない	要旨: RNA ポリメラーゼ II の最大サブユニットの CTD の Thr4 をリン酸化するキナーゼを試験管内で探し、Ssk2 などが新たに見つかった（30598543）。基質は RNA Pol II の CTD（RPO21）で、POL2（DNA ポリメラーゼ ε）ではない。似た名前の遺伝子の取り違え。なお RPO21 への作用も試験管内のスクリーニングだけで向きは不明（PMID: 30598543）
文献で誤りと確認	SSL1	RPO21	転写制御以外	取り込まない	要旨: TFIIH またはそのキナーゼ部分 TFIIK による Pol II の CTD の Ser5 のリン酸化で、Pol II とメディエーターの複合体が解離する（17376774、試験管内）。リン酸化するのは TFIIK（Kin28-Ccl1-Tfb3）で、Ssl1 は TFIIH のコアのサブユニットでキナーゼではない。酵素の取り違え（KIN28 → RPO21 は登録済み）（PMID: 17376774）
文献で誤りと確認	SSN3	SSN8	転写制御以外	取り込まない	要旨: 組換えの CKM（Med12・Med13・Cdk8・サイクリン C）で、Cdk8 はすべてのサブユニットをリン酸化する（主に Med13）。サイクリン C のリン酸化の働きは書かれていない（33933450）。サイクリン C の分解は Slt2 によるリン酸化と Not4 による（MOT2→SSN8 は記録済み）（PMID: 33933450）
文献で誤りと確認	SSN8	SLT2	転写制御以外	取り込まない	要旨: 細胞壁維持の MAPK の Slt2 がサイクリン C と結合し Ser-266 を直接リン酸化して、H2O2 での核から細胞質への移動と分解を促す（24554767）。SLT2→SSN8 は別の見つかった関係に書いた（PMID: 24554767）
文献で誤りと確認	KIN1	RIM21	転写制御以外	取り込まない	要旨: Kin1・Kin2 はエンドサイトーシスのタンパク質 Pal1 の相同タンパク質 Pal2 を直接リン酸化し、リン酸化できない Pal2 は pal1Δ pal2Δ の UPR の欠陥を補えない（34035143）。pH センサーの Rim21 ではない。KIN1→PAL2 は別の見つかった関係に書いた（PMID: 34035143）
文献で誤りと確認	KIN2	RIM21	転写制御以外	取り込まない	要旨: Kin1・Kin2 はエンドサイトーシスのタンパク質 Pal1 の相同タンパク質 Pal2 を直接リン酸化し、リン酸化できない Pal2 は pal1Δ pal2Δ の UPR の欠陥を補えない（34035143）。pH センサーの Rim21 ではない。KIN2→PAL2 は別の見つかった関係に書いた（PMID: 34035143）
文献で誤りと確認	SKY1	HRB1	転写制御以外	取り込まない	要旨: 試験管内のリン酸化で Hrb1 が Sky1 の基質の候補になったが、野生型と sky1Δ でのリン酸化と局在の解析で、Hrb1 は本当の Sky1 の基質ではないと示された（16530282）（PMID: 16530282）
文献で誤りと確認	SSN3	SRB8	転写制御以外	取り込まない	要旨: 組換えの CKM を使った試験管内の研究で、Cdk8 のキナーゼ活性は CKM と中心の Mediator との結合を弱める（33933450）。Srb8 は CKM 自身のサブユニットで、BioGRID の記録も「CKM の中のリン酸化（試験管内）」。複合体の中の自己リン酸化にあたり、信号の関係として取らない（PMID: 33933450）
文献で誤りと確認	STE23	COX4	転写制御以外	取り込まない	要旨: Ste23 はミトコンドリアのマトリックスのプロテアーゼで、MPP が切り離したプレ配列ペプチドの分解に要る（28228553）。本文の基質は Cox4 の 1–17 残基のプレ配列ペプチドで、Cox4 タンパク質の働きを変える関係ではない（PMID: 28228553）
文献で誤りと確認	TFG1	RPB2	転写制御以外	取り込まない	要旨: この論文は TFIIF が転写開始前複合体の中で Pol II のどこに付くかを調べたもの（20033062）。BioGRID の「TFIIF が切断する」は位置を調べるための人工的な切断（試験管内）を記録したもので、TFIIF が Pol II のサブユニットを分解して働きを変える関係ではない（PMID: 20033062）
文献で誤りと確認	TFG1	RPO21	転写制御以外	取り込まない	要旨: この論文は TFIIF が転写開始前複合体の中で Pol II のどこに付くかを調べたもの（20033062）。BioGRID の「TFIIF が切断する」は位置を調べるための人工的な切断（試験管内）を記録したもので、TFIIF が Pol II のサブユニットを分解して働きを変える関係ではない（PMID: 20033062）
文献で誤りと確認	TFG2	RPB2	転写制御以外	取り込まない	要旨: この論文は TFIIF が転写開始前複合体の中で Pol II のどこに付くかを調べたもの（20033062）。BioGRID の「TFIIF が切断する」は位置を調べるための人工的な切断（試験管内）を記録したもので、TFIIF が Pol II のサブユニットを分解して働きを変える関係ではない（PMID: 20033062）
文献で誤りと確認	TFG2	RPO21	転写制御以外	取り込まない	要旨: この論文は TFIIF が転写開始前複合体の中で Pol II のどこに付くかを調べたもの（20033062）。BioGRID の「TFIIF が切断する」は位置を調べるための人工的な切断（試験管内）を記録したもので、TFIIF が Pol II のサブユニットを分解して働きを変える関係ではない（PMID: 20033062）
文献で誤りと確認	TOR1	TCO89	転写制御以外	取り込まない	要旨: Tco89 は TORC1 のサブユニットで、TORC1 を活性型の Rag GTPase につなぐ。TORC1 は Tco89 をリン酸化して安定化し、TORC1 を止めると Tco89 はすぐ分解される（40359108）。BioGRID の論文 33157024 の要旨は TORC1 による Fab1 のリン酸化の話で、Tco89 のリン酸化の働きは書かれていない。複合体の中の自己リン酸化にあたるので取らない（PMID: 40359108, 33157024）
文献で誤りと確認	TPK1	CAT5	転写制御以外	取り込まない	要旨: Coq7（Cat5）は市販の PKA・PKC で試験管内に S20・S28・T32 がリン酸化され、リン酸化部位を A にすると CoQ6 が増え、負電荷にすると減る。ミトコンドリアの中のリン酸化を担うキナーゼは特定されていない（21812761）。Tpk1 がリン酸化するという根拠はない（PMID: 21812761）
文献で誤りと確認	UBC4	HRD1	転写制御	取り込まない	BioGRID が挙げる 14593114 はヒトの HRD1 の論文（E2 から E3 へのユビキチンの受け渡し）。出芽酵母の関係ではない（PMID: 14593114）
文献で誤りと確認	UBC4	HRD1	転写制御以外	取り込まない	BioGRID が挙げる 14593114 はヒトの HRD1 の論文（E2 から E3 へのユビキチンの受け渡し）。出芽酵母の関係ではない（PMID: 14593114）
文献で誤りと確認	TSA1	TRX1	転写制御	取り込まない	要旨: 19801666 はスルフィレドキシン（SRX1）の触媒機構の論文で、酸化型の Srx がチオレドキシンに還元される。ペルオキシレドキシン（Tsa1 など）は Srx が還元する過酸化された基質として出てくるだけで、Tsa1 → Trx1 の関係ではない（どちらにしても電子の受け渡しで信号の流れではない）（PMID: 19801666）
文献で誤りと確認	TSA1	TRX1	転写制御以外	取り込まない	要旨: 19801666 はスルフィレドキシン（SRX1）の触媒機構の論文で、酸化型の Srx がチオレドキシンに還元される。ペルオキシレドキシン（Tsa1 など）は Srx が還元する過酸化された基質として出てくるだけで、Tsa1 → Trx1 の関係ではない（どちらにしても電子の受け渡しで信号の流れではない）（PMID: 19801666）
文献で誤りと確認	UBP6	CLB2	転写制御	取り込まない	要旨: プロテアソームと Ubp6 の相互の調節の論文（35149681）。本文で使った基質は試験管内のモデル基質（ユビキチン化したサイクリン B の断片 Ub_n-NCB1）で、酵母の Clb2 の調節ではない（PMID: 35149681）
文献で誤りと確認	UBP6	CLB2	転写制御以外	取り込まない	要旨: プロテアソームと Ubp6 の相互の調節の論文（35149681）。本文で使った基質は試験管内のモデル基質（ユビキチン化したサイクリン B の断片 Ub_n-NCB1）で、酵母の Clb2 の調節ではない（PMID: 35149681）
文献で誤りと確認	UBR1	GND1	転写制御	取り込まない	要旨: Ubr1 と San1 は細胞質の折りたたみ異常タンパク質の品質管理の分解を担う（20080635）。BioGRID の注記によれば基質は切り詰めた Gnd1（折りたたみ異常のモデル）で、Gnd1 そのものの調節ではない（PMID: 20080635）
文献で誤りと確認	UBR1	GND1	転写制御以外	取り込まない	要旨: Ubr1 と San1 は細胞質の折りたたみ異常タンパク質の品質管理の分解を担う（20080635）。BioGRID の注記によれば基質は切り詰めた Gnd1（折りたたみ異常のモデル）で、Gnd1 そのものの調節ではない（PMID: 20080635）
文献で誤りと確認	UBR1	PHO8	転写制御	取り込まない	要旨: Roq1 が Ubr1 の基質の選び方を変える論文（39920309）。Pho8 は折りたたみ異常のモデル基質 Pho8*（と SHRED レポーター Rtn1Pho8*-GFP）として試験管内のユビキチン化に使われただけで、Pho8 そのものの調節ではない（PMID: 39920309）
文献で誤りと確認	UBR1	PHO8	転写制御以外	取り込まない	要旨: Roq1 が Ubr1 の基質の選び方を変える論文（39920309）。Pho8 は折りたたみ異常のモデル基質 Pho8*（と SHRED レポーター Rtn1Pho8*-GFP）として試験管内のユビキチン化に使われただけで、Pho8 そのものの調節ではない（PMID: 39920309）
文献で誤りと確認	YCK1	NUP53	転写制御以外	取り込まない	要旨: 119 のキナーゼを試験管内で調べ、Nup53 をリン酸化するのは Cdk1 とカゼインキナーゼ Hrr25 と特定され、Hrr25 は体内でも Nup53 をリン酸化し直接結合する（17461799）。Yck1 が Nup53 に働くとは書かれていない（PMID: 17461799）
文献で誤りと確認	YCK1	PTA1	転写制御以外	取り込まない	要旨: Glc7 を減らすとリン酸化された Pta1 が溜まり poly(A) 付加ができなくなる。Glc7 の阻害因子 Ypi1 か Cka1 キナーゼを加えると野生型の抽出液でも poly(A) 付加が止まる（16137619）。Yck1 は出てこない（PMID: 16137619）
文献で誤りと確認	YCK1	RPO21	転写制御以外	取り込まない	要旨: CTD キナーゼの候補 Kin28-Ccl1・CTDK1・Srb10-Srb11 はいずれも GST-CTD をリン酸化するが、体内でキャッピング酵素の標的化に必要なのは TFIIH の Kin28 だけ（10594013）。Yck1 は出てこない（PMID: 10594013）
文献で誤りと確認	YCK2	NUP53	転写制御以外	取り込まない	要旨: Nup53 をリン酸化するキナーゼとして特定されたのは Cdk1 とカゼインキナーゼ Hrr25（17461799）。Yck2 が Nup53 に働くとは書かれていない（PMID: 17461799）
文献で誤りと確認	YCK3	MIH1	転写制御以外	取り込まない	要旨: Mih1 の過剰リン酸化は Yck1・Yck2 に依存する。Yck3 は試験管内で Mih1 を一部リン酸化するが、yck3Δ は Mih1 のリン酸化に影響せず、yck2-2 yck1Δ に YCK3 の欠損を加えてもリン酸化はそれ以上減らない（18316413 の本文）（PMID: 18316413）
文献で誤りと確認	YCK3	NUP53	転写制御以外	取り込まない	要旨: Nup53 をリン酸化するキナーゼとして特定されたのは Cdk1 とカゼインキナーゼ Hrr25（17461799）。Yck3 が Nup53 に働くとは書かれていない（PMID: 17461799）
文献で誤りと確認	YPT52	MSB3	転写制御以外	取り込まない	要旨: Msb3/Gyp3 は Rab5 の Vps21 に特異的な GAP で、Ypt7 にも働きうる（22593206）。BioGRID の記録は試験管内の GAP 測定で、作用するのは Msb3 → Rab の向き（PMID: 22593206）
文献で誤りと確認	CKA2	YCF1	転写制御以外	取り込まない	要旨: CK2 の全体は Ycf1 と結合するが、遺伝学的には S251 のリン酸化に必要なのは Cka1 だけで、cka2Δ は Ycf1 の輸送活性を上げない（20812950）（PMID: 20812950）
文献で誤りと確認	UBA1	UBC9	転写制御以外	取り込まない	要旨: SUMO の E1 は Aos1-Uba2 で、Uba2 の ufd と Ubc9 の複合体の構造を解いた。本文: Uba1（ユビキチンの E1）の ufd は構造の比較の対象として出てくるだけ（21209884）（PMID: 21209884）
文献で誤りと確認	DCP2	DCP1	転写制御以外	取り込まない	要旨: 脱キャップ酵素 Dcp2 はキャップと RNA 本体を二分された面で捉え、触媒段階は Dcp1 と Dcp1 結合ドメインで促される（18280238、NMR と試験管内の速度論）。逆向きの DCP1 → DCP2 も試験管内だけなので別の関係には加えない（PMID: 18280238）
文献で誤りと確認	TOP3	RMI1	転写制御以外	取り込まない	要旨: Top3-Rmi1 複合体は Top3 単独よりも超らせんの緩和活性が高く、単離した Rmi1 も Top3 を活性化し、Top3 の一本鎖 DNA への結合を 5 倍に高める（17693398、試験管内）。逆向きの RMI1 → TOP3 は試験管内だけなので別の関係には加えない（PMID: 17693398）
文献で誤りと確認	YCK1	TIF5	転写制御以外	取り込まない	要旨: eIF5（Tif5）の T191 はグルコースを抜いたときにリン酸化が増え、試験管内で CK2 にリン酸化される。CK2 の変異株ではグルコース除去への応答が弱い（25417541）。Yck1 は出てこない（PMID: 25417541）
文献で誤りと確認	YCK1	CFT1	転写制御以外	取り込まない	要旨: Glc7 を減らすとリン酸化された Pta1 が溜まり poly(A) 付加ができなくなる。Glc7 の阻害タンパク質 Ypi1 か CK2 の Cka1 を加えると poly(A) 付加が止まる。リン酸化された CPF では Fip1 の結合が弱まる（16137619）。Yck1 は出てこない（YCK1 → PTA1 と同じ取り違え）（PMID: 16137619）
文献で誤りと確認	YCK1	FIP1	転写制御以外	取り込まない	要旨: Glc7 を減らすとリン酸化された Pta1 が溜まり poly(A) 付加ができなくなる。Glc7 の阻害タンパク質 Ypi1 か CK2 の Cka1 を加えると poly(A) 付加が止まる。リン酸化された CPF では Fip1 の結合が弱まる（16137619）。Yck1 は出てこない（YCK1 → PTA1 と同じ取り違え）（PMID: 16137619）
文献で誤りと確認	YCK1	YSH1	転写制御以外	取り込まない	要旨: Glc7 を減らすとリン酸化された Pta1 が溜まり poly(A) 付加ができなくなる。Glc7 の阻害タンパク質 Ypi1 か CK2 の Cka1 を加えると poly(A) 付加が止まる。リン酸化された CPF では Fip1 の結合が弱まる（16137619）。Yck1 は出てこない（YCK1 → PTA1 と同じ取り違え）（PMID: 16137619）
文献で誤りと確認	MSG5	FPR3	転写制御以外	取り込まない	要旨: Fpr3 の Y184 を脱リン酸化するのはチロシンホスファターゼ Ptp1 で、ptp1 変異体で Fpr3 のチロシンリン酸化が増える。Msg5 についての記述はない（7559654）（PMID: 7559654）
文献で誤りと確認	SCP1	RPO21	転写制御以外	取り込まない	要旨: ヒトの small CTD phosphatase（SCP1）が RNA ポリメラーゼ II CTD の Ser5 を優先して脱リン酸化し、転写を抑えうる。出芽酵母の研究ではない（12721286）（PMID: 12721286）
文献で誤りと確認	PKH1	DUR3	転写制御以外	取り込まない	要旨: DUR3 は T250・S251・T684 を polyamine transport protein kinase 2（Ptk2）にリン酸化されて活性化される。Pkh1 についての記述はない（17218313）（PMID: 17218313）
文献で誤りと確認	PKH2	DUR3	転写制御以外	取り込まない	要旨: DUR3 は T250・S251・T684 を polyamine transport protein kinase 2（Ptk2）にリン酸化されて活性化される。Pkh2 についての記述はない（17218313）（PMID: 17218313）
文献で誤りと確認	CDC11	SMT3	転写制御以外	取り込まない	要旨: SUMO は分裂期にセプチン Cdc3・Cdc11・Shs1 に付き、後期の直前に現れ細胞質分裂で消える。付加部位の変異でセプチンリングの分解に欠陥が出る（10579719）。Cdc11 は SUMO の基質で、Cdc11 → Smt3 の関係として誤り（PMID: 10579719）
文献で誤りと確認	CDC9	RAD24	転写制御以外	取り込まない	要旨: DNA リガーゼ I はチェックポイントのクランプローダー hRad17-RFC と結合し、RFC と違って hRad17-RFC はリガーゼ I による連結を促す。酵母の相同タンパク質でも同様の結果（17561505）。作用の向きは Rad24 → Cdc9 で、試験管内だけのため別の関係としても拾わない（PMID: 17561505）
文献で誤りと確認	DBP5	GLE1	転写制御以外	取り込まない	要旨: 核膜孔タンパク質 Gle1 は Dbp5 の活性化因子で、Gle1 は Dbp5 の RNA 結合と ATP 加水分解を大きく促す（16783364）。Dbp5 の ATPase 活性は Gle1 と InsP6 で促される（19805289）。Dbp5 → Gle1 の関係として誤り（PMID: 16783364, 19805289）
文献で誤りと確認	KEX2	HMLALPHA1	転写制御以外	取り込まない	要旨: Candida albicans と C. glabrata の組換え基質を試験管内で切断して Kex2 の標的を探し、CaEce1 などを新しい基質とした（18625069）。要旨に出芽酵母の Alpha1（HMLALPHA1）を切る記述はない（PMID: 18625069）
文献で誤りと確認	MIA40	ERV1	転写制御以外	取り込まない	要旨: 部分的に還元された Mia40C も完全に還元された Mia40C も、試験管内で Erv1 に酸化される。Erv1 が Mia40C にジスルフィド結合を渡し、Mia40C が基質を酸化する中継系を再構成した（17959605）。Mia40 が Erv1 に働くのではなく、Erv1 が Mia40 を酸化する向き（PMID: 17959605）
文献で誤りと確認	PFA3	MEH1	転写制御以外	取り込まない	要旨: Pfa3 は Vac8 の N 末端の 3 つのシステインをパルミトイル化する。Vac8 の SH4 ドメインを Meh1 のものに入れ替えたキメラでも Pfa3 への特異性は野生型の Vac8 と同じだった（19416974）。Meh1 そのものへの Pfa3 の働きは調べていない（PMID: 19416974）
文献で誤りと確認	YPT7	GYP8	転写制御以外	取り込まない	要旨: 論文の主題は Vps21 の GAP の Msb3。全 Rab に対する GAP の測定で Gyp8 は多くの Rab に強い活性を示し、Ypt7 への相対活性が最も高かった（22593206）。Ypt7 が Gyp8 に働くのではなく、Gyp8 が Ypt7 に働く向き。逆向きも試験管内だけで体内の根拠がない（PMID: 22593206）
文献で誤りと確認	MSH2	MSH6	転写制御以外	取り込まない	要旨: Msh2-Msh6 では Msh6 が ATP を速く加水分解し、Msh2 は遅い。Msh2 自身は弱い ATPase だが Msh6 の ATPase 活性に強く影響する。Msh6 がミスマッチに結合すると速い ATP 加水分解が抑えられる（16214425）。ヘテロ二量体の中のサブユニット間の協調で、信号の流れではない（PMID: 16214425）
文献で誤りと確認	PAB1	CRM1	転写制御以外	取り込まない	要旨: Pab1 は核外輸送因子 Xpo1/Crm1 の荷物で、RanGTP 依存で Crm1 に直接結合し、Crm1 の働きを止めると一部が核にたまる。Pab1 が Crm1 の働きを変えるとは書かれておらず、記録の向きは逆（15769879）（PMID: 15769879）
文献で誤りと確認	PRP43	SPP382	転写制御以外	取り込まない	要旨: スプライシング因子 Ntr1（Spp382）が Prp43 の弱いヘリカーゼ活性を高め、それがラリアット・イントロンの放出に必要（17875666）。Prp43 → Spp382 ではない（PMID: 17875666）
文献で誤りと確認	SAM1	RPL23A	転写制御以外	取り込まない	要旨: uL14（Rpl23）のリシンメチル化酵素は Rkm1 で、Bcp1・uL14 と 3 者の複合体をつくって uL14 を守る（39007857）。Sam1 の記述はなく、記録の酵素が違う（PMID: 39007857）
文献で誤りと確認	SCEI	SSA3	転写制御以外	取り込まない	要旨: Endo.SceI のミトコンドリア HSP70 サブユニットは試験管内で ATP により自己リン酸化され、自己リン酸化はエンドヌクレアーゼ活性に大きな影響がない（15618627）。複合体内の自己リン酸化で、標的も Ssa3 ではない（PMID: 15618627）
文献で誤りと確認	SSC1	MDJ1	転写制御以外	取り込まない	要旨: ヒト mtHsp70 のパーキンソン病変異体 P509S は J タンパク質との結合が強まり、酵母 Ssc1 の対応する変異でもミトコンドリアの機能不全が再現される（22544056）。ATPase の促進は J タンパク質から Hsp70 への向きで、Ssc1 → Mdj1 ではない（PMID: 22544056）
文献で誤りと確認	SSC1	PAM18	転写制御以外	取り込まない	要旨: ヒト mtHsp70 のパーキンソン病変異体 P509S は輸入装置の J タンパク質との結合が強まる（22544056）。ATPase の促進は J タンパク質から Hsp70 への向きで、Ssc1 → Pam18 ではない（PMID: 22544056）
文献で誤りと確認	TRR1	TRX3	転写制御以外	取り込まない	要旨: Trx3 は野生株でも細胞質の系を欠く変異株（trx1 trx2・trr1）でも還元型に保たれ、細胞質とミトコンドリアのチオレドキシン系は独立に保たれる（15701801）。BioGRID の論文 18930846 は Trr1 の結晶構造で、Trx の種特異的な認識を論じるだけ（PMID: 15701801）
文献で誤りと確認	UBP14	UBA4	転写制御以外	取り込まない	要旨: Ubp14 は遊離のユビキチン鎖を特異的にほどく脱ユビキチン化酵素で、欠損で遊離鎖がたまりタンパク質分解が損なわれる（9305625）。Uba4（Urm1 の E1）は論文に出てこない（PMID: 9305625）
文献で誤りと確認	UBP2	UBC4	転写制御以外	取り込まない	要旨: Ubp2 は Rsp5 の自己ユビキチン化を体内でも試験管内でも外す（24069405）。全文では His-Ubc4 は Rsp5 の自己ユビキチン化反応の E2 として加えただけで、Ubp2 が Ubc4 に働く記述はない（PMID: 24069405）
文献で誤りと確認	AFG3	YTA12	転写制御	取り込まない	要旨: 文献は今の向きと逆。UniProt の記述は「YTA12 の ATP 結合が隣の YTA10/AFG3 の ATP 加水分解を抑える」で、作用は YTA12→AFG3。要旨は「1 つの AAA サブユニットへの ATP の結合が隣のサブユニットの ATP 加水分解を抑える」とサブユニットを特定せず、リング内の協調した加水分解を述べる（19748354）（PMID: 19748354）
文献で誤りと確認	AFG3	YTA12	転写制御以外	取り込まない	要旨: 文献は今の向きと逆。UniProt の記述は「YTA12 の ATP 結合が隣の YTA10/AFG3 の ATP 加水分解を抑える」で、作用は YTA12→AFG3。要旨は「1 つの AAA サブユニットへの ATP の結合が隣のサブユニットの ATP 加水分解を抑える」とサブユニットを特定せず、リング内の協調した加水分解を述べる（19748354）（PMID: 19748354）
文献で誤りと確認	ERI1	SPT14	転写制御	取り込まない	要旨: Eri1 は GPI-GlcNAc 転移酵素（Spt14 を含む）の構成要素で、GTP 型 Ras2 が複合体に結合して活性を抑える（15163411）。UniProt の「Inhibited by Ras, probably via the interaction between RAS2 and ERI1」を ERI1→SPT14 の抑制と取り違えた記録（PMID: 15163411）
文献で誤りと確認	ERI1	SPT14	転写制御以外	取り込まない	要旨: Eri1 は GPI-GlcNAc 転移酵素（Spt14 を含む）の構成要素で、GTP 型 Ras2 が複合体に結合して活性を抑える（15163411）。UniProt の「Inhibited by Ras, probably via the interaction between RAS2 and ERI1」を ERI1→SPT14 の抑制と取り違えた記録（PMID: 15163411）
文献で誤りと確認	HEL2	MAG2	転写制御以外	取り込まない	要旨: 18S NRD には Mag2 による uS3 K212 の単ユビキチン化と、それに続く Hel2・Rsp5 による K63 鎖のポリユビキチン化が要る（30893611）。Hel2 は Mag2 の後に働き、Hel2 から Mag2 への作用は書かれていない（PMID: 30893611）
文献で誤りと確認	HEL2	MOT2	転写制御以外	取り込まない	要旨: ジソームの外の NGD では、まず Not4 が eS7 を単ユビキチン化し、続いて Hel2 が K63 鎖のポリユビキチン化をする（30609991）。Hel2 から Not4 への作用は書かれていない（PMID: 30609991）
文献で誤りと確認	IST1	CDC48	転写制御以外	取り込まない	要旨: エンドソームから細胞膜へのリサイクリングには Ist1 のユビキチン化が要り、Cdc48 と Npl4 はユビキチン化 Ist1 の調節を通じてリサイクリングに要るらしい（36125415）。本文にも Ist1 が Cdc48 の ATPase を抑える記述はなく、GO の ATPase 阻害の注釈は支持されない（PMID: 36125415）
文献で誤りと確認	MPC3	MPC1	転写制御以外	取り込まない	要旨: 酵母のピルビン酸輸送体はヘテロ二量体が働く単位で、Mpc の単独のホモ二量体は働かない。輸送と阻害剤の性質はヘテロ二量体のもの（30979775）。Mpc3 から Mpc1 への抑制の記述はない（PMID: 30979775）
文献で誤りと確認	RPD3	HMF1	転写制御	取り込まない	要旨: 誤った記録。14737171 は Hog1 が Rpd3-Sin3 を浸透圧応答遺伝子のプロモーターへ呼び込む論文で、HMF1 は出てこない（GO 注釈の相手が別の遺伝子に対応づけられたとみられる）。転写の共役活性化でもある（PMID: 14737171）
文献で誤りと確認	RPD3	HMF1	転写制御以外	取り込まない	要旨: 誤った記録。14737171 は Hog1 が Rpd3-Sin3 を浸透圧応答遺伝子のプロモーターへ呼び込む論文で、HMF1 は出てこない（GO 注釈の相手が別の遺伝子に対応づけられたとみられる）。転写の共役活性化でもある（PMID: 14737171）
文献で誤りと確認	DBF2	HHO1	転写制御以外	取り込まない	要旨: 減数分裂では MEN は第二分裂の終わりに働き、Dbf20 と Mob1 の結合で調節される（22718910）。本文: Dbf20（Dbf2）の免疫沈降物のキナーゼ活性を histone H1 のリン酸化で測っただけで、酵母の Hho1 を生体内でリン酸化するという記載ではない（PMID: 22718910）
文献で誤りと確認	DBF20	HHO1	転写制御以外	取り込まない	要旨: 減数分裂では MEN は第二分裂の終わりに働き、Dbf20 と Mob1 の結合で調節される（22718910）。本文: Dbf20（Dbf2）の免疫沈降物のキナーゼ活性を histone H1 のリン酸化で測っただけで、酵母の Hho1 を生体内でリン酸化するという記載ではない（PMID: 22718910）
文献で誤りと確認	HSL7	HTA1	転写制御以外	取り込まない	要旨: Hsl7 は試験管内で仔ウシ胸腺の H2A をメチル化するが、内在の酵母ヒストンの Hsl7 依存のメチル化は見つからない（16426232）。生体内では H4 R3 の対称ジメチル化を担う（30660775）（PMID: 16426232, 30660775）
文献で誤りと確認	IME2	HHO1	転写制御以外	取り込まない	要旨: 減数分裂中の Ime2 の活性を、免疫沈降した Ime2 と市販のヒストン H1 のキナーゼ測定で測った。論文の主題は MECA（ミトコンドリアの係留）の Ime2 依存の分解（30538140）（PMID: 30538140）
文献で誤りと確認	STE20	CIN5	転写制御以外	取り込まない	要旨: Yap4 のリン酸化は Rim15・Yak1・Sch9・Slt2・Ste20・Ptk2 に依存しない（19774548）（PMID: 19774548）
文献で誤りと確認	PTK2	CIN5	転写制御以外	取り込まない	要旨: Yap4 のリン酸化は Rim15・Yak1・Sch9・Slt2・Ste20・Ptk2 に依存しない（19774548）（PMID: 19774548）
文献で誤りと確認	PKC1	PFK2	転写制御以外	取り込まない	要旨: PKC が 6-ホスホフルクト-2-キナーゼを Ser652 でリン酸化して不活性化する。PFK2（PFK-1 の β）の話ではない（11724581）（PMID: 11724581）
文献で誤りと確認	STE12	PRM4	転写制御	取り込まない	要旨: Ste12 は PRM1 の発現を制御するが PRM4 は制御しない（28986257）（PMID: 28986257）
文献で誤りと確認	TOR2	SCH9	転写制御以外	取り込まない	Sch9 は TORC1 の基質（17560372）。TOR2 の関係は TORC2 の働きとして計算するので、TOR2 → SCH9 は取り込まない（KEGG の TORC1 の枠からの展開）（PMID: 17560372）
文献で誤りと確認	TOR2	TAP42	転写制御以外	取り込まない	Tap42 のリン酸化は TOR（TORC1）による（10329624）。TOR2 の関係は TORC2 の働きとして計算するので、TOR2 → TAP42 は取り込まない（PMID: 10329624）
文献で誤りと確認	GCN4	ARO7	転写制御	取り込まない	要旨: ARO7 プロモーターの GCN4 認識配列は試験管内で GCN4 と特異的に結合するが、生体内で GCN4 依存の転写制御には十分でない（2277632）（PMID: 2277632）
文献で誤りと確認	RAS1	TPK1	転写制御	取り込まない	KEGG の図の近道の矢印。RAS → CYR1 →（cAMP）⊣ BCY1 ⊣ PKA を文献で確認済みなので、直接の矢印は取り込まない（二重に数えないため）（PMID: 2981630）
文献で誤りと確認	RAS1	TPK1	転写制御以外	取り込まない	KEGG の図の近道の矢印。RAS → CYR1 →（cAMP）⊣ BCY1 ⊣ PKA を文献で確認済みなので、直接の矢印は取り込まない（二重に数えないため）（PMID: 2981630）
文献で誤りと確認	RAS1	TPK2	転写制御	取り込まない	KEGG の図の近道の矢印。RAS → CYR1 →（cAMP）⊣ BCY1 ⊣ PKA を文献で確認済みなので、直接の矢印は取り込まない（二重に数えないため）（PMID: 2981630）
文献で誤りと確認	RAS1	TPK2	転写制御以外	取り込まない	KEGG の図の近道の矢印。RAS → CYR1 →（cAMP）⊣ BCY1 ⊣ PKA を文献で確認済みなので、直接の矢印は取り込まない（二重に数えないため）（PMID: 2981630）
文献で誤りと確認	RAS1	TPK3	転写制御	取り込まない	KEGG の図の近道の矢印。RAS → CYR1 →（cAMP）⊣ BCY1 ⊣ PKA を文献で確認済みなので、直接の矢印は取り込まない（二重に数えないため）（PMID: 2981630）
文献で誤りと確認	RAS1	TPK3	転写制御以外	取り込まない	KEGG の図の近道の矢印。RAS → CYR1 →（cAMP）⊣ BCY1 ⊣ PKA を文献で確認済みなので、直接の矢印は取り込まない（二重に数えないため）（PMID: 2981630）
文献で誤りと確認	RAS2	TPK1	転写制御	取り込まない	KEGG の図の近道の矢印。RAS → CYR1 →（cAMP）⊣ BCY1 ⊣ PKA を文献で確認済みなので、直接の矢印は取り込まない（二重に数えないため）（PMID: 2981630）
文献で誤りと確認	RAS2	TPK1	転写制御以外	取り込まない	KEGG の図の近道の矢印。RAS → CYR1 →（cAMP）⊣ BCY1 ⊣ PKA を文献で確認済みなので、直接の矢印は取り込まない（二重に数えないため）（PMID: 2981630）
文献で誤りと確認	RAS2	TPK2	転写制御	取り込まない	KEGG の図の近道の矢印。RAS → CYR1 →（cAMP）⊣ BCY1 ⊣ PKA を文献で確認済みなので、直接の矢印は取り込まない（二重に数えないため）（PMID: 2981630）
文献で誤りと確認	RAS2	TPK2	転写制御以外	取り込まない	KEGG の図の近道の矢印。RAS → CYR1 →（cAMP）⊣ BCY1 ⊣ PKA を文献で確認済みなので、直接の矢印は取り込まない（二重に数えないため）（PMID: 2981630）
文献で誤りと確認	RAS2	TPK3	転写制御	取り込まない	KEGG の図の近道の矢印。RAS → CYR1 →（cAMP）⊣ BCY1 ⊣ PKA を文献で確認済みなので、直接の矢印は取り込まない（二重に数えないため）（PMID: 2981630）
文献で誤りと確認	RAS2	TPK3	転写制御以外	取り込まない	KEGG の図の近道の矢印。RAS → CYR1 →（cAMP）⊣ BCY1 ⊣ PKA を文献で確認済みなので、直接の矢印は取り込まない（二重に数えないため）（PMID: 2981630）
文献で誤りと確認	GPR1	CYR1	転写制御	取り込まない	KEGG の図の近道の矢印。GPR1 → GPA2 → CYR1 を文献で確認済み（PMID: 10361302, 9628870）
文献で誤りと確認	GPR1	CYR1	転写制御以外	取り込まない	KEGG の図の近道の矢印。GPR1 → GPA2 → CYR1 を文献で確認済み（PMID: 10361302, 9628870）
文献で誤りと確認	SLG1	PKC1	転写制御	取り込まない	KEGG の図の近道の矢印。SLG1（Wsc1）→ ROM2 → RHO1 → PKC1 を文献で確認済み（PMID: 11113201, 8641285, 8621575）
文献で誤りと確認	SLG1	PKC1	転写制御以外	取り込まない	KEGG の図の近道の矢印。SLG1（Wsc1）→ ROM2 → RHO1 → PKC1 を文献で確認済み（PMID: 11113201, 8641285, 8621575）
文献で誤りと確認	SLN1	SSK1	転写制御	取り込まない	リン酸は Sln1 から Ypd1 を経て Ssk1 に渡る（8808622）。SLN1 → YPD1 ⊣ SSK1 を文献で確認済み（PMID: 8808622）
文献で誤りと確認	SLN1	SSK1	転写制御以外	取り込まない	リン酸は Sln1 から Ypd1 を経て Ssk1 に渡る（8808622）。SLN1 → YPD1 ⊣ SSK1 を文献で確認済み（PMID: 8808622）
文献で誤りと確認	SSK1	PBS2	転写制御	取り込まない	KEGG の図の近道の矢印。SSK1 → SSK2/SSK22 → PBS2 を文献で確認済み（PMID: 9482735, 12853477）
文献で誤りと確認	SSK1	PBS2	転写制御以外	取り込まない	KEGG の図の近道の矢印。SSK1 → SSK2/SSK22 → PBS2 を文献で確認済み（PMID: 9482735, 12853477）
文献で誤りと確認	SNF4	KOG1	転写制御	取り込まない	SNF1 複合体 → TORC1 は SNF1 ⊣ KOG1（26439012）で表す。SNF4 からの矢印は同じ作用の重複（PMID: 26439012）
文献で誤りと確認	SNF4	KOG1	転写制御以外	取り込まない	SNF1 複合体 → TORC1 は SNF1 ⊣ KOG1（26439012）で表す。SNF4 からの矢印は同じ作用の重複（PMID: 26439012）
文献で誤りと確認	SNF4	TOR1	転写制御	取り込まない	SNF1 複合体 → TORC1 は SNF1 ⊣ KOG1（26439012）で表す。SNF4 からの矢印は同じ作用の重複（PMID: 26439012）
文献で誤りと確認	SNF4	TOR1	転写制御以外	取り込まない	SNF1 複合体 → TORC1 は SNF1 ⊣ KOG1（26439012）で表す。SNF4 からの矢印は同じ作用の重複（PMID: 26439012）
文献で誤りと確認	SNF4	TOR2	転写制御	取り込まない	SNF1 複合体 → TORC1 は SNF1 ⊣ KOG1（26439012）で表す。SNF4 からの矢印は同じ作用の重複（PMID: 26439012）
文献で誤りと確認	SNF4	TOR2	転写制御以外	取り込まない	SNF1 複合体 → TORC1 は SNF1 ⊣ KOG1（26439012）で表す。SNF4 からの矢印は同じ作用の重複（PMID: 26439012）
文献で誤りと確認	TOR2	GCN2	転写制御	取り込まない	TORC1 の働き（TOR1 ⊣ GCN2 として記録）。TOR2 の関係は TORC2 の働きとして計算するので取り込まない（PMID: 12654728）
文献で誤りと確認	TOR2	GCN2	転写制御以外	取り込まない	TORC1 の働き（TOR1 ⊣ GCN2 として記録）。TOR2 の関係は TORC2 の働きとして計算するので取り込まない（PMID: 12654728）
文献で誤りと確認	ATG13	ATG17	転写制御	取り込まない	同じ ATG1 複合体の構成要素どうしの関係（まとまりの働きとして計算する）
文献で誤りと確認	ATG13	ATG17	転写制御以外	取り込まない	同じ ATG1 複合体の構成要素どうしの関係（まとまりの働きとして計算する）
文献で誤りと確認	ATG13	ATG29	転写制御	取り込まない	同じ ATG1 複合体の構成要素どうしの関係（まとまりの働きとして計算する）
文献で誤りと確認	ATG13	ATG29	転写制御以外	取り込まない	同じ ATG1 複合体の構成要素どうしの関係（まとまりの働きとして計算する）
文献で誤りと確認	ATG13	ATG31	転写制御	取り込まない	同じ ATG1 複合体の構成要素どうしの関係（まとまりの働きとして計算する）
文献で誤りと確認	ATG13	ATG31	転写制御以外	取り込まない	同じ ATG1 複合体の構成要素どうしの関係（まとまりの働きとして計算する）
文献で誤りと確認	TPK1	PKH1	転写制御	取り込まない	論文では Pkh1 が Tpk の活性化ループをリン酸化する（向きが逆の記録）。PKH1 → TPK1 として記録（PMID: 22957732）
文献で誤りと確認	TPK1	PKH1	転写制御以外	取り込まない	論文では Pkh1 が Tpk の活性化ループをリン酸化する（向きが逆の記録）。PKH1 → TPK1 として記録（PMID: 22957732）
文献で誤りと確認	TPK2	PKH1	転写制御	取り込まない	論文では Pkh1 が Tpk の活性化ループをリン酸化する（向きが逆の記録）。PKH1 → TPK1 として記録（PMID: 22957732）
文献で誤りと確認	TPK2	PKH1	転写制御以外	取り込まない	論文では Pkh1 が Tpk の活性化ループをリン酸化する（向きが逆の記録）。PKH1 → TPK1 として記録（PMID: 22957732）
文献で誤りと確認	TPK3	PKH1	転写制御	取り込まない	論文では Pkh1 が Tpk の活性化ループをリン酸化する（向きが逆の記録）。PKH1 → TPK1 として記録（PMID: 22957732）
文献で誤りと確認	TPK3	PKH1	転写制御以外	取り込まない	論文では Pkh1 が Tpk の活性化ループをリン酸化する（向きが逆の記録）。PKH1 → TPK1 として記録（PMID: 22957732）
文献で誤りと確認	RAS2	CDC25	転写制御	取り込まない	Cdc25 が Ras2 のヌクレオチド交換を促す（向きが逆の記録）。CDC25 → RAS2 として確認済み（PMID: 10747953）
文献で誤りと確認	RAS2	CDC25	転写制御以外	取り込まない	Cdc25 が Ras2 のヌクレオチド交換を促す（向きが逆の記録）。CDC25 → RAS2 として確認済み（PMID: 10747953）
文献で誤りと確認	BCK1	SLT2	転写制御	取り込まない	BCK1 → MKK1/2 → SLT2 を文献で確認済み（近道の矢印）（PMID: 8598209）
文献で誤りと確認	BCK1	SLT2	転写制御以外	取り込まない	BCK1 → MKK1/2 → SLT2 を文献で確認済み（近道の矢印）（PMID: 8598209）
文献で誤りと確認	TOR1	YPK1	転写制御	取り込まない	Ypk1 をリン酸化するのは TORC2（22307609）。TOR1 は TORC2 に入らない（PMID: 22307609）
文献で誤りと確認	TOR1	YPK1	転写制御以外	取り込まない	Ypk1 をリン酸化するのは TORC2（22307609）。TOR1 は TORC2 に入らない（PMID: 22307609）
文献で誤りと確認	URE2	GLN3	転写制御	取り込まない	要旨: Ure2 は Gln3・Gat1 の局在と転写活性化を抑える中心の負の調節因子で、窒素が十分な細胞で複合体を作って細胞質に留める（23184930）。窒素が十分だと Gln3 は細胞質にあり、Ure2 の負の調節を外す配列が核移行に要る（29113979）（PMID: 23184930, 29113979）
文献で誤りと確認	URE2	GAT1	転写制御	取り込まない	要旨: Ure2 は Gln3・Gat1 の局在と転写活性化を抑え、窒素が十分な細胞で Ure2-Gat1 の複合体として細胞質に留めると考えられている（23184930）（PMID: 23184930）
精査済みと公開データ	RPN4	PUP1	転写制御	促進	YEASTRACT+ 転写制御・抑制
精査済みと公開データ	MCM1	CIP1	転写制御	作用不明	YEASTRACT+ 転写制御・抑制
精査済みと公開データ	REB1	PGK1	転写制御	促進	YEASTRACT+ 転写制御・抑制
精査済みと公開データ	STP1	MAE1	転写制御	作用不明	YEASTRACT+ 転写制御・促進
精査済みと公開データ	THI2	THI3	結合	作用不明	YEASTRACT+ 転写制御・促進
精査済みと公開データ	HAP2	PET9	転写制御	促進	YEASTRACT+ 転写制御・抑制
精査済みと公開データ	HAP1	DLD1	転写制御	促進	YEASTRACT+ 転写制御・抑制
精査済みと公開データ	CAD1	YNL134C	転写制御	促進	YEASTRACT+ 転写制御・抑制
精査済みと公開データ	HAP2	ATP15	転写制御	促進	YEASTRACT+ 転写制御・抑制
精査済みと公開データ	HAP2	ATP17	転写制御	促進	YEASTRACT+ 転写制御・抑制
精査済みと公開データ	HAP2	ATP20	転写制御	促進	YEASTRACT+ 転写制御・抑制
精査済みと公開データ	HAP2	COR1	転写制御	促進	YEASTRACT+ 転写制御・抑制
精査済みと公開データ	HAP2	COX4	転写制御	促進	YEASTRACT+ 転写制御・抑制
精査済みと公開データ	HAP2	COX8	転写制御	促進	YEASTRACT+ 転写制御・抑制
精査済みと公開データ	HAP2	COX9	転写制御	促進	YEASTRACT+ 転写制御・抑制
精査済みと公開データ	HAP2	ATP7	転写制御	促進	YEASTRACT+ 転写制御・抑制
精査済みと公開データ	HAP2	QCR10	転写制御	促進	YEASTRACT+ 転写制御・抑制
精査済みと公開データ	HAP2	QCR7	転写制御	促進	YEASTRACT+ 転写制御・抑制
精査済みと公開データ	HAP2	QCR9	転写制御	促進	YEASTRACT+ 転写制御・抑制
精査済みと公開データ	HAP3	ATP15	転写制御	促進	YEASTRACT+ 転写制御・抑制
精査済みと公開データ	HAP3	ATP17	転写制御	促進	YEASTRACT+ 転写制御・抑制
精査済みと公開データ	HAP3	ATP19	転写制御	促進	YEASTRACT+ 転写制御・抑制
精査済みと公開データ	HAP3	ATP20	転写制御	促進	YEASTRACT+ 転写制御・抑制
精査済みと公開データ	HAP3	COX4	転写制御	促進	YEASTRACT+ 転写制御・抑制
精査済みと公開データ	HAP3	COX5A	転写制御	促進	YEASTRACT+ 転写制御・抑制
精査済みと公開データ	HAP3	COX8	転写制御	促進	YEASTRACT+ 転写制御・抑制
精査済みと公開データ	HAP3	QCR10	転写制御	促進	YEASTRACT+ 転写制御・抑制
精査済みと公開データ	HAP3	QCR7	転写制御	促進	YEASTRACT+ 転写制御・抑制
精査済みと公開データ	HAP3	QCR9	転写制御	促進	YEASTRACT+ 転写制御・抑制
精査済みと公開データ	HAP5	ATP15	転写制御	促進	YEASTRACT+ 転写制御・抑制
精査済みと公開データ	HAP5	ATP17	転写制御	促進	YEASTRACT+ 転写制御・抑制
精査済みと公開データ	HAP5	ATP19	転写制御	促進	YEASTRACT+ 転写制御・抑制
精査済みと公開データ	HAP5	ATP20	転写制御	促進	YEASTRACT+ 転写制御・抑制
精査済みと公開データ	HAP5	COX8	転写制御	促進	YEASTRACT+ 転写制御・抑制
精査済みと公開データ	HAP5	COX9	転写制御	促進	YEASTRACT+ 転写制御・抑制
精査済みと公開データ	HAP5	QCR10	転写制御	促進	YEASTRACT+ 転写制御・抑制
精査済みと公開データ	HAP5	QCR9	転写制御	促進	YEASTRACT+ 転写制御・抑制
精査済みと公開データ	ZAP1	ZRT2	転写制御	作用不明	YEASTRACT+ 転写制御・促進
精査済みと公開データ	NRG1	ALT1	転写制御	抑制	YEASTRACT+ 転写制御・促進
精査済みと公開データ	RFX1	YLR345W	転写制御	作用不明	YEASTRACT+ 転写制御・促進
精査済みと公開データ	UGA3	UGA2	転写制御	促進	YEASTRACT+ 転写制御・抑制
精査済みと公開データ	ACE2	CHS7	転写制御	抑制	YEASTRACT+ 転写制御・促進
精査済みと公開データ	TUP1	MFA2	転写制御	抑制	YEASTRACT+ 転写制御・促進
精査済みと公開データ	MSN2	RPL10	転写制御	抑制	YEASTRACT+ 転写制御・促進
精査済みと公開データ	MSN2	RPL11A	転写制御	抑制	YEASTRACT+ 転写制御・促進
精査済みと公開データ	MSN2	RPL13B	転写制御	抑制	YEASTRACT+ 転写制御・促進
精査済みと公開データ	MSN2	RPL19A	転写制御	抑制	YEASTRACT+ 転写制御・促進
精査済みと公開データ	MSN2	RPL19B	転写制御	抑制	YEASTRACT+ 転写制御・促進
精査済みと公開データ	MSN2	RPL20A	転写制御	抑制	YEASTRACT+ 転写制御・促進
精査済みと公開データ	MSN2	RPL20B	転写制御	抑制	YEASTRACT+ 転写制御・促進
精査済みと公開データ	MSN2	RPL21A	転写制御	抑制	YEASTRACT+ 転写制御・促進
精査済みと公開データ	MSN2	RPL21B	転写制御	抑制	YEASTRACT+ 転写制御・促進
精査済みと公開データ	MSN2	RPL24B	転写制御	抑制	YEASTRACT+ 転写制御・促進
精査済みと公開データ	MSN2	RPL25	転写制御	抑制	YEASTRACT+ 転写制御・促進
精査済みと公開データ	MSN2	RPL26A	転写制御	抑制	YEASTRACT+ 転写制御・促進
精査済みと公開データ	MSN2	RPL28	転写制御	抑制	YEASTRACT+ 転写制御・促進
精査済みと公開データ	MSN2	RPL29	転写制御	抑制	YEASTRACT+ 転写制御・促進
精査済みと公開データ	MSN2	RPL2A	転写制御	抑制	YEASTRACT+ 転写制御・促進
精査済みと公開データ	MSN2	RPL31A	転写制御	抑制	YEASTRACT+ 転写制御・促進
精査済みと公開データ	MSN2	RPL34B	転写制御	抑制	YEASTRACT+ 転写制御・促進
精査済みと公開データ	MSN2	RPL42B	転写制御	抑制	YEASTRACT+ 転写制御・促進
精査済みと公開データ	MSN2	RPL43B	転写制御	抑制	YEASTRACT+ 転写制御・促進
精査済みと公開データ	MSN2	RPL5	転写制御	抑制	YEASTRACT+ 転写制御・促進
精査済みと公開データ	MSN2	RPL6B	転写制御	抑制	YEASTRACT+ 転写制御・促進
精査済みと公開データ	MSN2	RPL7A	転写制御	抑制	YEASTRACT+ 転写制御・促進
精査済みと公開データ	MSN2	RPL8A	転写制御	抑制	YEASTRACT+ 転写制御・促進
精査済みと公開データ	MSN2	RPS0A	転写制御	抑制	YEASTRACT+ 転写制御・促進
精査済みと公開データ	MSN2	RPS19A	転写制御	抑制	YEASTRACT+ 転写制御・促進
精査済みと公開データ	MSN2	RPS1B	転写制御	抑制	YEASTRACT+ 転写制御・促進
精査済みと公開データ	MSN2	RPS20	転写制御	抑制	YEASTRACT+ 転写制御・促進
精査済みと公開データ	MSN2	RPS21B	転写制御	抑制	YEASTRACT+ 転写制御・促進
精査済みと公開データ	MSN2	RPS24A	転写制御	抑制	YEASTRACT+ 転写制御・促進
精査済みと公開データ	MSN2	RPS31	転写制御	抑制	YEASTRACT+ 転写制御・促進
精査済みと公開データ	MSN2	RPS4B	転写制御	抑制	YEASTRACT+ 転写制御・促進
精査済みと公開データ	MSN2	RPS5	転写制御	抑制	YEASTRACT+ 転写制御・促進
精査済みと公開データ	MSN2	RPS9A	転写制御	抑制	YEASTRACT+ 転写制御・促進
精査済みと公開データ	MSN4	RPL20B	転写制御	抑制	YEASTRACT+ 転写制御・促進
精査済みと公開データ	MSN4	RPL3	転写制御	抑制	YEASTRACT+ 転写制御・促進
精査済みと公開データ	MSN4	RPS3	転写制御	抑制	YEASTRACT+ 転写制御・促進
精査済みと公開データ	MSN4	RPS6B	転写制御	抑制	YEASTRACT+ 転写制御・促進
精査済みと公開データ	MSN4	RPS8B	転写制御	抑制	YEASTRACT+ 転写制御・促進
精査済みと公開データ	MSN4	RPL11A	転写制御	抑制	YEASTRACT+ 転写制御・促進
精査済みと公開データ	MSN4	RPL16B	転写制御	抑制	YEASTRACT+ 転写制御・促進
精査済みと公開データ	MSN4	RPL19A	転写制御	抑制	YEASTRACT+ 転写制御・促進
精査済みと公開データ	MSN4	RPL19B	転写制御	抑制	YEASTRACT+ 転写制御・促進
精査済みと公開データ	MSN4	RPL20A	転写制御	抑制	YEASTRACT+ 転写制御・促進
精査済みと公開データ	MSN4	RPL21B	転写制御	抑制	YEASTRACT+ 転写制御・促進
精査済みと公開データ	MSN4	RPL25	転写制御	抑制	YEASTRACT+ 転写制御・促進
精査済みと公開データ	MSN4	RPL28	転写制御	抑制	YEASTRACT+ 転写制御・促進
精査済みと公開データ	MSN4	RPL29	転写制御	抑制	YEASTRACT+ 転写制御・促進
精査済みと公開データ	MSN4	RPL2A	転写制御	抑制	YEASTRACT+ 転写制御・促進
精査済みと公開データ	MSN4	RPL31A	転写制御	抑制	YEASTRACT+ 転写制御・促進
精査済みと公開データ	MSN4	RPL42B	転写制御	抑制	YEASTRACT+ 転写制御・促進
精査済みと公開データ	MSN4	RPL4B	転写制御	抑制	YEASTRACT+ 転写制御・促進
精査済みと公開データ	MSN4	RPL5	転写制御	抑制	YEASTRACT+ 転写制御・促進
精査済みと公開データ	MSN4	RPL7B	転写制御	抑制	YEASTRACT+ 転写制御・促進
精査済みと公開データ	MSN4	RPL8A	転写制御	抑制	YEASTRACT+ 転写制御・促進
精査済みと公開データ	MSN4	RPL9B	転写制御	抑制	YEASTRACT+ 転写制御・促進
精査済みと公開データ	MSN4	RPS16A	転写制御	抑制	YEASTRACT+ 転写制御・促進
精査済みと公開データ	MSN4	RPS4A	転写制御	抑制	YEASTRACT+ 転写制御・促進
精査済みと公開データ	MSN4	RPS4B	転写制御	抑制	YEASTRACT+ 転写制御・促進
精査済みと公開データ	MSN4	RPS5	転写制御	抑制	YEASTRACT+ 転写制御・促進
精査済みと公開データ	MSN4	RPS8A	転写制御	抑制	YEASTRACT+ 転写制御・促進
精査済みと公開データ	MSN4	RPS9A	転写制御	抑制	YEASTRACT+ 転写制御・促進
精査済みと公開データ	MSN4	RPS9B	転写制御	抑制	YEASTRACT+ 転写制御・促進
精査済みと公開データ	MSN4	DOT6	転写制御	促進	YEASTRACT+ 転写制御・抑制
精査済みと公開データ	FHL1	RPL28	転写制御	促進	YEASTRACT+ 転写制御・抑制
精査済みと公開データ	MSN2	CCC1	転写制御	促進	YEASTRACT+ 転写制御・抑制
IDEA と記録	ACE2	ISR1	転写制御	促進	IDEA（Hackett et al. 2020、転写因子の誘導）: 誘導 15 分で標的が増加（log2 +1.35）→ 促進。記録は抑制
IDEA と記録	ACE2	MIG1	転写制御	促進	IDEA（Hackett et al. 2020、転写因子の誘導）: 誘導 17 分で標的が増加（log2 +0.98）→ 促進。記録は抑制
IDEA と記録	AFT1	GTO3	転写制御	促進	IDEA（Hackett et al. 2020、転写因子の誘導）: 誘導 9 分で標的が増加（log2 +1.97）→ 促進。記録は抑制
IDEA と記録	AFT2	ALP1	転写制御	促進	IDEA（Hackett et al. 2020、転写因子の誘導）: 誘導 15 分で標的が増加（log2 +1.66）→ 促進。記録は抑制
IDEA と記録	AFT2	CCC2	転写制御	促進	IDEA（Hackett et al. 2020、転写因子の誘導）: 誘導 12 分で標的が増加（log2 +1.16）→ 促進。記録は抑制
IDEA と記録	AFT2	HHY1	転写制御	促進	IDEA（Hackett et al. 2020、転写因子の誘導）: 誘導 14 分で標的が増加（log2 +1.06）→ 促進。記録は抑制
IDEA と記録	AFT2	SNZ3	転写制御	促進	IDEA（Hackett et al. 2020、転写因子の誘導）: 誘導 18 分で標的が増加（log2 +0.77）→ 促進。記録は抑制
IDEA と記録	ARR1	FRM2	転写制御	促進	IDEA（Hackett et al. 2020、転写因子の誘導）: 誘導 18 分で標的が増加（log2 +1.22）→ 促進。記録は抑制
IDEA と記録	ASH1	CLD1	転写制御	促進	IDEA（Hackett et al. 2020、転写因子の誘導）: 誘導 19 分で標的が増加（log2 +0.58）→ 促進。記録は抑制
IDEA と記録	ASH1	DBP8	転写制御	促進	IDEA（Hackett et al. 2020、転写因子の誘導）: 誘導 13 分で標的が増加（log2 +0.51）→ 促進。記録は抑制
IDEA と記録	ASH1	GAC1	転写制御	抑制	IDEA（Hackett et al. 2020、転写因子の誘導）: 誘導 13 分で標的が減少（log2 -1.15）→ 抑制。記録は促進
IDEA と記録	ASH1	PIR3	転写制御	抑制	IDEA（Hackett et al. 2020、転写因子の誘導）: 誘導 18 分で標的が減少（log2 -1.19）→ 抑制。記録は促進
IDEA と記録	ASH1	SKM1	転写制御	抑制	IDEA（Hackett et al. 2020、転写因子の誘導）: 誘導 10 分で標的が減少（log2 -0.94）→ 抑制。記録は促進
IDEA と記録	ASH1	TOS6	転写制御	抑制	IDEA（Hackett et al. 2020、転写因子の誘導）: 誘導 15 分で標的が減少（log2 -0.71）→ 抑制。記録は促進
IDEA と記録	ASH1	UTH1	転写制御	抑制	IDEA（Hackett et al. 2020、転写因子の誘導）: 誘導 16 分で標的が減少（log2 -0.71）→ 抑制。記録は促進
IDEA と記録	ASH1	YHP1	転写制御	抑制	IDEA（Hackett et al. 2020、転写因子の誘導）: 誘導 10 分で標的が減少（log2 -0.99）→ 抑制。記録は促進
IDEA と記録	ASH1	YJL163C	転写制御	抑制	IDEA（Hackett et al. 2020、転写因子の誘導）: 誘導 15 分で標的が減少（log2 -1.45）→ 抑制。記録は促進
IDEA と記録	AZF1	AQR1	転写制御	抑制	IDEA（Hackett et al. 2020、転写因子の誘導）: 誘導 16 分で標的が減少（log2 -0.77）→ 抑制。記録は促進
IDEA と記録	AZF1	GNP1	転写制御	抑制	IDEA（Hackett et al. 2020、転写因子の誘導）: 誘導 19 分で標的が減少（log2 -1.99）→ 抑制。記録は促進
IDEA と記録	AZF1	PDE2	転写制御	抑制	IDEA（Hackett et al. 2020、転写因子の誘導）: 誘導 18 分で標的が減少（log2 -0.98）→ 抑制。記録は促進
IDEA と記録	BAS1	ADG3	転写制御	促進	IDEA（Hackett et al. 2020、転写因子の誘導）: 誘導 16 分で標的が増加（log2 +0.65）→ 促進。記録は抑制
IDEA と記録	CBF1	ADE3	転写制御	抑制	IDEA（Hackett et al. 2020、転写因子の誘導）: 誘導 18 分で標的が減少（log2 -1.14）→ 抑制。記録は促進
IDEA と記録	CBF1	DAL5	転写制御	促進	IDEA（Hackett et al. 2020、転写因子の誘導）: 誘導 19 分で標的が増加（log2 +0.53）→ 促進。記録は抑制
IDEA と記録	CBF1	FAR1	転写制御	抑制	IDEA（Hackett et al. 2020、転写因子の誘導）: 誘導 14 分で標的が減少（log2 -0.61）→ 抑制。記録は促進
IDEA と記録	CBF1	GTR1	転写制御	抑制	IDEA（Hackett et al. 2020、転写因子の誘導）: 誘導 15 分で標的が減少（log2 -0.91）→ 抑制。記録は促進
IDEA と記録	CBF1	GUP2	転写制御	抑制	IDEA（Hackett et al. 2020、転写因子の誘導）: 誘導 14 分で標的が減少（log2 -1.70）→ 抑制。記録は促進
IDEA と記録	CBF1	PRS2	転写制御	抑制	IDEA（Hackett et al. 2020、転写因子の誘導）: 誘導 14 分で標的が減少（log2 -0.68）→ 抑制。記録は促進
IDEA と記録	CBF1	PUP3	転写制御	抑制	IDEA（Hackett et al. 2020、転写因子の誘導）: 誘導 18 分で標的が減少（log2 -0.62）→ 抑制。記録は促進
IDEA と記録	CBF1	REG2	転写制御	促進	IDEA（Hackett et al. 2020、転写因子の誘導）: 誘導 16 分で標的が増加（log2 +0.80）→ 促進。記録は抑制
IDEA と記録	CBF1	RSM7	転写制御	抑制	IDEA（Hackett et al. 2020、転写因子の誘導）: 誘導 12 分で標的が減少（log2 -0.90）→ 抑制。記録は促進
IDEA と記録	CBF1	SDS23	転写制御	抑制	IDEA（Hackett et al. 2020、転写因子の誘導）: 誘導 12 分で標的が減少（log2 -0.59）→ 抑制。記録は促進
IDEA と記録	CBF1	UBC6	転写制御	抑制	IDEA（Hackett et al. 2020、転写因子の誘導）: 誘導 19 分で標的が減少（log2 -0.81）→ 抑制。記録は促進
IDEA と記録	CBF1	YDR114C	転写制御	抑制	IDEA（Hackett et al. 2020、転写因子の誘導）: 誘導 14 分で標的が減少（log2 -1.44）→ 抑制。記録は促進
IDEA と記録	CHA4	SDS3	転写制御	促進	IDEA（Hackett et al. 2020、転写因子の誘導）: 誘導 7 分で標的が増加（log2 +0.51）→ 促進。記録は抑制
IDEA と記録	CIN5	ALD6	転写制御	抑制	IDEA（Hackett et al. 2020、転写因子の誘導）: 誘導 13 分で標的が減少（log2 -0.86）→ 抑制。記録は促進
IDEA と記録	CIN5	AQY2	転写制御	抑制	IDEA（Hackett et al. 2020、転写因子の誘導）: 誘導 13 分で標的が減少（log2 -2.42）→ 抑制。記録は促進
IDEA と記録	CIN5	CAL4	転写制御	抑制	IDEA（Hackett et al. 2020、転写因子の誘導）: 誘導 15 分で標的が減少（log2 -0.90）→ 抑制。記録は促進
IDEA と記録	CIN5	CCP1	転写制御	抑制	IDEA（Hackett et al. 2020、転写因子の誘導）: 誘導 18 分で標的が減少（log2 -0.90）→ 抑制。記録は促進
IDEA と記録	CIN5	COX15	転写制御	抑制	IDEA（Hackett et al. 2020、転写因子の誘導）: 誘導 18 分で標的が減少（log2 -0.65）→ 抑制。記録は促進
IDEA と記録	CIN5	ECM22	転写制御	抑制	IDEA（Hackett et al. 2020、転写因子の誘導）: 誘導 18 分で標的が減少（log2 -0.57）→ 抑制。記録は促進
IDEA と記録	CIN5	FRE3	転写制御	抑制	IDEA（Hackett et al. 2020、転写因子の誘導）: 誘導 15 分で標的が減少（log2 -2.18）→ 抑制。記録は促進
IDEA と記録	CIN5	HAL1	転写制御	抑制	IDEA（Hackett et al. 2020、転写因子の誘導）: 誘導 15 分で標的が減少（log2 -0.94）→ 抑制。記録は促進
IDEA と記録	CIN5	HSP26	転写制御	抑制	IDEA（Hackett et al. 2020、転写因子の誘導）: 誘導 19 分で標的が減少（log2 -1.56）→ 抑制。記録は促進
IDEA と記録	CIN5	HSP30	転写制御	抑制	IDEA（Hackett et al. 2020、転写因子の誘導）: 誘導 19 分で標的が減少（log2 -1.91）→ 抑制。記録は促進
IDEA と記録	CIN5	IMA2	転写制御	抑制	IDEA（Hackett et al. 2020、転写因子の誘導）: 誘導 18 分で標的が減少（log2 -0.95）→ 抑制。記録は促進
IDEA と記録	CIN5	KRE29	転写制御	抑制	IDEA（Hackett et al. 2020、転写因子の誘導）: 誘導 16 分で標的が減少（log2 -0.93）→ 抑制。記録は促進
IDEA と記録	CIN5	KTI12	転写制御	抑制	IDEA（Hackett et al. 2020、転写因子の誘導）: 誘導 19 分で標的が減少（log2 -0.88）→ 抑制。記録は促進
IDEA と記録	CIN5	MEP1	転写制御	抑制	IDEA（Hackett et al. 2020、転写因子の誘導）: 誘導 18 分で標的が減少（log2 -1.14）→ 抑制。記録は促進
IDEA と記録	CIN5	MID2	転写制御	抑制	IDEA（Hackett et al. 2020、転写因子の誘導）: 誘導 17 分で標的が減少（log2 -1.25）→ 抑制。記録は促進
IDEA と記録	CIN5	MIG2	転写制御	抑制	IDEA（Hackett et al. 2020、転写因子の誘導）: 誘導 14 分で標的が減少（log2 -0.56）→ 抑制。記録は促進
IDEA と記録	CIN5	MMT1	転写制御	抑制	IDEA（Hackett et al. 2020、転写因子の誘導）: 誘導 14 分で標的が減少（log2 -0.88）→ 抑制。記録は促進
IDEA と記録	CIN5	MNN14	転写制御	抑制	IDEA（Hackett et al. 2020、転写因子の誘導）: 誘導 17 分で標的が減少（log2 -0.85）→ 抑制。記録は促進
IDEA と記録	CIN5	MPF1	転写制御	抑制	IDEA（Hackett et al. 2020、転写因子の誘導）: 誘導 14 分で標的が減少（log2 -0.77）→ 抑制。記録は促進
IDEA と記録	CIN5	MRX12	転写制御	抑制	IDEA（Hackett et al. 2020、転写因子の誘導）: 誘導 17 分で標的が減少（log2 -1.08）→ 抑制。記録は促進
IDEA と記録	CIN5	NMA1	転写制御	抑制	IDEA（Hackett et al. 2020、転写因子の誘導）: 誘導 16 分で標的が減少（log2 -0.64）→ 抑制。記録は促進
IDEA と記録	CIN5	PHD1	転写制御	抑制	IDEA（Hackett et al. 2020、転写因子の誘導）: 誘導 15 分で標的が減少（log2 -1.74）→ 抑制。記録は促進
IDEA と記録	CIN5	PIG2	転写制御	抑制	IDEA（Hackett et al. 2020、転写因子の誘導）: 誘導 16 分で標的が減少（log2 -2.39）→ 抑制。記録は促進
IDEA と記録	CIN5	PTK1	転写制御	抑制	IDEA（Hackett et al. 2020、転写因子の誘導）: 誘導 13 分で標的が減少（log2 -0.87）→ 抑制。記録は促進
IDEA と記録	CIN5	RHO5	転写制御	抑制	IDEA（Hackett et al. 2020、転写因子の誘導）: 誘導 15 分で標的が減少（log2 -1.72）→ 抑制。記録は促進
IDEA と記録	CIN5	ROF1	転写制御	抑制	IDEA（Hackett et al. 2020、転写因子の誘導）: 誘導 17 分で標的が減少（log2 -1.39）→ 抑制。記録は促進
IDEA と記録	CIN5	RSB1	転写制御	抑制	IDEA（Hackett et al. 2020、転写因子の誘導）: 誘導 13 分で標的が減少（log2 -3.12）→ 抑制。記録は促進
IDEA と記録	CIN5	SSP1	転写制御	抑制	IDEA（Hackett et al. 2020、転写因子の誘導）: 誘導 19 分で標的が減少（log2 -0.94）→ 抑制。記録は促進
IDEA と記録	CIN5	STD1	転写制御	抑制	IDEA（Hackett et al. 2020、転写因子の誘導）: 誘導 9 分で標的が減少（log2 -0.51）→ 抑制。記録は促進
IDEA と記録	CIN5	TNA1	転写制御	抑制	IDEA（Hackett et al. 2020、転写因子の誘導）: 誘導 20 分で標的が減少（log2 -0.73）→ 抑制。記録は促進
IDEA と記録	CIN5	TPK2	転写制御	抑制	IDEA（Hackett et al. 2020、転写因子の誘導）: 誘導 14 分で標的が減少（log2 -0.55）→ 抑制。記録は促進
IDEA と記録	CIN5	TPS3	転写制御	抑制	IDEA（Hackett et al. 2020、転写因子の誘導）: 誘導 16 分で標的が減少（log2 -0.62）→ 抑制。記録は促進
IDEA と記録	CIN5	UGA3	転写制御	抑制	IDEA（Hackett et al. 2020、転写因子の誘導）: 誘導 17 分で標的が減少（log2 -1.00）→ 抑制。記録は促進
IDEA と記録	CIN5	UPA1	転写制御	抑制	IDEA（Hackett et al. 2020、転写因子の誘導）: 誘導 18 分で標的が減少（log2 -1.05）→ 抑制。記録は促進
IDEA と記録	CIN5	VTC2	転写制御	抑制	IDEA（Hackett et al. 2020、転写因子の誘導）: 誘導 16 分で標的が減少（log2 -0.59）→ 抑制。記録は促進
IDEA と記録	CIN5	YCR102C	転写制御	抑制	IDEA（Hackett et al. 2020、転写因子の誘導）: 誘導 17 分で標的が減少（log2 -0.94）→ 抑制。記録は促進
IDEA と記録	CIN5	YDL129W	転写制御	抑制	IDEA（Hackett et al. 2020、転写因子の誘導）: 誘導 15 分で標的が減少（log2 -1.35）→ 抑制。記録は促進
IDEA と記録	CIN5	YDR338C	転写制御	抑制	IDEA（Hackett et al. 2020、転写因子の誘導）: 誘導 14 分で標的が減少（log2 -1.01）→ 抑制。記録は促進
IDEA と記録	CIN5	YLL053C	転写制御	抑制	IDEA（Hackett et al. 2020、転写因子の誘導）: 誘導 14 分で標的が減少（log2 -2.36）→ 抑制。記録は促進
IDEA と記録	CIN5	YLL054C	転写制御	抑制	IDEA（Hackett et al. 2020、転写因子の誘導）: 誘導 13 分で標的が減少（log2 -1.13）→ 抑制。記録は促進
IDEA と記録	CIN5	YLR030W	転写制御	抑制	IDEA（Hackett et al. 2020、転写因子の誘導）: 誘導 14 分で標的が減少（log2 -0.54）→ 抑制。記録は促進
IDEA と記録	CIN5	YML119W	転写制御	抑制	IDEA（Hackett et al. 2020、転写因子の誘導）: 誘導 18 分で標的が減少（log2 -0.79）→ 抑制。記録は促進
IDEA と記録	CIN5	YMR262W	転写制御	抑制	IDEA（Hackett et al. 2020、転写因子の誘導）: 誘導 18 分で標的が減少（log2 -1.19）→ 抑制。記録は促進
IDEA と記録	CIN5	YPL062W	転写制御	抑制	IDEA（Hackett et al. 2020、転写因子の誘導）: 誘導 8 分で標的が減少（log2 -0.79）→ 抑制。記録は促進
IDEA と記録	CIN5	YPL277C	転写制御	抑制	IDEA（Hackett et al. 2020、転写因子の誘導）: 誘導 20 分で標的が減少（log2 -0.52）→ 抑制。記録は促進
IDEA と記録	CIN5	YPR014C	転写制御	抑制	IDEA（Hackett et al. 2020、転写因子の誘導）: 誘導 8 分で標的が減少（log2 -1.47）→ 抑制。記録は促進
IDEA と記録	CIN5	YPS3	転写制御	抑制	IDEA（Hackett et al. 2020、転写因子の誘導）: 誘導 17 分で標的が減少（log2 -0.87）→ 抑制。記録は促進
IDEA と記録	CIN5	YRO2	転写制御	抑制	IDEA（Hackett et al. 2020、転写因子の誘導）: 誘導 17 分で標的が減少（log2 -1.07）→ 抑制。記録は促進
IDEA と記録	CRZ1	ADH7	転写制御	促進	IDEA（Hackett et al. 2020、転写因子の誘導）: 誘導 18 分で標的が増加（log2 +1.89）→ 促進。記録は抑制
IDEA と記録	CRZ1	CAF120	転写制御	促進	IDEA（Hackett et al. 2020、転写因子の誘導）: 誘導 11 分で標的が増加（log2 +0.97）→ 促進。記録は抑制
IDEA と記録	CRZ1	LEE1	転写制御	促進	IDEA（Hackett et al. 2020、転写因子の誘導）: 誘導 9 分で標的が増加（log2 +0.68）→ 促進。記録は抑制
IDEA と記録	CRZ1	TDA4	転写制御	抑制	IDEA（Hackett et al. 2020、転写因子の誘導）: 誘導 9 分で標的が減少（log2 -0.73）→ 抑制。記録は促進
IDEA と記録	CST6	SKS1	転写制御	促進	IDEA（Hackett et al. 2020、転写因子の誘導）: 誘導 10 分で標的が増加（log2 +0.60）→ 促進。記録は抑制
IDEA と記録	CST6	YLR108C	転写制御	促進	IDEA（Hackett et al. 2020、転写因子の誘導）: 誘導 11 分で標的が増加（log2 +0.53）→ 促進。記録は抑制
IDEA と記録	CUP9	ARN1	転写制御	抑制	IDEA（Hackett et al. 2020、転写因子の誘導）: 誘導 18 分で標的が減少（log2 -3.28）→ 抑制。記録は促進
IDEA と記録	CUP9	HMS1	転写制御	抑制	IDEA（Hackett et al. 2020、転写因子の誘導）: 誘導 16 分で標的が減少（log2 -1.50）→ 抑制。記録は促進
IDEA と記録	CUP9	KTD1	転写制御	抑制	IDEA（Hackett et al. 2020、転写因子の誘導）: 誘導 18 分で標的が減少（log2 -1.08）→ 抑制。記録は促進
IDEA と記録	CUP9	NRG1	転写制御	抑制	IDEA（Hackett et al. 2020、転写因子の誘導）: 誘導 16 分で標的が減少（log2 -0.76）→ 抑制。記録は促進
IDEA と記録	CUP9	PHO84	転写制御	抑制	IDEA（Hackett et al. 2020、転写因子の誘導）: 誘導 18 分で標的が減少（log2 -1.61）→ 抑制。記録は促進
IDEA と記録	CUP9	RGS2	転写制御	抑制	IDEA（Hackett et al. 2020、転写因子の誘導）: 誘導 15 分で標的が減少（log2 -1.86）→ 抑制。記録は促進
IDEA と記録	CUP9	RSB1	転写制御	抑制	IDEA（Hackett et al. 2020、転写因子の誘導）: 誘導 19 分で標的が減少（log2 -3.12）→ 抑制。記録は促進
IDEA と記録	CUP9	SRP40	転写制御	抑制	IDEA（Hackett et al. 2020、転写因子の誘導）: 誘導 10 分で標的が減少（log2 -1.39）→ 抑制。記録は促進
IDEA と記録	CUP9	TRM13	転写制御	抑制	IDEA（Hackett et al. 2020、転写因子の誘導）: 誘導 19 分で標的が減少（log2 -2.16）→ 抑制。記録は促進
IDEA と記録	CUP9	TWF1	転写制御	抑制	IDEA（Hackett et al. 2020、転写因子の誘導）: 誘導 18 分で標的が減少（log2 -0.58）→ 抑制。記録は促進
IDEA と記録	CUP9	VHR1	転写制御	抑制	IDEA（Hackett et al. 2020、転写因子の誘導）: 誘導 15 分で標的が減少（log2 -0.98）→ 抑制。記録は促進
IDEA と記録	DAL81	DAL1	転写制御	促進	IDEA（Hackett et al. 2020、転写因子の誘導）: 誘導 14 分で標的が増加（log2 +2.10）→ 促進。記録は抑制
IDEA と記録	DAL81	FRE2	転写制御	抑制	IDEA（Hackett et al. 2020、転写因子の誘導）: 誘導 17 分で標的が減少（log2 -0.53）→ 抑制。記録は促進
IDEA と記録	DAL81	GAT1	転写制御	促進	IDEA（Hackett et al. 2020、転写因子の誘導）: 誘導 9 分で標的が増加（log2 +0.79）→ 促進。記録は抑制
IDEA と記録	DAL81	ICY1	転写制御	促進	IDEA（Hackett et al. 2020、転写因子の誘導）: 誘導 4 分で標的が増加（log2 +0.86）→ 促進。記録は抑制
IDEA と記録	DAL81	MTH1	転写制御	促進	IDEA（Hackett et al. 2020、転写因子の誘導）: 誘導 2 分で標的が増加（log2 +0.90）→ 促進。記録は抑制
IDEA と記録	DAL82	DAL4	転写制御	抑制	IDEA（Hackett et al. 2020、転写因子の誘導）: 誘導 13 分で標的が減少（log2 -2.49）→ 抑制。記録は促進
IDEA と記録	ECM22	BNA3	転写制御	促進	IDEA（Hackett et al. 2020、転写因子の誘導）: 誘導 4 分で標的が増加（log2 +0.50）→ 促進。記録は抑制
IDEA と記録	ECM22	FEN2	転写制御	促進	IDEA（Hackett et al. 2020、転写因子の誘導）: 誘導 3 分で標的が増加（log2 +0.65）→ 促進。記録は抑制
IDEA と記録	ECM22	FRE2	転写制御	促進	IDEA（Hackett et al. 2020、転写因子の誘導）: 誘導 15 分で標的が増加（log2 +0.80）→ 促進。記録は抑制
IDEA と記録	ECM22	GLY1	転写制御	促進	IDEA（Hackett et al. 2020、転写因子の誘導）: 誘導 17 分で標的が増加（log2 +1.62）→ 促進。記録は抑制
IDEA と記録	ECM22	INA1	転写制御	促進	IDEA（Hackett et al. 2020、転写因子の誘導）: 誘導 14 分で標的が増加（log2 +3.66）→ 促進。記録は抑制
IDEA と記録	ECM22	MOT3	転写制御	抑制	IDEA（Hackett et al. 2020、転写因子の誘導）: 誘導 16 分で標的が減少（log2 -0.75）→ 抑制。記録は促進
IDEA と記録	ECM22	NEO1	転写制御	促進	IDEA（Hackett et al. 2020、転写因子の誘導）: 誘導 4 分で標的が増加（log2 +0.82）→ 促進。記録は抑制
IDEA と記録	ECM22	RAD14	転写制御	促進	IDEA（Hackett et al. 2020、転写因子の誘導）: 誘導 11 分で標的が増加（log2 +0.98）→ 促進。記録は抑制
IDEA と記録	ECM22	RPS14B	転写制御	促進	IDEA（Hackett et al. 2020、転写因子の誘導）: 誘導 13 分で標的が増加（log2 +0.75）→ 促進。記録は抑制
IDEA と記録	ECM22	TIM18	転写制御	促進	IDEA（Hackett et al. 2020、転写因子の誘導）: 誘導 3 分で標的が増加（log2 +0.67）→ 促進。記録は抑制
IDEA と記録	ECM22	YMR007W	転写制御	促進	IDEA（Hackett et al. 2020、転写因子の誘導）: 誘導 13 分で標的が増加（log2 +2.19）→ 促進。記録は抑制
IDEA と記録	ECM22	YPL071C	転写制御	促進	IDEA（Hackett et al. 2020、転写因子の誘導）: 誘導 15 分で標的が増加（log2 +1.17）→ 促進。記録は抑制
IDEA と記録	FKH1	CIK1	転写制御	抑制	IDEA（Hackett et al. 2020、転写因子の誘導）: 誘導 16 分で標的が減少（log2 -2.52）→ 抑制。記録は促進
IDEA と記録	FKH1	FDO1	転写制御	抑制	IDEA（Hackett et al. 2020、転写因子の誘導）: 誘導 16 分で標的が減少（log2 -1.05）→ 抑制。記録は促進
IDEA と記録	FKH1	GTO3	転写制御	促進	IDEA（Hackett et al. 2020、転写因子の誘導）: 誘導 11 分で標的が増加（log2 +0.74）→ 促進。記録は抑制
IDEA と記録	FKH1	KAR3	転写制御	抑制	IDEA（Hackett et al. 2020、転写因子の誘導）: 誘導 16 分で標的が減少（log2 -2.37）→ 抑制。記録は促進
IDEA と記録	FKH1	KIP1	転写制御	抑制	IDEA（Hackett et al. 2020、転写因子の誘導）: 誘導 16 分で標的が減少（log2 -1.92）→ 抑制。記録は促進
IDEA と記録	FKH1	NDC80	転写制御	抑制	IDEA（Hackett et al. 2020、転写因子の誘導）: 誘導 13 分で標的が減少（log2 -1.09）→ 抑制。記録は促進
IDEA と記録	FKH1	NDD1	転写制御	抑制	IDEA（Hackett et al. 2020、転写因子の誘導）: 誘導 16 分で標的が減少（log2 -1.19）→ 抑制。記録は促進
IDEA と記録	FKH1	PDS1	転写制御	抑制	IDEA（Hackett et al. 2020、転写因子の誘導）: 誘導 17 分で標的が減少（log2 -1.92）→ 抑制。記録は促進
IDEA と記録	FKH1	PTH1	転写制御	促進	IDEA（Hackett et al. 2020、転写因子の誘導）: 誘導 11 分で標的が増加（log2 +0.69）→ 促進。記録は抑制
IDEA と記録	FKH1	RHO3	転写制御	抑制	IDEA（Hackett et al. 2020、転写因子の誘導）: 誘導 16 分で標的が減少（log2 -0.53）→ 抑制。記録は促進
IDEA と記録	FKH1	SGO1	転写制御	抑制	IDEA（Hackett et al. 2020、転写因子の誘導）: 誘導 15 分で標的が減少（log2 -2.75）→ 抑制。記録は促進
IDEA と記録	FKH1	SRC1	転写制御	抑制	IDEA（Hackett et al. 2020、転写因子の誘導）: 誘導 16 分で標的が減少（log2 -1.47）→ 抑制。記録は促進
IDEA と記録	FKH1	TRM11	転写制御	抑制	IDEA（Hackett et al. 2020、転写因子の誘導）: 誘導 18 分で標的が減少（log2 -0.62）→ 抑制。記録は促進
IDEA と記録	FKH1	UBA2	転写制御	抑制	IDEA（Hackett et al. 2020、転写因子の誘導）: 誘導 15 分で標的が減少（log2 -0.66）→ 抑制。記録は促進
IDEA と記録	FKH1	UBP16	転写制御	抑制	IDEA（Hackett et al. 2020、転写因子の誘導）: 誘導 16 分で標的が減少（log2 -0.64）→ 抑制。記録は促進
IDEA と記録	FKH1	VID22	転写制御	抑制	IDEA（Hackett et al. 2020、転写因子の誘導）: 誘導 19 分で標的が減少（log2 -0.94）→ 抑制。記録は促進
IDEA と記録	FKH1	VIK1	転写制御	抑制	IDEA（Hackett et al. 2020、転写因子の誘導）: 誘導 19 分で標的が減少（log2 -1.71）→ 抑制。記録は促進
IDEA と記録	FKH1	YBR184W	転写制御	抑制	IDEA（Hackett et al. 2020、転写因子の誘導）: 誘導 16 分で標的が減少（log2 -4.10）→ 抑制。記録は促進
IDEA と記録	FKH2	ACE2	転写制御	抑制	IDEA（Hackett et al. 2020、転写因子の誘導）: 誘導 12 分で標的が減少（log2 -0.90）→ 抑制。記録は促進
IDEA と記録	FKH2	ADP1	転写制御	促進	IDEA（Hackett et al. 2020、転写因子の誘導）: 誘導 13 分で標的が増加（log2 +0.77）→ 促進。記録は抑制
IDEA と記録	FKH2	AIM29	転写制御	抑制	IDEA（Hackett et al. 2020、転写因子の誘導）: 誘導 6 分で標的が減少（log2 -0.86）→ 抑制。記録は促進
IDEA と記録	FKH2	ARG80	転写制御	促進	IDEA（Hackett et al. 2020、転写因子の誘導）: 誘導 15 分で標的が増加（log2 +0.77）→ 促進。記録は抑制
IDEA と記録	FKH2	ARO5	転写制御	抑制	IDEA（Hackett et al. 2020、転写因子の誘導）: 誘導 13 分で標的が減少（log2 -0.86）→ 抑制。記録は促進
IDEA と記録	FKH2	ASI3	転写制御	促進	IDEA（Hackett et al. 2020、転写因子の誘導）: 誘導 14 分で標的が増加（log2 +0.54）→ 促進。記録は抑制
IDEA と記録	FKH2	AYR1	転写制御	抑制	IDEA（Hackett et al. 2020、転写因子の誘導）: 誘導 14 分で標的が減少（log2 -1.19）→ 抑制。記録は促進
IDEA と記録	FKH2	BBC1	転写制御	促進	IDEA（Hackett et al. 2020、転写因子の誘導）: 誘導 8 分で標的が増加（log2 +0.93）→ 促進。記録は抑制
IDEA と記録	FKH2	BOI1	転写制御	抑制	IDEA（Hackett et al. 2020、転写因子の誘導）: 誘導 19 分で標的が減少（log2 -1.36）→ 抑制。記録は促進
IDEA と記録	FKH2	BRN1	転写制御	促進	IDEA（Hackett et al. 2020、転写因子の誘導）: 誘導 5 分で標的が増加（log2 +1.57）→ 促進。記録は抑制
IDEA と記録	FKH2	BUD19	転写制御	抑制	IDEA（Hackett et al. 2020、転写因子の誘導）: 誘導 4 分で標的が減少（log2 -2.35）→ 抑制。記録は促進
IDEA と記録	FKH2	CDC20	転写制御	抑制	IDEA（Hackett et al. 2020、転写因子の誘導）: 誘導 14 分で標的が減少（log2 -0.79）→ 抑制。記録は促進
IDEA と記録	FKH2	CDC55	転写制御	促進	IDEA（Hackett et al. 2020、転写因子の誘導）: 誘導 13 分で標的が増加（log2 +0.59）→ 促進。記録は抑制
IDEA と記録	FKH2	CIS3	転写制御	抑制	IDEA（Hackett et al. 2020、転写因子の誘導）: 誘導 17 分で標的が減少（log2 -1.32）→ 抑制。記録は促進
IDEA と記録	FKH2	COG8	転写制御	促進	IDEA（Hackett et al. 2020、転写因子の誘導）: 誘導 7 分で標的が増加（log2 +0.57）→ 促進。記録は抑制
IDEA と記録	FKH2	CPP2	転写制御	抑制	IDEA（Hackett et al. 2020、転写因子の誘導）: 誘導 19 分で標的が減少（log2 -1.94）→ 抑制。記録は促進
IDEA と記録	FKH2	CWH41	転写制御	促進	IDEA（Hackett et al. 2020、転写因子の誘導）: 誘導 13 分で標的が増加（log2 +0.56）→ 促進。記録は抑制
IDEA と記録	FKH2	DDR2	転写制御	抑制	IDEA（Hackett et al. 2020、転写因子の誘導）: 誘導 9 分で標的が減少（log2 -2.06）→ 抑制。記録は促進
IDEA と記録	FKH2	DFR1	転写制御	抑制	IDEA（Hackett et al. 2020、転写因子の誘導）: 誘導 15 分で標的が減少（log2 -0.52）→ 抑制。記録は促進
IDEA と記録	FKH2	ECM19	転写制御	抑制	IDEA（Hackett et al. 2020、転写因子の誘導）: 誘導 8 分で標的が減少（log2 -0.95）→ 抑制。記録は促進
IDEA と記録	FKH2	ECM2	転写制御	促進	IDEA（Hackett et al. 2020、転写因子の誘導）: 誘導 14 分で標的が増加（log2 +0.70）→ 促進。記録は抑制
IDEA と記録	FKH2	EGD1	転写制御	抑制	IDEA（Hackett et al. 2020、転写因子の誘導）: 誘導 12 分で標的が減少（log2 -1.11）→ 抑制。記録は促進
IDEA と記録	FKH2	EST3	転写制御	抑制	IDEA（Hackett et al. 2020、転写因子の誘導）: 誘導 7 分で標的が減少（log2 -0.58）→ 抑制。記録は促進
IDEA と記録	FKH2	FKH1	転写制御	抑制	IDEA（Hackett et al. 2020、転写因子の誘導）: 誘導 19 分で標的が減少（log2 -2.79）→ 抑制。記録は促進
IDEA と記録	FKH2	GAL3	転写制御	抑制	IDEA（Hackett et al. 2020、転写因子の誘導）: 誘導 7 分で標的が減少（log2 -0.92）→ 抑制。記録は促進
IDEA と記録	FKH2	GGC1	転写制御	抑制	IDEA（Hackett et al. 2020、転写因子の誘導）: 誘導 19 分で標的が減少（log2 -0.72）→ 抑制。記録は促進
IDEA と記録	FKH2	GIC1	転写制御	抑制	IDEA（Hackett et al. 2020、転写因子の誘導）: 誘導 19 分で標的が減少（log2 -0.72）→ 抑制。記録は促進
IDEA と記録	FKH2	GPA2	転写制御	促進	IDEA（Hackett et al. 2020、転写因子の誘導）: 誘導 6 分で標的が増加（log2 +0.52）→ 促進。記録は抑制
IDEA と記録	FKH2	GPG1	転写制御	抑制	IDEA（Hackett et al. 2020、転写因子の誘導）: 誘導 13 分で標的が減少（log2 -1.13）→ 抑制。記録は促進
IDEA と記録	FKH2	HHF2	転写制御	抑制	IDEA（Hackett et al. 2020、転写因子の誘導）: 誘導 14 分で標的が減少（log2 -1.04）→ 抑制。記録は促進
IDEA と記録	FKH2	HNM1	転写制御	抑制	IDEA（Hackett et al. 2020、転写因子の誘導）: 誘導 5 分で標的が減少（log2 -0.65）→ 抑制。記録は促進
IDEA と記録	FKH2	HTA1	転写制御	抑制	IDEA（Hackett et al. 2020、転写因子の誘導）: 誘導 10 分で標的が減少（log2 -1.33）→ 抑制。記録は促進
IDEA と記録	FKH2	HTA2	転写制御	抑制	IDEA（Hackett et al. 2020、転写因子の誘導）: 誘導 10 分で標的が減少（log2 -1.82）→ 抑制。記録は促進
IDEA と記録	FKH2	KIN3	転写制御	抑制	IDEA（Hackett et al. 2020、転写因子の誘導）: 誘導 17 分で標的が減少（log2 -1.34）→ 抑制。記録は促進
IDEA と記録	FKH2	LRO1	転写制御	促進	IDEA（Hackett et al. 2020、転写因子の誘導）: 誘導 5 分で標的が増加（log2 +0.51）→ 促進。記録は抑制
IDEA と記録	FKH2	LSM5	転写制御	抑制	IDEA（Hackett et al. 2020、転写因子の誘導）: 誘導 5 分で標的が減少（log2 -1.57）→ 抑制。記録は促進
IDEA と記録	FKH2	MAD1	転写制御	抑制	IDEA（Hackett et al. 2020、転写因子の誘導）: 誘導 17 分で標的が減少（log2 -0.63）→ 抑制。記録は促進
IDEA と記録	FKH2	MAM33	転写制御	抑制	IDEA（Hackett et al. 2020、転写因子の誘導）: 誘導 16 分で標的が減少（log2 -0.64）→ 抑制。記録は促進
IDEA と記録	FKH2	MDG1	転写制御	促進	IDEA（Hackett et al. 2020、転写因子の誘導）: 誘導 12 分で標的が増加（log2 +0.56）→ 促進。記録は抑制
IDEA と記録	FKH2	MDM35	転写制御	抑制	IDEA（Hackett et al. 2020、転写因子の誘導）: 誘導 7 分で標的が減少（log2 -1.03）→ 抑制。記録は促進
IDEA と記録	FKH2	MDY2	転写制御	抑制	IDEA（Hackett et al. 2020、転写因子の誘導）: 誘導 14 分で標的が減少（log2 -0.66）→ 抑制。記録は促進
IDEA と記録	FKH2	MRP10	転写制御	抑制	IDEA（Hackett et al. 2020、転写因子の誘導）: 誘導 7 分で標的が減少（log2 -1.35）→ 抑制。記録は促進
IDEA と記録	FKH2	MRPL27	転写制御	抑制	IDEA（Hackett et al. 2020、転写因子の誘導）: 誘導 9 分で標的が減少（log2 -0.60）→ 抑制。記録は促進
IDEA と記録	FKH2	NCS2	転写制御	促進	IDEA（Hackett et al. 2020、転写因子の誘導）: 誘導 14 分で標的が増加（log2 +0.59）→ 促進。記録は抑制
IDEA と記録	FKH2	NUP49	転写制御	促進	IDEA（Hackett et al. 2020、転写因子の誘導）: 誘導 7 分で標的が増加（log2 +0.57）→ 促進。記録は抑制
IDEA と記録	FKH2	PAI3	転写制御	抑制	IDEA（Hackett et al. 2020、転写因子の誘導）: 誘導 8 分で標的が減少（log2 -0.62）→ 抑制。記録は促進
IDEA と記録	FKH2	PCL1	転写制御	抑制	IDEA（Hackett et al. 2020、転写因子の誘導）: 誘導 14 分で標的が減少（log2 -1.38）→ 抑制。記録は促進
IDEA と記録	FKH2	PER33	転写制御	促進	IDEA（Hackett et al. 2020、転写因子の誘導）: 誘導 13 分で標的が増加（log2 +0.65）→ 促進。記録は抑制
IDEA と記録	FKH2	PET9	転写制御	促進	IDEA（Hackett et al. 2020、転写因子の誘導）: 誘導 11 分で標的が増加（log2 +0.63）→ 促進。記録は抑制
IDEA と記録	FKH2	PFU1	転写制御	促進	IDEA（Hackett et al. 2020、転写因子の誘導）: 誘導 12 分で標的が増加（log2 +0.51）→ 促進。記録は抑制
IDEA と記録	FKH2	PHO3	転写制御	促進	IDEA（Hackett et al. 2020、転写因子の誘導）: 誘導 15 分で標的が増加（log2 +1.57）→ 促進。記録は抑制
IDEA と記録	FKH2	PUL4	転写制御	促進	IDEA（Hackett et al. 2020、転写因子の誘導）: 誘導 7 分で標的が増加（log2 +1.36）→ 促進。記録は抑制
IDEA と記録	FKH2	PUP3	転写制御	抑制	IDEA（Hackett et al. 2020、転写因子の誘導）: 誘導 7 分で標的が減少（log2 -0.57）→ 抑制。記録は促進
IDEA と記録	FKH2	RGS2	転写制御	抑制	IDEA（Hackett et al. 2020、転写因子の誘導）: 誘導 13 分で標的が減少（log2 -0.70）→ 抑制。記録は促進
IDEA と記録	FKH2	RPL11A	転写制御	抑制	IDEA（Hackett et al. 2020、転写因子の誘導）: 誘導 8 分で標的が減少（log2 -1.41）→ 抑制。記録は促進
IDEA と記録	FKH2	RPL13A	転写制御	抑制	IDEA（Hackett et al. 2020、転写因子の誘導）: 誘導 10 分で標的が減少（log2 -0.73）→ 抑制。記録は促進
IDEA と記録	FKH2	RPL21A	転写制御	抑制	IDEA（Hackett et al. 2020、転写因子の誘導）: 誘導 7 分で標的が減少（log2 -1.65）→ 抑制。記録は促進
IDEA と記録	FKH2	RPL21B	転写制御	抑制	IDEA（Hackett et al. 2020、転写因子の誘導）: 誘導 8 分で標的が減少（log2 -1.55）→ 抑制。記録は促進
IDEA と記録	FKH2	RPL22A	転写制御	抑制	IDEA（Hackett et al. 2020、転写因子の誘導）: 誘導 6 分で標的が減少（log2 -1.27）→ 抑制。記録は促進
IDEA と記録	FKH2	RPL22B	転写制御	抑制	IDEA（Hackett et al. 2020、転写因子の誘導）: 誘導 6 分で標的が減少（log2 -0.90）→ 抑制。記録は促進
IDEA と記録	FKH2	RPL24A	転写制御	抑制	IDEA（Hackett et al. 2020、転写因子の誘導）: 誘導 4 分で標的が減少（log2 -0.84）→ 抑制。記録は促進
IDEA と記録	FKH2	RPL24B	転写制御	抑制	IDEA（Hackett et al. 2020、転写因子の誘導）: 誘導 9 分で標的が減少（log2 -1.87）→ 抑制。記録は促進
IDEA と記録	FKH2	RPL29	転写制御	抑制	IDEA（Hackett et al. 2020、転写因子の誘導）: 誘導 5 分で標的が減少（log2 -1.51）→ 抑制。記録は促進
IDEA と記録	FKH2	RPL32	転写制御	抑制	IDEA（Hackett et al. 2020、転写因子の誘導）: 誘導 6 分で標的が減少（log2 -0.68）→ 抑制。記録は促進
IDEA と記録	FKH2	RPL35B	転写制御	抑制	IDEA（Hackett et al. 2020、転写因子の誘導）: 誘導 5 分で標的が減少（log2 -1.19）→ 抑制。記録は促進
IDEA と記録	FKH2	RPL36B	転写制御	抑制	IDEA（Hackett et al. 2020、転写因子の誘導）: 誘導 5 分で標的が減少（log2 -1.52）→ 抑制。記録は促進
IDEA と記録	FKH2	RPL7A	転写制御	抑制	IDEA（Hackett et al. 2020、転写因子の誘導）: 誘導 10 分で標的が減少（log2 -1.37）→ 抑制。記録は促進
IDEA と記録	FKH2	RPS16A	転写制御	抑制	IDEA（Hackett et al. 2020、転写因子の誘導）: 誘導 6 分で標的が減少（log2 -0.60）→ 抑制。記録は促進
IDEA と記録	FKH2	RPS19B	転写制御	抑制	IDEA（Hackett et al. 2020、転写因子の誘導）: 誘導 7 分で標的が減少（log2 -1.02）→ 抑制。記録は促進
IDEA と記録	FKH2	RPS23A	転写制御	抑制	IDEA（Hackett et al. 2020、転写因子の誘導）: 誘導 8 分で標的が減少（log2 -0.72）→ 抑制。記録は促進
IDEA と記録	FKH2	RPS23B	転写制御	抑制	IDEA（Hackett et al. 2020、転写因子の誘導）: 誘導 8 分で標的が減少（log2 -0.60）→ 抑制。記録は促進
IDEA と記録	FKH2	RPS25A	転写制御	抑制	IDEA（Hackett et al. 2020、転写因子の誘導）: 誘導 7 分で標的が減少（log2 -0.60）→ 抑制。記録は促進
IDEA と記録	FKH2	RPS27A	転写制御	抑制	IDEA（Hackett et al. 2020、転写因子の誘導）: 誘導 7 分で標的が減少（log2 -0.74）→ 抑制。記録は促進
IDEA と記録	FKH2	RPS8A	転写制御	抑制	IDEA（Hackett et al. 2020、転写因子の誘導）: 誘導 8 分で標的が減少（log2 -2.95）→ 抑制。記録は促進
IDEA と記録	FKH2	RSC1	転写制御	促進	IDEA（Hackett et al. 2020、転写因子の誘導）: 誘導 11 分で標的が増加（log2 +0.57）→ 促進。記録は抑制
IDEA と記録	FKH2	RSC6	転写制御	促進	IDEA（Hackett et al. 2020、転写因子の誘導）: 誘導 6 分で標的が増加（log2 +0.64）→ 促進。記録は抑制
IDEA と記録	FKH2	RSM27	転写制御	抑制	IDEA（Hackett et al. 2020、転写因子の誘導）: 誘導 6 分で標的が減少（log2 -1.01）→ 抑制。記録は促進
IDEA と記録	FKH2	SFT1	転写制御	抑制	IDEA（Hackett et al. 2020、転写因子の誘導）: 誘導 11 分で標的が減少（log2 -0.61）→ 抑制。記録は促進
IDEA と記録	FKH2	SGO1	転写制御	抑制	IDEA（Hackett et al. 2020、転写因子の誘導）: 誘導 19 分で標的が減少（log2 -3.14）→ 抑制。記録は促進
IDEA と記録	FKH2	SLD5	転写制御	抑制	IDEA（Hackett et al. 2020、転写因子の誘導）: 誘導 13 分で標的が減少（log2 -0.55）→ 抑制。記録は促進
IDEA と記録	FKH2	SNA2	転写制御	抑制	IDEA（Hackett et al. 2020、転写因子の誘導）: 誘導 5 分で標的が減少（log2 -1.30）→ 抑制。記録は促進
IDEA と記録	FKH2	SPO12	転写制御	抑制	IDEA（Hackett et al. 2020、転写因子の誘導）: 誘導 13 分で標的が減少（log2 -1.23）→ 抑制。記録は促進
IDEA と記録	FKH2	SSA1	転写制御	促進	IDEA（Hackett et al. 2020、転写因子の誘導）: 誘導 6 分で標的が増加（log2 +0.98）→ 促進。記録は抑制
IDEA と記録	FKH2	SUT2	転写制御	抑制	IDEA（Hackett et al. 2020、転写因子の誘導）: 誘導 14 分で標的が減少（log2 -0.66）→ 抑制。記録は促進
IDEA と記録	FKH2	TEF2	転写制御	促進	IDEA（Hackett et al. 2020、転写因子の誘導）: 誘導 6 分で標的が増加（log2 +0.72）→ 促進。記録は抑制
IDEA と記録	FKH2	TFG1	転写制御	促進	IDEA（Hackett et al. 2020、転写因子の誘導）: 誘導 15 分で標的が増加（log2 +0.62）→ 促進。記録は抑制
IDEA と記録	FKH2	TIM10	転写制御	抑制	IDEA（Hackett et al. 2020、転写因子の誘導）: 誘導 7 分で標的が減少（log2 -2.43）→ 抑制。記録は促進
IDEA と記録	FKH2	TIM12	転写制御	抑制	IDEA（Hackett et al. 2020、転写因子の誘導）: 誘導 5 分で標的が減少（log2 -0.57）→ 抑制。記録は促進
IDEA と記録	FKH2	TIM9	転写制御	抑制	IDEA（Hackett et al. 2020、転写因子の誘導）: 誘導 6 分で標的が減少（log2 -0.72）→ 抑制。記録は促進
IDEA と記録	FKH2	TIR1	転写制御	抑制	IDEA（Hackett et al. 2020、転写因子の誘導）: 誘導 7 分で標的が減少（log2 -1.50）→ 抑制。記録は促進
IDEA と記録	FKH2	TOS6	転写制御	抑制	IDEA（Hackett et al. 2020、転写因子の誘導）: 誘導 11 分で標的が減少（log2 -1.35）→ 抑制。記録は促進
IDEA と記録	FKH2	UGO1	転写制御	促進	IDEA（Hackett et al. 2020、転写因子の誘導）: 誘導 13 分で標的が増加（log2 +1.03）→ 促進。記録は抑制
IDEA と記録	FKH2	VMA7	転写制御	抑制	IDEA（Hackett et al. 2020、転写因子の誘導）: 誘導 6 分で標的が減少（log2 -1.31）→ 抑制。記録は促進
IDEA と記録	FKH2	YGL088W	転写制御	抑制	IDEA（Hackett et al. 2020、転写因子の誘導）: 誘導 9 分で標的が減少（log2 -2.43）→ 抑制。記録は促進
IDEA と記録	FKH2	YKL053W	転写制御	抑制	IDEA（Hackett et al. 2020、転写因子の誘導）: 誘導 6 分で標的が減少（log2 -0.74）→ 抑制。記録は促進
IDEA と記録	FKH2	YKL063C	転写制御	抑制	IDEA（Hackett et al. 2020、転写因子の誘導）: 誘導 13 分で標的が減少（log2 -0.69）→ 抑制。記録は促進
IDEA と記録	FKH2	YKR041W	転写制御	促進	IDEA（Hackett et al. 2020、転写因子の誘導）: 誘導 8 分で標的が増加（log2 +0.81）→ 促進。記録は抑制
IDEA と記録	FKH2	YKT6	転写制御	抑制	IDEA（Hackett et al. 2020、転写因子の誘導）: 誘導 13 分で標的が減少（log2 -0.64）→ 抑制。記録は促進
IDEA と記録	FKH2	YMR193C-A	転写制御	抑制	IDEA（Hackett et al. 2020、転写因子の誘導）: 誘導 7 分で標的が減少（log2 -1.43）→ 抑制。記録は促進
IDEA と記録	FKH2	YNL208W	転写制御	抑制	IDEA（Hackett et al. 2020、転写因子の誘導）: 誘導 13 分で標的が減少（log2 -0.59）→ 抑制。記録は促進
IDEA と記録	FKH2	YOR248W	転写制御	抑制	IDEA（Hackett et al. 2020、転写因子の誘導）: 誘導 9 分で標的が減少（log2 -1.00）→ 抑制。記録は促進
IDEA と記録	FKH2	YVC1	転写制御	促進	IDEA（Hackett et al. 2020、転写因子の誘導）: 誘導 11 分で標的が増加（log2 +0.86）→ 促進。記録は抑制
IDEA と記録	GIS1	HXT11	転写制御	抑制	IDEA（Hackett et al. 2020、転写因子の誘導）: 誘導 9 分で標的が減少（log2 -1.90）→ 抑制。記録は促進
IDEA と記録	GLN3	AMN1	転写制御	抑制	IDEA（Hackett et al. 2020、転写因子の誘導）: 誘導 20 分で標的が減少（log2 -0.60）→ 抑制。記録は促進
IDEA と記録	GZF3	ASN1	転写制御	抑制	IDEA（Hackett et al. 2020、転写因子の誘導）: 誘導 16 分で標的が減少（log2 -0.72）→ 抑制。記録は促進
IDEA と記録	GZF3	ATG40	転写制御	抑制	IDEA（Hackett et al. 2020、転写因子の誘導）: 誘導 9 分で標的が減少（log2 -0.80）→ 抑制。記録は促進
IDEA と記録	GZF3	ERG11	転写制御	抑制	IDEA（Hackett et al. 2020、転写因子の誘導）: 誘導 7 分で標的が減少（log2 -0.57）→ 抑制。記録は促進
IDEA と記録	GZF3	ERG3	転写制御	抑制	IDEA（Hackett et al. 2020、転写因子の誘導）: 誘導 12 分で標的が減少（log2 -0.65）→ 抑制。記録は促進
IDEA と記録	GZF3	HXT17	転写制御	促進	IDEA（Hackett et al. 2020、転写因子の誘導）: 誘導 3 分で標的が増加（log2 +1.44）→ 促進。記録は抑制
IDEA と記録	GZF3	IZH3	転写制御	抑制	IDEA（Hackett et al. 2020、転写因子の誘導）: 誘導 12 分で標的が減少（log2 -1.12）→ 抑制。記録は促進
IDEA と記録	GZF3	LCB1	転写制御	抑制	IDEA（Hackett et al. 2020、転写因子の誘導）: 誘導 19 分で標的が減少（log2 -0.51）→ 抑制。記録は促進
IDEA と記録	GZF3	MPC3	転写制御	促進	IDEA（Hackett et al. 2020、転写因子の誘導）: 誘導 20 分で標的が増加（log2 +1.10）→ 促進。記録は抑制
IDEA と記録	GZF3	RPL30	転写制御	促進	IDEA（Hackett et al. 2020、転写因子の誘導）: 誘導 2 分で標的が増加（log2 +1.15）→ 促進。記録は抑制
IDEA と記録	GZF3	TPO2	転写制御	促進	IDEA（Hackett et al. 2020、転写因子の誘導）: 誘導 19 分で標的が増加（log2 +1.06）→ 促進。記録は抑制
IDEA と記録	HAP1	CUZ1	転写制御	促進	IDEA（Hackett et al. 2020、転写因子の誘導）: 誘導 13 分で標的が増加（log2 +0.57）→ 促進。記録は抑制
IDEA と記録	HAP1	ERG27	転写制御	促進	IDEA（Hackett et al. 2020、転写因子の誘導）: 誘導 19 分で標的が増加（log2 +1.13）→ 促進。記録は抑制
IDEA と記録	HAP1	ERG3	転写制御	促進	IDEA（Hackett et al. 2020、転写因子の誘導）: 誘導 10 分で標的が増加（log2 +0.94）→ 促進。記録は抑制
IDEA と記録	HAP1	ERG7	転写制御	促進	IDEA（Hackett et al. 2020、転写因子の誘導）: 誘導 16 分で標的が増加（log2 +1.68）→ 促進。記録は抑制
IDEA と記録	HAP1	FET3	転写制御	促進	IDEA（Hackett et al. 2020、転写因子の誘導）: 誘導 13 分で標的が増加（log2 +0.75）→ 促進。記録は抑制
IDEA と記録	HAP1	FMP40	転写制御	抑制	IDEA（Hackett et al. 2020、転写因子の誘導）: 誘導 10 分で標的が減少（log2 -0.70）→ 抑制。記録は促進
IDEA と記録	HAP1	HSF1	転写制御	抑制	IDEA（Hackett et al. 2020、転写因子の誘導）: 誘導 11 分で標的が減少（log2 -0.58）→ 抑制。記録は促進
IDEA と記録	HAP1	NCP1	転写制御	促進	IDEA（Hackett et al. 2020、転写因子の誘導）: 誘導 19 分で標的が増加（log2 +0.62）→ 促進。記録は抑制
IDEA と記録	HAP1	PSP1	転写制御	促進	IDEA（Hackett et al. 2020、転写因子の誘導）: 誘導 14 分で標的が増加（log2 +0.81）→ 促進。記録は抑制
IDEA と記録	HAP1	YER053C-A	転写制御	促進	IDEA（Hackett et al. 2020、転写因子の誘導）: 誘導 14 分で標的が増加（log2 +3.31）→ 促進。記録は抑制
IDEA と記録	HAP1	YPC1	転写制御	促進	IDEA（Hackett et al. 2020、転写因子の誘導）: 誘導 13 分で標的が増加（log2 +2.06）→ 促進。記録は抑制
IDEA と記録	HAP1	YRF1-2	転写制御	抑制	IDEA（Hackett et al. 2020、転写因子の誘導）: 誘導 10 分で標的が減少（log2 -0.55）→ 抑制。記録は促進
IDEA と記録	HAP2	IDP3	転写制御	促進	IDEA（Hackett et al. 2020、転写因子の誘導）: 誘導 8 分で標的が増加（log2 +0.60）→ 促進。記録は抑制
IDEA と記録	HAP5	COX12	転写制御	促進	IDEA（Hackett et al. 2020、転写因子の誘導）: 誘導 14 分で標的が増加（log2 +0.60）→ 促進。記録は抑制
IDEA と記録	HAP5	COX13	転写制御	促進	IDEA（Hackett et al. 2020、転写因子の誘導）: 誘導 14 分で標的が増加（log2 +0.78）→ 促進。記録は抑制
IDEA と記録	HAP5	ZRT1	転写制御	抑制	IDEA（Hackett et al. 2020、転写因子の誘導）: 誘導 3 分で標的が減少（log2 -1.05）→ 抑制。記録は促進
IDEA と記録	HCM1	KIN28	転写制御	促進	IDEA（Hackett et al. 2020、転写因子の誘導）: 誘導 18 分で標的が増加（log2 +0.51）→ 促進。記録は抑制
IDEA と記録	HCM1	NDC80	転写制御	促進	IDEA（Hackett et al. 2020、転写因子の誘導）: 誘導 14 分で標的が増加（log2 +0.72）→ 促進。記録は抑制
IDEA と記録	HCM1	PHO90	転写制御	促進	IDEA（Hackett et al. 2020、転写因子の誘導）: 誘導 17 分で標的が増加（log2 +0.52）→ 促進。記録は抑制
IDEA と記録	HCM1	VTC5	転写制御	促進	IDEA（Hackett et al. 2020、転写因子の誘導）: 誘導 16 分で標的が増加（log2 +0.56）→ 促進。記録は抑制
IDEA と記録	HMS1	YAP6	転写制御	促進	IDEA（Hackett et al. 2020、転写因子の誘導）: 誘導 15 分で標的が増加（log2 +1.40）→ 促進。記録は抑制
IDEA と記録	INO4	ATM1	転写制御	促進	IDEA（Hackett et al. 2020、転写因子の誘導）: 誘導 13 分で標的が増加（log2 +0.53）→ 促進。記録は抑制
IDEA と記録	INO4	FBP1	転写制御	促進	IDEA（Hackett et al. 2020、転写因子の誘導）: 誘導 17 分で標的が増加（log2 +0.83）→ 促進。記録は抑制
IDEA と記録	INO4	NAR1	転写制御	促進	IDEA（Hackett et al. 2020、転写因子の誘導）: 誘導 8 分で標的が増加（log2 +0.90）→ 促進。記録は抑制
IDEA と記録	INO4	YML089C	転写制御	促進	IDEA（Hackett et al. 2020、転写因子の誘導）: 誘導 15 分で標的が増加（log2 +0.95）→ 促進。記録は抑制
IDEA と記録	LEU3	DIP5	転写制御	促進	IDEA（Hackett et al. 2020、転写因子の誘導）: 誘導 18 分で標的が増加（log2 +1.35）→ 促進。記録は抑制
IDEA と記録	LEU3	MET13	転写制御	促進	IDEA（Hackett et al. 2020、転写因子の誘導）: 誘導 16 分で標的が増加（log2 +1.15）→ 促進。記録は抑制
IDEA と記録	LEU3	YJR018W	転写制御	促進	IDEA（Hackett et al. 2020、転写因子の誘導）: 誘導 17 分で標的が増加（log2 +1.11）→ 促進。記録は抑制
IDEA と記録	MAC1	CRR1	転写制御	促進	IDEA（Hackett et al. 2020、転写因子の誘導）: 誘導 11 分で標的が増加（log2 +3.24）→ 促進。記録は抑制
IDEA と記録	MAC1	ISY1	転写制御	促進	IDEA（Hackett et al. 2020、転写因子の誘導）: 誘導 11 分で標的が増加（log2 +0.64）→ 促進。記録は抑制
IDEA と記録	MAC1	LSB1	転写制御	促進	IDEA（Hackett et al. 2020、転写因子の誘導）: 誘導 12 分で標的が増加（log2 +1.36）→ 促進。記録は抑制
IDEA と記録	MAC1	LSM5	転写制御	促進	IDEA（Hackett et al. 2020、転写因子の誘導）: 誘導 9 分で標的が増加（log2 +0.64）→ 促進。記録は抑制
IDEA と記録	MAC1	MRH1	転写制御	促進	IDEA（Hackett et al. 2020、転写因子の誘導）: 誘導 14 分で標的が増加（log2 +0.99）→ 促進。記録は抑制
IDEA と記録	MAC1	UTR1	転写制御	促進	IDEA（Hackett et al. 2020、転写因子の誘導）: 誘導 13 分で標的が増加（log2 +0.68）→ 促進。記録は抑制
IDEA と記録	MBP1	ATP16	転写制御	促進	IDEA（Hackett et al. 2020、転写因子の誘導）: 誘導 17 分で標的が増加（log2 +0.70）→ 促進。記録は抑制
IDEA と記録	MBP1	CLB6	転写制御	促進	IDEA（Hackett et al. 2020、転写因子の誘導）: 誘導 17 分で標的が増加（log2 +1.22）→ 促進。記録は抑制
IDEA と記録	MBP1	PEX10	転写制御	抑制	IDEA（Hackett et al. 2020、転写因子の誘導）: 誘導 5 分で標的が減少（log2 -0.59）→ 抑制。記録は促進
IDEA と記録	MBP1	PEX28	転写制御	抑制	IDEA（Hackett et al. 2020、転写因子の誘導）: 誘導 16 分で標的が減少（log2 -0.72）→ 抑制。記録は促進
IDEA と記録	MBP1	RFA1	転写制御	促進	IDEA（Hackett et al. 2020、転写因子の誘導）: 誘導 17 分で標的が増加（log2 +0.56）→ 促進。記録は抑制
IDEA と記録	MBP1	ROY1	転写制御	抑制	IDEA（Hackett et al. 2020、転写因子の誘導）: 誘導 17 分で標的が減少（log2 -0.79）→ 抑制。記録は促進
IDEA と記録	MBP1	SPO12	転写制御	抑制	IDEA（Hackett et al. 2020、転写因子の誘導）: 誘導 16 分で標的が減少（log2 -0.63）→ 抑制。記録は促進
IDEA と記録	MBP1	YBR071W	転写制御	促進	IDEA（Hackett et al. 2020、転写因子の誘導）: 誘導 19 分で標的が増加（log2 +0.81）→ 促進。記録は抑制
IDEA と記録	MBP1	YCK2	転写制御	抑制	IDEA（Hackett et al. 2020、転写因子の誘導）: 誘導 15 分で標的が減少（log2 -0.62）→ 抑制。記録は促進
IDEA と記録	MBP1	YUR1	転写制御	抑制	IDEA（Hackett et al. 2020、転写因子の誘導）: 誘導 16 分で標的が減少（log2 -0.53）→ 抑制。記録は促進
IDEA と記録	MET31	NUT2	転写制御	抑制	IDEA（Hackett et al. 2020、転写因子の誘導）: 誘導 20 分で標的が減少（log2 -0.65）→ 抑制。記録は促進
IDEA と記録	MET32	ACS1	転写制御	促進	IDEA（Hackett et al. 2020、転写因子の誘導）: 誘導 9 分で標的が増加（log2 +0.54）→ 促進。記録は抑制
IDEA と記録	MET32	ADE3	転写制御	抑制	IDEA（Hackett et al. 2020、転写因子の誘導）: 誘導 16 分で標的が減少（log2 -0.70）→ 抑制。記録は促進
IDEA と記録	MET32	MET4	転写制御	抑制	IDEA（Hackett et al. 2020、転写因子の誘導）: 誘導 9 分で標的が減少（log2 -0.53）→ 抑制。記録は促進
IDEA と記録	MET32	NUT2	転写制御	抑制	IDEA（Hackett et al. 2020、転写因子の誘導）: 誘導 3 分で標的が減少（log2 -0.62）→ 抑制。記録は促進
IDEA と記録	MET32	POP1	転写制御	抑制	IDEA（Hackett et al. 2020、転写因子の誘導）: 誘導 14 分で標的が減少（log2 -0.61）→ 抑制。記録は促進
IDEA と記録	MET32	SOK2	転写制御	抑制	IDEA（Hackett et al. 2020、転写因子の誘導）: 誘導 9 分で標的が減少（log2 -0.53）→ 抑制。記録は促進
IDEA と記録	MET4	ASN1	転写制御	抑制	IDEA（Hackett et al. 2020、転写因子の誘導）: 誘導 20 分で標的が減少（log2 -0.98）→ 抑制。記録は促進
IDEA と記録	MET4	BAP2	転写制御	促進	IDEA（Hackett et al. 2020、転写因子の誘導）: 誘導 9 分で標的が増加（log2 +0.63）→ 促進。記録は抑制
IDEA と記録	MGA1	PHD1	転写制御	抑制	IDEA（Hackett et al. 2020、転写因子の誘導）: 誘導 15 分で標的が減少（log2 -0.96）→ 抑制。記録は促進
IDEA と記録	MGA1	RIM4	転写制御	抑制	IDEA（Hackett et al. 2020、転写因子の誘導）: 誘導 18 分で標的が減少（log2 -1.03）→ 抑制。記録は促進
IDEA と記録	MGA1	SOK2	転写制御	抑制	IDEA（Hackett et al. 2020、転写因子の誘導）: 誘導 18 分で標的が減少（log2 -1.39）→ 抑制。記録は促進
IDEA と記録	MGA1	TOS8	転写制御	抑制	IDEA（Hackett et al. 2020、転写因子の誘導）: 誘導 14 分で標的が減少（log2 -1.50）→ 抑制。記録は促進
IDEA と記録	MGA1	YAP6	転写制御	抑制	IDEA（Hackett et al. 2020、転写因子の誘導）: 誘導 13 分で標的が減少（log2 -0.91）→ 抑制。記録は促進
IDEA と記録	MIG2	RPL3	転写制御	促進	IDEA（Hackett et al. 2020、転写因子の誘導）: 誘導 16 分で標的が増加（log2 +0.67）→ 促進。記録は抑制
IDEA と記録	MIG2	YKR075C	転写制御	抑制	IDEA（Hackett et al. 2020、転写因子の誘導）: 誘導 12 分で標的が減少（log2 -0.56）→ 抑制。記録は促進
IDEA と記録	MSN2	AMF1	転写制御	促進	IDEA（Hackett et al. 2020、転写因子の誘導）: 誘導 19 分で標的が増加（log2 +0.73）→ 促進。記録は抑制
IDEA と記録	MSN2	ARK1	転写制御	抑制	IDEA（Hackett et al. 2020、転写因子の誘導）: 誘導 9 分で標的が減少（log2 -0.60）→ 抑制。記録は促進
IDEA と記録	MSN2	BMH1	転写制御	促進	IDEA（Hackett et al. 2020、転写因子の誘導）: 誘導 20 分で標的が増加（log2 +0.90）→ 促進。記録は抑制
IDEA と記録	MSN2	BUR2	転写制御	抑制	IDEA（Hackett et al. 2020、転写因子の誘導）: 誘導 5 分で標的が減少（log2 -0.52）→ 抑制。記録は促進
IDEA と記録	MSN2	GPA2	転写制御	促進	IDEA（Hackett et al. 2020、転写因子の誘導）: 誘導 18 分で標的が増加（log2 +0.56）→ 促進。記録は抑制
IDEA と記録	MSN2	GSP1	転写制御	抑制	IDEA（Hackett et al. 2020、転写因子の誘導）: 誘導 17 分で標的が減少（log2 -0.73）→ 抑制。記録は促進
IDEA と記録	MSN2	ICT1	転写制御	抑制	IDEA（Hackett et al. 2020、転写因子の誘導）: 誘導 20 分で標的が減少（log2 -0.73）→ 抑制。記録は促進
IDEA と記録	MSN2	KSS1	転写制御	抑制	IDEA（Hackett et al. 2020、転写因子の誘導）: 誘導 18 分で標的が減少（log2 -0.76）→ 抑制。記録は促進
IDEA と記録	MSN2	MOT2	転写制御	抑制	IDEA（Hackett et al. 2020、転写因子の誘導）: 誘導 19 分で標的が減少（log2 -0.59）→ 抑制。記録は促進
IDEA と記録	MSN2	NDE1	転写制御	促進	IDEA（Hackett et al. 2020、転写因子の誘導）: 誘導 15 分で標的が増加（log2 +1.05）→ 促進。記録は抑制
IDEA と記録	MSN2	OPT1	転写制御	促進	IDEA（Hackett et al. 2020、転写因子の誘導）: 誘導 19 分で標的が増加（log2 +1.02）→ 促進。記録は抑制
IDEA と記録	MSN2	PDR12	転写制御	抑制	IDEA（Hackett et al. 2020、転写因子の誘導）: 誘導 20 分で標的が減少（log2 -1.12）→ 抑制。記録は促進
IDEA と記録	MSN2	RCR2	転写制御	促進	IDEA（Hackett et al. 2020、転写因子の誘導）: 誘導 20 分で標的が増加（log2 +0.94）→ 促進。記録は抑制
IDEA と記録	MSN2	RGL1	転写制御	抑制	IDEA（Hackett et al. 2020、転写因子の誘導）: 誘導 9 分で標的が減少（log2 -0.91）→ 抑制。記録は促進
IDEA と記録	MSN2	RPB8	転写制御	抑制	IDEA（Hackett et al. 2020、転写因子の誘導）: 誘導 20 分で標的が減少（log2 -0.54）→ 抑制。記録は促進
IDEA と記録	MSN2	SVL3	転写制御	抑制	IDEA（Hackett et al. 2020、転写因子の誘導）: 誘導 16 分で標的が減少（log2 -0.58）→ 抑制。記録は促進
IDEA と記録	MSN2	YDL023C	転写制御	促進	IDEA（Hackett et al. 2020、転写因子の誘導）: 誘導 18 分で標的が増加（log2 +1.14）→ 促進。記録は抑制
IDEA と記録	MSN2	YER053C-A	転写制御	促進	IDEA（Hackett et al. 2020、転写因子の誘導）: 誘導 12 分で標的が増加（log2 +1.72）→ 促進。記録は抑制
IDEA と記録	MSN4	APD1	転写制御	促進	IDEA（Hackett et al. 2020、転写因子の誘導）: 誘導 19 分で標的が増加（log2 +0.58）→ 促進。記録は抑制
IDEA と記録	MSN4	ATR1	転写制御	抑制	IDEA（Hackett et al. 2020、転写因子の誘導）: 誘導 11 分で標的が減少（log2 -0.60）→ 抑制。記録は促進
IDEA と記録	MSN4	BNS1	転写制御	促進	IDEA（Hackett et al. 2020、転写因子の誘導）: 誘導 18 分で標的が増加（log2 +0.55）→ 促進。記録は抑制
IDEA と記録	MSN4	CYC1	転写制御	抑制	IDEA（Hackett et al. 2020、転写因子の誘導）: 誘導 19 分で標的が減少（log2 -0.84）→ 抑制。記録は促進
IDEA と記録	MSN4	GLN1	転写制御	抑制	IDEA（Hackett et al. 2020、転写因子の誘導）: 誘導 18 分で標的が減少（log2 -0.54）→ 抑制。記録は促進
IDEA と記録	MSN4	MCP1	転写制御	促進	IDEA（Hackett et al. 2020、転写因子の誘導）: 誘導 19 分で標的が増加（log2 +0.54）→ 促進。記録は抑制
IDEA と記録	MSN4	PDR12	転写制御	抑制	IDEA（Hackett et al. 2020、転写因子の誘導）: 誘導 11 分で標的が減少（log2 -0.92）→ 抑制。記録は促進
IDEA と記録	MSN4	PKH1	転写制御	促進	IDEA（Hackett et al. 2020、転写因子の誘導）: 誘導 19 分で標的が増加（log2 +0.59）→ 促進。記録は抑制
IDEA と記録	MSN4	PTR2	転写制御	抑制	IDEA（Hackett et al. 2020、転写因子の誘導）: 誘導 11 分で標的が減少（log2 -0.79）→ 抑制。記録は促進
IDEA と記録	MSN4	RPH1	転写制御	促進	IDEA（Hackett et al. 2020、転写因子の誘導）: 誘導 15 分で標的が増加（log2 +0.52）→ 促進。記録は抑制
IDEA と記録	MSN4	SOA1	転写制御	抑制	IDEA（Hackett et al. 2020、転写因子の誘導）: 誘導 19 分で標的が減少（log2 -0.59）→ 抑制。記録は促進
IDEA と記録	MSN4	TAT2	転写制御	抑制	IDEA（Hackett et al. 2020、転写因子の誘導）: 誘導 14 分で標的が減少（log2 -0.62）→ 抑制。記録は促進
IDEA と記録	MSN4	TOS8	転写制御	促進	IDEA（Hackett et al. 2020、転写因子の誘導）: 誘導 15 分で標的が増加（log2 +0.63）→ 促進。記録は抑制
IDEA と記録	MSN4	URC2	転写制御	抑制	IDEA（Hackett et al. 2020、転写因子の誘導）: 誘導 15 分で標的が減少（log2 -0.54）→ 抑制。記録は促進
IDEA と記録	MSN4	VRG4	転写制御	抑制	IDEA（Hackett et al. 2020、転写因子の誘導）: 誘導 11 分で標的が減少（log2 -0.55）→ 抑制。記録は促進
IDEA と記録	MSN4	YLR326W	転写制御	促進	IDEA（Hackett et al. 2020、転写因子の誘導）: 誘導 15 分で標的が増加（log2 +0.53）→ 促進。記録は抑制
IDEA と記録	MSS11	SRL1	転写制御	促進	IDEA（Hackett et al. 2020、転写因子の誘導）: 誘導 19 分で標的が増加（log2 +1.53）→ 促進。記録は抑制
IDEA と記録	NDT80	ACM1	転写制御	促進	IDEA（Hackett et al. 2020、転写因子の誘導）: 誘導 13 分で標的が増加（log2 +0.97）→ 促進。記録は抑制
IDEA と記録	NDT80	ADD66	転写制御	促進	IDEA（Hackett et al. 2020、転写因子の誘導）: 誘導 17 分で標的が増加（log2 +0.68）→ 促進。記録は抑制
IDEA と記録	NDT80	ADY4	転写制御	促進	IDEA（Hackett et al. 2020、転写因子の誘導）: 誘導 14 分で標的が増加（log2 +3.71）→ 促進。記録は抑制
IDEA と記録	NDT80	AIM23	転写制御	促進	IDEA（Hackett et al. 2020、転写因子の誘導）: 誘導 18 分で標的が増加（log2 +0.60）→ 促進。記録は抑制
IDEA と記録	NDT80	ALG9	転写制御	促進	IDEA（Hackett et al. 2020、転写因子の誘導）: 誘導 15 分で標的が増加（log2 +0.55）→ 促進。記録は抑制
IDEA と記録	NDT80	APC2	転写制御	促進	IDEA（Hackett et al. 2020、転写因子の誘導）: 誘導 13 分で標的が増加（log2 +1.23）→ 促進。記録は抑制
IDEA と記録	NDT80	APC5	転写制御	促進	IDEA（Hackett et al. 2020、転写因子の誘導）: 誘導 15 分で標的が増加（log2 +1.05）→ 促進。記録は抑制
IDEA と記録	NDT80	ATG3	転写制御	促進	IDEA（Hackett et al. 2020、転写因子の誘導）: 誘導 17 分で標的が増加（log2 +1.29）→ 促進。記録は抑制
IDEA と記録	NDT80	ATG40	転写制御	促進	IDEA（Hackett et al. 2020、転写因子の誘導）: 誘導 20 分で標的が増加（log2 +1.59）→ 促進。記録は抑制
IDEA と記録	NDT80	ATX1	転写制御	促進	IDEA（Hackett et al. 2020、転写因子の誘導）: 誘導 17 分で標的が増加（log2 +0.63）→ 促進。記録は抑制
IDEA と記録	NDT80	BBP1	転写制御	促進	IDEA（Hackett et al. 2020、転写因子の誘導）: 誘導 9 分で標的が増加（log2 +1.78）→ 促進。記録は抑制
IDEA と記録	NDT80	BET5	転写制御	促進	IDEA（Hackett et al. 2020、転写因子の誘導）: 誘導 14 分で標的が増加（log2 +0.72）→ 促進。記録は抑制
IDEA と記録	NDT80	CAB5	転写制御	促進	IDEA（Hackett et al. 2020、転写因子の誘導）: 誘導 15 分で標的が増加（log2 +0.99）→ 促進。記録は抑制
IDEA と記録	NDT80	CBC2	転写制御	促進	IDEA（Hackett et al. 2020、転写因子の誘導）: 誘導 11 分で標的が増加（log2 +2.14）→ 促進。記録は抑制
IDEA と記録	NDT80	CDC10	転写制御	促進	IDEA（Hackett et al. 2020、転写因子の誘導）: 誘導 15 分で標的が増加（log2 +1.75）→ 促進。記録は抑制
IDEA と記録	NDT80	CDC3	転写制御	促進	IDEA（Hackett et al. 2020、転写因子の誘導）: 誘導 16 分で標的が増加（log2 +1.28）→ 促進。記録は抑制
IDEA と記録	NDT80	CIS1	転写制御	促進	IDEA（Hackett et al. 2020、転写因子の誘導）: 誘導 15 分で標的が増加（log2 +0.92）→ 促進。記録は抑制
IDEA と記録	NDT80	COM2	転写制御	抑制	IDEA（Hackett et al. 2020、転写因子の誘導）: 誘導 18 分で標的が減少（log2 -0.51）→ 抑制。記録は促進
IDEA と記録	NDT80	CWP1	転写制御	促進	IDEA（Hackett et al. 2020、転写因子の誘導）: 誘導 15 分で標的が増加（log2 +5.73）→ 促進。記録は抑制
IDEA と記録	NDT80	DBP3	転写制御	促進	IDEA（Hackett et al. 2020、転写因子の誘導）: 誘導 16 分で標的が増加（log2 +0.58）→ 促進。記録は抑制
IDEA と記録	NDT80	DCN1	転写制御	促進	IDEA（Hackett et al. 2020、転写因子の誘導）: 誘導 15 分で標的が増加（log2 +1.35）→ 促進。記録は抑制
IDEA と記録	NDT80	ELO2	転写制御	促進	IDEA（Hackett et al. 2020、転写因子の誘導）: 誘導 13 分で標的が増加（log2 +0.58）→ 促進。記録は抑制
IDEA と記録	NDT80	ELO3	転写制御	促進	IDEA（Hackett et al. 2020、転写因子の誘導）: 誘導 10 分で標的が増加（log2 +1.10）→ 促進。記録は抑制
IDEA と記録	NDT80	ERF2	転写制御	促進	IDEA（Hackett et al. 2020、転写因子の誘導）: 誘導 15 分で標的が増加（log2 +0.53）→ 促進。記録は抑制
IDEA と記録	NDT80	ERP6	転写制御	促進	IDEA（Hackett et al. 2020、転写因子の誘導）: 誘導 18 分で標的が増加（log2 +0.56）→ 促進。記録は抑制
IDEA と記録	NDT80	EXO1	転写制御	促進	IDEA（Hackett et al. 2020、転写因子の誘導）: 誘導 10 分で標的が増加（log2 +1.39）→ 促進。記録は抑制
IDEA と記録	NDT80	FRE1	転写制御	促進	IDEA（Hackett et al. 2020、転写因子の誘導）: 誘導 15 分で標的が増加（log2 +0.89）→ 促進。記録は抑制
IDEA と記録	NDT80	FUI1	転写制御	促進	IDEA（Hackett et al. 2020、転写因子の誘導）: 誘導 11 分で標的が増加（log2 +1.23）→ 促進。記録は抑制
IDEA と記録	NDT80	GAL1	転写制御	抑制	IDEA（Hackett et al. 2020、転写因子の誘導）: 誘導 11 分で標的が減少（log2 -0.50）→ 抑制。記録は促進
IDEA と記録	NDT80	HES1	転写制御	促進	IDEA（Hackett et al. 2020、転写因子の誘導）: 誘導 12 分で標的が増加（log2 +0.66）→ 促進。記録は抑制
IDEA と記録	NDT80	HOT1	転写制御	促進	IDEA（Hackett et al. 2020、転写因子の誘導）: 誘導 18 分で標的が増加（log2 +0.56）→ 促進。記録は抑制
IDEA と記録	NDT80	HST1	転写制御	促進	IDEA（Hackett et al. 2020、転写因子の誘導）: 誘導 12 分で標的が増加（log2 +0.85）→ 促進。記録は抑制
IDEA と記録	NDT80	ICT1	転写制御	促進	IDEA（Hackett et al. 2020、転写因子の誘導）: 誘導 13 分で標的が増加（log2 +1.55）→ 促進。記録は抑制
IDEA と記録	NDT80	JHD2	転写制御	促進	IDEA（Hackett et al. 2020、転写因子の誘導）: 誘導 10 分で標的が増加（log2 +1.19）→ 促進。記録は抑制
IDEA と記録	NDT80	KAR1	転写制御	促進	IDEA（Hackett et al. 2020、転写因子の誘導）: 誘導 13 分で標的が増加（log2 +0.93）→ 促進。記録は抑制
IDEA と記録	NDT80	LHP1	転写制御	促進	IDEA（Hackett et al. 2020、転写因子の誘導）: 誘導 14 分で標的が増加（log2 +0.62）→ 促進。記録は抑制
IDEA と記録	NDT80	LOC1	転写制御	促進	IDEA（Hackett et al. 2020、転写因子の誘導）: 誘導 13 分で標的が増加（log2 +0.71）→ 促進。記録は抑制
IDEA と記録	NDT80	LOH1	転写制御	促進	IDEA（Hackett et al. 2020、転写因子の誘導）: 誘導 16 分で標的が増加（log2 +8.26）→ 促進。記録は抑制
IDEA と記録	NDT80	LRO1	転写制御	促進	IDEA（Hackett et al. 2020、転写因子の誘導）: 誘導 16 分で標的が増加（log2 +0.69）→ 促進。記録は抑制
IDEA と記録	NDT80	LYP1	転写制御	促進	IDEA（Hackett et al. 2020、転写因子の誘導）: 誘導 14 分で標的が増加（log2 +0.76）→ 促進。記録は抑制
IDEA と記録	NDT80	MET31	転写制御	促進	IDEA（Hackett et al. 2020、転写因子の誘導）: 誘導 14 分で標的が増加（log2 +0.60）→ 促進。記録は抑制
IDEA と記録	NDT80	MFT1	転写制御	促進	IDEA（Hackett et al. 2020、転写因子の誘導）: 誘導 16 分で標的が増加（log2 +0.69）→ 促進。記録は抑制
IDEA と記録	NDT80	MIG3	転写制御	抑制	IDEA（Hackett et al. 2020、転写因子の誘導）: 誘導 14 分で標的が減少（log2 -0.63）→ 抑制。記録は促進
IDEA と記録	NDT80	MPC54	転写制御	促進	IDEA（Hackett et al. 2020、転写因子の誘導）: 誘導 18 分で標的が増加（log2 +3.47）→ 促進。記録は抑制
IDEA と記録	NDT80	MRN1	転写制御	促進	IDEA（Hackett et al. 2020、転写因子の誘導）: 誘導 19 分で標的が増加（log2 +0.78）→ 促進。記録は抑制
IDEA と記録	NDT80	MRPS17	転写制御	促進	IDEA（Hackett et al. 2020、転写因子の誘導）: 誘導 15 分で標的が増加（log2 +0.58）→ 促進。記録は抑制
IDEA と記録	NDT80	NDD1	転写制御	促進	IDEA（Hackett et al. 2020、転写因子の誘導）: 誘導 13 分で標的が増加（log2 +0.61）→ 促進。記録は抑制
IDEA と記録	NDT80	NEJ1	転写制御	促進	IDEA（Hackett et al. 2020、転写因子の誘導）: 誘導 14 分で標的が増加（log2 +1.57）→ 促進。記録は抑制
IDEA と記録	NDT80	PGA2	転写制御	促進	IDEA（Hackett et al. 2020、転写因子の誘導）: 誘導 14 分で標的が増加（log2 +0.92）→ 促進。記録は抑制
IDEA と記録	NDT80	PHM6	転写制御	促進	IDEA（Hackett et al. 2020、転写因子の誘導）: 誘導 13 分で標的が増加（log2 +1.20）→ 促進。記録は抑制
IDEA と記録	NDT80	POM34	転写制御	促進	IDEA（Hackett et al. 2020、転写因子の誘導）: 誘導 15 分で標的が増加（log2 +0.70）→ 促進。記録は抑制
IDEA と記録	NDT80	POR2	転写制御	促進	IDEA（Hackett et al. 2020、転写因子の誘導）: 誘導 18 分で標的が増加（log2 +1.11）→ 促進。記録は抑制
IDEA と記録	NDT80	PTR2	転写制御	促進	IDEA（Hackett et al. 2020、転写因子の誘導）: 誘導 14 分で標的が増加（log2 +1.06）→ 促進。記録は抑制
IDEA と記録	NDT80	RDL2	転写制御	促進	IDEA（Hackett et al. 2020、転写因子の誘導）: 誘導 18 分で標的が増加（log2 +0.91）→ 促進。記録は抑制
IDEA と記録	NDT80	RMP1	転写制御	促進	IDEA（Hackett et al. 2020、転写因子の誘導）: 誘導 12 分で標的が増加（log2 +1.56）→ 促進。記録は抑制
IDEA と記録	NDT80	RPA43	転写制御	促進	IDEA（Hackett et al. 2020、転写因子の誘導）: 誘導 12 分で標的が増加（log2 +0.73）→ 促進。記録は抑制
IDEA と記録	NDT80	SDD2	転写制御	促進	IDEA（Hackett et al. 2020、転写因子の誘導）: 誘導 14 分で標的が増加（log2 +0.89）→ 促進。記録は抑制
IDEA と記録	NDT80	SEC14	転写制御	促進	IDEA（Hackett et al. 2020、転写因子の誘導）: 誘導 17 分で標的が増加（log2 +0.73）→ 促進。記録は抑制
IDEA と記録	NDT80	SEC65	転写制御	促進	IDEA（Hackett et al. 2020、転写因子の誘導）: 誘導 15 分で標的が増加（log2 +0.87）→ 促進。記録は抑制
IDEA と記録	NDT80	SGO1	転写制御	促進	IDEA（Hackett et al. 2020、転写因子の誘導）: 誘導 13 分で標的が増加（log2 +1.09）→ 促進。記録は抑制
IDEA と記録	NDT80	SNC2	転写制御	促進	IDEA（Hackett et al. 2020、転写因子の誘導）: 誘導 15 分で標的が増加（log2 +0.78）→ 促進。記録は抑制
IDEA と記録	NDT80	SPO19	転写制御	促進	IDEA（Hackett et al. 2020、転写因子の誘導）: 誘導 11 分で標的が増加（log2 +7.29）→ 促進。記録は抑制
IDEA と記録	NDT80	SSU1	転写制御	促進	IDEA（Hackett et al. 2020、転写因子の誘導）: 誘導 11 分で標的が増加（log2 +0.89）→ 促進。記録は抑制
IDEA と記録	NDT80	STE14	転写制御	促進	IDEA（Hackett et al. 2020、転写因子の誘導）: 誘導 6 分で標的が増加（log2 +0.60）→ 促進。記録は抑制
IDEA と記録	NDT80	STE18	転写制御	促進	IDEA（Hackett et al. 2020、転写因子の誘導）: 誘導 15 分で標的が増加（log2 +1.39）→ 促進。記録は抑制
IDEA と記録	NDT80	STE4	転写制御	促進	IDEA（Hackett et al. 2020、転写因子の誘導）: 誘導 14 分で標的が増加（log2 +0.63）→ 促進。記録は抑制
IDEA と記録	NDT80	STO1	転写制御	促進	IDEA（Hackett et al. 2020、転写因子の誘導）: 誘導 16 分で標的が増加（log2 +1.76）→ 促進。記録は抑制
IDEA と記録	NDT80	SYS1	転写制御	促進	IDEA（Hackett et al. 2020、転写因子の誘導）: 誘導 14 分で標的が増加（log2 +0.59）→ 促進。記録は抑制
IDEA と記録	NDT80	TIF34	転写制御	促進	IDEA（Hackett et al. 2020、転写因子の誘導）: 誘導 18 分で標的が増加（log2 +0.73）→ 促進。記録は抑制
IDEA と記録	NDT80	TIM18	転写制御	促進	IDEA（Hackett et al. 2020、転写因子の誘導）: 誘導 12 分で標的が増加（log2 +1.67）→ 促進。記録は抑制
IDEA と記録	NDT80	TOA2	転写制御	促進	IDEA（Hackett et al. 2020、転写因子の誘導）: 誘導 18 分で標的が増加（log2 +0.94）→ 促進。記録は抑制
IDEA と記録	NDT80	TRM8	転写制御	促進	IDEA（Hackett et al. 2020、転写因子の誘導）: 誘導 18 分で標的が増加（log2 +1.96）→ 促進。記録は抑制
IDEA と記録	NDT80	TVP18	転写制御	促進	IDEA（Hackett et al. 2020、転写因子の誘導）: 誘導 16 分で標的が増加（log2 +1.28）→ 促進。記録は抑制
IDEA と記録	NDT80	UBC11	転写制御	促進	IDEA（Hackett et al. 2020、転写因子の誘導）: 誘導 16 分で標的が増加（log2 +5.49）→ 促進。記録は抑制
IDEA と記録	NDT80	USV1	転写制御	抑制	IDEA（Hackett et al. 2020、転写因子の誘導）: 誘導 13 分で標的が減少（log2 -0.50）→ 抑制。記録は促進
IDEA と記録	NDT80	VLD1	転写制御	抑制	IDEA（Hackett et al. 2020、転写因子の誘導）: 誘導 16 分で標的が減少（log2 -0.64）→ 抑制。記録は促進
IDEA と記録	NDT80	YGR266W	転写制御	促進	IDEA（Hackett et al. 2020、転写因子の誘導）: 誘導 16 分で標的が増加（log2 +1.32）→ 促進。記録は抑制
IDEA と記録	NDT80	YIP3	転写制御	促進	IDEA（Hackett et al. 2020、転写因子の誘導）: 誘導 15 分で標的が増加（log2 +0.79）→ 促進。記録は抑制
IDEA と記録	NDT80	YML119W	転写制御	促進	IDEA（Hackett et al. 2020、転写因子の誘導）: 誘導 12 分で標的が増加（log2 +1.33）→ 促進。記録は抑制
IDEA と記録	NDT80	YNL033W	転写制御	促進	IDEA（Hackett et al. 2020、転写因子の誘導）: 誘導 15 分で標的が増加（log2 +5.85）→ 促進。記録は抑制
IDEA と記録	NDT80	YNL171C	転写制御	促進	IDEA（Hackett et al. 2020、転写因子の誘導）: 誘導 19 分で標的が増加（log2 +1.72）→ 促進。記録は抑制
IDEA と記録	NDT80	YOR019W	転写制御	促進	IDEA（Hackett et al. 2020、転写因子の誘導）: 誘導 19 分で標的が増加（log2 +0.86）→ 促進。記録は抑制
IDEA と記録	NDT80	YOR338W	転写制御	促進	IDEA（Hackett et al. 2020、転写因子の誘導）: 誘導 11 分で標的が増加（log2 +3.11）→ 促進。記録は抑制
IDEA と記録	NDT80	YPR027C	転写制御	促進	IDEA（Hackett et al. 2020、転写因子の誘導）: 誘導 13 分で標的が増加（log2 +7.19）→ 促進。記録は抑制
IDEA と記録	NDT80	YSP2	転写制御	促進	IDEA（Hackett et al. 2020、転写因子の誘導）: 誘導 12 分で標的が増加（log2 +1.34）→ 促進。記録は抑制
IDEA と記録	OAF1	ADR1	転写制御	抑制	IDEA（Hackett et al. 2020、転写因子の誘導）: 誘導 7 分で標的が減少（log2 -0.62）→ 抑制。記録は促進
IDEA と記録	OAF1	CAR2	転写制御	抑制	IDEA（Hackett et al. 2020、転写因子の誘導）: 誘導 12 分で標的が減少（log2 -0.72）→ 抑制。記録は促進
IDEA と記録	OAF1	DDR2	転写制御	抑制	IDEA（Hackett et al. 2020、転写因子の誘導）: 誘導 12 分で標的が減少（log2 -1.44）→ 抑制。記録は促進
IDEA と記録	OAF1	HSP12	転写制御	抑制	IDEA（Hackett et al. 2020、転写因子の誘導）: 誘導 12 分で標的が減少（log2 -1.76）→ 抑制。記録は促進
IDEA と記録	OAF1	HXT3	転写制御	促進	IDEA（Hackett et al. 2020、転写因子の誘導）: 誘導 15 分で標的が増加（log2 +1.39）→ 促進。記録は抑制
IDEA と記録	OAF1	IGD1	転写制御	抑制	IDEA（Hackett et al. 2020、転写因子の誘導）: 誘導 5 分で標的が減少（log2 -0.52）→ 抑制。記録は促進
IDEA と記録	OAF1	IRC7	転写制御	促進	IDEA（Hackett et al. 2020、転写因子の誘導）: 誘導 10 分で標的が増加（log2 +1.01）→ 促進。記録は抑制
IDEA と記録	OAF1	OPT1	転写制御	促進	IDEA（Hackett et al. 2020、転写因子の誘導）: 誘導 18 分で標的が増加（log2 +1.17）→ 促進。記録は抑制
IDEA と記録	OAF1	PMP2	転写制御	促進	IDEA（Hackett et al. 2020、転写因子の誘導）: 誘導 19 分で標的が増加（log2 +0.59）→ 促進。記録は抑制
IDEA と記録	OAF1	PRX1	転写制御	抑制	IDEA（Hackett et al. 2020、転写因子の誘導）: 誘導 10 分で標的が減少（log2 -0.81）→ 抑制。記録は促進
IDEA と記録	OAF1	PUT1	転写制御	促進	IDEA（Hackett et al. 2020、転写因子の誘導）: 誘導 14 分で標的が増加（log2 +1.04）→ 促進。記録は抑制
IDEA と記録	OAF1	SDS24	転写制御	抑制	IDEA（Hackett et al. 2020、転写因子の誘導）: 誘導 7 分で標的が減少（log2 -0.50）→ 抑制。記録は促進
IDEA と記録	OAF1	SKS1	転写制御	抑制	IDEA（Hackett et al. 2020、転写因子の誘導）: 誘導 7 分で標的が減少（log2 -0.78）→ 抑制。記録は促進
IDEA と記録	OAF1	SOK2	転写制御	抑制	IDEA（Hackett et al. 2020、転写因子の誘導）: 誘導 13 分で標的が減少（log2 -0.59）→ 抑制。記録は促進
IDEA と記録	OAF1	SUE1	転写制御	抑制	IDEA（Hackett et al. 2020、転写因子の誘導）: 誘導 13 分で標的が減少（log2 -1.26）→ 抑制。記録は促進
IDEA と記録	OAF1	TMA10	転写制御	抑制	IDEA（Hackett et al. 2020、転写因子の誘導）: 誘導 6 分で標的が減少（log2 -1.88）→ 抑制。記録は促進
IDEA と記録	OAF1	TMA17	転写制御	抑制	IDEA（Hackett et al. 2020、転写因子の誘導）: 誘導 7 分で標的が減少（log2 -0.71）→ 抑制。記録は促進
IDEA と記録	OAF1	TPS1	転写制御	抑制	IDEA（Hackett et al. 2020、転写因子の誘導）: 誘導 7 分で標的が減少（log2 -0.81）→ 抑制。記録は促進
IDEA と記録	OAF1	TSL1	転写制御	抑制	IDEA（Hackett et al. 2020、転写因子の誘導）: 誘導 7 分で標的が減少（log2 -1.32）→ 抑制。記録は促進
IDEA と記録	OAF1	YLR177W	転写制御	抑制	IDEA（Hackett et al. 2020、転写因子の誘導）: 誘導 5 分で標的が減少（log2 -0.98）→ 抑制。記録は促進
IDEA と記録	PHD1	ARN1	転写制御	抑制	IDEA（Hackett et al. 2020、転写因子の誘導）: 誘導 19 分で標的が減少（log2 -0.72）→ 抑制。記録は促進
IDEA と記録	PHD1	GPA1	転写制御	抑制	IDEA（Hackett et al. 2020、転写因子の誘導）: 誘導 15 分で標的が減少（log2 -0.51）→ 抑制。記録は促進
IDEA と記録	PHD1	HLR1	転写制御	抑制	IDEA（Hackett et al. 2020、転写因子の誘導）: 誘導 14 分で標的が減少（log2 -0.61）→ 抑制。記録は促進
IDEA と記録	PHD1	KSS1	転写制御	抑制	IDEA（Hackett et al. 2020、転写因子の誘導）: 誘導 13 分で標的が減少（log2 -0.50）→ 抑制。記録は促進
IDEA と記録	PHD1	PHO84	転写制御	抑制	IDEA（Hackett et al. 2020、転写因子の誘導）: 誘導 19 分で標的が減少（log2 -0.83）→ 抑制。記録は促進
IDEA と記録	PHD1	RGS2	転写制御	抑制	IDEA（Hackett et al. 2020、転写因子の誘導）: 誘導 18 分で標的が減少（log2 -3.46）→ 抑制。記録は促進
IDEA と記録	PHD1	SKS1	転写制御	抑制	IDEA（Hackett et al. 2020、転写因子の誘導）: 誘導 14 分で標的が減少（log2 -0.74）→ 抑制。記録は促進
IDEA と記録	PHD1	SOK2	転写制御	抑制	IDEA（Hackett et al. 2020、転写因子の誘導）: 誘導 18 分で標的が減少（log2 -1.95）→ 抑制。記録は促進
IDEA と記録	PHD1	THI7	転写制御	抑制	IDEA（Hackett et al. 2020、転写因子の誘導）: 誘導 18 分で標的が減少（log2 -1.21）→ 抑制。記録は促進
IDEA と記録	PHD1	TOS8	転写制御	抑制	IDEA（Hackett et al. 2020、転写因子の誘導）: 誘導 17 分で標的が減少（log2 -2.44）→ 抑制。記録は促進
IDEA と記録	PHD1	YAP6	転写制御	抑制	IDEA（Hackett et al. 2020、転写因子の誘導）: 誘導 17 分で標的が減少（log2 -0.94）→ 抑制。記録は促進
IDEA と記録	PHO2	YNL043C	転写制御	促進	IDEA（Hackett et al. 2020、転写因子の誘導）: 誘導 15 分で標的が増加（log2 +1.02）→ 促進。記録は抑制
IDEA と記録	PHO4	MNN4	転写制御	抑制	IDEA（Hackett et al. 2020、転写因子の誘導）: 誘導 13 分で標的が減少（log2 -1.09）→ 抑制。記録は促進
IDEA と記録	RGT1	MIG3	転写制御	抑制	IDEA（Hackett et al. 2020、転写因子の誘導）: 誘導 13 分で標的が減少（log2 -2.01）→ 抑制。記録は促進
IDEA と記録	RGT1	YKR075C	転写制御	抑制	IDEA（Hackett et al. 2020、転写因子の誘導）: 誘導 13 分で標的が減少（log2 -1.63）→ 抑制。記録は促進
IDEA と記録	RGT1	YNL234W	転写制御	抑制	IDEA（Hackett et al. 2020、転写因子の誘導）: 誘導 14 分で標的が減少（log2 -0.62）→ 抑制。記録は促進
IDEA と記録	RLM1	COY1	転写制御	抑制	IDEA（Hackett et al. 2020、転写因子の誘導）: 誘導 13 分で標的が減少（log2 -0.56）→ 抑制。記録は促進
IDEA と記録	RPN4	ATG1	転写制御	促進	IDEA（Hackett et al. 2020、転写因子の誘導）: 誘導 11 分で標的が増加（log2 +1.59）→ 促進。記録は抑制
IDEA と記録	RPN4	NUP49	転写制御	促進	IDEA（Hackett et al. 2020、転写因子の誘導）: 誘導 11 分で標的が増加（log2 +0.55）→ 促進。記録は抑制
IDEA と記録	RPN4	SWR1	転写制御	促進	IDEA（Hackett et al. 2020、転写因子の誘導）: 誘導 12 分で標的が増加（log2 +1.09）→ 促進。記録は抑制
IDEA と記録	RTG3	DAL2	転写制御	抑制	IDEA（Hackett et al. 2020、転写因子の誘導）: 誘導 19 分で標的が減少（log2 -1.37）→ 抑制。記録は促進
IDEA と記録	SFL1	SOK2	転写制御	抑制	IDEA（Hackett et al. 2020、転写因子の誘導）: 誘導 19 分で標的が減少（log2 -1.46）→ 抑制。記録は促進
IDEA と記録	SFP1	ARO10	転写制御	抑制	IDEA（Hackett et al. 2020、転写因子の誘導）: 誘導 19 分で標的が減少（log2 -1.20）→ 抑制。記録は促進
IDEA と記録	SFP1	ATG40	転写制御	抑制	IDEA（Hackett et al. 2020、転写因子の誘導）: 誘導 16 分で標的が減少（log2 -1.24）→ 抑制。記録は促進
IDEA と記録	SFP1	RUP1	転写制御	抑制	IDEA（Hackett et al. 2020、転写因子の誘導）: 誘導 14 分で標的が減少（log2 -0.62）→ 抑制。記録は促進
IDEA と記録	SFP1	YBL070C	転写制御	抑制	IDEA（Hackett et al. 2020、転写因子の誘導）: 誘導 19 分で標的が減少（log2 -0.78）→ 抑制。記録は促進
IDEA と記録	SFP1	YBR071W	転写制御	抑制	IDEA（Hackett et al. 2020、転写因子の誘導）: 誘導 19 分で標的が減少（log2 -0.89）→ 抑制。記録は促進
IDEA と記録	SFP1	YHR139C-A	転写制御	抑制	IDEA（Hackett et al. 2020、転写因子の誘導）: 誘導 7 分で標的が減少（log2 -1.02）→ 抑制。記録は促進
IDEA と記録	SFP1	YHR140W	転写制御	抑制	IDEA（Hackett et al. 2020、転写因子の誘導）: 誘導 17 分で標的が減少（log2 -0.92）→ 抑制。記録は促進
IDEA と記録	SFP1	YKR041W	転写制御	促進	IDEA（Hackett et al. 2020、転写因子の誘導）: 誘導 17 分で標的が増加（log2 +1.31）→ 促進。記録は抑制
IDEA と記録	SKN7	CIN5	転写制御	促進	IDEA（Hackett et al. 2020、転写因子の誘導）: 誘導 18 分で標的が増加（log2 +1.08）→ 促進。記録は抑制
IDEA と記録	SKN7	ISU2	転写制御	促進	IDEA（Hackett et al. 2020、転写因子の誘導）: 誘導 11 分で標的が増加（log2 +0.66）→ 促進。記録は抑制
IDEA と記録	SKN7	MSB2	転写制御	促進	IDEA（Hackett et al. 2020、転写因子の誘導）: 誘導 18 分で標的が増加（log2 +0.56）→ 促進。記録は抑制
IDEA と記録	SKN7	YLR297W	転写制御	促進	IDEA（Hackett et al. 2020、転写因子の誘導）: 誘導 19 分で標的が増加（log2 +1.40）→ 促進。記録は抑制
IDEA と記録	SKN7	YMR122C	転写制御	抑制	IDEA（Hackett et al. 2020、転写因子の誘導）: 誘導 19 分で標的が減少（log2 -1.18）→ 抑制。記録は促進
IDEA と記録	SKO1	AFR1	転写制御	抑制	IDEA（Hackett et al. 2020、転写因子の誘導）: 誘導 19 分で標的が減少（log2 -0.74）→ 抑制。記録は促進
IDEA と記録	SKO1	COG4	転写制御	抑制	IDEA（Hackett et al. 2020、転写因子の誘導）: 誘導 15 分で標的が減少（log2 -0.79）→ 抑制。記録は促進
IDEA と記録	SKO1	COS111	転写制御	促進	IDEA（Hackett et al. 2020、転写因子の誘導）: 誘導 19 分で標的が増加（log2 +1.28）→ 促進。記録は抑制
IDEA と記録	SKO1	ERR3	転写制御	抑制	IDEA（Hackett et al. 2020、転写因子の誘導）: 誘導 18 分で標的が減少（log2 -1.29）→ 抑制。記録は促進
IDEA と記録	SKO1	FIT1	転写制御	抑制	IDEA（Hackett et al. 2020、転写因子の誘導）: 誘導 16 分で標的が減少（log2 -1.15）→ 抑制。記録は促進
IDEA と記録	SKO1	ICY1	転写制御	抑制	IDEA（Hackett et al. 2020、転写因子の誘導）: 誘導 13 分で標的が減少（log2 -0.58）→ 抑制。記録は促進
IDEA と記録	SKO1	MET3	転写制御	抑制	IDEA（Hackett et al. 2020、転写因子の誘導）: 誘導 15 分で標的が減少（log2 -0.56）→ 抑制。記録は促進
IDEA と記録	SKO1	PIL1	転写制御	抑制	IDEA（Hackett et al. 2020、転写因子の誘導）: 誘導 17 分で標的が減少（log2 -0.61）→ 抑制。記録は促進
IDEA と記録	SKO1	PRR2	転写制御	抑制	IDEA（Hackett et al. 2020、転写因子の誘導）: 誘導 14 分で標的が減少（log2 -2.70）→ 抑制。記録は促進
IDEA と記録	SKO1	RSN1	転写制御	抑制	IDEA（Hackett et al. 2020、転写因子の誘導）: 誘導 19 分で標的が減少（log2 -0.54）→ 抑制。記録は促進
IDEA と記録	SKO1	SPO73	転写制御	抑制	IDEA（Hackett et al. 2020、転写因子の誘導）: 誘導 17 分で標的が減少（log2 -1.65）→ 抑制。記録は促進
IDEA と記録	SKO1	SUT1	転写制御	抑制	IDEA（Hackett et al. 2020、転写因子の誘導）: 誘導 15 分で標的が減少（log2 -0.53）→ 抑制。記録は促進
IDEA と記録	SKO1	YNL193W	転写制御	抑制	IDEA（Hackett et al. 2020、転写因子の誘導）: 誘導 15 分で標的が減少（log2 -0.62）→ 抑制。記録は促進
IDEA と記録	SMP1	ARN2	転写制御	抑制	IDEA（Hackett et al. 2020、転写因子の誘導）: 誘導 20 分で標的が減少（log2 -0.94）→ 抑制。記録は促進
IDEA と記録	SMP1	ASH1	転写制御	抑制	IDEA（Hackett et al. 2020、転写因子の誘導）: 誘導 15 分で標的が減少（log2 -1.08）→ 抑制。記録は促進
IDEA と記録	SMP1	CWP1	転写制御	抑制	IDEA（Hackett et al. 2020、転写因子の誘導）: 誘導 19 分で標的が減少（log2 -2.87）→ 抑制。記録は促進
IDEA と記録	SMP1	EXG1	転写制御	抑制	IDEA（Hackett et al. 2020、転写因子の誘導）: 誘導 17 分で標的が減少（log2 -2.04）→ 抑制。記録は促進
IDEA と記録	SMP1	PCA1	転写制御	抑制	IDEA（Hackett et al. 2020、転写因子の誘導）: 誘導 19 分で標的が減少（log2 -0.67）→ 抑制。記録は促進
IDEA と記録	SMP1	PIR1	転写制御	抑制	IDEA（Hackett et al. 2020、転写因子の誘導）: 誘導 20 分で標的が減少（log2 -1.62）→ 抑制。記録は促進
IDEA と記録	SMP1	SBE2	転写制御	抑制	IDEA（Hackett et al. 2020、転写因子の誘導）: 誘導 17 分で標的が減少（log2 -1.66）→ 抑制。記録は促進
IDEA と記録	SMP1	SIA1	転写制御	抑制	IDEA（Hackett et al. 2020、転写因子の誘導）: 誘導 15 分で標的が減少（log2 -1.54）→ 抑制。記録は促進
IDEA と記録	SMP1	UTR2	転写制御	抑制	IDEA（Hackett et al. 2020、転写因子の誘導）: 誘導 17 分で標的が減少（log2 -3.24）→ 抑制。記録は促進
IDEA と記録	SMP1	YGR079W	転写制御	抑制	IDEA（Hackett et al. 2020、転写因子の誘導）: 誘導 18 分で標的が減少（log2 -1.03）→ 抑制。記録は促進
IDEA と記録	SOK2	ACA1	転写制御	抑制	IDEA（Hackett et al. 2020、転写因子の誘導）: 誘導 18 分で標的が減少（log2 -1.77）→ 抑制。記録は促進
IDEA と記録	SOK2	DSE4	転写制御	抑制	IDEA（Hackett et al. 2020、転写因子の誘導）: 誘導 19 分で標的が減少（log2 -0.60）→ 抑制。記録は促進
IDEA と記録	SOK2	ISU2	転写制御	抑制	IDEA（Hackett et al. 2020、転写因子の誘導）: 誘導 20 分で標的が減少（log2 -0.57）→ 抑制。記録は促進
IDEA と記録	SOK2	KSS1	転写制御	抑制	IDEA（Hackett et al. 2020、転写因子の誘導）: 誘導 19 分で標的が減少（log2 -0.65）→ 抑制。記録は促進
IDEA と記録	SOK2	KTI12	転写制御	抑制	IDEA（Hackett et al. 2020、転写因子の誘導）: 誘導 16 分で標的が減少（log2 -0.54）→ 抑制。記録は促進
IDEA と記録	SOK2	PDR12	転写制御	抑制	IDEA（Hackett et al. 2020、転写因子の誘導）: 誘導 18 分で標的が減少（log2 -0.84）→ 抑制。記録は促進
IDEA と記録	SOK2	POC4	転写制御	抑制	IDEA（Hackett et al. 2020、転写因子の誘導）: 誘導 20 分で標的が減少（log2 -0.57）→ 抑制。記録は促進
IDEA と記録	SOK2	RHO5	転写制御	抑制	IDEA（Hackett et al. 2020、転写因子の誘導）: 誘導 19 分で標的が減少（log2 -1.70）→ 抑制。記録は促進
IDEA と記録	SOK2	RNH203	転写制御	抑制	IDEA（Hackett et al. 2020、転写因子の誘導）: 誘導 19 分で標的が減少（log2 -1.38）→ 抑制。記録は促進
IDEA と記録	SOK2	ROX1	転写制御	抑制	IDEA（Hackett et al. 2020、転写因子の誘導）: 誘導 18 分で標的が減少（log2 -1.17）→ 抑制。記録は促進
IDEA と記録	SOK2	SIT1	転写制御	抑制	IDEA（Hackett et al. 2020、転写因子の誘導）: 誘導 16 分で標的が減少（log2 -1.13）→ 抑制。記録は促進
IDEA と記録	SOK2	YBL044W	転写制御	抑制	IDEA（Hackett et al. 2020、転写因子の誘導）: 誘導 17 分で標的が減少（log2 -0.73）→ 抑制。記録は促進
IDEA と記録	SOK2	YLL053C	転写制御	抑制	IDEA（Hackett et al. 2020、転写因子の誘導）: 誘導 18 分で標的が減少（log2 -1.38）→ 抑制。記録は促進
IDEA と記録	STB5	ATG40	転写制御	抑制	IDEA（Hackett et al. 2020、転写因子の誘導）: 誘導 17 分で標的が減少（log2 -0.60）→ 抑制。記録は促進
IDEA と記録	STB5	COQ6	転写制御	抑制	IDEA（Hackett et al. 2020、転写因子の誘導）: 誘導 20 分で標的が減少（log2 -0.54）→ 抑制。記録は促進
IDEA と記録	STB5	ENA5	転写制御	促進	IDEA（Hackett et al. 2020、転写因子の誘導）: 誘導 15 分で標的が増加（log2 +0.54）→ 促進。記録は抑制
IDEA と記録	STB5	MET1	転写制御	促進	IDEA（Hackett et al. 2020、転写因子の誘導）: 誘導 17 分で標的が増加（log2 +1.08）→ 促進。記録は抑制
IDEA と記録	STE12	CBT1	転写制御	促進	IDEA（Hackett et al. 2020、転写因子の誘導）: 誘導 19 分で標的が増加（log2 +0.91）→ 促進。記録は抑制
IDEA と記録	STE12	FUI1	転写制御	促進	IDEA（Hackett et al. 2020、転写因子の誘導）: 誘導 20 分で標的が増加（log2 +0.65）→ 促進。記録は抑制
IDEA と記録	STE12	YOR343C	転写制御	促進	IDEA（Hackett et al. 2020、転写因子の誘導）: 誘導 18 分で標的が増加（log2 +1.35）→ 促進。記録は抑制
IDEA と記録	STE12	YPR195C	転写制御	抑制	IDEA（Hackett et al. 2020、転写因子の誘導）: 誘導 2 分で標的が減少（log2 -1.02）→ 抑制。記録は促進
IDEA と記録	STP2	CAR1	転写制御	促進	IDEA（Hackett et al. 2020、転写因子の誘導）: 誘導 14 分で標的が増加（log2 +0.91）→ 促進。記録は抑制
IDEA と記録	STP2	YOR282W	転写制御	抑制	IDEA（Hackett et al. 2020、転写因子の誘導）: 誘導 12 分で標的が減少（log2 -0.76）→ 抑制。記録は促進
IDEA と記録	SUM1	BDF2	転写制御	抑制	IDEA（Hackett et al. 2020、転写因子の誘導）: 誘導 18 分で標的が減少（log2 -0.61）→ 抑制。記録は促進
IDEA と記録	SUM1	COY1	転写制御	抑制	IDEA（Hackett et al. 2020、転写因子の誘導）: 誘導 19 分で標的が減少（log2 -0.66）→ 抑制。記録は促進
IDEA と記録	SUM1	DFR1	転写制御	促進	IDEA（Hackett et al. 2020、転写因子の誘導）: 誘導 17 分で標的が増加（log2 +0.80）→ 促進。記録は抑制
IDEA と記録	SUM1	IMA3	転写制御	促進	IDEA（Hackett et al. 2020、転写因子の誘導）: 誘導 17 分で標的が増加（log2 +0.58）→ 促進。記録は抑制
IDEA と記録	SUM1	SLY41	転写制御	抑制	IDEA（Hackett et al. 2020、転写因子の誘導）: 誘導 17 分で標的が減少（log2 -0.66）→ 抑制。記録は促進
IDEA と記録	SUM1	STO1	転写制御	促進	IDEA（Hackett et al. 2020、転写因子の誘導）: 誘導 17 分で標的が増加（log2 +0.62）→ 促進。記録は抑制
IDEA と記録	SUM1	YEL023C	転写制御	抑制	IDEA（Hackett et al. 2020、転写因子の誘導）: 誘導 19 分で標的が減少（log2 -0.86）→ 抑制。記録は促進
IDEA と記録	SWI5	BAR1	転写制御	促進	IDEA（Hackett et al. 2020、転写因子の誘導）: 誘導 12 分で標的が増加（log2 +1.16）→ 促進。記録は抑制
IDEA と記録	SWI5	FAA3	転写制御	促進	IDEA（Hackett et al. 2020、転写因子の誘導）: 誘導 13 分で標的が増加（log2 +0.80）→ 促進。記録は抑制
IDEA と記録	SWI5	MDJ2	転写制御	促進	IDEA（Hackett et al. 2020、転写因子の誘導）: 誘導 12 分で標的が増加（log2 +1.15）→ 促進。記録は抑制
IDEA と記録	SWI5	NCB2	転写制御	促進	IDEA（Hackett et al. 2020、転写因子の誘導）: 誘導 15 分で標的が増加（log2 +0.63）→ 促進。記録は抑制
IDEA と記録	SWI5	TGS1	転写制御	促進	IDEA（Hackett et al. 2020、転写因子の誘導）: 誘導 9 分で標的が増加（log2 +1.56）→ 促進。記録は抑制
IDEA と記録	SWI5	YDL032W	転写制御	抑制	IDEA（Hackett et al. 2020、転写因子の誘導）: 誘導 4 分で標的が減少（log2 -1.47）→ 抑制。記録は促進
IDEA と記録	TYE7	MET32	転写制御	抑制	IDEA（Hackett et al. 2020、転写因子の誘導）: 誘導 16 分で標的が減少（log2 -0.59）→ 抑制。記録は促進
IDEA と記録	TYE7	MET5	転写制御	抑制	IDEA（Hackett et al. 2020、転写因子の誘導）: 誘導 18 分で標的が減少（log2 -0.57）→ 抑制。記録は促進
IDEA と記録	TYE7	MHO1	転写制御	抑制	IDEA（Hackett et al. 2020、転写因子の誘導）: 誘導 16 分で標的が減少（log2 -0.55）→ 抑制。記録は促進
IDEA と記録	TYE7	SUL1	転写制御	抑制	IDEA（Hackett et al. 2020、転写因子の誘導）: 誘導 19 分で標的が減少（log2 -2.30）→ 抑制。記録は促進
IDEA と記録	TYE7	YGP1	転写制御	促進	IDEA（Hackett et al. 2020、転写因子の誘導）: 誘導 14 分で標的が増加（log2 +0.58）→ 促進。記録は抑制
IDEA と記録	TYE7	YNL108C	転写制御	促進	IDEA（Hackett et al. 2020、転写因子の誘導）: 誘導 14 分で標的が増加（log2 +0.51）→ 促進。記録は抑制
IDEA と記録	XBP1	ECM25	転写制御	抑制	IDEA（Hackett et al. 2020、転写因子の誘導）: 誘導 18 分で標的が減少（log2 -0.94）→ 抑制。記録は促進
IDEA と記録	XBP1	YBL029W	転写制御	抑制	IDEA（Hackett et al. 2020、転写因子の誘導）: 誘導 18 分で標的が減少（log2 -0.99）→ 抑制。記録は促進
IDEA と記録	YAP6	AQY1	転写制御	抑制	IDEA（Hackett et al. 2020、転写因子の誘導）: 誘導 15 分で標的が減少（log2 -1.10）→ 抑制。記録は促進
IDEA と記録	YAP6	DSE4	転写制御	抑制	IDEA（Hackett et al. 2020、転写因子の誘導）: 誘導 16 分で標的が減少（log2 -0.71）→ 抑制。記録は促進
IDEA と記録	YAP6	IMA4	転写制御	抑制	IDEA（Hackett et al. 2020、転写因子の誘導）: 誘導 16 分で標的が減少（log2 -0.97）→ 抑制。記録は促進
IDEA と記録	YAP6	RSB1	転写制御	抑制	IDEA（Hackett et al. 2020、転写因子の誘導）: 誘導 13 分で標的が減少（log2 -1.19）→ 抑制。記録は促進
IDEA と記録	YAP6	SLG1	転写制御	促進	IDEA（Hackett et al. 2020、転写因子の誘導）: 誘導 3 分で標的が増加（log2 +0.66）→ 促進。記録は抑制
文献で注記	YPD1	SLN1	phosphorylation	作用不明	逆向きのリン酸の受け渡し（信号の流れではない）。リン酸は SLN1 → YPD1 → SSK1 の向きに渡り、逆向きは試験管内の可逆反応の記録（15628880・9882653）。上流・下流をたどるときには使わない（PMID: 9882653）
文献で注記	SSK1	YPD1	enzymatic	作用不明	逆向きのリン酸の受け渡し（信号の流れではない）。リン酸は SLN1 → YPD1 → SSK1 の向きに渡り、逆向きは試験管内の可逆反応の記録（15628880・9882653）。上流・下流をたどるときには使わない（PMID: 15628880）
文献で注記	CDC5	APC9	phosphorylation	作用不明	本文: Cdc5 は試験管内で Cdc16・Cdc27・Apc9 をリン酸化する。要旨: ただし体内の部位ではない。cdc5 変異体では APC のリン酸化が減る（10871279）（PMID: 10871279）
文献で注記	SKN7	SLN1	phosphorylation	作用不明	信号の流れではない（逆向きのリン酸転移）。要旨: Sln1 のリン酸は Ypd1 を経て Ssk1 と Skn7 に渡り、Sln1 による Skn7 の活性化には Skn7 の D427 のリン酸化が要る（9843501）。信号は SLN1 → YPD1 → SKN7 の向きで、Skn7 が Sln1 をリン酸化するのは受け渡しの逆反応（PMID: 9843501）
文献で注記	SKN7	YPD1	phosphorylation	作用不明	信号の流れではない（逆向きのリン酸転移）。要旨: Sln1 のリン酸は Ypd1 を経て Ssk1 と Skn7 に渡り、Sln1 による Skn7 の活性化には Skn7 の D427 のリン酸化が要る（9843501）。信号は YPD1 → SKN7 の向きで、Skn7 から Ypd1 へのリン酸の移動は受け渡しの逆反応（PMID: 9843501）
文献で注記	CLA4	CDC12	phosphorylation	作用不明	本文: Cla4 は Cdc3・Cdc10・Cdc11 を効率よく、Cdc12 はずっと弱くリン酸化した。組換え Cla4 は Cdc12 と結合せず基質にならない（14993234）（PMID: 14993234）
文献で注記	UBP1	RPL40A	deubiquitination	作用不明	信号の流れではない（ユビキチン-リボソームタンパク質の融合前駆体の切断）。要旨: UBP1 はユビキチン融合タンパク質をユビキチンの C 末端で切るプロセシング酵素で、天然の融合（リボソームタンパク質との融合）も大きさによらず切る（2050695）。Rpl40 の働きへの作用は書かれていない（PMID: 2050695）
文献で注記	UBP1	RPL40B	deubiquitination	作用不明	信号の流れではない（ユビキチン-リボソームタンパク質の融合前駆体の切断）。要旨: Ubp1・Ubp2 は天然・人工のユビキチン融合タンパク質のユビキチンの C 末端を切る（1429680）。RPL40B はユビキチンとの融合タンパク質として作られ、その切り離しは前駆体の成熟（UBP3 → RPL40B・UBP1 → RPS31 と同じ扱い）（PMID: 1429680）
文献で注記	UBP1	RPS31	deubiquitination	作用不明	信号の流れではない（RPS31 はユビキチンとの融合タンパク質として作られ、Ubp1 はその融合を切り離す前駆体の成熟。ubp1 欠損でも切断は残り、Rps31 の働きを変える関係ではない）。要旨: Ubp1 はポリユビキチン以外の天然・人工のユビキチン融合をユビキチンの C 末端で切断する。ubp1 欠損株は生育でき、ユビキチン融合の切断も残る（2050695）（PMID: 2050695）
文献で注記	UBP2	RPL40B	deubiquitination	作用不明	信号の流れではない（ユビキチン-リボソームタンパク質の融合前駆体の切断）。要旨: Ubp2 と Ubp1 は試験管内で天然・人工のユビキチン融合をユビキチンの C 末端で切る（1429680）。Rpl40 の働きへの作用は書かれていない（PMID: 1429680）
文献で注記	UBP2	RPS31	deubiquitination	作用不明	信号の流れではない（RPS31 はユビキチンとの融合タンパク質として作られ、Ubp2 はその融合を切り離す。前駆体の成熟）。要旨: Ubp2 と Ubp1 は天然・人工のユビキチン融合をユビキチンの C 末端で切る（1429680）（PMID: 1429680）
文献で注記	UBP3	RPL40B	deubiquitination	作用不明	信号の流れではない（RPL40B はユビキチンとの融合タンパク質として作られ、Ubp3 はその融合を切り離す。前駆体の成熟。大腸菌で共発現した実験）。要旨: Ubp3 は大腸菌での共発現でポリユビキチン以外のユビキチン融合を切る（1429680）（PMID: 1429680）
文献で注記	YUH1	RPL40B	deubiquitination	作用不明	信号の流れではない（ユビキチン-リボソームタンパク質の融合前駆体の切断）。要旨: YUH1 は短いユビキチン融合を脱ユビキチン化するが、長い融合にはほとんど働かない（2050695）。BioGRID の論文 1429680 は Ubp2・Ubp3 のクローニングで、Yuh1 とは配列が似ないと述べるだけ。Rpl40 の働きへの作用は書かれていない（PMID: 2050695）
文献で注記	TPK1	HUR1	phosphorylation	作用不明	要旨: hur1-A 欠失は tpk1・nej1 欠失と同じく NHEJ の効率を下げ、二重欠失でも同じ低下（同じ経路）。リン酸化の記載なし（28987344）（PMID: 28987344）
文献で注記	CDC14	SLD2	dephosphorylation	作用不明	要旨: Cdc14 が核小体に保持されないと、Sld2・Dpb2 などの Cdk1 の基質を脱リン酸化し、Clb5 がないと DNA 複製に異常が出る（17116692）（PMID: 17116692）
文献で注記	CDC5	FKH2	phosphorylation	作用不明	本文: Cdc5 は Fkh2 をわずかにしかリン酸化せず、Ndd1 は効率よくリン酸化する。Fkh2 は Cdc5 の CLB2 群のプロモーターへの結合に要る（17122856）（PMID: 17122856）
文献で注記	ELP3	HTZ1	acetylation	作用不明	要旨: NuA4 が SWR-C でクロマチンに入った Htz1 の K14 をアセチル化する。Elp3 の記載なし（16543219）（PMID: 16543219）
文献で注記	ERV1	CYC1	enzymatic	作用不明	信号の流れではない（Erv1 からシトクロム c への電子の受け渡し）。要旨: Erv1 はシトクロム c と 1:1 で結合し、還元型 Erv1 は電子を酸化型シトクロム c に直接渡す。Erv1 は O2 も受け手にでき、生じた H2O2 を Ccp1 が還元する（17972915）（PMID: 17972915）
文献で注記	ATG3	ATG12	enzymatic	作用不明	信号の流れではない（E2 Atg3 と E3 様の Atg12-Atg5 の関係で、働きかけるのは Atg12-Atg5 の方）。要旨: Atg12-Atg5 結合体は Atg3 の活性を高め、Atg8 の PE への転移を促す E3 様の酵素（17986448）（PMID: 17986448）
文献で注記	COX17	SCO1	enzymatic	作用不明	信号の流れではない（銅の受け渡しの中継で、Sco1 の働きを上げ下げする調節ではない）。要旨: Cox17 は Sco1 と Cox11 への特異的な銅の供給体で、精製タンパク質で CuCox17 から Sco1 への直接の銅の移動を示した。酵母の細胞質で発現させた Sco1 の可溶部分の金属化は Cox17 の共発現に厳密に依存した（15199057）。Sco1 のループ 8 の変異体でも Cox17 からの Cu(I) の移動は正常（18390903）（PMID: 15199057, 18390903）
文献で注記	CDH1	PDS1	ubiquitination	抑制	本文: APC/C(Cdh1) による securin のユビキチン化を D box ペプチドが阻む（23707760）。要旨: CDC20 は Pds1 の分解に要るが、cdh1 欠損は Pds1 の分解を損なわない（9334304）（PMID: 23707760, 9334304）
文献で注記	CDH1	ACM1	ubiquitination	抑制	要旨: Acm1 は後期の初めに APC(Cdc20) で分解され、分裂期の後半には APC(Cdh1) も分解を促す（18498748）。Acm1 は Cdh1 に結合して基質の結合を妨げる阻害因子で、それ自体は基質でない（21460798）（PMID: 18498748, 21460798）
文献で注記	RAD6	BRE1	ubiquitination	作用不明	信号の流れではない（E2 と E3 の組。Bre1 が Rad6 の活性を H2B へ向ける）。要旨: 精製した因子とヌクレオソームの試験管内の系で、Rad6 は E3 なしでは全コアヒストンを非特異的にユビキチン化し、Bre1 は Rad6 と直接結合してその活性を H2B の生理的な部位へ向ける（19531475）（PMID: 19531475）
文献で注記	NFS1	TUM1	enzymatic	作用不明	信号の流れではない（硫黄中継での硫黄原子の受け渡し）。要旨: 試験管内の硫黄の受け渡しの実験で、Tum1 は Nfs1 のシステインデスルフラーゼを刺激し、Nfs1 から過硫化物の硫黄を受け取った（19151091）（PMID: 19151091）
文献で注記	NFS1	UBA4	enzymatic	作用不明	信号の流れではない（硫黄中継での硫黄原子の受け渡し）。要旨: Uba4 は Urm1 の C 末端をアシルアデニル化してからチオカルボキシル化する。試験管内では Uba4 は Tum1 がなくても Nfs1 から硫黄を受け取るが効率は低い（19151091）（PMID: 19151091）
文献で注記	SIZ1	UBC9	sumoylation	作用不明	信号の流れではない（SUMO の E3 Siz1 が E2 Ubc9 の SUMO チオエステルを活性化し基質へ移す反応で、Ubc9 の働きを上げ下げする信号ではない）。要旨: Siz1 の SP-RING と SP-CTD が E2～SUMO チオエステルの活性化に必要（19748360）（PMID: 19748360）
文献で注記	SIZ1	SMT3	sumoylation	作用不明	信号の流れではない（SUMO の E3 が修飾分子 Smt3 を基質に移す反応で、Smt3 の働きを上げ下げする関係ではない）。要旨: Siz1 の SP-RING と SP-CTD は E2～SUMO チオエステルの活性化に、PINIT ドメインは SUMO を PCNA の K164 へ向けるのに必要（19748360）（PMID: 19748360）
文献で注記	CDC5	RAD53	phosphorylation	作用不明	要旨: Rad53 は G2・M・G1 期に Cdc5 と Cdc28 に依存してリン酸化され、試験管内でも両者にリン酸化される。部位を失うと適応が早まる（20046099）。Cdc5 は DNA 損傷のチェックポイントで Rad53 の過剰なリン酸化を失わせて適応させる（20126259）（PMID: 20046099, 20126259）
文献で注記	PHO85	RIM101	phosphorylation	抑制	要旨: Pho85 は Rim101 の転写・切断・安定性には影響せず、活性型 Rim101 の核への蓄積をおそらくリン酸化で調節する（20382759）（PMID: 20382759）
文献で注記	MIA40	CYC1	enzymatic	作用不明	信号の流れではない（基質から Mia40、Erv1 を経てシトクロム c へ電子が渡る中継。シトクロム c に直接電子を渡すのは Erv1）。要旨: Mia40 は基質を酸化し、Erv1 が Mia40 を再酸化する。精製したシトクロム c・Erv1・Mia40・Cox19 で全過程を試験管内で再構成した（20188670）。PMC 本文なし（PMID: 20188670）
文献で注記	MIA40	CYC7	enzymatic	作用不明	信号の流れではない（ジスルフィド中継での電子の受け渡し。シトクロム c に電子を渡すのは Erv1）。要旨: Mia40 が基質を酸化し、Erv1 が Mia40 を再酸化する。精製したシトクロム c・Erv1・Mia40・Cox19 で試験管内に過程を再構成した（20188670）。要旨にはどのシトクロム c（CYC1・CYC7）か書かれていない（PMID: 20188670）
文献で注記	ERV1	CYC7	enzymatic	作用不明	信号の流れではない（Erv1 からシトクロム c への電子の受け渡し）。要旨: Mia40 は基質を酸化し、Erv1 が Mia40 を再酸化する。精製したシトクロム c・Erv1・Mia40・Cox19 で全過程を試験管内で再構成し、Erv1 の二量体のサブユニット間で電子が受け渡されることを示した（20188670）（PMID: 20188670）
文献で注記	UBA2	UBC9	sumoylation	作用不明	信号の流れではない（E1 Aos1-Uba2 から E2 Ubc9 への SUMO の受け渡し）。要旨: Aos1-Uba2 は SUMO の C 末端を活性化し、Ubc9 に結合して Uba2 と Ubc9 の触媒システインの間で SUMO を受け渡す。Uba2 の ufd と Ubc9 の複合体の結晶構造（21209884）。9341106・12354763 も読んだ（PMID: 21209884）
文献で注記	AOS1	UBC9	sumoylation	作用不明	信号の流れではない（E1 Aos1-Uba2 から E2 Ubc9 への SUMO の受け渡し）。要旨: SUMO の結合は Aos1-Uba2 の E1 で始まり、Ubc9 へ SUMO を受け渡す（21209884）（PMID: 21209884）
文献で注記	RAD5	UBI4	ubiquitination	作用不明	信号の流れではない（E3 がユビキチン鎖をつくる反応）。要旨: Rad5 は Ubc13-Mms2 による遊離の K63 ポリユビキチン鎖の合成を、Ubc13 とユビキチンのチオエステル結合の反応性を上げて促す。モノユビキチン化 PCNA のポリユビキチン化は Rad5 の N 末端と PCNA の結合でさらに高まる（19706603）。PCNA への働きは RAD5 → POL30 で登録済み（PMID: 19706603）
文献で注記	CDC34	UBI4	ubiquitination	作用不明	信号の流れではない（E2 がユビキチン鎖をつくる反応）。要旨: SCF-Cdc34 による Sic1 への K48 鎖の伸長の仕組み（16360039）。ループのない tmCdc34 は遊離のポリユビキチン鎖の合成が弱い（21453497）。BioGRID の記録は試験管内のユビキチン鎖の形成（PMID: 16360039, 21453497）
文献で注記	UBP8	UBI4	deubiquitination	作用不明	信号の流れではない（ユビキチン鎖の切断）。要旨: SAGA の脱ユビキチン化モジュールの Ubp8 は、ほかのサブユニットと複合体にあるときだけ働く（22771212）。BioGRID の記録は試験管内のジユビキチンの切断。UBI4 はユビキチンそのもの（PMID: 22771212）
文献で注記	UBC13	UBI4	ubiquitination	作用不明	信号の流れではない（E2 がユビキチン鎖をつくる反応）。要旨: Mms2 は Ubc13 と複合体をつくり、K63 結合のポリユビキチン鎖の形成に要る（10089880）。UBI4 はユビキチンそのもの（鎖の材料）（PMID: 10089880）
文献で注記	UBA1	UBC1	ubiquitination	作用不明	信号の流れではない（E1 から E2 へのユビキチンの受け渡し）。要旨: E1 はユビキチンの C 末端をアデニル化し、チオエステル中間体を経て E2 にユビキチンを渡す。酵母 Uba1 の構造（18662542）。BioGRID の記録は試験管内での Ubc1 へのユビキチンの受け渡し（PMID: 18662542）
文献で注記	UBA1	UBC4	ubiquitination	作用不明	信号の流れではない（E1 から E2 へのユビキチンの受け渡し）。要旨: E1 はユビキチンの C 末端をアデニル化し、チオエステル中間体を経て E2 にユビキチンを渡す。酵母 Uba1 の構造（18662542）。BioGRID の記録は試験管内での Ubc4 へのユビキチンの受け渡し（PMID: 18662542）
文献で注記	HRD1	UBI4	ubiquitination	作用不明	信号の流れではない（E3 がユビキチン鎖をつくる反応）。要旨: Cue1 の CUE ドメインはユビキチン鎖に結合し、ERAD のリガーゼでの K48 鎖の形成を助ける（23665229）。BioGRID の記録は試験管内の Hrd1 によるポリユビキチン鎖の形成（PMID: 23665229）
文献で注記	SSM4	UBI4	ubiquitination	作用不明	信号の流れではない（E3 がユビキチン鎖をつくる反応）。要旨: ERAD の E3 の Hrd1 と Doa10（SSM4）はともに E2 の Ubc7 と結合して活性化する。Ubc7 の変異体による鎖の形成は Hrd1 の RING では戻るが Doa10 の RING では戻らない（25646477）。UBI4 はユビキチンそのもの（PMID: 25646477）
文献で注記	UBA1	PEX4	ubiquitination	作用不明	信号の流れではない（E1 から E2 へのユビキチンの受け渡し）。要旨: Pex4 は E2 で、Pex22 と組んで Pex5 をユビキチン化する（PMID 22085930）。BioGRID の記録は試験管内での Uba1（E1）による Pex4 の charging。9341106 は Ubc9 と Smt3 の論文で Pex4 の記載はない（PMID: 22085930）
文献で注記	HRD1	UBC7	ubiquitination	作用不明	信号の流れではない（E2 と E3 の間の試験管内の反応）。BioGRID の記録は Ubc7・Cue1 を加えたときの Hrd1 の自己ユビキチン化など（PMID: 19366730, 37066402）
文献で注記	UBA1	UBC6	ubiquitination	作用不明	信号の流れではない（E1 から E2 へのユビキチンの受け渡し）。要旨: E1 はユビキチンの C 末端をアデニル化し、チオエステル中間体を経て E2 にユビキチンを渡す。酵母 Uba1 の構造（18662542）。BioGRID の記録は試験管内での Ubc6 へのユビキチンの受け渡し（PMID: 18662542）
文献で注記	UBA1	UBI4	ubiquitination	作用不明	信号の流れではない（E1 によるユビキチンの活性化（結合反応の第一段階））。要旨: ユビキチンの結合の前に、E1 がユビキチンの C 末端をアデニル化してチオエステルで自身に結ぶ。UBA1 は必須（1989885）。UBI4 はユビキチンそのもの（PMID: 1989885）
文献で注記	UBC1	UBI4	ubiquitination	作用不明	信号の流れではない（E2 がユビキチン鎖をつくる反応）。要旨: E2 の Ubc1 は K48 結合の鎖だけをつくり、UBA ドメインで K63 鎖と結合して K48/K63 の枝分かれ鎖をつくる（33576509）。UBI4 はユビキチンそのもの（PMID: 33576509）
文献で注記	RPN11	UBI4	deubiquitination	作用不明	信号の流れではない（プロテアソームでの基質からのユビキチン鎖の切断）。要旨: Rpn11 はプロテアソームで基質からユビキチン鎖を外す脱ユビキチン化酵素で、鎖の種類を選ばない（24463465）。UBI4 はユビキチンそのもの（鎖の材料）。BioGRID の記録は試験管内のジユビキチンの切断（PMID: 24463465）
文献で注記	OTU1	UBI4	deubiquitination	作用不明	信号の流れではない（ユビキチン鎖の切断）。要旨: Cdc48 は脱ユビキチン化酵素 Otu1 と結合し、Otu1 はマルチユビキチン鎖をほどいて Ufd2（E4）に対抗する（16427015）。UBI4 はユビキチンそのもの（PMID: 16427015）
文献で注記	PIB1	UBI4	ubiquitination	作用不明	信号の流れではない（E3 がユビキチン鎖をつくる反応）。要旨: Pib1 の RING ドメインは試験管内で E2 依存のユビキチンリガーゼ活性を示す（11526110）。UBI4 はユビキチンそのもの（PMID: 11526110）
文献で注記	UFD4	UBI4	ubiquitination	作用不明	信号の流れではない（Ufd4 は基質の上にユビキチン鎖を作る E3 で、UBI4 はユビキチンそのもの＝鎖の材料。Ubi4 の働きを変える関係ではない）。要旨: Ufd4 が作る K29 結合のユビキチン鎖に Ufd2 が K48 結合のユビキチンを付けて枝分かれ鎖にし、基質をプロテアソームに送る（28165462）（PMID: 28165462）
文献で注記	SLX5	UBI4	ubiquitination	作用不明	信号の流れではない（E3 がユビキチン鎖をつくる反応）。要旨: Slx5-Slx8 複合体は試験管内で Ubc1・Ubc4・Ubc5・Ubc13-Mms2 を刺激してユビキチン鎖をつくる E3（18032921）。UBI4 はユビキチンそのもの（PMID: 18032921）
文献で注記	SLX8	UBI4	ubiquitination	作用不明	信号の流れではない（E3 がユビキチン鎖をつくる反応）。要旨: Slx5-Slx8 複合体は試験管内で Ubc1・Ubc4・Ubc5・Ubc13-Mms2 を刺激してユビキチン鎖をつくる E3（18032921）。UBI4 はユビキチンそのもの（PMID: 18032921）
文献で注記	UBA1	RAD6	ubiquitination	作用不明	信号の流れではない（E1 から E2 へのユビキチンの受け渡し）。要旨: E1（Uba1）・E2（Rad6）・E3（Rad18）・基質（PCNA）の各段階のチオエステル中間体を測る試験管内の方法（32228444）（PMID: 32228444）
文献で注記	UBP5	UBI4	deubiquitination	作用不明	信号の流れではない（ユビキチン鎖の切断。UBI4 はユビキチンそのもの）。要旨: Ubp5 は Doa4 に似た脱ユビキチン化酵素だが、Doa4 の代わりにならずプロテアソームにも結合しない（10069815）。BioGRID の記録はジユビキチンを基質にした切断（PMID: 10069815）
文献で注記	CDC4	CDC34	ubiquitination	作用不明	信号の流れではない（E3 と E2 の間の試験管内の反応）。要旨: Rbx1 は Cdc34 と Cdc53 の結合を促し、Cdc53 や SCF の中で Cdc34 の自己ユビキチン化を高める（10213692）。要旨の SCF は Grr1 を含むもので、Cdc4 は出てこない（PMID: 10213692）
文献で注記	ULP1	SMT3	desumoylation	作用不明	信号の流れではない（SUMO の前駆体の切断と基質からの SUMO の切り離し）。要旨: Ulp1 は Smt3 から基質タンパク質を切り離す Ubl 特異的プロテアーゼで、G2/M 期に必須（10094048）。SUMO プロテアーゼは SUMO の C 末端の切断（前駆体の成熟）と基質からの SUMO の切り離しの 2 つの活性をもつ（17428805）。BioGRID の 2 つの記録（desumoylation・proteolysis）を 1 行にまとめた（PMID: 10094048, 17428805）
文献で注記	WSS1	SMT3	desumoylation	作用不明	信号の流れではない（ポリ SUMO 鎖の切断と伸長。SMT3 は SUMO そのもの）。要旨: Wss1 は SUMO に結合し、試験管内でポリ SUMO 鎖を切るイソペプチダーゼ活性をもつ（20516210）。DNA 損傷で Wss1/Cdc48/Doa1 が SUMO 化された標的に集まり、SUMO 鎖を伸ばす（26349035）。BioGRID の 3 つの記録（desumoylation・deubiquitination・sumoylation）を 1 行にまとめた（PMID: 20516210, 26349035）
文献で注記	WSS1	UBI4	deubiquitination	作用不明	信号の流れではない（ユビキチン-SUMO 鎖の切断。UBI4 はユビキチンそのもの）。要旨: Wss1 はユビキチン化基質やポリユビキチン鎖にはあまり働かないが、Ub-SUMO のイソペプチド結合体と融合タンパク質を効率よく脱ユビキチン化する（20516210、試験管内）（PMID: 20516210）
文献で注記	MMS21	SMT3	sumoylation	作用不明	信号の流れではない（E3 が SUMO 鎖をつくる反応）。要旨: Mms21 は Siz/PIAS RING ドメインをもつ SUMO リガーゼ（15738391）。BioGRID の記録は試験管内のジ・トリ SUMO の形成。SMT3 は SUMO そのもの（PMID: 15738391）
文献で注記	UBC9	NFI1	sumoylation	作用不明	信号の流れではない（E2 と E3 の組。Siz2 は SUMO E3 で、試験管内で SUMO 化した Siz2 を Slx5-Slx8 の基質として使っただけ）。要旨: Slx5-Slx8 はポリ SUMO 鎖をもつ基質をよくユビキチン化する（18499666）（PMID: 18499666）
文献で注記	IRC20	UBI4	ubiquitination	作用不明	信号の流れではない（E3 がユビキチン鎖をつくる反応で、ユビキチンの働きを上げ下げする関係ではない）。要旨: Irc20 の RING ドメインは試験管内でユビキチン E3 活性をもつ。Irc20 は Cdc48 と結合し、RING 変異体は SUMO との結合が増える（24155900）（PMID: 24155900）
文献で注記	YPK1	YNR014W	phosphorylation	作用不明	本文: 網羅的なスクリーニングで Ypk1 の基質候補。表では試験管内でリン酸化される（+）が、本文は未検証の候補として扱う（25279700）（PMID: 25279700）
文献で注記	UBC4	UBI4	ubiquitination	作用不明	信号の流れではない（E2 によるユビキチン鎖の形成。UBI4 はユビキチンそのもの）。要旨: Ufd2 は U-box で E2 の Ubc4 と組み、ユビキチンを Ufd2 自身または受け手のユビキチンに移して遊離のジユビキチンを作る（17890322）（PMID: 17890322）
文献で注記	UFD2	UBI4	ubiquitination	作用不明	信号の流れではない（E3（E4）がユビキチン鎖をつくる反応）。要旨: Ufd2 は U-box で E2 の Ubc4 と結合し、E2 からユビキチンを自身や別のユビキチンに移してジユビキチンをつくる（17890322）。UBI4 はユビキチンそのもの（PMID: 17890322）
文献で注記	UBP6	UBI4	deubiquitination	作用不明	信号の流れではない（ユビキチン鎖の切断）。要旨: プロテアソームの脱ユビキチン化酵素 Rpn11・Ubp6 は K11・K63 鎖を同程度に切る（25389291）。UBI4 はユビキチンそのもの（PMID: 25389291）
文献で注記	RRI1	UBI4	deneddylation	作用不明	信号の流れではない（Rub1-ユビキチンの鎖を切る反応で、修飾分子そのものの加工）。要旨: K48 結合の Rub1-ユビキチンのヘテロ二量体は COP9 シグナロソームや 26S プロテアソームで切断される（23105008）（PMID: 23105008）
文献で注記	RPN11	RUB1	deubiquitination	作用不明	信号の流れではない（Rub1-ユビキチンの鎖を切る反応で、修飾分子そのものの加工）。要旨: K48 結合の Rub1-ユビキチンのヘテロ二量体は COP9 シグナロソームや 26S プロテアソームで切断される（23105008）（PMID: 23105008）
文献で注記	CDC34	UBA1	ubiquitination	作用不明	信号の流れではない（E1 Uba1 から E2 Cdc34 へのユビキチンの受け渡しで、記録の向きも逆）。要旨: Cdc34 単独、E1 との複合体、Uba1-Cdc34 のチオエステル転移産物を模した Cdc34~Ub の結晶構造を示す（31341161）。BioGRID の PMID 17114057 は SCF-Cdc34 の基質ユビキチン化の機構の論文で、要旨に E1 は出てこない（PMID: 31341161）
文献で注記	ULP1	SMT3	proteolysis	作用不明	信号の流れではない（SUMO の前駆体の切断と基質からの SUMO の切り離し）。要旨: Ulp1 は Smt3 から基質タンパク質を切り離す Ubl 特異的プロテアーゼで、G2/M 期に必須（10094048）。SUMO プロテアーゼは SUMO の C 末端の切断（前駆体の成熟）と基質からの SUMO の切り離しの 2 つの活性をもつ（17428805）。BioGRID の 2 つの記録（desumoylation・proteolysis）を 1 行にまとめた（PMID: 10094048, 17428805）
文献で注記	UBC1	UBA1	ubiquitination	作用不明	信号の流れではない（E1 から E2 へのユビキチンの受け渡し）。要旨: Ubc4 と Ubc1 は APC と組む E2 で、Ubc4 は基質の複数のリシンをモノユビキチン化し、Ubc1 は K48 鎖を伸ばす（17632060）。BioGRID の記録は試験管内の E1→E2 のチオエステル転移で、向きも逆に記録されている（PMID: 17632060）
文献で注記	UBC4	UBA1	ubiquitination	作用不明	信号の流れではない（E1 から E2 へのユビキチンの受け渡し）。要旨: Ubc4 と Ubc1 は APC と組む E2（17632060）。BioGRID の記録は試験管内の E1→E2 のチオエステル転移で、向きも逆に記録されている（PMID: 17632060）
文献で注記	UBC7	UBI4	ubiquitination	作用不明	信号の流れではない（E2 がユビキチン鎖をつくる反応）。要旨: Cue1 の CUE ドメインが Ubc7 による K48 鎖の伸長を促す（27264873）。BioGRID の記録は試験管内のジユビキチン形成（PMID: 27264873）
文献で注記	UBC9	SMT3	sumoylation	作用不明	信号の流れではない（E2 Ubc9 と SUMO（Smt3）のチオエステル形成。Smt3 は修飾に使われる SUMO そのもの）。要旨: Ubc9 は Smt3 とチオエステルをつくり、Smt3 経路の E2 として働く（9341106）。BioGRID の論文（18832349）は Kar9 の試験管内の SUMO 化の論文（PMID: 9341106）
文献で注記	WSS1	SMT3	deubiquitination	作用不明	信号の流れではない（ポリ SUMO 鎖の切断と伸長。SMT3 は SUMO そのもの）。要旨: Wss1 は SUMO に結合し、試験管内でポリ SUMO 鎖を切るイソペプチダーゼ活性をもつ（20516210）。DNA 損傷で Wss1/Cdc48/Doa1 が SUMO 化された標的に集まり、SUMO 鎖を伸ばす（26349035）。BioGRID の 3 つの記録（desumoylation・deubiquitination・sumoylation）を 1 行にまとめた（PMID: 20516210, 26349035）
文献で注記	UBP2	UBI4	deubiquitination	作用不明	信号の流れではない（ユビキチン鎖の切断）。要旨: 過酸化水素は脱ユビキチン化酵素 Ubp2 を抑え、Rad6・Bre1 がつくる K63 鎖がたまる（25622294）。BioGRID の記録は試験管内での K63 鎖の切断。UBI4 はユビキチンそのもの（PMID: 25622294）
文献で注記	APC11	UBI4	ubiquitination	作用不明	信号の流れではない（E3 がユビキチン鎖をつくる反応で、ユビキチンの働きを上げ下げする関係ではない）。要旨: APC/C は Ubc4 と Ubc1 の 2 つの E2 と組み、基質上のポリユビキチン鎖の開始と伸長を行う。Ubc1 の UBA ドメインは APC/C への親和性を上げ、Ubc4 との競合を保つ（26306044）（PMID: 26306044）
文献で注記	WSS1	SMT3	sumoylation	作用不明	信号の流れではない（ポリ SUMO 鎖の切断と伸長。SMT3 は SUMO そのもの）。要旨: Wss1 は SUMO に結合し、試験管内でポリ SUMO 鎖を切るイソペプチダーゼ活性をもつ（20516210）。DNA 損傷で Wss1/Cdc48/Doa1 が SUMO 化された標的に集まり、SUMO 鎖を伸ばす（26349035）。BioGRID の 3 つの記録（desumoylation・deubiquitination・sumoylation）を 1 行にまとめた（PMID: 20516210, 26349035）
文献で注記	UBC6	SSM4	ubiquitination	作用不明	信号の流れではない（E2 と E3 の組。BioGRID の記録は試験管内での Doa10 の RING 断片への Ubc6 によるモノユビキチン化）。要旨: 非典型の E2 の Ubc6 はリシンだけでなく水酸基をもつアミノ酸にもユビキチンを 1 つ付け、それを足場に Ubc7 が鎖を伸ばす（27570077）（PMID: 27570077）
文献で注記	UBC7	SSM4	ubiquitination	作用不明	信号の流れではない（E2 と E3 の組。BioGRID の記録は試験管内での Doa10 の RING 断片の自己ユビキチン化）。要旨: Doa10 の基質は Ubc6 がユビキチンを 1 つ付け、Ubc7 が鎖を伸ばす（27570077）（PMID: 27570077）
文献で注記	UBP12	UBI4	deubiquitination	作用不明	信号の流れではない（ユビキチン鎖の切断。UBI4 はユビキチンそのもの）。要旨: Ubp12 と Ubp2 はミトコンドリア融合に逆の作用をもち、Fzo1 の上の別々のユビキチン鎖を切る（29309037）。BioGRID の記録は試験管内のいろいろな鎖の切断（PMID: 29309037）
文献で注記	RSP5	UBI4	ubiquitination	作用不明	信号の流れではない（E3 がユビキチン鎖をつくる反応）。要旨: 熱ショックで Ubp2・Ubp3 が Rsp5 と多く結合し、Rsp5 の基質上の K63 鎖の形成を防いで、K48 鎖によるプロテアソームでの分解を促す（27698423）。BioGRID の記録はユビキチン鎖（PMID: 27698423）
文献で注記	UBA1	CDC34	ubiquitination	作用不明	信号の流れではない（E1 から E2 へのユビキチンの受け渡し）。要旨: Cdc34 単独、E1 との複合体、Uba1-Cdc34 のチオエステル転移の産物をまねた Cdc34~Ub の結晶構造（31341161）。BioGRID の記録は試験管内の Cdc34-ユビキチンのチオエステル形成（7862115・12861024・33888705）（PMID: 31341161）
文献で注記	UBA1	UBC7	ubiquitination	作用不明	信号の流れではない（E1 から E2 へのユビキチンの受け渡し）。要旨: 精製した Ubc7 はユビキチンとのチオエステルをつくる（9172777）。BioGRID の記録は試験管内のトランスチオレーション（PMID: 9172777）
文献で注記	MCA1	RPS31	proteolysis	作用不明	信号の流れではない（RPS31 はユビキチンとの融合前駆体として作られ、Mca1/Yca1 はそれを切ってユビキチンを放出する。Rps31 の働きを変える関係ではなく、遊離ユビキチンを供給する働き）。要旨: Yca1 は Rps31 と相互作用し切断して遊離ユビキチンを放出する。Yca1 の欠損や触媒活性の喪失で体内の単量体ユビキチンが減り、タンパク質の凝集が増える（30675380）（PMID: 30675380）
文献で注記	UBP10	UBI4	deubiquitination	作用不明	信号の流れではない（ユビキチン鎖の切断。UBI4 はユビキチンそのもの）。要旨: Ubp10 はサブテロメアで H2B のユビキチン化を低く保ちサイレンシングを助ける脱ユビキチン化酵素（29288197）。BioGRID の記録は試験管内のジユビキチン鎖の切断（PMID: 29288197）
文献で注記	DDI1	UBI4	deubiquitination	作用不明	信号の流れではない（ユビキチン鎖は Ddi1 が基質を見分ける目印で、ユビキチンの働きを上げ下げする関係ではない）。要旨: Ddi1 は長いユビキチン鎖（約 8 個以上）の付いた基質だけを切るユビキチン依存のプロテアーゼ。Ddi1 の活性を損なうとポリユビキチン化タンパク質がたまる（32193351）（PMID: 32193351）
文献で注記	RAD6	RAD18	ubiquitination	作用不明	信号の流れではない（E2 と E3 の組）。要旨: Rad6（E2）と Rad18（RING の E3）はヘテロ二量体を作る（9287349）。BioGRID の記録は試験管内の Rad18 の自己ユビキチン化（32228444）（PMID: 9287349, 32228444）
文献で注記	UBC9	MMS21	sumoylation	作用不明	信号の流れではない（E2 と E3 の組。Mms21/Nse2 は Ubc9~SUMO を活性化して基質へ渡す E3）。要旨: Nse2 と E2-SUMO チオエステルの模倣体の複合体の結晶構造（34853311）。BioGRID の記録は試験管内での Nse2 と SUMO のチオエステル結合（PMID: 34853311）
文献で注記	UBR1	RAD6	ubiquitination	作用不明	信号の流れではない（E3 と E2 の組）。要旨: N 末端則の E3 Ubr1 は 1 つの E2（Ubc2＝Rad6）と組んでユビキチン鎖を作る。反応の中間体を模した構造（34789879）。BioGRID の記録はユビキチンの受け渡し（transthiolation）（PMID: 34789879）
文献で注記	RAD6	UBI4	ubiquitination	作用不明	信号の流れではない（E2 とユビキチン（鎖の材料））。要旨: Bre1 の N 末端ドメインが Rad6 と結合し Rad6 の酵素活性を高め、H2B のモノユビキチン化を助ける（36912886）。UBI4 はユビキチンそのもので、Ubi4 の働きを変える関係ではない（PMID: 36912886）
文献で注記	UBP3	UBI4	deubiquitination	作用不明	信号の流れではない（UBI4 はユビキチンそのもの。BioGRID の記録は試験管内での K63・K48 鎖の切断）。要旨: 脱ユビキチン化酵素の鎖の種類の好みを調べ、Cpr1 の K48 鎖は主に Ubp3 が調節する（32240951）（PMID: 32240951）
文献で注記	RAD6	ASR1	ubiquitination	作用不明	信号の流れではない（E2 と E3 の組）。要旨: E3 の Asr1 は Pol II の CTD の Ser7 リン酸化に呼ばれ、サブテロメアの遺伝子の抑制に働く。Ubc2（Rad6）が Asr1 と組む E2（40513950）（PMID: 40513950）
文献で注記	ACE2	MCR1	transcription	促進	要旨: Ace2・Swi5 の 34 の標的遺伝子のうち、MCR1 の欠失は静置発酵でのエタノール収率を下げる（26975390）（PMID: 26975390）
文献で注記	GCN4	PDX3	transcription	促進	要旨: PDX3 のプロモーターに Gcn4 結合配列の候補がいくつかあり、窒素代謝の一般制御を受けると推測（実験なし）（7896706）（PMID: 7896706）
文献で注記	GCN4	TYR1	transcription	促進	要旨: TYR1 の発現は GCN4 の一般制御を受けないらしく、フェニルアラニンの有無に依存する（2697638）（PMID: 2697638）
文献で注記	HAP2	QCR2	transcription	促進	要旨: COR2 の合成は HAP1・HAP2/HAP3・ヘムで制御される（向きは要旨に無い）（2167771）（PMID: 2167771）
文献で注記	HAP3	QCR2	transcription	促進	要旨: COR2 の合成は HAP1・HAP2/HAP3・ヘムで制御される（向きは要旨に無い）（2167771）（PMID: 2167771）
文献で注記	LEU3	OAC1	transcription	作用不明	要旨: leu3Δ の転写解析と Leu3 の DNA 結合のデータを合わせ、BAT1・GAT1・OAC1 が新たな Leu3 の標的と分かった（15949974）（PMID: 15949974）
文献で注記	MIG2	GAL1	transcription	抑制	要旨: Mig1 は GAL 遺伝子の抑制に必要だが、Mig2 は必要でない（9832517）（PMID: 9832517）
文献で注記	PHO2	TRP4	transcription	作用不明	要旨: PHO2 と GCN4 は TRP4 の UAS1 に排他的に結合し、低リン酸かつアミノ酸飢餓では PHO2 の結合が一般制御の応答を妨げる（2656261）（PMID: 2656261）
文献で注記	SKN7	KNH1	transcription	作用不明	要旨: KNH1 の転写は炭素源と kre9 欠失に依存するが SKN7 には依存しない（8810042）（PMID: 8810042）
文献で注記	STB5	ZWF1	transcription	作用不明	要旨: STB5 欠損株のトランスクリプトームで PP 経路の多くの遺伝子は変わるが Zwf1 は含まれない（30107458）（PMID: 30107458）
文献で注記	GCD7	GCN3	activation	作用不明	信号の流れではない（同じ eIF2B 複合体のサブユニット同士。GEF としての働きの相手は eIF2）。要旨: GCD6・GCD7 は GCD1・GCD2・GCN3 と共精製され eIF2B のサブユニットである（8336705）。GCN3・GCD7・GCD2 は調節の部分複合体、GCD1・GCD6 は触媒の部分複合体をつくる（9472020）（PMID: 8336705）
文献で注記	GCD7	GCD2	activation	作用不明	信号の流れではない（同じ eIF2B 複合体のサブユニット同士。GEF としての働きの相手は eIF2）。要旨: GCD6・GCD7 は GCD1・GCD2・GCN3 と共精製され eIF2B のサブユニットである（8336705）。GCN3・GCD7・GCD2 は調節の部分複合体、GCD1・GCD6 は触媒の部分複合体をつくる（9472020）（PMID: 8336705）
文献で注記	GCD7	GCD1	activation	作用不明	信号の流れではない（同じ eIF2B 複合体のサブユニット同士。GEF としての働きの相手は eIF2）。要旨: GCD6・GCD7 は GCD1・GCD2・GCN3 と共精製され eIF2B のサブユニットである（8336705）。GCN3・GCD7・GCD2 は調節の部分複合体、GCD1・GCD6 は触媒の部分複合体をつくる（9472020）（PMID: 8336705）
文献で注記	GCD1	GCD6	activation	作用不明	信号の流れではない（同じ eIF2B 複合体のサブユニット同士。GEF としての働きの相手は eIF2）。要旨: GCD1 と GCD6 は eIF2B の触媒の部分複合体をつくり、GCN3・GCD7・GCD2 は調節の部分複合体をつくる（9472020）。一方が他方の働きを上げる関係ではない（PMID: 9472020）
文献で注記	ISU1	SSQ1	activation	作用不明	信号の流れではない（Isu1 は Ssq1 の基質で、基質の結合が ATPase を高める反応）。要旨: Fe/S クラスターの足場 Isu は Jac1 と Ssq1 の基質で、Jac1 と Isu1 は協同して Ssq1 の ATPase を高める（試験管内、12756240）（PMID: 12756240）
文献で注記	SNF4	SNF1	activation	促進	出典で向きが誤り: UniProt の活性の調節は「SNF4 が Snf1 の自己抑制ドメインを捕まえて正に制御する」と書くが、取り込みで抑制になっていた。要旨: SNF4 は SNF1 キナーゼの最大活性に要り、キナーゼの正の作用因子（2557546）（PMID: 2557546）
文献で注記	YTA12	AFG3	inhibition	作用不明	信号の流れではない（同じ m-AAA プロテアーゼの環の中で、ATP が結合したサブユニットが隣のサブユニットの ATP 加水分解を抑えて加水分解を協調させる）。要旨: UniProt の記載は Afg3 への ATP 結合が Yta12 の加水分解を抑えるもので、記録の向き（Yta12 → Afg3）とも逆（19748354）（PMID: 19748354）
文献で注記	TAG1	ATG1	inhibition	抑制	要旨: 終結は Atg1 による Atg13 の再リン酸化と PAS の解散で起こり、Δtag1 ではそれが欠ける（33536246）（PMID: 33536246）
破壊株データと記録	ACE2	ERG11	転写制御	促進	破壊株データ Deleteome（Kemmeren et al. 2014）: 転写因子の破壊で標的が増加（log2 比 +0.87, p=0）→ 抑制と推定
破壊株データと記録	AZF1	AQR1	転写制御	抑制	破壊株データ Deleteome（Kemmeren et al. 2014）: 転写因子の破壊で標的が減少（log2 比 -0.85, p=4.4e-12）→ 促進と推定
破壊株データと記録	CBF1	ARO9	転写制御	促進	破壊株データ Deleteome（Kemmeren et al. 2014）: 転写因子の破壊で標的が増加（log2 比 +0.90, p=0）→ 抑制と推定
破壊株データと記録	CBF1	GGC1	転写制御	促進	破壊株データ Deleteome（Kemmeren et al. 2014）: 転写因子の破壊で標的が増加（log2 比 +1.11, p=0）→ 抑制と推定
破壊株データと記録	CBF1	LEU4	転写制御	促進	破壊株データ Deleteome（Kemmeren et al. 2014）: 転写因子の破壊で標的が増加（log2 比 +1.11, p=0）→ 抑制と推定
破壊株データと記録	CBF1	LYS1	転写制御	促進	破壊株データ Deleteome（Kemmeren et al. 2014）: 転写因子の破壊で標的が増加（log2 比 +0.82, p=0）→ 抑制と推定
破壊株データと記録	CBF1	MNN4	転写制御	促進	破壊株データ Deleteome（Kemmeren et al. 2014）: 転写因子の破壊で標的が増加（log2 比 +0.83, p=2.6e-26）→ 抑制と推定
破壊株データと記録	CBF1	PRS2	転写制御	抑制	破壊株データ Deleteome（Kemmeren et al. 2014）: 転写因子の破壊で標的が減少（log2 比 -1.15, p=0）→ 促進と推定
破壊株データと記録	CST6	FAA1	転写制御	促進	破壊株データ Deleteome（Kemmeren et al. 2014）: 転写因子の破壊で標的が増加（log2 比 +0.99, p=1.8e-23）→ 抑制と推定
破壊株データと記録	DAL81	BAT2	転写制御	促進	破壊株データ Deleteome（Kemmeren et al. 2014）: 転写因子の破壊で標的が増加（log2 比 +0.94, p=9.8e-35）→ 抑制と推定
破壊株データと記録	FKH1	ADH4	転写制御	促進	破壊株データ Deleteome（Kemmeren et al. 2014）: 転写因子の破壊で標的が増加（log2 比 +1.79, p=0）→ 抑制と推定
破壊株データと記録	FKH1	CHA1	転写制御	抑制	破壊株データ Deleteome（Kemmeren et al. 2014）: 転写因子の破壊で標的が減少（log2 比 -0.98, p=1.1e-14）→ 促進と推定
破壊株データと記録	FKH1	GCV2	転写制御	抑制	破壊株データ Deleteome（Kemmeren et al. 2014）: 転写因子の破壊で標的が減少（log2 比 -0.77, p=1.6e-16）→ 促進と推定
破壊株データと記録	FKH1	HSP26	転写制御	促進	破壊株データ Deleteome（Kemmeren et al. 2014）: 転写因子の破壊で標的が増加（log2 比 +0.83, p=3.5e-05）→ 抑制と推定
破壊株データと記録	FKH1	SED1	転写制御	抑制	破壊株データ Deleteome（Kemmeren et al. 2014）: 転写因子の破壊で標的が減少（log2 比 -0.81, p=2.2e-20）→ 促進と推定
破壊株データと記録	FKH1	SER3	転写制御	促進	破壊株データ Deleteome（Kemmeren et al. 2014）: 転写因子の破壊で標的が増加（log2 比 +1.01, p=2.7e-23）→ 抑制と推定
破壊株データと記録	FKH1	YGP1	転写制御	抑制	破壊株データ Deleteome（Kemmeren et al. 2014）: 転写因子の破壊で標的が減少（log2 比 -1.38, p=9.8e-29）→ 促進と推定
破壊株データと記録	GLN3	CPA2	転写制御	促進	破壊株データ Deleteome（Kemmeren et al. 2014）: 転写因子の破壊で標的が増加（log2 比 +1.17, p=6.3e-24）→ 抑制と推定
破壊株データと記録	GLN3	HSP26	転写制御	促進	破壊株データ Deleteome（Kemmeren et al. 2014）: 転写因子の破壊で標的が増加（log2 比 +1.73, p=1.1e-20）→ 抑制と推定
破壊株データと記録	HAL9	YNL134C	転写制御	抑制	破壊株データ Deleteome（Kemmeren et al. 2014）: 転写因子の破壊で標的が減少（log2 比 -0.85, p=1.4e-16）→ 促進と推定
破壊株データと記録	HAP2	INH1	転写制御	抑制	破壊株データ Deleteome（Kemmeren et al. 2014）: 転写因子の破壊で標的が減少（log2 比 -2.45, p=0）→ 促進と推定
破壊株データと記録	HAP2	MIR1	転写制御	抑制	破壊株データ Deleteome（Kemmeren et al. 2014）: 転写因子の破壊で標的が減少（log2 比 -0.97, p=9.1e-33）→ 促進と推定
破壊株データと記録	HAP2	UPS2	転写制御	抑制	破壊株データ Deleteome（Kemmeren et al. 2014）: 転写因子の破壊で標的が減少（log2 比 -0.86, p=2.8e-34）→ 促進と推定
破壊株データと記録	HAP3	INH1	転写制御	抑制	破壊株データ Deleteome（Kemmeren et al. 2014）: 転写因子の破壊で標的が減少（log2 比 -2.14, p=0）→ 促進と推定
破壊株データと記録	HAP3	MIR1	転写制御	抑制	破壊株データ Deleteome（Kemmeren et al. 2014）: 転写因子の破壊で標的が減少（log2 比 -1.11, p=0）→ 促進と推定
破壊株データと記録	HAP3	YHB1	転写制御	抑制	破壊株データ Deleteome（Kemmeren et al. 2014）: 転写因子の破壊で標的が減少（log2 比 -2.21, p=0）→ 促進と推定
破壊株データと記録	HAP5	INH1	転写制御	抑制	破壊株データ Deleteome（Kemmeren et al. 2014）: 転写因子の破壊で標的が減少（log2 比 -2.07, p=0）→ 促進と推定
破壊株データと記録	INO2	DDR48	転写制御	促進	破壊株データ Deleteome（Kemmeren et al. 2014）: 転写因子の破壊で標的が増加（log2 比 +1.53, p=0）→ 抑制と推定
破壊株データと記録	INO2	FAF1	転写制御	抑制	破壊株データ Deleteome（Kemmeren et al. 2014）: 転写因子の破壊で標的が減少（log2 比 -0.80, p=9.2e-30）→ 促進と推定
破壊株データと記録	INO2	PBI2	転写制御	促進	破壊株データ Deleteome（Kemmeren et al. 2014）: 転写因子の破壊で標的が増加（log2 比 +1.50, p=0）→ 抑制と推定
破壊株データと記録	INO2	PIC2	転写制御	促進	破壊株データ Deleteome（Kemmeren et al. 2014）: 転写因子の破壊で標的が増加（log2 比 +1.41, p=0）→ 抑制と推定
破壊株データと記録	INO2	USV1	転写制御	促進	破壊株データ Deleteome（Kemmeren et al. 2014）: 転写因子の破壊で標的が増加（log2 比 +1.08, p=1.5e-36）→ 抑制と推定
破壊株データと記録	INO2	YBR085C-A	転写制御	促進	破壊株データ Deleteome（Kemmeren et al. 2014）: 転写因子の破壊で標的が増加（log2 比 +1.51, p=0）→ 抑制と推定
破壊株データと記録	INO2	YMR173W-A	転写制御	促進	破壊株データ Deleteome（Kemmeren et al. 2014）: 転写因子の破壊で標的が増加（log2 比 +1.14, p=7.4e-34）→ 抑制と推定
破壊株データと記録	INO4	ARF2	転写制御	促進	破壊株データ Deleteome（Kemmeren et al. 2014）: 転写因子の破壊で標的が増加（log2 比 +0.86, p=0）→ 抑制と推定
破壊株データと記録	INO4	CTT1	転写制御	促進	破壊株データ Deleteome（Kemmeren et al. 2014）: 転写因子の破壊で標的が増加（log2 比 +2.98, p=0）→ 抑制と推定
破壊株データと記録	INO4	CWP1	転写制御	促進	破壊株データ Deleteome（Kemmeren et al. 2014）: 転写因子の破壊で標的が増加（log2 比 +1.04, p=2.2e-37）→ 抑制と推定
破壊株データと記録	INO4	ENO2	転写制御	促進	破壊株データ Deleteome（Kemmeren et al. 2014）: 転写因子の破壊で標的が増加（log2 比 +0.82, p=1.2e-10）→ 抑制と推定
破壊株データと記録	INO4	FAF1	転写制御	抑制	破壊株データ Deleteome（Kemmeren et al. 2014）: 転写因子の破壊で標的が減少（log2 比 -0.81, p=2.3e-30）→ 促進と推定
破壊株データと記録	INO4	FTR1	転写制御	抑制	破壊株データ Deleteome（Kemmeren et al. 2014）: 転写因子の破壊で標的が減少（log2 比 -0.77, p=1.5e-13）→ 促進と推定
破壊株データと記録	INO4	GPD1	転写制御	促進	破壊株データ Deleteome（Kemmeren et al. 2014）: 転写因子の破壊で標的が増加（log2 比 +1.37, p=0）→ 抑制と推定
破壊株データと記録	INO4	GPP2	転写制御	促進	破壊株データ Deleteome（Kemmeren et al. 2014）: 転写因子の破壊で標的が増加（log2 比 +1.21, p=3.5e-35）→ 抑制と推定
破壊株データと記録	INO4	GRE3	転写制御	促進	破壊株データ Deleteome（Kemmeren et al. 2014）: 転写因子の破壊で標的が増加（log2 比 +1.69, p=0）→ 抑制と推定
破壊株データと記録	INO4	HMS2	転写制御	抑制	破壊株データ Deleteome（Kemmeren et al. 2014）: 転写因子の破壊で標的が減少（log2 比 -0.89, p=0）→ 促進と推定
破壊株データと記録	INO4	HSP10	転写制御	促進	破壊株データ Deleteome（Kemmeren et al. 2014）: 転写因子の破壊で標的が増加（log2 比 +0.82, p=2.6e-20）→ 抑制と推定
破壊株データと記録	INO4	MDJ1	転写制御	促進	破壊株データ Deleteome（Kemmeren et al. 2014）: 転写因子の破壊で標的が増加（log2 比 +1.04, p=0）→ 抑制と推定
破壊株データと記録	INO4	NCE102	転写制御	促進	破壊株データ Deleteome（Kemmeren et al. 2014）: 転写因子の破壊で標的が増加（log2 比 +1.07, p=0）→ 抑制と推定
破壊株データと記録	INO4	PBI2	転写制御	促進	破壊株データ Deleteome（Kemmeren et al. 2014）: 転写因子の破壊で標的が増加（log2 比 +1.71, p=0）→ 抑制と推定
破壊株データと記録	INO4	RKI1	転写制御	抑制	破壊株データ Deleteome（Kemmeren et al. 2014）: 転写因子の破壊で標的が減少（log2 比 -1.10, p=0）→ 促進と推定
破壊株データと記録	INO4	RPS2	転写制御	抑制	破壊株データ Deleteome（Kemmeren et al. 2014）: 転写因子の破壊で標的が減少（log2 比 -0.97, p=2.7e-24）→ 促進と推定
破壊株データと記録	INO4	SED1	転写制御	促進	破壊株データ Deleteome（Kemmeren et al. 2014）: 転写因子の破壊で標的が増加（log2 比 +1.36, p=0）→ 抑制と推定
破壊株データと記録	INO4	SHM2	転写制御	抑制	破壊株データ Deleteome（Kemmeren et al. 2014）: 転写因子の破壊で標的が減少（log2 比 -0.80, p=1.5e-24）→ 促進と推定
破壊株データと記録	INO4	SNO4	転写制御	促進	破壊株データ Deleteome（Kemmeren et al. 2014）: 転写因子の破壊で標的が増加（log2 比 +1.13, p=0）→ 抑制と推定
破壊株データと記録	INO4	TMA10	転写制御	促進	破壊株データ Deleteome（Kemmeren et al. 2014）: 転写因子の破壊で標的が増加（log2 比 +2.59, p=0）→ 抑制と推定
破壊株データと記録	INO4	VID24	転写制御	促進	破壊株データ Deleteome（Kemmeren et al. 2014）: 転写因子の破壊で標的が増加（log2 比 +1.26, p=1.5e-30）→ 抑制と推定
破壊株データと記録	INO4	YBR085C-A	転写制御	促進	破壊株データ Deleteome（Kemmeren et al. 2014）: 転写因子の破壊で標的が増加（log2 比 +1.69, p=0）→ 抑制と推定
破壊株データと記録	INO4	YHB1	転写制御	抑制	破壊株データ Deleteome（Kemmeren et al. 2014）: 転写因子の破壊で標的が減少（log2 比 -1.53, p=4.3e-37）→ 促進と推定
破壊株データと記録	INO4	YHR033W	転写制御	促進	破壊株データ Deleteome（Kemmeren et al. 2014）: 転写因子の破壊で標的が増加（log2 比 +0.86, p=0）→ 抑制と推定
破壊株データと記録	INO4	YLR349W	転写制御	促進	破壊株データ Deleteome（Kemmeren et al. 2014）: 転写因子の破壊で標的が増加（log2 比 +0.80, p=0）→ 抑制と推定
破壊株データと記録	INO4	YOR062C	転写制御	促進	破壊株データ Deleteome（Kemmeren et al. 2014）: 転写因子の破壊で標的が増加（log2 比 +1.02, p=0）→ 抑制と推定
破壊株データと記録	INO4	YOR289W	転写制御	促進	破壊株データ Deleteome（Kemmeren et al. 2014）: 転写因子の破壊で標的が増加（log2 比 +1.88, p=0）→ 抑制と推定
破壊株データと記録	LYS14	LYS20	転写制御	促進	破壊株データ Deleteome（Kemmeren et al. 2014）: 転写因子の破壊で標的が増加（log2 比 +0.95, p=2.1e-34）→ 抑制と推定
破壊株データと記録	NDT80	IME1	転写制御	促進	破壊株データ Deleteome（Kemmeren et al. 2014）: 転写因子の破壊で標的が増加（log2 比 +0.93, p=0.004）→ 抑制と推定
破壊株データと記録	NDT80	UBC11	転写制御	促進	破壊株データ Deleteome（Kemmeren et al. 2014）: 転写因子の破壊で標的が増加（log2 比 +0.79, p=0.00025）→ 抑制と推定
破壊株データと記録	OPI1	FAS1	転写制御	抑制	破壊株データ Deleteome（Kemmeren et al. 2014）: 転写因子の破壊で標的が減少（log2 比 -1.32, p=0）→ 促進と推定
破壊株データと記録	OPI1	FAS2	転写制御	抑制	破壊株データ Deleteome（Kemmeren et al. 2014）: 転写因子の破壊で標的が減少（log2 比 -0.95, p=0）→ 促進と推定
破壊株データと記録	RGT1	MIG3	転写制御	抑制	破壊株データ Deleteome（Kemmeren et al. 2014）: 転写因子の破壊で標的が減少（log2 比 -0.77, p=4.5e-18）→ 促進と推定
破壊株データと記録	RTG1	NDE1	転写制御	抑制	破壊株データ Deleteome（Kemmeren et al. 2014）: 転写因子の破壊で標的が減少（log2 比 -0.93, p=1.2e-23）→ 促進と推定
破壊株データと記録	RTG3	ARG4	転写制御	促進	破壊株データ Deleteome（Kemmeren et al. 2014）: 転写因子の破壊で標的が増加（log2 比 +0.99, p=2.4e-30）→ 抑制と推定
破壊株データと記録	RTG3	PDR5	転写制御	促進	破壊株データ Deleteome（Kemmeren et al. 2014）: 転写因子の破壊で標的が増加（log2 比 +1.10, p=3e-14）→ 抑制と推定
破壊株データと記録	SFP1	HAP4	転写制御	促進	破壊株データ Deleteome（Kemmeren et al. 2014）: 転写因子の破壊で標的が増加（log2 比 +0.84, p=4.8e-16）→ 抑制と推定
破壊株データと記録	SKO1	MSC1	転写制御	抑制	破壊株データ Deleteome（Kemmeren et al. 2014）: 転写因子の破壊で標的が減少（log2 比 -0.80, p=2.8e-07）→ 促進と推定
破壊株データと記録	SKO1	SOR2	転写制御	促進	破壊株データ Deleteome（Kemmeren et al. 2014）: 転写因子の破壊で標的が増加（log2 比 +0.92, p=1.7e-37）→ 抑制と推定
破壊株データと記録	STB5	BDH1	転写制御	促進	破壊株データ Deleteome（Kemmeren et al. 2014）: 転写因子の破壊で標的が増加（log2 比 +0.81, p=1.9e-35）→ 抑制と推定
破壊株データと記録	STB5	EGO4	転写制御	促進	破壊株データ Deleteome（Kemmeren et al. 2014）: 転写因子の破壊で標的が増加（log2 比 +2.14, p=0）→ 抑制と推定
破壊株データと記録	STB5	GCY1	転写制御	促進	破壊株データ Deleteome（Kemmeren et al. 2014）: 転写因子の破壊で標的が増加（log2 比 +0.80, p=2.6e-24）→ 抑制と推定
破壊株データと記録	STB5	HSP26	転写制御	促進	破壊株データ Deleteome（Kemmeren et al. 2014）: 転写因子の破壊で標的が増加（log2 比 +2.96, p=0）→ 抑制と推定
破壊株データと記録	STB5	SDH6	転写制御	促進	破壊株データ Deleteome（Kemmeren et al. 2014）: 転写因子の破壊で標的が増加（log2 比 +1.62, p=0）→ 抑制と推定
破壊株データと記録	STB5	UGA1	転写制御	促進	破壊株データ Deleteome（Kemmeren et al. 2014）: 転写因子の破壊で標的が増加（log2 比 +1.04, p=9.6e-32）→ 抑制と推定
破壊株データと記録	STB5	UIP4	転写制御	促進	破壊株データ Deleteome（Kemmeren et al. 2014）: 転写因子の破壊で標的が増加（log2 比 +0.98, p=7e-33）→ 抑制と推定
破壊株データと記録	STB5	YBR085C-A	転写制御	促進	破壊株データ Deleteome（Kemmeren et al. 2014）: 転写因子の破壊で標的が増加（log2 比 +1.52, p=0）→ 抑制と推定
破壊株データと記録	STE12	SDH6	転写制御	抑制	破壊株データ Deleteome（Kemmeren et al. 2014）: 転写因子の破壊で標的が減少（log2 比 -1.32, p=0）→ 促進と推定
破壊株データと記録	STE12	YBL107W-A	転写制御	抑制	破壊株データ Deleteome（Kemmeren et al. 2014）: 転写因子の破壊で標的が減少（log2 比 -1.16, p=0）→ 促進と推定
破壊株データと記録	STP1	BTN2	転写制御	促進	破壊株データ Deleteome（Kemmeren et al. 2014）: 転写因子の破壊で標的が増加（log2 比 +0.78, p=1.7e-07）→ 抑制と推定
破壊株データと記録	STP1	CIN5	転写制御	促進	破壊株データ Deleteome（Kemmeren et al. 2014）: 転写因子の破壊で標的が増加（log2 比 +0.92, p=1.9e-25）→ 抑制と推定
破壊株データと記録	STP1	CWP1	転写制御	促進	破壊株データ Deleteome（Kemmeren et al. 2014）: 転写因子の破壊で標的が増加（log2 比 +1.09, p=0）→ 抑制と推定
破壊株データと記録	STP1	PCL1	転写制御	促進	破壊株データ Deleteome（Kemmeren et al. 2014）: 転写因子の破壊で標的が増加（log2 比 +0.87, p=0）→ 抑制と推定
破壊株データと記録	SUM1	CSS1	転写制御	抑制	破壊株データ Deleteome（Kemmeren et al. 2014）: 転写因子の破壊で標的が減少（log2 比 -0.87, p=4.2e-17）→ 促進と推定
破壊株データと記録	SUM1	DIT1	転写制御	促進	破壊株データ Deleteome（Kemmeren et al. 2014）: 転写因子の破壊で標的が増加（log2 比 +0.96, p=0）→ 抑制と推定
破壊株データと記録	SUM1	ECM8	転写制御	促進	破壊株データ Deleteome（Kemmeren et al. 2014）: 転写因子の破壊で標的が増加（log2 比 +1.09, p=0）→ 抑制と推定
破壊株データと記録	TUP1	AGP3	転写制御	抑制	破壊株データ Deleteome（Kemmeren et al. 2014）: 転写因子の破壊で標的が減少（log2 比 -0.84, p=0）→ 促進と推定
破壊株データと記録	TUP1	IRC15	転写制御	促進	破壊株データ Deleteome（Kemmeren et al. 2014）: 転写因子の破壊で標的が増加（log2 比 +0.92, p=2.6e-20）→ 抑制と推定
破壊株データと記録	TUP1	JEN1	転写制御	促進	破壊株データ Deleteome（Kemmeren et al. 2014）: 転写因子の破壊で標的が増加（log2 比 +1.86, p=0）→ 抑制と推定
破壊株データと記録	TUP1	KTD1	転写制御	促進	破壊株データ Deleteome（Kemmeren et al. 2014）: 転写因子の破壊で標的が増加（log2 比 +0.91, p=1.7e-34）→ 抑制と推定
破壊株データと記録	TUP1	RGI2	転写制御	促進	破壊株データ Deleteome（Kemmeren et al. 2014）: 転写因子の破壊で標的が増加（log2 比 +2.08, p=0）→ 抑制と推定
破壊株データと記録	TUP1	YAR064W	転写制御	促進	破壊株データ Deleteome（Kemmeren et al. 2014）: 転写因子の破壊で標的が増加（log2 比 +0.79, p=1.3e-33）→ 抑制と推定
破壊株データと記録	TUP1	YHR214W	転写制御	促進	破壊株データ Deleteome（Kemmeren et al. 2014）: 転写因子の破壊で標的が増加（log2 比 +2.70, p=0）→ 抑制と推定
破壊株データと記録	TUP1	YLR400W	転写制御	抑制	破壊株データ Deleteome（Kemmeren et al. 2014）: 転写因子の破壊で標的が減少（log2 比 -1.99, p=0）→ 促進と推定
破壊株データと記録	AFT1	ISU2	転写制御	促進	破壊株データ Deleteome（Kemmeren et al. 2014）: 転写因子の破壊で標的が増加（log2 比 +1.05, p=0）→ 抑制と推定
破壊株データと記録	ROX1	FRD1	転写制御	促進	破壊株データ Deleteome（Kemmeren et al. 2014）: 転写因子の破壊で標的が増加（log2 比 +1.38, p=0）→ 抑制と推定
破壊株データと記録	ASF1	SNZ1	転写制御	促進	破壊株データ Deleteome（Kemmeren et al. 2014）: 転写因子の破壊で標的が増加（log2 比 +0.86, p=1.2e-19）→ 抑制と推定
破壊株データと記録	YAP7	YHB1	転写制御	抑制	破壊株データ Deleteome（Kemmeren et al. 2014）: 転写因子の破壊で標的が減少（log2 比 -1.30, p=1.4e-26）→ 促進と推定
破壊株データと記録	SFP1	RPS12	転写制御	促進	破壊株データ Deleteome（Kemmeren et al. 2014）: 転写因子の破壊で標的が増加（log2 比 +1.40, p=7.7e-13）→ 抑制と推定
破壊株データと記録	SFP1	RPS8A	転写制御	促進	破壊株データ Deleteome（Kemmeren et al. 2014）: 転写因子の破壊で標的が増加（log2 比 +0.83, p=0.00012）→ 抑制と推定
破壊株データと記録	AFT1	MRS4	転写制御	促進	破壊株データ Deleteome（Kemmeren et al. 2014）: 転写因子の破壊で標的が増加（log2 比 +1.14, p=0）→ 抑制と推定
破壊株データと記録	SOK2	SPI1	転写制御	促進	破壊株データ Deleteome（Kemmeren et al. 2014）: 転写因子の破壊で標的が増加（log2 比 +1.15, p=1.9e-14）→ 抑制と推定
破壊株データと記録	STB5	ALD4	転写制御	促進	破壊株データ Deleteome（Kemmeren et al. 2014）: 転写因子の破壊で標的が増加（log2 比 +1.29, p=4.2e-31）→ 抑制と推定
破壊株データと記録	STP1	AGP1	転写制御	促進	破壊株データ Deleteome（Kemmeren et al. 2014）: 転写因子の破壊で標的が増加（log2 比 +1.92, p=0）→ 抑制と推定
破壊株データと記録	OPI1	ITR1	転写制御	抑制	破壊株データ Deleteome（Kemmeren et al. 2014）: 転写因子の破壊で標的が減少（log2 比 -1.74, p=0）→ 促進と推定
破壊株データと記録	ARO80	ARO9	転写制御	促進	破壊株データ Deleteome（Kemmeren et al. 2014）: 転写因子の破壊で標的が増加（log2 比 +0.97, p=8.9e-32）→ 抑制と推定
破壊株データと記録	RLM1	CWP1	転写制御	促進	破壊株データ Deleteome（Kemmeren et al. 2014）: 転写因子の破壊で標的が増加（log2 比 +0.77, p=5.6e-21）→ 抑制と推定
破壊株データと記録	OPI1	CHO1	転写制御	抑制	破壊株データ Deleteome（Kemmeren et al. 2014）: 転写因子の破壊で標的が減少（log2 比 -0.78, p=5e-35）→ 促進と推定
破壊株データと記録	OPI1	OPI3	転写制御	抑制	破壊株データ Deleteome（Kemmeren et al. 2014）: 転写因子の破壊で標的が減少（log2 比 -2.37, p=0）→ 促進と推定
条件ごとの発現と記録	CAT8	YBR051W	転写制御	抑制	条件ごとの発現（SPELL）と転写因子の活性の目印: 転写因子の活性が変わる条件（非発酵性炭素源・ジオーキシックシフト）で、標的が活性と同じ向きに動く（平均 z +1.42）→ 促進と推定（間接の作用を含む）
条件ごとの発現と記録	CAT8	YDR535C	転写制御	抑制	条件ごとの発現（SPELL）と転写因子の活性の目印: 転写因子の活性が変わる条件（非発酵性炭素源・ジオーキシックシフト）で、標的が活性と同じ向きに動く（平均 z +1.36）→ 促進と推定（間接の作用を含む）
条件ごとの発現と記録	CRZ1	YHR140W	転写制御	抑制	条件ごとの発現（SPELL）と転写因子の活性の目印: 転写因子の活性が変わる条件（小胞体ストレス・浸透圧ストレス）で、標的が活性と同じ向きに動く（平均 z +1.22）→ 促進と推定（間接の作用を含む）
条件ごとの発現と記録	CRZ1	YIL055C	転写制御	抑制	条件ごとの発現（SPELL）と転写因子の活性の目印: 転写因子の活性が変わる条件（小胞体ストレス・浸透圧ストレス）で、標的が活性と同じ向きに動く（平均 z +1.54）→ 促進と推定（間接の作用を含む）
条件ごとの発現と記録	CRZ1	YOL014W	転写制御	促進	条件ごとの発現（SPELL）と転写因子の活性の目印: 転写因子の活性が変わる条件（小胞体ストレス・浸透圧ストレス）で、標的が活性と逆向きに動く（平均 z -1.38）→ 抑制と推定（間接の作用を含む）
条件ごとの発現と記録	CRZ1	YOR342C	転写制御	促進	条件ごとの発現（SPELL）と転写因子の活性の目印: 転写因子の活性が変わる条件（小胞体ストレス・浸透圧ストレス）で、標的が活性と逆向きに動く（平均 z -1.21）→ 抑制と推定（間接の作用を含む）
条件ごとの発現と記録	ECM22	COX8	転写制御	促進	条件ごとの発現（SPELL）と転写因子の活性の目印: 転写因子の活性が変わる条件（鉄の制限・浸透圧ストレス）で、標的が活性と逆向きに動く（平均 z -1.22）→ 抑制と推定（間接の作用を含む）
条件ごとの発現と記録	ECM22	ENA2	転写制御	促進	条件ごとの発現（SPELL）と転写因子の活性の目印: 転写因子の活性が変わる条件（鉄の制限・浸透圧ストレス）で、標的が活性と逆向きに動く（平均 z -1.89）→ 抑制と推定（間接の作用を含む）
条件ごとの発現と記録	GAL4	CPP1	転写制御	抑制	条件ごとの発現（SPELL）と転写因子の活性の目印: 転写因子の活性が変わる条件（代替炭素源・非発酵性炭素源）で、標的が活性と同じ向きに動く（平均 z +1.00）→ 促進と推定（間接の作用を含む）
条件ごとの発現と記録	GAL4	YCL065W	転写制御	促進	条件ごとの発現（SPELL）と転写因子の活性の目印: 転写因子の活性が変わる条件（代替炭素源・非発酵性炭素源）で、標的が活性と逆向きに動く（平均 z -1.53）→ 抑制と推定（間接の作用を含む）
条件ごとの発現と記録	GAL4	YDR008C	転写制御	抑制	条件ごとの発現（SPELL）と転写因子の活性の目印: 転写因子の活性が変わる条件（代替炭素源・非発酵性炭素源）で、標的が活性と同じ向きに動く（平均 z +1.23）→ 促進と推定（間接の作用を含む）
条件ごとの発現と記録	GAL4	YKL225W	転写制御	促進	条件ごとの発現（SPELL）と転写因子の活性の目印: 転写因子の活性が変わる条件（代替炭素源・非発酵性炭素源）で、標的が活性と逆向きに動く（平均 z -1.27）→ 抑制と推定（間接の作用を含む）
条件ごとの発現と記録	GAL4	YLL065W	転写制御	抑制	条件ごとの発現（SPELL）と転写因子の活性の目印: 転写因子の活性が変わる条件（代替炭素源・非発酵性炭素源）で、標的が活性と同じ向きに動く（平均 z +1.66）→ 促進と推定（間接の作用を含む）
条件ごとの発現と記録	GCN4	MPC3	転写制御	抑制	条件ごとの発現（SPELL）と転写因子の活性の目印: 転写因子の活性が変わる条件（アミノ酸の飢餓・制限・ラパマイシン・炭素源飢餓・グルコース制限・浸透圧ストレス・酸化ストレス・窒素の飢餓・制限・DNA 損傷）で、標的が活性と同じ向きに動く（平均 z +2.06）→ 促進と推定（間接の作用を含む）
条件ごとの発現と記録	GCN4	YDR524C-B	転写制御	促進	条件ごとの発現（SPELL）と転写因子の活性の目印: 転写因子の活性が変わる条件（ラパマイシン・浸透圧ストレス）で、標的が活性と逆向きに動く（平均 z -1.66）→ 抑制と推定（間接の作用を含む）
条件ごとの発現と記録	GIS1	GID8	転写制御	抑制	条件ごとの発現（SPELL）と転写因子の活性の目印: 転写因子の活性が変わる条件（ジオーキシックシフト・定常期）で、標的が活性と同じ向きに動く（平均 z +1.84）→ 促進と推定（間接の作用を含む）
条件ごとの発現と記録	GIS1	MAN2	転写制御	抑制	条件ごとの発現（SPELL）と転写因子の活性の目印: 転写因子の活性が変わる条件（ジオーキシックシフト・定常期）で、標的が活性と同じ向きに動く（平均 z +1.47）→ 促進と推定（間接の作用を含む）
条件ごとの発現と記録	GIS1	TPK1	転写制御	抑制	条件ごとの発現（SPELL）と転写因子の活性の目印: 転写因子の活性が変わる条件（ジオーキシックシフト・定常期）で、標的が活性と同じ向きに動く（平均 z +2.32）→ 促進と推定（間接の作用を含む）
条件ごとの発現と記録	GLN3	YHR050W-A	転写制御	促進	条件ごとの発現（SPELL）と転写因子の活性の目印: 転写因子の活性が変わる条件（ラパマイシン・浸透圧ストレス）で、標的が活性と逆向きに動く（平均 z -1.12）→ 抑制と推定（間接の作用を含む）
条件ごとの発現と記録	HSF1	GTO3	転写制御	抑制	条件ごとの発現（SPELL）と転写因子の活性の目印: 転写因子の活性が変わる条件（熱ショック・酸化ストレス・小胞体ストレス・DNA 損傷）で、標的が活性と同じ向きに動く（平均 z +1.36）→ 促進と推定（間接の作用を含む）
条件ごとの発現と記録	HSF1	MET6	転写制御	促進	条件ごとの発現（SPELL）と転写因子の活性の目印: 転写因子の活性が変わる条件（炭素源飢餓・熱ショック・酸化ストレス・小胞体ストレス・DNA 損傷）で、標的が活性と逆向きに動く（平均 z -1.34）→ 抑制と推定（間接の作用を含む）
条件ごとの発現と記録	IXR1	ECM4	転写制御	抑制	条件ごとの発現（SPELL）と転写因子の活性の目印: 転写因子の活性が変わる条件（低酸素・無酸素・酸化ストレス）で、標的が活性と同じ向きに動く（平均 z +3.75）→ 促進と推定（間接の作用を含む）
条件ごとの発現と記録	IXR1	NOC3	転写制御	促進	条件ごとの発現（SPELL）と転写因子の活性の目印: 転写因子の活性が変わる条件（低酸素・無酸素・酸化ストレス）で、標的が活性と逆向きに動く（平均 z -1.28）→ 抑制と推定（間接の作用を含む）
条件ごとの発現と記録	IXR1	RIX7	転写制御	促進	条件ごとの発現（SPELL）と転写因子の活性の目印: 転写因子の活性が変わる条件（低酸素・無酸素・酸化ストレス）で、標的が活性と逆向きに動く（平均 z -1.31）→ 抑制と推定（間接の作用を含む）
条件ごとの発現と記録	MAC1	CTH1	転写制御	促進	条件ごとの発現（SPELL）と転写因子の活性の目印: 転写因子の活性が変わる条件（金属ストレス・窒素の飢餓・制限）で、標的が活性と逆向きに動く（平均 z -1.16）→ 抑制と推定（間接の作用を含む）
条件ごとの発現と記録	MAC1	RPC40	転写制御	抑制	条件ごとの発現（SPELL）と転写因子の活性の目印: 転写因子の活性が変わる条件（金属ストレス・窒素の飢餓・制限）で、標的が活性と同じ向きに動く（平均 z +1.87）→ 促進と推定（間接の作用を含む）
条件ごとの発現と記録	MAC1	RPL1B	転写制御	抑制	条件ごとの発現（SPELL）と転写因子の活性の目印: 転写因子の活性が変わる条件（金属ストレス・窒素の飢餓・制限）で、標的が活性と同じ向きに動く（平均 z +3.59）→ 促進と推定（間接の作用を含む）
条件ごとの発現と記録	MAC1	RPL7B	転写制御	抑制	条件ごとの発現（SPELL）と転写因子の活性の目印: 転写因子の活性が変わる条件（金属ストレス・窒素の飢餓・制限）で、標的が活性と同じ向きに動く（平均 z +3.06）→ 促進と推定（間接の作用を含む）
条件ごとの発現と記録	MAC1	TEF2	転写制御	抑制	条件ごとの発現（SPELL）と転写因子の活性の目印: 転写因子の活性が変わる条件（金属ストレス・窒素の飢餓・制限）で、標的が活性と同じ向きに動く（平均 z +1.15）→ 促進と推定（間接の作用を含む）
条件ごとの発現と記録	MAC1	ZRT1	転写制御	抑制	条件ごとの発現（SPELL）と転写因子の活性の目印: 転写因子の活性が変わる条件（金属ストレス・窒素の飢餓・制限）で、標的が活性と同じ向きに動く（平均 z +2.77）→ 促進と推定（間接の作用を含む）
条件ごとの発現と記録	MSN2	AAG1	転写制御	促進	条件ごとの発現（SPELL）と転写因子の活性の目印: 転写因子の活性が変わる条件（熱ショック・浸透圧ストレス・窒素の飢餓・制限・ラパマイシン・ジオーキシックシフト・酸化ストレス）で、標的が活性と逆向きに動く（平均 z -2.28）→ 抑制と推定（間接の作用を含む）
条件ごとの発現と記録	MSN2	ADY2	転写制御	抑制	条件ごとの発現（SPELL）と転写因子の活性の目印: 転写因子の活性が変わる条件（熱ショック・浸透圧ストレス・炭素源飢餓・弱酸ストレス・窒素の飢餓・制限・ラパマイシン・ジオーキシックシフト・酸化ストレス・グルコース制限・グルコースの再添加・アルカリストレス）で、標的が活性と同じ向きに動く（平均 z +1.65）→ 促進と推定（間接の作用を含む）
条件ごとの発現と記録	MSN2	ARA2	転写制御	抑制	条件ごとの発現（SPELL）と転写因子の活性の目印: 転写因子の活性が変わる条件（熱ショック・浸透圧ストレス・炭素源飢餓・弱酸ストレス・窒素の飢餓・制限・ラパマイシン・ジオーキシックシフト・酸化ストレス・グルコース制限・グルコースの再添加・アルカリストレス）で、標的が活性と同じ向きに動く（平均 z +1.15）→ 促進と推定（間接の作用を含む）
条件ごとの発現と記録	MSN2	IRC14	転写制御	抑制	条件ごとの発現（SPELL）と転写因子の活性の目印: 転写因子の活性が変わる条件（熱ショック・浸透圧ストレス・炭素源飢餓・窒素の飢餓・制限・ラパマイシン・ジオーキシックシフト・酸化ストレス・グルコースの再添加）で、標的が活性と同じ向きに動く（平均 z +1.46）→ 促進と推定（間接の作用を含む）
条件ごとの発現と記録	MSN2	MIS1	転写制御	促進	条件ごとの発現（SPELL）と転写因子の活性の目印: 転写因子の活性が変わる条件（熱ショック・浸透圧ストレス・炭素源飢餓・弱酸ストレス・窒素の飢餓・制限・ラパマイシン・ジオーキシックシフト・酸化ストレス・グルコース制限・グルコースの再添加・細胞壁ストレス・アルカリストレス）で、標的が活性と逆向きに動く（平均 z -1.51）→ 抑制と推定（間接の作用を含む）
条件ごとの発現と記録	MSN2	PRS1	転写制御	促進	条件ごとの発現（SPELL）と転写因子の活性の目印: 転写因子の活性が変わる条件（熱ショック・浸透圧ストレス・炭素源飢餓・弱酸ストレス・窒素の飢餓・制限・ラパマイシン・ジオーキシックシフト・酸化ストレス・グルコース制限・グルコースの再添加・細胞壁ストレス・アルカリストレス）で、標的が活性と逆向きに動く（平均 z -1.28）→ 抑制と推定（間接の作用を含む）
条件ごとの発現と記録	MSN2	SDS22	転写制御	抑制	条件ごとの発現（SPELL）と転写因子の活性の目印: 転写因子の活性が変わる条件（熱ショック・浸透圧ストレス・炭素源飢餓・弱酸ストレス・窒素の飢餓・制限・ラパマイシン・ジオーキシックシフト・酸化ストレス・グルコース制限・グルコースの再添加・細胞壁ストレス・アルカリストレス）で、標的が活性と同じ向きに動く（平均 z +1.21）→ 促進と推定（間接の作用を含む）
条件ごとの発現と記録	MSN2	TDA10	転写制御	抑制	条件ごとの発現（SPELL）と転写因子の活性の目印: 転写因子の活性が変わる条件（熱ショック・浸透圧ストレス・窒素の飢餓・制限・ラパマイシン・ジオーキシックシフト・酸化ストレス・グルコース制限・アルカリストレス）で、標的が活性と同じ向きに動く（平均 z +1.06）→ 促進と推定（間接の作用を含む）
条件ごとの発現と記録	MSN2	UPA2	転写制御	促進	条件ごとの発現（SPELL）と転写因子の活性の目印: 転写因子の活性が変わる条件（熱ショック・浸透圧ストレス・窒素の飢餓・制限・ラパマイシン・ジオーキシックシフト・酸化ストレス）で、標的が活性と逆向きに動く（平均 z -2.06）→ 抑制と推定（間接の作用を含む）
条件ごとの発現と記録	MSN2	YGL102C	転写制御	促進	条件ごとの発現（SPELL）と転写因子の活性の目印: 転写因子の活性が変わる条件（熱ショック・浸透圧ストレス・窒素の飢餓・制限・ラパマイシン・ジオーキシックシフト・酸化ストレス）で、標的が活性と逆向きに動く（平均 z -1.47）→ 抑制と推定（間接の作用を含む）
条件ごとの発現と記録	MSN2	YTM1	転写制御	促進	条件ごとの発現（SPELL）と転写因子の活性の目印: 転写因子の活性が変わる条件（熱ショック・浸透圧ストレス・炭素源飢餓・弱酸ストレス・窒素の飢餓・制限・ラパマイシン・ジオーキシックシフト・酸化ストレス・グルコース制限・グルコースの再添加・細胞壁ストレス・アルカリストレス）で、標的が活性と逆向きに動く（平均 z -1.99）→ 抑制と推定（間接の作用を含む）
条件ごとの発現と記録	MSN2	ZUO1	転写制御	促進	条件ごとの発現（SPELL）と転写因子の活性の目印: 転写因子の活性が変わる条件（熱ショック・浸透圧ストレス・炭素源飢餓・弱酸ストレス・窒素の飢餓・制限・ラパマイシン・ジオーキシックシフト・酸化ストレス・グルコース制限・グルコースの再添加・細胞壁ストレス・アルカリストレス）で、標的が活性と逆向きに動く（平均 z -1.01）→ 抑制と推定（間接の作用を含む）
条件ごとの発現と記録	MSN4	ADY2	転写制御	抑制	条件ごとの発現（SPELL）と転写因子の活性の目印: 転写因子の活性が変わる条件（熱ショック・浸透圧ストレス・炭素源飢餓・弱酸ストレス・窒素の飢餓・制限・ラパマイシン・ジオーキシックシフト・酸化ストレス・グルコース制限・グルコースの再添加・アルカリストレス）で、標的が活性と同じ向きに動く（平均 z +1.65）→ 促進と推定（間接の作用を含む）
条件ごとの発現と記録	MSN4	MTL1	転写制御	抑制	条件ごとの発現（SPELL）と転写因子の活性の目印: 転写因子の活性が変わる条件（熱ショック・浸透圧ストレス・炭素源飢餓・弱酸ストレス・窒素の飢餓・制限・ラパマイシン・ジオーキシックシフト・酸化ストレス・グルコース制限・グルコースの再添加・細胞壁ストレス・アルカリストレス）で、標的が活性と同じ向きに動く（平均 z +1.17）→ 促進と推定（間接の作用を含む）
条件ごとの発現と記録	MSN4	YGL102C	転写制御	促進	条件ごとの発現（SPELL）と転写因子の活性の目印: 転写因子の活性が変わる条件（熱ショック・浸透圧ストレス・窒素の飢餓・制限・ラパマイシン・ジオーキシックシフト・酸化ストレス）で、標的が活性と逆向きに動く（平均 z -1.47）→ 抑制と推定（間接の作用を含む）
条件ごとの発現と記録	MSN4	YJR124C	転写制御	促進	条件ごとの発現（SPELL）と転写因子の活性の目印: 転写因子の活性が変わる条件（熱ショック・浸透圧ストレス・窒素の飢餓・制限・ラパマイシン・ジオーキシックシフト・酸化ストレス）で、標的が活性と逆向きに動く（平均 z -1.21）→ 抑制と推定（間接の作用を含む）
条件ごとの発現と記録	MSN4	YOR342C	転写制御	促進	条件ごとの発現（SPELL）と転写因子の活性の目印: 転写因子の活性が変わる条件（熱ショック・浸透圧ストレス・窒素の飢餓・制限・ラパマイシン・ジオーキシックシフト・酸化ストレス）で、標的が活性と逆向きに動く（平均 z -1.47）→ 抑制と推定（間接の作用を含む）
条件ごとの発現と記録	PHO2	FMP33	転写制御	抑制	条件ごとの発現（SPELL）と転写因子の活性の目印: 転写因子の活性が変わる条件（アデニンの制限・アルカリストレス）で、標的が活性と同じ向きに動く（平均 z +1.19）→ 促進と推定（間接の作用を含む）
条件ごとの発現と記録	PHO2	RPS14B	転写制御	促進	条件ごとの発現（SPELL）と転写因子の活性の目印: 転写因子の活性が変わる条件（アデニンの制限・アルカリストレス）で、標的が活性と逆向きに動く（平均 z -1.31）→ 抑制と推定（間接の作用を含む）
条件ごとの発現と記録	RGT1	ADR1	転写制御	抑制	条件ごとの発現（SPELL）と転写因子の活性の目印: 転写因子の活性が変わる条件（グルコースの再添加・炭素源飢餓）で、標的が活性と同じ向きに動く（平均 z +2.40）→ 促進と推定（間接の作用を含む）
条件ごとの発現と記録	RGT1	ECM4	転写制御	抑制	条件ごとの発現（SPELL）と転写因子の活性の目印: 転写因子の活性が変わる条件（グルコースの再添加・炭素源飢餓）で、標的が活性と同じ向きに動く（平均 z +2.45）→ 促進と推定（間接の作用を含む）
条件ごとの発現と記録	RGT1	EDS1	転写制御	抑制	条件ごとの発現（SPELL）と転写因子の活性の目印: 転写因子の活性が変わる条件（グルコースの再添加・炭素源飢餓）で、標的が活性と同じ向きに動く（平均 z +1.57）→ 促進と推定（間接の作用を含む）
条件ごとの発現と記録	RGT1	REG2	転写制御	抑制	条件ごとの発現（SPELL）と転写因子の活性の目印: 転写因子の活性が変わる条件（グルコースの再添加・炭素源飢餓）で、標的が活性と同じ向きに動く（平均 z +1.83）→ 促進と推定（間接の作用を含む）
条件ごとの発現と記録	RGT1	RRB1	転写制御	促進	条件ごとの発現（SPELL）と転写因子の活性の目印: 転写因子の活性が変わる条件（グルコースの再添加・炭素源飢餓）で、標的が活性と逆向きに動く（平均 z -1.75）→ 抑制と推定（間接の作用を含む）
条件ごとの発現と記録	RGT1	XBP1	転写制御	抑制	条件ごとの発現（SPELL）と転写因子の活性の目印: 転写因子の活性が変わる条件（グルコースの再添加・炭素源飢餓）で、標的が活性と同じ向きに動く（平均 z +1.86）→ 促進と推定（間接の作用を含む）
条件ごとの発現と記録	RIM101	DDR48	転写制御	抑制	条件ごとの発現（SPELL）と転写因子の活性の目印: 転写因子の活性が変わる条件（アルカリストレス・弱酸ストレス）で、標的が活性と同じ向きに動く（平均 z +1.54）→ 促進と推定（間接の作用を含む）
条件ごとの発現と記録	RIM101	MAG1	転写制御	促進	条件ごとの発現（SPELL）と転写因子の活性の目印: 転写因子の活性が変わる条件（アルカリストレス・弱酸ストレス）で、標的が活性と逆向きに動く（平均 z -1.04）→ 抑制と推定（間接の作用を含む）
条件ごとの発現と記録	RLM1	ARB1	転写制御	促進	条件ごとの発現（SPELL）と転写因子の活性の目印: 転写因子の活性が変わる条件（熱ショック・酸化ストレス）で、標的が活性と逆向きに動く（平均 z -1.23）→ 抑制と推定（間接の作用を含む）
条件ごとの発現と記録	RLM1	UPA1	転写制御	促進	条件ごとの発現（SPELL）と転写因子の活性の目印: 転写因子の活性が変わる条件（熱ショック・酸化ストレス）で、標的が活性と逆向きに動く（平均 z -1.98）→ 抑制と推定（間接の作用を含む）
条件ごとの発現と記録	RLM1	YDR417C	転写制御	促進	条件ごとの発現（SPELL）と転写因子の活性の目印: 転写因子の活性が変わる条件（熱ショック・酸化ストレス）で、標的が活性と逆向きに動く（平均 z -1.40）→ 抑制と推定（間接の作用を含む）
条件ごとの発現と記録	ROX1	PHM8	転写制御	促進	条件ごとの発現（SPELL）と転写因子の活性の目印: 転写因子の活性が変わる条件（低酸素・無酸素・酸化ストレス）で、標的が活性と逆向きに動く（平均 z -2.73）→ 抑制と推定（間接の作用を含む）
条件ごとの発現と記録	ROX1	RCF2	転写制御	抑制	条件ごとの発現（SPELL）と転写因子の活性の目印: 転写因子の活性が変わる条件（低酸素・無酸素・酸化ストレス）で、標的が活性と同じ向きに動く（平均 z +1.26）→ 促進と推定（間接の作用を含む）
条件ごとの発現と記録	RPN4	BTN2	転写制御	抑制	条件ごとの発現（SPELL）と転写因子の活性の目印: 転写因子の活性が変わる条件（熱ショック・DNA 損傷・酸化ストレス・小胞体ストレス）で、標的が活性と同じ向きに動く（平均 z +2.52）→ 促進と推定（間接の作用を含む）
条件ごとの発現と記録	RPN4	HST3	転写制御	促進	条件ごとの発現（SPELL）と転写因子の活性の目印: 転写因子の活性が変わる条件（熱ショック・DNA 損傷・酸化ストレス・小胞体ストレス）で、標的が活性と逆向きに動く（平均 z -1.07）→ 抑制と推定（間接の作用を含む）
条件ごとの発現と記録	RPN4	RPA34	転写制御	促進	条件ごとの発現（SPELL）と転写因子の活性の目印: 転写因子の活性が変わる条件（熱ショック・DNA 損傷・酸化ストレス・小胞体ストレス）で、標的が活性と逆向きに動く（平均 z -2.13）→ 抑制と推定（間接の作用を含む）
条件ごとの発現と記録	RPN4	SSA1	転写制御	抑制	条件ごとの発現（SPELL）と転写因子の活性の目印: 転写因子の活性が変わる条件（熱ショック・DNA 損傷・酸化ストレス・小胞体ストレス）で、標的が活性と同じ向きに動く（平均 z +1.02）→ 促進と推定（間接の作用を含む）
条件ごとの発現と記録	RTG3	BDH2	転写制御	抑制	条件ごとの発現（SPELL）と転写因子の活性の目印: 転写因子の活性が変わる条件（浸透圧ストレス・ラパマイシン・アミノ酸の飢餓・制限）で、標的が活性と同じ向きに動く（平均 z +2.19）→ 促進と推定（間接の作用を含む）
条件ごとの発現と記録	RTG3	DAL2	転写制御	抑制	条件ごとの発現（SPELL）と転写因子の活性の目印: 転写因子の活性が変わる条件（浸透圧ストレス・ラパマイシン・アミノ酸の飢餓・制限）で、標的が活性と同じ向きに動く（平均 z +2.68）→ 促進と推定（間接の作用を含む）
条件ごとの発現と記録	RTG3	DBP9	転写制御	促進	条件ごとの発現（SPELL）と転写因子の活性の目印: 転写因子の活性が変わる条件（浸透圧ストレス・ラパマイシン・アミノ酸の飢餓・制限）で、標的が活性と逆向きに動く（平均 z -2.21）→ 抑制と推定（間接の作用を含む）
条件ごとの発現と記録	RTG3	EFT2	転写制御	促進	条件ごとの発現（SPELL）と転写因子の活性の目印: 転写因子の活性が変わる条件（浸透圧ストレス・ラパマイシン・アミノ酸の飢餓・制限）で、標的が活性と逆向きに動く（平均 z -1.23）→ 抑制と推定（間接の作用を含む）
条件ごとの発現と記録	RTG3	ENP1	転写制御	促進	条件ごとの発現（SPELL）と転写因子の活性の目印: 転写因子の活性が変わる条件（浸透圧ストレス・ラパマイシン・アミノ酸の飢餓・制限）で、標的が活性と逆向きに動く（平均 z -2.56）→ 抑制と推定（間接の作用を含む）
条件ごとの発現と記録	RTG3	GSY2	転写制御	抑制	条件ごとの発現（SPELL）と転写因子の活性の目印: 転写因子の活性が変わる条件（浸透圧ストレス・ラパマイシン・アミノ酸の飢餓・制限）で、標的が活性と同じ向きに動く（平均 z +1.82）→ 促進と推定（間接の作用を含む）
条件ごとの発現と記録	RTG3	NSA2	転写制御	促進	条件ごとの発現（SPELL）と転写因子の活性の目印: 転写因子の活性が変わる条件（浸透圧ストレス・ラパマイシン・アミノ酸の飢餓・制限）で、標的が活性と逆向きに動く（平均 z -1.92）→ 抑制と推定（間接の作用を含む）
条件ごとの発現と記録	RTG3	RLP7	転写制御	促進	条件ごとの発現（SPELL）と転写因子の活性の目印: 転写因子の活性が変わる条件（浸透圧ストレス・ラパマイシン・アミノ酸の飢餓・制限）で、標的が活性と逆向きに動く（平均 z -1.94）→ 抑制と推定（間接の作用を含む）
条件ごとの発現と記録	RTG3	UGA3	転写制御	抑制	条件ごとの発現（SPELL）と転写因子の活性の目印: 転写因子の活性が変わる条件（浸透圧ストレス・ラパマイシン・アミノ酸の飢餓・制限）で、標的が活性と同じ向きに動く（平均 z +1.31）→ 促進と推定（間接の作用を含む）
条件ごとの発現と記録	RTG3	ZRT1	転写制御	促進	条件ごとの発現（SPELL）と転写因子の活性の目印: 転写因子の活性が変わる条件（浸透圧ストレス・ラパマイシン・アミノ酸の飢餓・制限）で、標的が活性と逆向きに動く（平均 z -2.31）→ 抑制と推定（間接の作用を含む）
条件ごとの発現と記録	SFP1	ATG41	転写制御	促進	条件ごとの発現（SPELL）と転写因子の活性の目印: 転写因子の活性が変わる条件（ラパマイシン・窒素の飢餓・制限・小胞体ストレス・ジオーキシックシフト・定常期・DNA 損傷）で、標的が活性と逆向きに動く（平均 z -1.21）→ 抑制と推定（間接の作用を含む）
条件ごとの発現と記録	SFP1	YBR190W	転写制御	抑制	条件ごとの発現（SPELL）と転写因子の活性の目印: 転写因子の活性が変わる条件（ラパマイシン・窒素の飢餓・制限・小胞体ストレス・ジオーキシックシフト・定常期・DNA 損傷）で、標的が活性と同じ向きに動く（平均 z +1.09）→ 促進と推定（間接の作用を含む）
条件ごとの発現と記録	SIP4	ICL1	転写制御	抑制	条件ごとの発現（SPELL）と転写因子の活性の目印: 転写因子の活性が変わる条件（グルコース制限・非発酵性炭素源）で、標的が活性と同じ向きに動く（平均 z +4.18）→ 促進と推定（間接の作用を含む）
条件ごとの発現と記録	SIP4	OYE2	転写制御	促進	条件ごとの発現（SPELL）と転写因子の活性の目印: 転写因子の活性が変わる条件（グルコース制限・非発酵性炭素源）で、標的が活性と逆向きに動く（平均 z -1.98）→ 抑制と推定（間接の作用を含む）
条件ごとの発現と記録	SIP4	YAT1	転写制御	抑制	条件ごとの発現（SPELL）と転写因子の活性の目印: 転写因子の活性が変わる条件（グルコース制限・非発酵性炭素源）で、標的が活性と同じ向きに動く（平均 z +1.36）→ 促進と推定（間接の作用を含む）
条件ごとの発現と記録	TEC1	CWP1	転写制御	促進	条件ごとの発現（SPELL）と転写因子の活性の目印: 転写因子の活性が変わる条件（窒素の飢餓・制限・ラパマイシン）で、標的が活性と逆向きに動く（平均 z -1.00）→ 抑制と推定（間接の作用を含む）
条件ごとの発現と記録	TEC1	PRM5	転写制御	促進	条件ごとの発現（SPELL）と転写因子の活性の目印: 転写因子の活性が変わる条件（窒素の飢餓・制限・ラパマイシン）で、標的が活性と逆向きに動く（平均 z -1.05）→ 抑制と推定（間接の作用を含む）
条件ごとの発現と記録	TEC1	YGR039W	転写制御	促進	条件ごとの発現（SPELL）と転写因子の活性の目印: 転写因子の活性が変わる条件（窒素の飢餓・制限・ラパマイシン）で、標的が活性と逆向きに動く（平均 z -1.21）→ 抑制と推定（間接の作用を含む）
条件ごとの発現と記録	TYE7	CUS1	転写制御	抑制	条件ごとの発現（SPELL）と転写因子の活性の目印: 転写因子の活性が変わる条件（炭素源飢餓・アデニンの制限）で、標的が活性と同じ向きに動く（平均 z +1.04）→ 促進と推定（間接の作用を含む）
条件ごとの発現と記録	TYE7	GAC1	転写制御	促進	条件ごとの発現（SPELL）と転写因子の活性の目印: 転写因子の活性が変わる条件（炭素源飢餓・アデニンの制限）で、標的が活性と逆向きに動く（平均 z -1.16）→ 抑制と推定（間接の作用を含む）
条件ごとの発現と記録	TYE7	MET10	転写制御	抑制	条件ごとの発現（SPELL）と転写因子の活性の目印: 転写因子の活性が変わる条件（炭素源飢餓・アデニンの制限）で、標的が活性と同じ向きに動く（平均 z +3.76）→ 促進と推定（間接の作用を含む）
条件ごとの発現と記録	TYE7	MET5	転写制御	抑制	条件ごとの発現（SPELL）と転写因子の活性の目印: 転写因子の活性が変わる条件（炭素源飢餓・アデニンの制限）で、標的が活性と同じ向きに動く（平均 z +2.04）→ 促進と推定（間接の作用を含む）
条件ごとの発現と記録	TYE7	MET6	転写制御	抑制	条件ごとの発現（SPELL）と転写因子の活性の目印: 転写因子の活性が変わる条件（炭素源飢餓・アデニンの制限）で、標的が活性と同じ向きに動く（平均 z +2.64）→ 促進と推定（間接の作用を含む）
条件ごとの発現と記録	TYE7	MNN1	転写制御	抑制	条件ごとの発現（SPELL）と転写因子の活性の目印: 転写因子の活性が変わる条件（炭素源飢餓・アデニンの制限）で、標的が活性と同じ向きに動く（平均 z +1.06）→ 促進と推定（間接の作用を含む）
条件ごとの発現と記録	TYE7	SUL1	転写制御	抑制	条件ごとの発現（SPELL）と転写因子の活性の目印: 転写因子の活性が変わる条件（炭素源飢餓・アデニンの制限）で、標的が活性と同じ向きに動く（平均 z +4.28）→ 促進と推定（間接の作用を含む）
条件ごとの発現と記録	UME6	DIF1	転写制御	抑制	条件ごとの発現（SPELL）と転写因子の活性の目印: 転写因子の活性が変わる条件（非発酵性炭素源・窒素の飢餓・制限）で、標的が活性と同じ向きに動く（平均 z +1.12）→ 促進と推定（間接の作用を含む）
条件ごとの発現と記録	UME6	YLL020C	転写制御	促進	条件ごとの発現（SPELL）と転写因子の活性の目印: 転写因子の活性が変わる条件（非発酵性炭素源・窒素の飢餓・制限）で、標的が活性と逆向きに動く（平均 z -1.51）→ 抑制と推定（間接の作用を含む）
条件ごとの発現と記録	UPC2	ATG7	転写制御	抑制	条件ごとの発現（SPELL）と転写因子の活性の目印: 転写因子の活性が変わる条件（鉄の制限・薬剤・化学物質）で、標的が活性と同じ向きに動く（平均 z +1.06）→ 促進と推定（間接の作用を含む）
条件ごとの発現と記録	YAP1	DFP4	転写制御	抑制	条件ごとの発現（SPELL）と転写因子の活性の目印: 転写因子の活性が変わる条件（酸化ストレス・DNA 損傷）で、標的が活性と同じ向きに動く（平均 z +1.06）→ 促進と推定（間接の作用を含む）
条件ごとの発現と記録	YAP1	ROY1	転写制御	抑制	条件ごとの発現（SPELL）と転写因子の活性の目印: 転写因子の活性が変わる条件（酸化ストレス・DNA 損傷）で、標的が活性と同じ向きに動く（平均 z +1.10）→ 促進と推定（間接の作用を含む）
条件ごとの発現と記録	YAP1	RTS3	転写制御	抑制	条件ごとの発現（SPELL）と転写因子の活性の目印: 転写因子の活性が変わる条件（酸化ストレス・DNA 損傷・炭素源飢餓）で、標的が活性と同じ向きに動く（平均 z +1.69）→ 促進と推定（間接の作用を含む）
条件ごとの発現と記録	YRR1	CDC14	転写制御	促進	条件ごとの発現（SPELL）と転写因子の活性の目印: 転写因子の活性が変わる条件（薬剤・化学物質・DNA 損傷）で、標的が活性と逆向きに動く（平均 z -1.02）→ 抑制と推定（間接の作用を含む）
条件ごとの発現と記録	ROX1	OLE1	転写制御	抑制	条件ごとの発現（SPELL）と転写因子の活性の目印: 転写因子の活性が変わる条件（低酸素・無酸素・酸化ストレス）で、標的が活性と同じ向きに動く（平均 z +3.20）→ 促進と推定（間接の作用を含む）
YEASTRACT+ の条件			転写制御		条件に当てていない（data/conditions.csv の yeastract 列にない）: Unstressed log-phase growth (control) - Unstressed log-phase growth (control).tsv
