gene,searched_on,read_pmids,note
HPA2,2026-10-04,23775086;10600387,候補の NHP6A・NHP6B・HMO1・NHP10 のアセチル化（23775086）は要旨に「ある小さな塩基性タンパク質」とあるだけで相手の名がなく、本文も取れない。ヒストン H3/H4 のアセチル化は試験管内だけ（23775086・10600387）で、ヒストンの決まり（生体内の一次論文が要る）に合わない。検索: Hpa2[tiab] AND (yeast OR cerevisiae)
MLF3,2026-10-04,24930733;9805003;16816427,候補 CNA1 の脱リン酸化（24930733）は要旨にも PMC 本文にも Mlf3 が出てこない。検索 (MLF3[tiab] OR YNL074C[tiab]) AND (yeast OR cerevisiae) は 2 件で、レフルノミド耐性の多コピー抑圧（9805003）と gic1 gic2 の多コピー抑圧（16816427、GIC1/GIC2 と並行の経路）だけ。ほかの遺伝子との関係は書かれていない
URA2,2026-10-04,1977585;17287358;18716630;18775327,候補の TPK1 のリン酸化（1977585）は試験管内で cAMP 依存性キナーゼの触媒サブユニットを使ったもの（酵母の TPK1 とは名指ししていない）で、CPSase・ATCase の活性も UTP 感受性も変わらないとある。17287358 は網羅的なリン酸化プロテオミクスで TPK2/3 の名はない。検索式 URA2[tiab] AND cerevisiae AND (expression OR transcription OR regulat*) で読んだ 18716630 は「URA2 の UTP 不足による活性化は Ppr1 によらない」と書き、制御する転写因子の名は出てこない（18775327 も転写開始点の選択の話）。ほかの出芽酵母の遺伝子との関係を書いた要旨は見つからなかった
HER1,2026-10-04,,"'HER1[tiab] AND Hmg2[tiab]'・'(HER1[tiab] OR YOR227W) AND (yeast OR cerevisiae)'・'""HER1"" AND (yeast OR Saccharomyces)' で出芽酵母の原著が見つからない。候補の YPK1 の論文（25279700）の要旨に Her1 の名はない"
LCB3,2026-10-04,9195906;11795842;12684378;16141212,'Lcb3[tiab] AND cerevisiae' ほか。要旨は Lcb3 の酵素の働きと Dpl1 との合成致死・Elo3・Cka2 との遺伝学的な関係だけで、ほかの遺伝子への作用・調節は書かれていない。候補の 25279700 の要旨に Lcb3 の名はない
GPT2,2026-10-04,31421179;19525420,'(Gpt2[tiab] OR Gat1[tiab]) AND glycerol-3-phosphate acyltransferase AND cerevisiae'・'Gpt2 AND kinase'。リン酸化で活性が抑えられるとあるがキナーゼを名指ししていない。候補の 25279700 の要旨に Gpt2 の名はない
PEX31,2026-10-04,41132095;34402813,'Pex31[tiab] AND cerevisiae'。NVJ での働き・Pex30 ファミリーとしての記述だけで、Pex31 と他の遺伝子の関係ははっきり書かれていない。候補の 25279700 の要旨に Pex31 の名はない
ATC1,2026-10-04,10102375;14975746,'(Atc1[tiab] OR Lic4[tiab]) AND (yeast OR cerevisiae)'。カルシニューリンの基質（試験管内）で、カルシニューリンがないと細胞質に偏るとあるが、要旨は「calcineurin」とだけ書き CNA1・CMP2 の名がなく本文も PMC にない。ARL1 とは遺伝学的な関係だけ
SKG3,2026-10-04,24930733,検索式 Skg3[tiab]・YLR187W OR (Skg3 AND yeast) で酵母の論文 0 件。候補の CNA1 の脱リン酸化（24930733）は PMC 本文にも Skg3 が出てこない（補足資料のみと思われる）。機能不明のタンパク質で、ほかの遺伝子との関係を書いた原著が見つからない
YGL108C,2026-10-04,19416974,"検索: ""YGL108C""[tiab] は 0 件。候補の 19416974（Pfa3 と Vac8）の要旨に YGL108C は出てこず本文も読めない。機能不明のタンパク質で論文がない"
PFA5,2026-10-04,19416974;19453970,検索: Pfa5[tiab]（酵母は 19453970 だけ）。19453970 は Pfa5 のアシル基転移活性を示すが基質の名前は要旨にない。19416974 は SH4 ドメインが 5 つの DHHC すべてでパルミトイル化されると書くが YGL108C は出てこず本文も読めない
YNL108C,2026-10-04,23569204;10953080;10824121,検索: YNL108C[tiab] OR (Huf[tiab] AND yeast)。23569204 は Huf（YNL108C）がホスファターゼだと示すが、基質（RPO21 など）は要旨になく本文も読めない。ほかの 2 本は欠失の表現型・グルコース代謝だけで相手の遺伝子がない
YKR041W,2026-10-04,,検索式 YKR041W[tiab] で 0 件。機能不明のタンパク質で、ほかの出芽酵母の遺伝子との関係を書いた論文が見つからない
SNA2,2026-10-04,41210174,"検索式 ""SNA2""[tiab] AND (yeast OR cerevisiae) で 1 件だけで、線虫の SNA-2（トランス・スプライシング因子）の論文。出芽酵母の SNA2 の論文は見つからない"
RDS1,2026-10-04,37544800,"検索式 ""RDS1""[tiab] AND cerevisiae。37544800 は RDS1 の過剰発現によるフルフラール耐性とアルデヒド還元活性の話で、ほかの遺伝子との関係（制御する転写因子・標的）は名指しされていない"
UTR5,2026-10-04,8411151,"検索式 ""UTR5""[tiab] AND cerevisiae で 1 件。8411151 は ARC 遺伝子群の配列と欠失表現型の記載だけで、ほかの遺伝子との関係は書かれていない"
STP4,2026-10-04,28152593,"検索式 ""STP4""[tiab] AND cerevisiae。28152593 はミリオシン処理でリン酸化される Stp4 がスフィンゴ脂質の恒常性に関わる候補とするだけで、相手の遺伝子は名指しされていない"
YER158C,2026-10-04,,検索式 YER158C[tiab] で 1 件（10790383、パラログ AFR1 の論文で題名から YER158C 自体の関係ではない）。機能不明で関係を書いた論文が見つからない
PPN1,2026-10-04,15792812,検索式 PPN1[tiab] AND cerevisiae AND (Vtc OR Pep4 OR Pho85 OR Pho4 OR processing OR Ppx1)・endopolyphosphatase[tiab] AND (Pep4 OR proteinase OR processing)。15792812 は前駆体 prePpn1 がプロテアーゼで活性化されると書くが、プロテアーゼの遺伝子は要旨で名指しされていない。ほかの論文はポリリン酸の量や表現型の比較で、遺伝子どうしの関係は見つからなかった
YNL338W,2026-10-04,,Dubious open reading frame。検索式 YNL338W[tiab]（ほかの dubious ORF とまとめて OR で検索）で 0 件
YCR025C,2026-10-04,,機能不明。検索式 YCR025C[tiab]（OR でまとめて検索）で 0 件
PRY1,2026-10-04,28365570,"検索式 ""PRY1""[tiab] AND cerevisiae。28365570 は Pry1 の脂肪酸・ステロール結合と、faa1 faa4 株での脂肪酸の排出に Pry1 が要ることまで（遺伝学的な関係で、作用の向きのある関係ではない）。転写因子を名指しした論文も見つからない"
YNL146W,2026-10-04,,機能不明。検索式 YNL146W[tiab]（OR でまとめて検索）で 0 件
YDR544C,2026-10-04,,Dubious open reading frame。検索式 YDR544C[tiab]（OR でまとめて検索）で 0 件
ACH1,2026-10-04,12606555;25852051;9495741;9778795,"検索式 ""ACH1""[tiab] AND cerevisiae・(ACH1 OR acetyl-CoA hydrolase) AND (Cat8 OR Adr1 OR Ume6 OR Ino2 OR Hap4 OR Gsm1 OR Sip4 OR Rds2 OR Ert1)（0 件）。9495741 は ACH1 が cAMP で抑えられ Msn2/4 には依らないと書くだけ、9778795 は推定のプロモーター配列だけで、転写因子の名はない。12606555・25852051 は酵素の働きと局在の話で相手の遺伝子はない"
YDR442W,2026-10-04,,Dubious open reading frame。検索式 YDR442W[tiab]（OR でまとめて検索）で 0 件
ADP1,2026-10-04,22751784;1626432,"検索式 ""ADP1""[tiab] AND cerevisiae。22751784 はシクロスポリン A の作用に ADP1 などの輸送体が関わらないとする網羅的な検討、1626432 は染色体の配列の論文（題名のみ）。ほかはアシネトバクター ADP1 の論文。関係を書いた論文は見つからない"
RGI2,2026-10-04,41547665;31379793;33381093,"""RGI2""[tiab] OR ""RGI1""[tiab] ほか。代謝工学での過剰発現の効果だけで、ほかの遺伝子との関係は書かれていない"
YBL044W,2026-10-04,,"""YBL044W"" で 0 件。機能不明"
PHM7,2026-10-04,36592238,"""PHM7""[tiab]。リン酸の取り込みに必要と示すが、輸送体と協調するというのは推測で、遺伝子どうしの関係は書かれていない"
YJR146W,2026-10-04,,"""YJR146W"" で 0 件。機能不明"
YJR115W,2026-10-04,,"""YJR115W"" で 0 件。機能不明"
RSM10,2026-10-04,,"""RSM10""[tiab]・YDR041W で出芽酵母の論文なし"
YLR108C,2026-10-04,,"""YLR108C"" で 0 件。機能不明"
YGR210C,2026-10-04,11427960,"""YGR210C"" で 1 件。欠失で表現型なしとするだけ"
YRF1-1,2026-10-04,9837911;36675300,Yrf1/Y' helicase で検索。telomerase（TLC1 RNA）欠損の生存株で発現が上がるとするが、タンパク質の遺伝子との関係は書かれていない
YER189W,2026-10-04,,"""YER189W"" で 0 件。機能不明"
YER079W,2026-10-04,,"""YER079W"" で 0 件。機能不明"
AVT3,2026-10-04,17204852;27246536;41786911,"""AVT3""[tiab]。液胞からのアミノ酸の排出を担い Atg22・Avt4 と重複するとするが、遺伝子どうしの作用は書かれていない"
YNR014W,2026-10-04,,"検索式 ""YNR014W""・YMR206W OR (YNR014W AND paralog) で出芽酵母の原著が 0〜1 件（16710832 は網羅的な注釈で関係なし、未読）。候補の YPK1 のリン酸化は既に flag 済み。Azf1 による発現を名指しした要旨も見つからなかった"
GLY1,2026-10-04,9163906;17606896,"検索式 ""GLY1""[tiab] AND cerevisiae、GLY1 AND (Gcn4 OR Bas1 OR regulation OR expression)。9163906 はトレオニンアルドラーゼの同定、17606896 は遺伝的相互作用の網羅解析で、ほかの遺伝子との関係（制御・修飾）を書いた要旨は無かった"
ENV9,2026-10-04,28540421,検索式 ENV9[tiab] OR YOR246C。28540421 は脂肪滴のオキシドレダクターゼとしての働きの報告で、ほかの出芽酵母の遺伝子との関係は書かれていない
YPL150W,2026-10-04,,"検索式 YPL150W・""Ypl150w"" で出芽酵母の論文 0 件（ヒットはカンジダの Cwr1）"
CAX4,2026-10-04,27524515,"検索式 CAX4[tiab] OR ""YGR036C""。27524515 は cax4Δ で UPR・INO2/INO4 の発現などが変わる間接的な影響のみで、Cax4 がほかの遺伝子に作用する関係とは言えない"
AAC1,2026-10-04,8774724,検索式 AAC1[tiab] AND cerevisiae AND (expression OR transcription OR Hap OR Rox1)。8774724 は AAC1 の転写が酸素で調節されるがヘムやヘム依存の転写因子によらないと書き、制御する転写因子は名指ししていない
YNL337W,2026-10-04,,検索式 YNL337W で 0 件。Dubious open reading frame
YPR064W,2026-10-04,,検索式 YPR064W で 0 件。機能不明
YEL008W,2026-10-04,14656964,検索式 YEL008W で 1 件。14656964 はネットワーク比較による機能予測で、関係は書かれていない
RSM7,2026-10-04,22292080,検索式 RSM7[tiab] で 1 件。22292080 はミトコンドリア DNA と核の RSM7 座位の DNA 間相互作用の報告で、遺伝子どうしの関係ではない
YLR257W,2026-10-04,,検索式 YLR257W で 0 件。機能不明
ENA2,2026-10-04,8437581;10073572,検索式 ENA2[tiab] AND cerevisiae、ENA2 AND (Ena1 OR transcription) AND yeast。8437581 は ENA2 の発現がとても低いこと、10073572 は upc2-1 の塩感受性を ENA2 が抑えること（多コピー抑圧）で、制御や作用の関係は書かれていない
PSA1,2026-10-04,10974101;10075413;10880465,検索式 PSA1[tiab] AND cerevisiae。10974101 は PDE2 の多コピー抑圧、10075413 は PSA1 の発現を変えたときの凝集、10880465 は糖鎖付加の欠損で Sho1→Ste12 経路が活性化する話で、Psa1 とほかの遺伝子の直接の関係ではない
YGR035C,2026-10-04,14512416,検索式 YGR035C（2 件、薬剤・総説）、Yrm1 AND Yrr1。14512416 の要旨は Yrr1/Yrm1 の標的遺伝子を名指ししておらず、本文は PMC に無い
SOR1,2026-10-04,15184173,検索式 SOR1[tiab] AND cerevisiae、SOR1 AND sorbitol dehydrogenase。15184173 はキシロースで SOR1 の発現が上がることのみで、制御する遺伝子は書かれていない
YKR040C,2026-10-04,,検索式 YKR040C で 0 件。Dubious open reading frame
BSC1,2026-10-04,,検索式 BSC1[tiab] AND cerevisiae で 0 件。機能未確認
LPX2,2026-10-04,16338374;36164978,候補の CDC4→LPX2 ユビキチン化（16338374）は SCF 基質の探し方の総説・方法論で、要旨に YKL050C/Lpx2 の名がない。36164978（本文）は Ykl050c をペルオキシソームのリパーゼ Lpx2 と名付けたが、ほかの遺伝子との関係はない。検索: (Lpx2 OR YKL050C)[tiab]、Lpx2 AND (yeast OR cerevisiae OR peroxisom*)、Cdc4 AND (peroxisom* OR lipase OR oleate) AND cerevisiae、Europe PMC 全文 YKL050C
YKL097C,2026-10-04,,"機能不明の ORF。検索: PubMed YKL097C（0 件）、Europe PMC 全文 ""YKL097C""（3 件、網羅的な解析で名が出るだけ）"
ECM13,2026-10-04,31336877,"31336877（本文）は ECM13 の多コピーが hog1 変異のツニカマイシン感受性を抑えるという遺伝学だけで、特定の遺伝子との関係は書かれていない。検索: ""ECM13""[tiab]（酵母の論文なし）、Europe PMC 全文 ""ECM13"""
IMA3,2026-10-04,20886742,"IMA 遺伝子群の発見の論文（20886742）は要旨がなく PMC 本文もない。ほかの遺伝子との関係を書いた論文が見つからない。検索: (IMA3 OR IMA4 OR isomaltase) AND cerevisiae、(""IMA3""[tiab] OR ""IMA4""[tiab] OR ""IMA genes"") AND cerevisiae"
YOR342C,2026-10-04,,"機能不明。検索: PubMed YOR342C（0 件）、Europe PMC 全文 ""YOR342C""（5 件。22895177・16537909 の本文に関係の記述なし）"
YGR067C,2026-10-04,16710832;41917214,機能不明（Adr1 に似た亜鉛フィンガー）。検索: PubMed YGR067C（2 件、網羅的な注釈の論文）、Europe PMC 全文（40332024 の本文は表に名が出るだけ）
PUS2,2026-10-04,17684231,"17684231 は Pus2 がミトコンドリアの tRNA の 27・28 位を修飾することを示すが、ほかの遺伝子との関係（制御・結合）は書かれていない（PUS1 は同じ修飾を細胞質で担う別の酵素）。検索: ""Pus2""[tiab] AND (yeast OR cerevisiae)"
SRP40,2026-10-04,8702624;9364927;11574480;12700234,"8702624 は「Srp40 が casein kinase II でリン酸化される」とあるが、どのサブユニット（CKA1/CKA2 など）か名がなく、試験管内と思われる。9364927・12700234 は遺伝学的相互作用だけ。11574480 は snoRNA の局在への影響。検索: ""Srp40""[tiab] AND cerevisiae、Srp40 AND (Nopp140 OR snoRNP OR Cbf5 OR Nap57 OR casein kinase)"
YPR063C,2026-10-04,30322079,機能不明。検索: PubMed YPR063C（0 件）、Europe PMC 全文（30322079 は pmt2 欠失でのタンパク質の量の変化の網羅的なリストに名が出るだけ）
MET13,2026-10-04,10600168;11729203,"10600168 は MET12・MET13 が MTHFR の 2 つのアイソザイムであること、11729203 は AdoMet（小分子）による阻害を示すが、ほかの遺伝子との関係は書かれていない。検索: ""MET13""[tiab] AND cerevisiae、MET13 AND (Met4 OR Met31 OR Met32 OR Cbf1) AND cerevisiae（0 件）"
YMR135W-A,2026-10-04,,Dubious open reading frame。検索: PubMed YMR135W-A（0 件）、Europe PMC 全文（網羅的な解析で名が出るだけ）
COS111,2026-10-04,12661761;26106079,"12661761 は ciclopirox olamine 感受性の変異として COS111 を取った、26106079 は薬剤耐性変異の一つとして挙げるだけで、ほかの遺伝子との関係はない。検索: ""Cos111""[tiab]"
RSO55,2026-10-04,33686140,33686140 は Pth3（Rso55）がテトラサイクリン存在下でミトコンドリアの 8 つの mtDNA 遺伝子の翻訳を支えると書くが、要旨に個々の遺伝子の名がなく、本文も個々の遺伝子への作用としては書いていない。検索: (RSO55 OR YLR281C)
HMS2,2026-10-04,9832522,"検索式 ""HMS2""[tiab] AND yeast と HMS2[tiab] OR YJR147W[tiab]。読んだ 9832522 は mep1 mep2 二重欠失の偽菌糸の欠陥を多コピーで抑える遺伝子の一つとして HMS2 を挙げるだけで、ほかの遺伝子との関係（HMS2 を制御する転写因子や HMS2 の標的）は書かれていない。ほかの検索結果は酵母と無関係"
TRM13,2026-10-04,17242307,"検索式 ""TRM13""[tiab]（4 件）。17242307 は Trm13 が tRNA の 4 位の 2'-O-メチル化に必要十分と示すが、相手は tRNA だけで、ほかの出芽酵母の遺伝子（候補のキナーゼを含む）との関係は書かれていない。ほかは構造予測と系統解析"
YAP3,2026-10-04,9372930,YHL009C の bZIP 転写因子 Yap3。検索式 Yap3[tiab] AND yeast ではヒットの多くが別名 YAP3 のアスパラギン酸プロテアーゼ YPS1 の論文。9372930 は Yap3 が Yap 認識配列から転写を活性化し、PKA が高いと Yap 依存の転写が消えると書くが、キナーゼ（TPK1-3）も標的遺伝子も名指ししていない。総説 31172012 以外に Yap3 の原著は見つからなかった
CMR3,2026-10-04,,検索式 CMR3[tiab] OR YPR013C[tiab] のヒットは CRISPR-Cas の Cmr3 や医学の略語ばかりで、出芽酵母の YPR013C の論文は無かった（推定ジンクフィンガー、機能不明）
APT2,2026-10-04,9864350,検索式 APT2[tiab] AND cerevisiae。9864350 は APT2 は通常の条件で転写も翻訳もされない偽遺伝子で、発現させた APRT2 に活性はないと結論。ほかの遺伝子との関係は書かれていない
MMO1,2026-10-04,,機能不明のタンパク質。検索式 MMO1[tiab] OR YKL044W[tiab] のヒットは酵母と無関係のものだけ
RPL15A,2026-10-04,19184027,検索式 RPL15A[tiab] OR (Rpl15[tiab] AND cerevisiae)。19184027 は YRPL15A が必須で YRPL15B は転写されないことなどを示すが、RPL15A の発現を制御する転写因子やほかの遺伝子との関係は書かれていない
MAK32,2026-10-04,3551911,検索式 MAK32[tiab]（1 件）。3551911 は PET18（MAK31 + MAK32）が L-A dsRNA を含むウイルス様粒子の安定に要ると書くが、相手はウイルスの dsRNA で、出芽酵母のほかの遺伝子との関係は書かれていない
UBX6,2026-10-04,18407841,検索式 Ubx6[tiab]（0 件）、UBX6 OR Ubx7 OR YJL048C と (Ubx6 OR Ubx7) AND Cdc48。ヒットは 18407841 だけで、要旨に出てくるのは Dfm1 複合体に含まれる Cdc48 補因子 Ubx1・Ubx7 で、Ubx6 は出てこない
YRF1-5,2026-10-04,9837911,検索式 YRF1[tiab] OR (Y' helicase AND telomerase AND cerevisiae)。9837911 は tlc1Δ のサバイバーで Y' 要素が強く発現し Y'-Help1 がヘリカーゼ活性をもつと示すが、Y' 要素の個々のコピー（YRF1-5）を区別せず、TLC1 は RNA 遺伝子で DB にない。ほかの遺伝子との関係は書かれていない
HXT17,2026-10-04,16397765;26996892,検索式 HXT17[tiab]。16397765 は HXT17 プロモーターが pH 7.7 のラフィノース・ガラクトースで上がると示すが転写因子は名指ししない。26996892 はマンニトール・ソルビトールの輸送活性。ほかの遺伝子との関係は書かれていない
YRF1-2,2026-10-04,9837911,YRF1-5 と同じ検索。9837911 は Y' 要素全体の発現（tlc1Δ のサバイバー）で、YRF1-2 を個別に扱わず、制御する転写因子やほかの遺伝子との関係は書かれていない
CCW12,2026-10-04,21320323,"検索式 ""CCW12""[tiab] AND (transcription OR expression OR regulat*) と CCW12 AND (Rlm1 OR Swi4 OR Swi6 OR cell wall stress OR Slt2)。ヒットの多くは細胞表層提示の工学の論文。21320323 は ccw12 欠失の合成致死の網と転写解析で、ほかの遺伝子が Ccw12 を制御する（または Ccw12 がほかの遺伝子に作用する）関係は書かれていない"
ECM38,2026-10-04,9202464;16857395,"検索式 ""Ecm38""[tiab] OR (gamma-glutamyltranspeptidase AND cerevisiae)、ECM38 AND (Gln3 OR nitrogen OR transcription)。9202464 は γ-GT が窒素飢餓で脱抑制されると書くが制御する転写因子の名はない。16857395 は解毒での働きだけ。ほかの遺伝子との関係は見つからなかった"
MAM3,2026-10-04,35087208;15498024,"検索式 ""Mam3""[tiab] AND cerevisiae（5 件）。35087208 は液胞への Mg2+ の取り込み、15498024 はマンガン毒性で、MAM3 は Pmr1・Smf2・Pho84 の経路とは独立に働くと書く（関係がないという記述）。ほかの遺伝子との関係は見つからなかった"
TIP1,2026-10-04,11292809;8127704;16672383;7746155,検索式 TIP1 AND cerevisiae AND (Upc2 OR Mot3 OR Rox1 OR Ecm22 OR anaerobic OR cold shock) など。11292809 は Mox4・Mot3 が DAN/TIR 遺伝子を制御するが TIP1 は除く（but not of TIP1）と書く。8127704 は TIP1 の低温誘導の因子をゲルシフトで見るが遺伝子名は特定していない。16672383・7746155 も制御因子の名はない
CSS1,2026-10-04,,"検索式 ""Css1""[tiab] AND cerevisiae（5 件。分裂酵母の CSS1 など別のもの）、Css1 AND haze（0 件）、YIL169C OR (CSS1 AND haze-protective)（関係のない 2 件）。出芽酵母の CSS1 の関係を書いた論文は見つからなかった"
OCA5,2026-10-04,36758548,"検索式 ""Oca5""[tiab]（ほかはヒトの白皮症の OCA5 座）と YHL029C OR OCA5 AND (Kcs1 OR Vip1 OR inositol pyrophosphate)。36758548 は Oca5 が 5-InsP7 を分解して解糖と呼吸の釣り合いを保つと書くが、相手は代謝物（5-InsP7）で、ほかの遺伝子との関係は書かれていない"
CUE4,2026-10-04,40580499,"検索式 ""Cue4""[tiab]（2 件。1 件は植物の cue 変異）、Cue4 AND (Cue1 OR ubiquitin) AND yeast、CUE domain AND YML101C（0 件）。40580499 はパラログの局在・量のデータベースで、Cue4 の関係は書かれていない"
YCL065W,2026-10-04,,Dubious open reading frame。検索式 YCL065W（0 件）
DRS1,2026-10-04,1454790;8247005;16449635,"検索式 ""Drs1""[tiab] AND cerevisiae、Drs1 AND (Nop7 OR Rrp1 OR Mak11 OR 66S OR Rpl)。1454790・8247005 は 60S サブユニットの組み立てと 27S 前駆体の蓄積、16449635 は RNA ヘリカーゼの変異解析で「いくつかのヘリカーゼが共沈する」とあるが Drs1 の相手の名はない。2 つ目の検索で出た 11911362 は題名から Nop7 の論文で、要旨は読んでいない"
NNK1,2026-10-04,11595789,"検索式 ""Nnk1""[tiab]・Nnk1 AND (Gdh2 OR TORC1 OR Ure2)・YKL171W[tiab] で出芽酵母の論文は 11595789 だけ。two-hybrid で YKL171W がプロテアソームの働きに関わるとあるが、相手のサブユニット名は要旨になく、本文も PMC にない。候補の TPK1/TPK3/PKP2 のリン酸化を書いた論文は見つからなかった"
CWP2,2026-10-04,30133879;25165136,検索式 CWP2[tiab] AND cerevisiae AND (transcription OR expression)、CWP2 AND cell wall AND (regulat* OR Rlm1 OR Swi4 OR pH)。応用（表層提示・セルラーゼ生産）の論文が中心。30133879 は Cwp2 の GPI 脂質部分が PI であることまでで、Cwh43 が局在を変えたのは Gas1。CWP2 の発現を制御する転写因子やほかの遺伝子との関係を書いた要旨は見つからなかった
ICS2,2026-10-04,,検索式 ICS2[tiab] AND cerevisiae・ICS2 OR YBR157C で出芽酵母の論文は 0 件。機能不明の遺伝子
ICY1,2026-10-04,14504216,検索式 ICY1[tiab] AND cerevisiae で 1 件。14504216 は tim18Δ の mtDNA 依存性を多コピーで抑える遺伝子の一つとして ICY1 を挙げるだけで、ほかの遺伝子との直接の関係は書かれていない
GUP2,2026-10-04,15278288;10931309,検索式 GUP2[tiab] AND cerevisiae で 6 件。15278288 は GUP1・GUP2 の転写が構成的でグルコース抑制や塩ストレスで変わらないとし、制御する転写因子の名はない。ほかの遺伝子との関係を書いた要旨は見つからなかった
LCL1,2026-10-04,,検索式 LCL1[tiab] AND cerevisiae で出芽酵母の論文なし（ヒットはマーモセットの別遺伝子）。機能不明の遺伝子
GTT3,2026-10-04,,検索式 GTT3[tiab] で出芽酵母の論文なし。機能不明の遺伝子
YCR018C-A,2026-10-04,,検索式 YCR018C-A[tiab] OR YDR543C[tiab] で 0 件。機能不明の推定 ORF
YDR543C,2026-10-04,,Dubious ORF。検索式 YCR018C-A[tiab] OR YDR543C[tiab] で 0 件
HPF1,2026-10-04,32277013,検索式 HPF1[tiab] AND cerevisiae で 4 件。32277013 は HPF1 の反復配列の伸長が経時寿命を縮めるという話で、ほかの遺伝子との関係（FLO11 は別の QTL として並ぶだけ）は書かれていない
AGE1,2026-10-04,21135091,検索式 AGE1[tiab] AND (Arf1 OR GAP) AND cerevisiae・(Age1p OR AGE1) AND (ArfGAP OR Arf GTPase) AND yeast。21135091 は Age1 が ArfGAP 活性をもちホスホリパーゼ D 活性で調節されるとするが、要旨では基質は「Arf」とだけあり ARF1 と名指ししておらず、ホスホリパーゼ D の遺伝子名（SPO14）もない。本文は PMC で読めなかった。AGE2・GCS1 は多コピーでの相補（重複した働き）の関係だけ
PMP2,2026-10-04,8063750,検索式 (PMP1[tiab] OR PMP2[tiab]) AND (Pma1 OR H(+)-ATPase OR proteolipid) AND cerevisiae・(Pmp1 OR Pmp2) AND Pma1。8063750 は PMP1・PMP2 の二重欠失で細胞膜 H+-ATPase 活性の Vmax が下がるとするが、要旨に PMA1 の名がなく照合で「片方だけ言及」になるため書かなかった（片方ずつの効果もない）。PMP2 と PMA1 を名指しした要旨は見つからなかった
ELO1,2026-10-04,10850979;12684876,検索式 ELO1[tiab] AND cerevisiae・ELO1[tiab] AND (regulat* OR transcription OR interact*) AND yeast。10850979・12684876 は Elo1 の基質特異性（C12-C16 → C16-C18、C14:1 → C16:1Δ11）までで、ほかの遺伝子による制御や結合は書かれていない（Ybr159w を共有するのは Elo2/Elo3）
AAD3,2026-10-04,10581269;29079624,検索式 AAD3[tiab] OR (aryl-alcohol dehydrogenase AND cerevisiae AND Yap1)。10581269 は AAD 遺伝子の誘導が Yap1 依存とするが、欠失株で酸化ストレスに応答するのは AAD4・AAD6 だけとあり、AAD3 への Yap1 の制御とは言えない。29079624 は AAD3 が触媒残基の変異で機能しない偽遺伝子化の途中とする
FCY2,2026-10-04,9335580,検索式 FCY2[tiab] AND cerevisiae AND (transcription OR regulat* OR Bas1 OR Gcn4)・FCY2[tiab] AND (expression OR transcription OR Ptr3 OR Ssy1 OR Bas1)。9335580 は fcy2 変異でアデニンによるプリン合成遺伝子の抑制が外れる（アデニンの取り込みが要る）という遺伝学で、特定の遺伝子との関係ではない。FCY2 の発現を制御する転写因子を名指しした要旨は見つからなかった
API2,2026-10-04,11957109,検索式 API2[tiab] AND cerevisiae で 1 件。11957109 は cdc34-2 株での挿入変異が芽の形と接合突起を変えるという網羅的スクリーニングで、ほかの遺伝子との関係は書かれていない。機能不明の ORF で論文がほとんどない
YGR050C,2026-10-04,,検索式 YGR050C で 0 件。機能不明の ORF で論文がない
TPO4,2026-10-04,11171066;11470516,検索式 Tpo4[tiab] OR (YOR273C AND transporter)、(TPO4 OR YOR273C) AND (spermine OR polyamine OR Gcn4 OR Haa1) AND cerevisiae。11171066 は液胞膜のポリアミン輸送体としての働き（スペルミジン・スペルミン）、11470516 は YOR273C が TPO1 と同じく薬剤耐性に関わることまでで、ほかの遺伝子が TPO4 を制御する（またはその逆の）関係は書かれていない
YLR162W,2026-10-04,27488408;22654166,検索式 YLR162W で 3 件。27488408（破壊で有機溶媒に耐性）と 22654166（過剰発現で増殖阻害・CoCl2 に感受性）はどちらも表現型だけで、ほかの遺伝子との関係は書かれていない
YAL064W,2026-10-04,,検索式 YAL064W で 0 件。機能不明の ORF で論文がない
FUI1,2026-10-04,14657252,検索式 Fui1[tiab] AND cerevisiae、Fui1[tiab] AND (Rsp5 OR ubiquitin OR endocytosis OR Npr1)。14657252 は Fur4 の Rsp5 依存のユビキチン化と選別の論文で、FUI1 については毒性量のウリジンで同様に液胞での分解へ選別されるとだけあり、Rsp5 が Fui1 に働くとは書いていない。ほかの 5 件は題名からウリジン輸送体の性質や他生物の論文で、ほかの遺伝子との関係は見つからなかった
YEL045C,2026-10-04,,"機械のふるい分け（tools/triage_unknown_genes.py）: PubMed で 0 件（(""YEL045C""[tiab]) AND (yeast OR cerevisiae)）"
YIR020C,2026-10-04,,"機械のふるい分け（tools/triage_unknown_genes.py）: PubMed で 0 件（(""YIR020C""[tiab]) AND (yeast OR cerevisiae)）"
YLR159W,2026-10-04,,"機械のふるい分け（tools/triage_unknown_genes.py）: PubMed で 0 件（(""YLR159W""[tiab]) AND (yeast OR cerevisiae)）"
YLR287C,2026-10-04,,"機械のふるい分け（tools/triage_unknown_genes.py）: PubMed で 0 件（(""YLR287C""[tiab]) AND (yeast OR cerevisiae)）"
YNL179C,2026-10-04,,"機械のふるい分け（tools/triage_unknown_genes.py）: PubMed で 0 件（(""YNL179C""[tiab]) AND (yeast OR cerevisiae)）"
YOL085C,2026-10-04,,"機械のふるい分け（tools/triage_unknown_genes.py）: PubMed で 0 件（(""YOL085C""[tiab]) AND (yeast OR cerevisiae)）"
ADD37,2026-10-04,,"機械のふるい分け（tools/triage_unknown_genes.py）: PubMed で 0 件（(""ADD37""[tiab] OR ""YMR184W""[tiab]) AND (yeast OR cerevisiae)）"
YLR156W,2026-10-04,,"機械のふるい分け（tools/triage_unknown_genes.py）: PubMed で 0 件（(""YLR156W""[tiab]) AND (yeast OR cerevisiae)）"
YOR318C,2026-10-04,,"機械のふるい分け（tools/triage_unknown_genes.py）: PubMed で 0 件（(""YOR318C""[tiab]) AND (yeast OR cerevisiae)）"
YBL109W,2026-10-04,,"機械のふるい分け（tools/triage_unknown_genes.py）: PubMed で 0 件（(""YBL109W""[tiab]) AND (yeast OR cerevisiae)）"
YMR122C,2026-10-04,,"機械のふるい分け（tools/triage_unknown_genes.py）: PubMed で 0 件（(""YMR122C""[tiab]) AND (yeast OR cerevisiae)）"
INA1,2026-10-04,,"機械のふるい分け（tools/triage_unknown_genes.py）: PubMed で 0 件（(""INA1""[tiab] OR ""YLR413W""[tiab]) AND (yeast OR cerevisiae)）"
YFL015C,2026-10-04,,"機械のふるい分け（tools/triage_unknown_genes.py）: PubMed で 0 件（(""YFL015C""[tiab]) AND (yeast OR cerevisiae)）"
YOR062C,2026-10-04,,"機械のふるい分け（tools/triage_unknown_genes.py）: PubMed で 0 件（(""YOR062C""[tiab] OR ""YOR29-13""[tiab]) AND (yeast OR cerevisiae)）"
YOR268C,2026-10-04,,"機械のふるい分け（tools/triage_unknown_genes.py）: PubMed で 0 件（(""YOR268C""[tiab]) AND (yeast OR cerevisiae)）"
YJL027C,2026-10-04,,"機械のふるい分け（tools/triage_unknown_genes.py）: PubMed で 0 件（(""YJL027C""[tiab]) AND (yeast OR cerevisiae)）"
YLR112W,2026-10-04,,"機械のふるい分け（tools/triage_unknown_genes.py）: PubMed で 0 件（(""YLR112W""[tiab]) AND (yeast OR cerevisiae)）"
LEE1,2026-10-04,,"機械のふるい分け（tools/triage_unknown_genes.py）: PubMed で 0 件（(""LEE1""[tiab] OR ""YPL054W""[tiab]) AND (yeast OR cerevisiae)）"
TDA6,2026-10-04,,"機械のふるい分け（tools/triage_unknown_genes.py）: PubMed で 0 件（(""TDA6""[tiab] OR ""YPR157W""[tiab]) AND (yeast OR cerevisiae)）"
YCR006C,2026-10-04,,"機械のふるい分け（tools/triage_unknown_genes.py）: PubMed で 0 件（(""YCR006C""[tiab]) AND (yeast OR cerevisiae)）"
YFL063W,2026-10-04,,"機械のふるい分け（tools/triage_unknown_genes.py）: PubMed で 0 件（(""YFL063W""[tiab]) AND (yeast OR cerevisiae)）"
YOR029W,2026-10-04,,"機械のふるい分け（tools/triage_unknown_genes.py）: PubMed で 0 件（(""YOR029W""[tiab]) AND (yeast OR cerevisiae)）"
YPL025C,2026-10-04,,"機械のふるい分け（tools/triage_unknown_genes.py）: PubMed で 0 件（(""YPL025C""[tiab]) AND (yeast OR cerevisiae)）"
YPR148C,2026-10-04,,"機械のふるい分け（tools/triage_unknown_genes.py）: PubMed で 0 件（(""YPR148C""[tiab]) AND (yeast OR cerevisiae)）"
IRC8,2026-10-04,,"機械のふるい分け（tools/triage_unknown_genes.py）: PubMed で 0 件（(""IRC8""[tiab] OR ""YJL051W""[tiab]) AND (yeast OR cerevisiae)）"
YDR524C-B,2026-10-04,,"機械のふるい分け（tools/triage_unknown_genes.py）: PubMed で 0 件（(""YDR524C-B""[tiab]) AND (yeast OR cerevisiae)）"
YIL055C,2026-10-04,,"機械のふるい分け（tools/triage_unknown_genes.py）: PubMed で 0 件（(""YIL055C""[tiab]) AND (yeast OR cerevisiae)）"
YIR018C-A,2026-10-04,,"機械のふるい分け（tools/triage_unknown_genes.py）: PubMed で 0 件（(""YIR018C-A""[tiab]) AND (yeast OR cerevisiae)）"
YLR161W,2026-10-04,,"機械のふるい分け（tools/triage_unknown_genes.py）: PubMed で 0 件（(""YLR161W""[tiab]) AND (yeast OR cerevisiae)）"
YLR462W,2026-10-04,,"機械のふるい分け（tools/triage_unknown_genes.py）: PubMed で 0 件（(""YLR462W""[tiab]) AND (yeast OR cerevisiae)）"
YLR463C,2026-10-04,,"機械のふるい分け（tools/triage_unknown_genes.py）: PubMed で 0 件（(""YLR463C""[tiab]) AND (yeast OR cerevisiae)）"
YML089C,2026-10-04,,"機械のふるい分け（tools/triage_unknown_genes.py）: PubMed で 0 件（(""YML089C""[tiab]) AND (yeast OR cerevisiae)）"
YMR103C,2026-10-04,,"機械のふるい分け（tools/triage_unknown_genes.py）: PubMed で 0 件（(""YMR103C""[tiab]) AND (yeast OR cerevisiae)）"
YMR196W,2026-10-04,,"機械のふるい分け（tools/triage_unknown_genes.py）: PubMed で 0 件（(""YMR196W""[tiab]) AND (yeast OR cerevisiae)）"
YOR314W,2026-10-04,,"機械のふるい分け（tools/triage_unknown_genes.py）: PubMed で 0 件（(""YOR314W""[tiab]) AND (yeast OR cerevisiae)）"
YDR010C,2026-10-04,,"機械のふるい分け（tools/triage_unknown_genes.py）: PubMed で 0 件（(""YDR010C""[tiab]) AND (yeast OR cerevisiae)）"
YHR022C,2026-10-04,,"機械のふるい分け（tools/triage_unknown_genes.py）: PubMed で 0 件（(""YHR022C""[tiab]) AND (yeast OR cerevisiae)）"
IRC13,2026-10-04,,"機械のふるい分け（tools/triage_unknown_genes.py）: PubMed で 0 件（(""IRC13""[tiab] OR ""YOR235W""[tiab]) AND (yeast OR cerevisiae)）"
TBS1,2026-10-04,,"機械のふるい分け（tools/triage_unknown_genes.py）: PubMed で 0 件（(""TBS1""[tiab] OR ""YBR150C""[tiab]) AND (yeast OR cerevisiae)）"
YJL043W,2026-10-04,,"機械のふるい分け（tools/triage_unknown_genes.py）: PubMed で 0 件（(""YJL043W""[tiab]) AND (yeast OR cerevisiae)）"
YKL063C,2026-10-04,,"機械のふるい分け（tools/triage_unknown_genes.py）: PubMed で 0 件（(""YKL063C""[tiab]) AND (yeast OR cerevisiae)）"
YML053C,2026-10-04,,"機械のふるい分け（tools/triage_unknown_genes.py）: PubMed で 0 件（(""YML053C""[tiab]) AND (yeast OR cerevisiae)）"
YMR082C,2026-10-04,,"機械のふるい分け（tools/triage_unknown_genes.py）: PubMed で 0 件（(""YMR082C""[tiab]) AND (yeast OR cerevisiae)）"
YMR194C-A,2026-10-04,,"機械のふるい分け（tools/triage_unknown_genes.py）: PubMed で 0 件（(""YMR194C-A""[tiab]) AND (yeast OR cerevisiae)）"
STP3,2026-10-04,,"機械のふるい分け（tools/triage_unknown_genes.py）: PubMed で 0 件（(""STP3""[tiab] OR ""YLR375W""[tiab]) AND (yeast OR cerevisiae)）"
YAL037W,2026-10-04,,"機械のふるい分け（tools/triage_unknown_genes.py）: PubMed で 0 件（(""YAL037W""[tiab]) AND (yeast OR cerevisiae)）"
YFL051C,2026-10-04,,"機械のふるい分け（tools/triage_unknown_genes.py）: PubMed で 0 件（(""YFL051C""[tiab]) AND (yeast OR cerevisiae)）"
YFL064C,2026-10-04,,"機械のふるい分け（tools/triage_unknown_genes.py）: PubMed で 0 件（(""YFL064C""[tiab]) AND (yeast OR cerevisiae)）"
YGR079W,2026-10-04,,"機械のふるい分け（tools/triage_unknown_genes.py）: PubMed で 0 件（(""YGR079W""[tiab]) AND (yeast OR cerevisiae)）"
YLR255C,2026-10-04,,"機械のふるい分け（tools/triage_unknown_genes.py）: PubMed で 0 件（(""YLR255C""[tiab]) AND (yeast OR cerevisiae)）"
YML122C,2026-10-04,,"機械のふるい分け（tools/triage_unknown_genes.py）: PubMed で 0 件（(""YML122C""[tiab]) AND (yeast OR cerevisiae)）"
YOR292C,2026-10-04,,"機械のふるい分け（tools/triage_unknown_genes.py）: PubMed で 0 件（(""YOR292C""[tiab]) AND (yeast OR cerevisiae)）"
YPL251W,2026-10-04,,"機械のふるい分け（tools/triage_unknown_genes.py）: PubMed で 0 件（(""YPL251W""[tiab]) AND (yeast OR cerevisiae)）"
YPR202W,2026-10-04,,"機械のふるい分け（tools/triage_unknown_genes.py）: PubMed で 0 件（(""YPR202W""[tiab]) AND (yeast OR cerevisiae)）"
YCL042W,2026-10-04,,"機械のふるい分け（tools/triage_unknown_genes.py）: PubMed で 0 件（(""YCL042W""[tiab]) AND (yeast OR cerevisiae)）"
YDR278C,2026-10-04,,"機械のふるい分け（tools/triage_unknown_genes.py）: PubMed で 0 件（(""YDR278C""[tiab]) AND (yeast OR cerevisiae)）"
YER137C,2026-10-04,,"機械のふるい分け（tools/triage_unknown_genes.py）: PubMed で 0 件（(""YER137C""[tiab]) AND (yeast OR cerevisiae)）"
YIL054W,2026-10-04,,"機械のふるい分け（tools/triage_unknown_genes.py）: PubMed で 0 件（(""YIL054W""[tiab]) AND (yeast OR cerevisiae)）"
YIL100W,2026-10-04,,"機械のふるい分け（tools/triage_unknown_genes.py）: PubMed で 0 件（(""YIL100W""[tiab]) AND (yeast OR cerevisiae)）"
YLR179C,2026-10-04,,"機械のふるい分け（tools/triage_unknown_genes.py）: PubMed で 0 件（(""YLR179C""[tiab]) AND (yeast OR cerevisiae)）"
YLR302C,2026-10-04,,"機械のふるい分け（tools/triage_unknown_genes.py）: PubMed で 0 件（(""YLR302C""[tiab]) AND (yeast OR cerevisiae)）"
YML119W,2026-10-04,,"機械のふるい分け（tools/triage_unknown_genes.py）: PubMed で 0 件（(""YML119W""[tiab]) AND (yeast OR cerevisiae)）"
YMR007W,2026-10-04,,"機械のふるい分け（tools/triage_unknown_genes.py）: PubMed で 0 件（(""YMR007W""[tiab]) AND (yeast OR cerevisiae)）"
YPL068C,2026-10-04,,"機械のふるい分け（tools/triage_unknown_genes.py）: PubMed で 0 件（(""YPL068C""[tiab]) AND (yeast OR cerevisiae)）"
CSS3,2026-10-04,,"機械のふるい分け（tools/triage_unknown_genes.py）: PubMed で 0 件（(""CSS3""[tiab] OR ""YOL159C""[tiab]) AND (yeast OR cerevisiae)）"
FYV12,2026-10-04,,"機械のふるい分け（tools/triage_unknown_genes.py）: PubMed で 0 件（(""FYV12""[tiab] OR ""YOR183W""[tiab]) AND (yeast OR cerevisiae)）"
MRX10,2026-10-04,,"機械のふるい分け（tools/triage_unknown_genes.py）: PubMed で 0 件（(""MRX10""[tiab] OR ""YDR282C""[tiab]) AND (yeast OR cerevisiae)）"
TDA8,2026-10-04,,"機械のふるい分け（tools/triage_unknown_genes.py）: PubMed で 0 件（(""TDA8""[tiab] OR ""YAL064C-A""[tiab] OR ""YAL065C-A""[tiab]) AND (yeast OR cerevisiae)）"
TVS1,2026-10-04,,"機械のふるい分け（tools/triage_unknown_genes.py）: PubMed で 0 件（(""TVS1""[tiab] OR ""YCR061W""[tiab] OR ""YCR062W""[tiab]) AND (yeast OR cerevisiae)）"
YBR071W,2026-10-04,,"機械のふるい分け（tools/triage_unknown_genes.py）: PubMed で 0 件（(""YBR071W""[tiab]) AND (yeast OR cerevisiae)）"
YDR222W,2026-10-04,,"機械のふるい分け（tools/triage_unknown_genes.py）: PubMed で 0 件（(""YDR222W""[tiab]) AND (yeast OR cerevisiae)）"
YDR274C,2026-10-04,,"機械のふるい分け（tools/triage_unknown_genes.py）: PubMed で 0 件（(""YDR274C""[tiab]) AND (yeast OR cerevisiae)）"
YEL025C,2026-10-04,,"機械のふるい分け（tools/triage_unknown_genes.py）: PubMed で 0 件（(""YEL025C""[tiab]) AND (yeast OR cerevisiae)）"
YFR035C,2026-10-04,,"機械のふるい分け（tools/triage_unknown_genes.py）: PubMed で 0 件（(""YFR035C""[tiab]) AND (yeast OR cerevisiae)）"
YGR026W,2026-10-04,,"機械のふるい分け（tools/triage_unknown_genes.py）: PubMed で 0 件（(""YGR026W""[tiab]) AND (yeast OR cerevisiae)）"
YIR016W,2026-10-04,,"機械のふるい分け（tools/triage_unknown_genes.py）: PubMed で 0 件（(""YIR016W""[tiab]) AND (yeast OR cerevisiae)）"
YJR128W,2026-10-04,,"機械のふるい分け（tools/triage_unknown_genes.py）: PubMed で 0 件（(""YJR128W""[tiab]) AND (yeast OR cerevisiae)）"
YLR030W,2026-10-04,,"機械のふるい分け（tools/triage_unknown_genes.py）: PubMed で 0 件（(""YLR030W""[tiab]) AND (yeast OR cerevisiae)）"
YLR326W,2026-10-04,,"機械のふるい分け（tools/triage_unknown_genes.py）: PubMed で 0 件（(""YLR326W""[tiab]) AND (yeast OR cerevisiae)）"
YMR172C-A,2026-10-04,,"機械のふるい分け（tools/triage_unknown_genes.py）: PubMed で 0 件（(""YMR172C-A""[tiab]) AND (yeast OR cerevisiae)）"
YMR320W,2026-10-04,,"機械のふるい分け（tools/triage_unknown_genes.py）: PubMed で 0 件（(""YMR320W""[tiab]) AND (yeast OR cerevisiae)）"
YNL193W,2026-10-04,,"機械のふるい分け（tools/triage_unknown_genes.py）: PubMed で 0 件（(""YNL193W""[tiab]) AND (yeast OR cerevisiae)）"
YOR050C,2026-10-04,,"機械のふるい分け（tools/triage_unknown_genes.py）: PubMed で 0 件（(""YOR050C""[tiab] OR ""YOR29-01""[tiab]) AND (yeast OR cerevisiae)）"
GTA1,2026-10-04,,"機械のふるい分け（tools/triage_unknown_genes.py）: PubMed で 0 件（(""GTA1""[tiab] OR ""YEL043W""[tiab]) AND (yeast OR cerevisiae)）"
YCR064C,2026-10-04,,"機械のふるい分け（tools/triage_unknown_genes.py）: PubMed で 0 件（(""YCR064C""[tiab]) AND (yeast OR cerevisiae)）"
YDR133C,2026-10-04,,"機械のふるい分け（tools/triage_unknown_genes.py）: PubMed で 0 件（(""YDR133C""[tiab]) AND (yeast OR cerevisiae)）"
YDR154C,2026-10-04,,"機械のふるい分け（tools/triage_unknown_genes.py）: PubMed で 0 件（(""YDR154C""[tiab]) AND (yeast OR cerevisiae)）"
YDR157W,2026-10-04,,"機械のふるい分け（tools/triage_unknown_genes.py）: PubMed で 0 件（(""YDR157W""[tiab]) AND (yeast OR cerevisiae)）"
YFR018C,2026-10-04,,"機械のふるい分け（tools/triage_unknown_genes.py）: PubMed で 0 件（(""YFR018C""[tiab]) AND (yeast OR cerevisiae)）"
YJL028W,2026-10-04,,"機械のふるい分け（tools/triage_unknown_genes.py）: PubMed で 0 件（(""YJL028W""[tiab]) AND (yeast OR cerevisiae)）"
YJR056C,2026-10-04,,"機械のふるい分け（tools/triage_unknown_genes.py）: PubMed で 0 件（(""YJR056C""[tiab]) AND (yeast OR cerevisiae)）"
YLR400W,2026-10-04,,"機械のふるい分け（tools/triage_unknown_genes.py）: PubMed で 0 件（(""YLR400W""[tiab]) AND (yeast OR cerevisiae)）"
YML100W-A,2026-10-04,,"機械のふるい分け（tools/triage_unknown_genes.py）: PubMed で 0 件（(""YML099W-A""[tiab] OR ""YML100W-A""[tiab]) AND (yeast OR cerevisiae)）"
IAI11,2026-10-04,,"機械のふるい分け（tools/triage_unknown_genes.py）: PubMed で 0 件（(""IAI11""[tiab] OR ""YBL059W""[tiab]) AND (yeast OR cerevisiae)）"
PAU10,2026-10-04,,"機械のふるい分け（tools/triage_unknown_genes.py）: PubMed で 0 件（(""PAU10""[tiab] OR ""YDR542W""[tiab] OR ""seripauperin PAU10""[tiab]) AND (yeast OR cerevisiae)）"
PIR5,2026-10-04,,"機械のふるい分け（tools/triage_unknown_genes.py）: PubMed で 0 件（(""PIR5""[tiab] OR ""YJL160C""[tiab] OR ""beta-1,3-glucan linked protein""[tiab]) AND (yeast OR cerevisiae)）"
SPO75,2026-10-04,,"機械のふるい分け（tools/triage_unknown_genes.py）: PubMed で 0 件（(""SPO75""[tiab] OR ""YLL005C""[tiab]) AND (yeast OR cerevisiae)）"
YBL112C,2026-10-04,,"機械のふるい分け（tools/triage_unknown_genes.py）: PubMed で 0 件（(""YBL112C""[tiab]) AND (yeast OR cerevisiae)）"
YDL186W,2026-10-04,,"機械のふるい分け（tools/triage_unknown_genes.py）: PubMed で 0 件（(""YDL186W""[tiab]) AND (yeast OR cerevisiae)）"
YDR262W,2026-10-04,,"機械のふるい分け（tools/triage_unknown_genes.py）: PubMed で 0 件（(""YDR262W""[tiab]) AND (yeast OR cerevisiae)）"
YDR535C,2026-10-04,,"機械のふるい分け（tools/triage_unknown_genes.py）: PubMed で 0 件（(""YDR535C""[tiab]) AND (yeast OR cerevisiae)）"
YGR035W-A,2026-10-04,,"機械のふるい分け（tools/triage_unknown_genes.py）: PubMed で 0 件（(""YGR035W-A""[tiab]) AND (yeast OR cerevisiae)）"
YKL162C-A,2026-10-04,,"機械のふるい分け（tools/triage_unknown_genes.py）: PubMed で 0 件（(""YKL162C-A""[tiab]) AND (yeast OR cerevisiae)）"
YKL177W,2026-10-04,,"機械のふるい分け（tools/triage_unknown_genes.py）: PubMed で 0 件（(""YKL177W""[tiab]) AND (yeast OR cerevisiae)）"
YMR173W-A,2026-10-04,,"機械のふるい分け（tools/triage_unknown_genes.py）: PubMed で 0 件（(""YMR173W-A""[tiab]) AND (yeast OR cerevisiae)）"
YOR032W-A,2026-10-04,,"機械のふるい分け（tools/triage_unknown_genes.py）: PubMed で 0 件（(""YOR032W-A""[tiab]) AND (yeast OR cerevisiae)）"
YOR082C,2026-10-04,,"機械のふるい分け（tools/triage_unknown_genes.py）: PubMed で 0 件（(""YOR082C""[tiab]) AND (yeast OR cerevisiae)）"
YPR195C,2026-10-04,,"機械のふるい分け（tools/triage_unknown_genes.py）: PubMed で 0 件（(""YPR195C""[tiab]) AND (yeast OR cerevisiae)）"
IRC16,2026-10-04,,"機械のふるい分け（tools/triage_unknown_genes.py）: PubMed で 0 件（(""IRC16""[tiab] OR ""YPR038W""[tiab]) AND (yeast OR cerevisiae)）"
YBR190W,2026-10-04,,"機械のふるい分け（tools/triage_unknown_genes.py）: PubMed で 0 件（(""YBR190W""[tiab]) AND (yeast OR cerevisiae)）"
YBR225W,2026-10-04,,"機械のふるい分け（tools/triage_unknown_genes.py）: PubMed で 0 件（(""YBR225W""[tiab]) AND (yeast OR cerevisiae)）"
YCL041C,2026-10-04,,"機械のふるい分け（tools/triage_unknown_genes.py）: PubMed で 0 件（(""YCL041C""[tiab]) AND (yeast OR cerevisiae)）"
YDL071C,2026-10-04,,"機械のふるい分け（tools/triage_unknown_genes.py）: PubMed で 0 件（(""YDL071C""[tiab]) AND (yeast OR cerevisiae)）"
YEL067C,2026-10-04,,"機械のふるい分け（tools/triage_unknown_genes.py）: PubMed で 0 件（(""YEL067C""[tiab]) AND (yeast OR cerevisiae)）"
YER091C-A,2026-10-04,,"機械のふるい分け（tools/triage_unknown_genes.py）: PubMed で 0 件（(""YER091C-A""[tiab]) AND (yeast OR cerevisiae)）"
YGR117C,2026-10-04,,"機械のふるい分け（tools/triage_unknown_genes.py）: PubMed で 0 件（(""YGR117C""[tiab]) AND (yeast OR cerevisiae)）"
YGR126W,2026-10-04,,"機械のふるい分け（tools/triage_unknown_genes.py）: PubMed で 0 件（(""YGR126W""[tiab]) AND (yeast OR cerevisiae)）"
YGR176W,2026-10-04,,"機械のふるい分け（tools/triage_unknown_genes.py）: PubMed で 0 件（(""YGR176W""[tiab]) AND (yeast OR cerevisiae)）"
YHR095W,2026-10-04,,"機械のふるい分け（tools/triage_unknown_genes.py）: PubMed で 0 件（(""YHR095W""[tiab]) AND (yeast OR cerevisiae)）"
YIR042C,2026-10-04,,"機械のふるい分け（tools/triage_unknown_genes.py）: PubMed で 0 件（(""YIR042C""[tiab]) AND (yeast OR cerevisiae)）"
YJR157W,2026-10-04,,"機械のふるい分け（tools/triage_unknown_genes.py）: PubMed で 0 件（(""YJR157W""[tiab]) AND (yeast OR cerevisiae)）"
YLR171W,2026-10-04,,"機械のふるい分け（tools/triage_unknown_genes.py）: PubMed で 0 件（(""YLR171W""[tiab]) AND (yeast OR cerevisiae)）"
YLR415C,2026-10-04,,"機械のふるい分け（tools/triage_unknown_genes.py）: PubMed で 0 件（(""YLR415C""[tiab]) AND (yeast OR cerevisiae)）"
YMR086C-A,2026-10-04,,"機械のふるい分け（tools/triage_unknown_genes.py）: PubMed で 0 件（(""YMR086C-A""[tiab]) AND (yeast OR cerevisiae)）"
YMR304C-A,2026-10-04,,"機械のふるい分け（tools/triage_unknown_genes.py）: PubMed で 0 件（(""YMR304C-A""[tiab]) AND (yeast OR cerevisiae)）"
YMR306C-A,2026-10-04,,"機械のふるい分け（tools/triage_unknown_genes.py）: PubMed で 0 件（(""YMR306C-A""[tiab]) AND (yeast OR cerevisiae)）"
YNL143C,2026-10-04,,"機械のふるい分け（tools/triage_unknown_genes.py）: PubMed で 0 件（(""YNL143C""[tiab]) AND (yeast OR cerevisiae)）"
YOL013W-A,2026-10-04,,"機械のふるい分け（tools/triage_unknown_genes.py）: PubMed で 0 件（(""YOL013W-A""[tiab] OR ""YOL013W-B""[tiab]) AND (yeast OR cerevisiae)）"
YOL107W,2026-10-04,,"機械のふるい分け（tools/triage_unknown_genes.py）: PubMed で 0 件（(""YOL107W""[tiab]) AND (yeast OR cerevisiae)）"
YOR186W,2026-10-04,,"機械のふるい分け（tools/triage_unknown_genes.py）: PubMed で 0 件（(""YOR186W""[tiab]) AND (yeast OR cerevisiae)）"
YPR039W,2026-10-04,,"機械のふるい分け（tools/triage_unknown_genes.py）: PubMed で 0 件（(""YPR039W""[tiab]) AND (yeast OR cerevisiae)）"
YPR203W,2026-10-04,,"機械のふるい分け（tools/triage_unknown_genes.py）: PubMed で 0 件（(""YPR203W""[tiab]) AND (yeast OR cerevisiae)）"
DPI8,2026-10-04,,"機械のふるい分け（tools/triage_unknown_genes.py）: PubMed で 0 件（(""DPI8""[tiab] OR ""YJL133C-A""[tiab]) AND (yeast OR cerevisiae)）"
MLO1,2026-10-04,,"機械のふるい分け（tools/triage_unknown_genes.py）: PubMed で 0 件（(""MLO1""[tiab] OR ""YMR252C""[tiab]) AND (yeast OR cerevisiae)）"
MLO50,2026-10-04,,"機械のふるい分け（tools/triage_unknown_genes.py）: PubMed で 0 件（(""MLO50""[tiab] OR ""YLR049C""[tiab]) AND (yeast OR cerevisiae)）"
PAU19,2026-10-04,,"機械のふるい分け（tools/triage_unknown_genes.py）: PubMed で 0 件（(""PAU19""[tiab] OR ""YMR325W""[tiab] OR ""seripauperin PAU19""[tiab]) AND (yeast OR cerevisiae)）"
YBR032W,2026-10-04,,"機械のふるい分け（tools/triage_unknown_genes.py）: PubMed で 0 件（(""YBR032W""[tiab]) AND (yeast OR cerevisiae)）"
YBR051W,2026-10-04,,"機械のふるい分け（tools/triage_unknown_genes.py）: PubMed で 0 件（(""YBR051W""[tiab]) AND (yeast OR cerevisiae)）"
YBR116C,2026-10-04,,"機械のふるい分け（tools/triage_unknown_genes.py）: PubMed で 0 件（(""YBR116C""[tiab]) AND (yeast OR cerevisiae)）"
YCR087C-A,2026-10-04,,"機械のふるい分け（tools/triage_unknown_genes.py）: PubMed で 0 件（(""YCR087C-A""[tiab]) AND (yeast OR cerevisiae)）"
YDR048C,2026-10-04,,"機械のふるい分け（tools/triage_unknown_genes.py）: PubMed で 0 件（(""YDR048C""[tiab]) AND (yeast OR cerevisiae)）"
YDR509W,2026-10-04,,"機械のふるい分け（tools/triage_unknown_genes.py）: PubMed で 0 件（(""YDR509W""[tiab]) AND (yeast OR cerevisiae)）"
YEL074W,2026-10-04,,"機械のふるい分け（tools/triage_unknown_genes.py）: PubMed で 0 件（(""YEL074W""[tiab]) AND (yeast OR cerevisiae)）"
YGL007C-A,2026-10-04,,"機械のふるい分け（tools/triage_unknown_genes.py）: PubMed で 0 件（(""YGL007C-A""[tiab]) AND (yeast OR cerevisiae)）"
YGL159W,2026-10-04,,"機械のふるい分け（tools/triage_unknown_genes.py）: PubMed で 0 件（(""YGL159W""[tiab]) AND (yeast OR cerevisiae)）"
YGR107W,2026-10-04,,"機械のふるい分け（tools/triage_unknown_genes.py）: PubMed で 0 件（(""YGR107W""[tiab]) AND (yeast OR cerevisiae)）"
YGR139W,2026-10-04,,"機械のふるい分け（tools/triage_unknown_genes.py）: PubMed で 0 件（(""YGR139W""[tiab]) AND (yeast OR cerevisiae)）"
YHL026C,2026-10-04,,"機械のふるい分け（tools/triage_unknown_genes.py）: PubMed で 0 件（(""YHL026C""[tiab]) AND (yeast OR cerevisiae)）"
YHR173C,2026-10-04,,"機械のふるい分け（tools/triage_unknown_genes.py）: PubMed で 0 件（(""YHR173C""[tiab]) AND (yeast OR cerevisiae)）"
YJL135W,2026-10-04,,"機械のふるい分け（tools/triage_unknown_genes.py）: PubMed で 0 件（(""YJL135W""[tiab]) AND (yeast OR cerevisiae)）"
YJL150W,2026-10-04,,"機械のふるい分け（tools/triage_unknown_genes.py）: PubMed で 0 件（(""YJL150W""[tiab]) AND (yeast OR cerevisiae)）"
YJL152W,2026-10-04,,"機械のふるい分け（tools/triage_unknown_genes.py）: PubMed で 0 件（(""YJL152W""[tiab]) AND (yeast OR cerevisiae)）"
YJR098C,2026-10-04,,"機械のふるい分け（tools/triage_unknown_genes.py）: PubMed で 0 件（(""YJR098C""[tiab]) AND (yeast OR cerevisiae)）"
YKL030W,2026-10-04,,"機械のふるい分け（tools/triage_unknown_genes.py）: PubMed で 0 件（(""YKL030W""[tiab]) AND (yeast OR cerevisiae)）"
YKL102C,2026-10-04,,"機械のふるい分け（tools/triage_unknown_genes.py）: PubMed で 0 件（(""YKL102C""[tiab]) AND (yeast OR cerevisiae)）"
YLR285C-A,2026-10-04,,"機械のふるい分け（tools/triage_unknown_genes.py）: PubMed で 0 件（(""YLR285C-A""[tiab]) AND (yeast OR cerevisiae)）"
YLR296W,2026-10-04,,"機械のふるい分け（tools/triage_unknown_genes.py）: PubMed で 0 件（(""YLR296W""[tiab]) AND (yeast OR cerevisiae)）"
YLR402W,2026-10-04,,"機械のふるい分け（tools/triage_unknown_genes.py）: PubMed で 0 件（(""YLR402W""[tiab]) AND (yeast OR cerevisiae)）"
YMR155W,2026-10-04,,"機械のふるい分け（tools/triage_unknown_genes.py）: PubMed で 0 件（(""YMR155W""[tiab]) AND (yeast OR cerevisiae)）"
YPL080C,2026-10-04,,"機械のふるい分け（tools/triage_unknown_genes.py）: PubMed で 0 件（(""YPL080C""[tiab]) AND (yeast OR cerevisiae)）"
AIM20,2026-10-04,,"機械のふるい分け（tools/triage_unknown_genes.py）: PubMed で 0 件（(""AIM20""[tiab] OR ""YIL158W""[tiab]) AND (yeast OR cerevisiae)）"
BUD19,2026-10-04,,"機械のふるい分け（tools/triage_unknown_genes.py）: PubMed で 0 件（(""BUD19""[tiab] OR ""YJL188C""[tiab]) AND (yeast OR cerevisiae)）"
ECM30,2026-10-04,,"機械のふるい分け（tools/triage_unknown_genes.py）: PubMed で 0 件（(""ECM30""[tiab] OR ""YLR436C""[tiab]) AND (yeast OR cerevisiae)）"
GFD2,2026-10-04,,"機械のふるい分け（tools/triage_unknown_genes.py）: PubMed で 0 件（(""GFD2""[tiab] OR ""YCL036W""[tiab] OR ""YCD6""[tiab]) AND (yeast OR cerevisiae)）"
MTC3,2026-10-04,,"機械のふるい分け（tools/triage_unknown_genes.py）: PubMed で 0 件（(""MTC3""[tiab] OR ""YGL226W""[tiab]) AND (yeast OR cerevisiae)）"
PAU22,2026-10-04,,"機械のふるい分け（tools/triage_unknown_genes.py）: PubMed で 0 件（(""PAU22""[tiab] OR ""YPL282C""[tiab] OR ""seripauperin PAU22""[tiab]) AND (yeast OR cerevisiae)）"
YBR090C,2026-10-04,,"機械のふるい分け（tools/triage_unknown_genes.py）: PubMed で 0 件（(""YBR090C""[tiab]) AND (yeast OR cerevisiae)）"
YBR184W,2026-10-04,,"機械のふるい分け（tools/triage_unknown_genes.py）: PubMed で 0 件（(""YBR184W""[tiab]) AND (yeast OR cerevisiae)）"
YCR022C,2026-10-04,,"機械のふるい分け（tools/triage_unknown_genes.py）: PubMed で 0 件（(""YCR022C""[tiab]) AND (yeast OR cerevisiae)）"
YDR095C,2026-10-04,,"機械のふるい分け（tools/triage_unknown_genes.py）: PubMed で 0 件（(""YDR095C""[tiab]) AND (yeast OR cerevisiae)）"
YEL075C,2026-10-04,,"機械のふるい分け（tools/triage_unknown_genes.py）: PubMed で 0 件（(""YEL075C""[tiab]) AND (yeast OR cerevisiae)）"
YGL188C,2026-10-04,,"機械のふるい分け（tools/triage_unknown_genes.py）: PubMed で 0 件（(""YGL188C""[tiab]) AND (yeast OR cerevisiae)）"
YHL037C,2026-10-04,,"機械のふるい分け（tools/triage_unknown_genes.py）: PubMed で 0 件（(""YHL037C""[tiab]) AND (yeast OR cerevisiae)）"
YHR217C,2026-10-04,,"機械のふるい分け（tools/triage_unknown_genes.py）: PubMed で 0 件（(""YHR217C""[tiab]) AND (yeast OR cerevisiae)）"
YIL141W,2026-10-04,,"機械のふるい分け（tools/triage_unknown_genes.py）: PubMed で 0 件（(""YIL141W""[tiab]) AND (yeast OR cerevisiae)）"
YJL220W,2026-10-04,,"機械のふるい分け（tools/triage_unknown_genes.py）: PubMed で 0 件（(""YJL220W""[tiab]) AND (yeast OR cerevisiae)）"
YKL031W,2026-10-04,,"機械のふるい分け（tools/triage_unknown_genes.py）: PubMed で 0 件（(""YKL031W""[tiab]) AND (yeast OR cerevisiae)）"
YLR294C,2026-10-04,,"機械のふるい分け（tools/triage_unknown_genes.py）: PubMed で 0 件（(""YLR294C""[tiab]) AND (yeast OR cerevisiae)）"
YLR366W,2026-10-04,,"機械のふるい分け（tools/triage_unknown_genes.py）: PubMed で 0 件（(""YLR366W""[tiab]) AND (yeast OR cerevisiae)）"
YMR193C-A,2026-10-04,,"機械のふるい分け（tools/triage_unknown_genes.py）: PubMed で 0 件（(""YMR193C-A""[tiab]) AND (yeast OR cerevisiae)）"
YMR262W,2026-10-04,,"機械のふるい分け（tools/triage_unknown_genes.py）: PubMed で 0 件（(""YMR262W""[tiab] OR ""putative endodeoxyribonuclease""[tiab]) AND (yeast OR cerevisiae)）"
YMR316C-A,2026-10-04,,"機械のふるい分け（tools/triage_unknown_genes.py）: PubMed で 0 件（(""YMR316C-A""[tiab]) AND (yeast OR cerevisiae)）"
YNR077C,2026-10-04,,"機械のふるい分け（tools/triage_unknown_genes.py）: PubMed で 0 件（(""YNR077C""[tiab]) AND (yeast OR cerevisiae)）"
YPR002C-A,2026-10-04,,"機械のふるい分け（tools/triage_unknown_genes.py）: PubMed で 0 件（(""YPR002C-A""[tiab]) AND (yeast OR cerevisiae)）"
YPR126C,2026-10-04,,"機械のふるい分け（tools/triage_unknown_genes.py）: PubMed で 0 件（(""YPR126C""[tiab]) AND (yeast OR cerevisiae)）"
AHT1,2026-10-04,,"機械のふるい分け（tools/triage_unknown_genes.py）: PubMed で 0 件（(""AHT1""[tiab] OR ""YHR093W""[tiab]) AND (yeast OR cerevisiae)）"
FMP33,2026-10-04,,"機械のふるい分け（tools/triage_unknown_genes.py）: PubMed で 0 件（(""FMP33""[tiab] OR ""YJL161W""[tiab]) AND (yeast OR cerevisiae)）"
MTC2,2026-10-04,,"機械のふるい分け（tools/triage_unknown_genes.py）: PubMed で 0 件（(""MTC2""[tiab] OR ""YKL098W""[tiab]) AND (yeast OR cerevisiae)）"
VPS63,2026-10-04,,"機械のふるい分け（tools/triage_unknown_genes.py）: PubMed で 0 件（(""VPS63""[tiab] OR ""YLR261C""[tiab]) AND (yeast OR cerevisiae)）"
YAR047C,2026-10-04,,"機械のふるい分け（tools/triage_unknown_genes.py）: PubMed で 0 件（(""YAR047C""[tiab]) AND (yeast OR cerevisiae)）"
YBL108W,2026-10-04,,"機械のふるい分け（tools/triage_unknown_genes.py）: PubMed で 0 件（(""YBL108W""[tiab]) AND (yeast OR cerevisiae)）"
YBR134W,2026-10-04,,"機械のふるい分け（tools/triage_unknown_genes.py）: PubMed で 0 件（(""YBR134W""[tiab]) AND (yeast OR cerevisiae)）"
YCR085W,2026-10-04,,"機械のふるい分け（tools/triage_unknown_genes.py）: PubMed で 0 件（(""YCR085W""[tiab]) AND (yeast OR cerevisiae)）"
YDR008C,2026-10-04,,"機械のふるい分け（tools/triage_unknown_genes.py）: PubMed で 0 件（(""YDR008C""[tiab]) AND (yeast OR cerevisiae)）"
YDR124W,2026-10-04,,"機械のふるい分け（tools/triage_unknown_genes.py）: PubMed で 0 件（(""YDR124W""[tiab]) AND (yeast OR cerevisiae)）"
YEL010W,2026-10-04,,"機械のふるい分け（tools/triage_unknown_genes.py）: PubMed で 0 件（(""YEL010W""[tiab]) AND (yeast OR cerevisiae)）"
YEL023C,2026-10-04,,"機械のふるい分け（tools/triage_unknown_genes.py）: PubMed で 0 件（(""YEL023C""[tiab]) AND (yeast OR cerevisiae)）"
YFL032W,2026-10-04,,"機械のふるい分け（tools/triage_unknown_genes.py）: PubMed で 0 件（(""YFL032W""[tiab]) AND (yeast OR cerevisiae)）"
YFR054C,2026-10-04,,"機械のふるい分け（tools/triage_unknown_genes.py）: PubMed で 0 件（(""YFR054C""[tiab]) AND (yeast OR cerevisiae)）"
YGL102C,2026-10-04,,"機械のふるい分け（tools/triage_unknown_genes.py）: PubMed で 0 件（(""YGL102C""[tiab]) AND (yeast OR cerevisiae)）"
YGL118C,2026-10-04,,"機械のふるい分け（tools/triage_unknown_genes.py）: PubMed で 0 件（(""YGL118C""[tiab]) AND (yeast OR cerevisiae)）"
YGL260W,2026-10-04,,"機械のふるい分け（tools/triage_unknown_genes.py）: PubMed で 0 件（(""YGL260W""[tiab]) AND (yeast OR cerevisiae)）"
YGR011W,2026-10-04,,"機械のふるい分け（tools/triage_unknown_genes.py）: PubMed で 0 件（(""YGR011W""[tiab]) AND (yeast OR cerevisiae)）"
YGR051C,2026-10-04,,"機械のふるい分け（tools/triage_unknown_genes.py）: PubMed で 0 件（(""YGR051C""[tiab]) AND (yeast OR cerevisiae)）"
YHR131C,2026-10-04,,"機械のふるい分け（tools/triage_unknown_genes.py）: PubMed で 0 件（(""YHR131C""[tiab]) AND (yeast OR cerevisiae)）"
YJL119C,2026-10-04,,"機械のふるい分け（tools/triage_unknown_genes.py）: PubMed で 0 件（(""YJL119C""[tiab]) AND (yeast OR cerevisiae)）"
YJL211C,2026-10-04,,"機械のふるい分け（tools/triage_unknown_genes.py）: PubMed で 0 件（(""YJL211C""[tiab]) AND (yeast OR cerevisiae)）"
YJR079W,2026-10-04,,"機械のふるい分け（tools/triage_unknown_genes.py）: PubMed で 0 件（(""YJR079W""[tiab]) AND (yeast OR cerevisiae)）"
YLL037W,2026-10-04,,"機械のふるい分け（tools/triage_unknown_genes.py）: PubMed で 0 件（(""YLL037W""[tiab]) AND (yeast OR cerevisiae)）"
YLR159C-A,2026-10-04,,"機械のふるい分け（tools/triage_unknown_genes.py）: PubMed で 0 件（(""YLR159C-A""[tiab]) AND (yeast OR cerevisiae)）"
YLR169W,2026-10-04,,"機械のふるい分け（tools/triage_unknown_genes.py）: PubMed で 0 件（(""YLR169W""[tiab]) AND (yeast OR cerevisiae)）"
YLR334C,2026-10-04,,"機械のふるい分け（tools/triage_unknown_genes.py）: PubMed で 0 件（(""YLR334C""[tiab]) AND (yeast OR cerevisiae)）"
YMR084W,2026-10-04,,"機械のふるい分け（tools/triage_unknown_genes.py）: PubMed で 0 件（(""YMR084W""[tiab] OR ""putative glutamine--fructose-6-phosphate transaminase""[tiab]) AND (yeast OR cerevisiae)）"
YMR187C,2026-10-04,,"機械のふるい分け（tools/triage_unknown_genes.py）: PubMed で 0 件（(""YMR187C""[tiab]) AND (yeast OR cerevisiae)）"
YMR326C,2026-10-04,,"機械のふるい分け（tools/triage_unknown_genes.py）: PubMed で 0 件（(""YMR326C""[tiab]) AND (yeast OR cerevisiae)）"
YOL079W,2026-10-04,,"機械のふるい分け（tools/triage_unknown_genes.py）: PubMed で 0 件（(""YOL079W""[tiab]) AND (yeast OR cerevisiae)）"
YOR248W,2026-10-04,,"機械のふるい分け（tools/triage_unknown_genes.py）: PubMed で 0 件（(""YOR248W""[tiab]) AND (yeast OR cerevisiae)）"
YOR289W,2026-10-04,,"機械のふるい分け（tools/triage_unknown_genes.py）: PubMed で 0 件（(""YOR289W""[tiab]) AND (yeast OR cerevisiae)）"
YPL071C,2026-10-04,,"機械のふるい分け（tools/triage_unknown_genes.py）: PubMed で 0 件（(""YPL071C""[tiab]) AND (yeast OR cerevisiae)）"
YPL077C,2026-10-04,,"機械のふるい分け（tools/triage_unknown_genes.py）: PubMed で 0 件（(""YPL077C""[tiab]) AND (yeast OR cerevisiae)）"
YPL162C,2026-10-04,,"機械のふるい分け（tools/triage_unknown_genes.py）: PubMed で 0 件（(""YPL162C""[tiab]) AND (yeast OR cerevisiae)）"
YPL277C,2026-10-04,,"機械のふるい分け（tools/triage_unknown_genes.py）: PubMed で 0 件（(""YPL277C""[tiab]) AND (yeast OR cerevisiae)）"
YPR150W,2026-10-04,,"機械のふるい分け（tools/triage_unknown_genes.py）: PubMed で 0 件（(""YPR150W""[tiab]) AND (yeast OR cerevisiae)）"
ECM12,2026-10-04,,"機械のふるい分け（tools/triage_unknown_genes.py）: PubMed で 0 件（(""ECM12""[tiab] OR ""YHR021W-A""[tiab]) AND (yeast OR cerevisiae)）"
MGP12,2026-10-04,,"機械のふるい分け（tools/triage_unknown_genes.py）: PubMed で 0 件（(""MGP12""[tiab] OR ""YDR286C""[tiab]) AND (yeast OR cerevisiae)）"
PAU15,2026-10-04,,"機械のふるい分け（tools/triage_unknown_genes.py）: PubMed で 0 件（(""PAU15""[tiab] OR ""YIR041W""[tiab] OR ""seripauperin PAU15""[tiab]) AND (yeast OR cerevisiae)）"
PAU18,2026-10-04,,"機械のふるい分け（tools/triage_unknown_genes.py）: PubMed で 0 件（(""PAU18""[tiab] OR ""YLL064C""[tiab] OR ""seripauperin PAU18""[tiab]) AND (yeast OR cerevisiae)）"
PAU21,2026-10-04,,"機械のふるい分け（tools/triage_unknown_genes.py）: PubMed で 0 件（(""PAU21""[tiab] OR ""YOR394W""[tiab] OR ""seripauperin PAU21""[tiab]) AND (yeast OR cerevisiae)）"
RRT15,2026-10-04,,"機械のふるい分け（tools/triage_unknown_genes.py）: PubMed で 0 件（(""RRT15""[tiab] OR ""YLR162W-A""[tiab]) AND (yeast OR cerevisiae)）"
YAL004W,2026-10-04,,"機械のふるい分け（tools/triage_unknown_genes.py）: PubMed で 0 件（(""YAL004W""[tiab]) AND (yeast OR cerevisiae)）"
YAR053W,2026-10-04,,"機械のふるい分け（tools/triage_unknown_genes.py）: PubMed で 0 件（(""YAR053W""[tiab]) AND (yeast OR cerevisiae)）"
YCL076W,2026-10-04,,"機械のふるい分け（tools/triage_unknown_genes.py）: PubMed で 0 件（(""YCL076W""[tiab]) AND (yeast OR cerevisiae)）"
YCR013C,2026-10-04,,"機械のふるい分け（tools/triage_unknown_genes.py）: PubMed で 0 件（(""YCR013C""[tiab]) AND (yeast OR cerevisiae)）"
YCR024C-B,2026-10-04,,"機械のふるい分け（tools/triage_unknown_genes.py）: PubMed で 0 件（(""YCR024C-B""[tiab]) AND (yeast OR cerevisiae)）"
YDL034W,2026-10-04,,"機械のふるい分け（tools/triage_unknown_genes.py）: PubMed で 0 件（(""YDL034W""[tiab]) AND (yeast OR cerevisiae)）"
YDL068W,2026-10-04,,"機械のふるい分け（tools/triage_unknown_genes.py）: PubMed で 0 件（(""YDL068W""[tiab]) AND (yeast OR cerevisiae)）"
YDL241W,2026-10-04,,"機械のふるい分け（tools/triage_unknown_genes.py）: PubMed で 0 件（(""YDL241W""[tiab]) AND (yeast OR cerevisiae)）"
YDR102C,2026-10-04,,"機械のふるい分け（tools/triage_unknown_genes.py）: PubMed で 0 件（(""YDR102C""[tiab]) AND (yeast OR cerevisiae)）"
YDR239C,2026-10-04,,"機械のふるい分け（tools/triage_unknown_genes.py）: PubMed で 0 件（(""YDR239C""[tiab]) AND (yeast OR cerevisiae)）"
YDR249C,2026-10-04,,"機械のふるい分け（tools/triage_unknown_genes.py）: PubMed で 0 件（(""YDR249C""[tiab]) AND (yeast OR cerevisiae)）"
YDR344C,2026-10-04,,"機械のふるい分け（tools/triage_unknown_genes.py）: PubMed で 0 件（(""YDR344C""[tiab]) AND (yeast OR cerevisiae)）"
YER066C-A,2026-10-04,,"機械のふるい分け（tools/triage_unknown_genes.py）: PubMed で 0 件（(""YER066C-A""[tiab]) AND (yeast OR cerevisiae)）"
YER135C,2026-10-04,,"機械のふるい分け（tools/triage_unknown_genes.py）: PubMed で 0 件（(""YER135C""[tiab]) AND (yeast OR cerevisiae)）"
YGL034C,2026-10-04,,"機械のふるい分け（tools/triage_unknown_genes.py）: PubMed で 0 件（(""YGL034C""[tiab]) AND (yeast OR cerevisiae)）"
YGL088W,2026-10-04,,"機械のふるい分け（tools/triage_unknown_genes.py）: PubMed で 0 件（(""YGL088W""[tiab]) AND (yeast OR cerevisiae)）"
YGL182C,2026-10-04,,"機械のふるい分け（tools/triage_unknown_genes.py）: PubMed で 0 件（(""YGL182C""[tiab]) AND (yeast OR cerevisiae)）"
YGR069W,2026-10-04,,"機械のふるい分け（tools/triage_unknown_genes.py）: PubMed で 0 件（(""YGR069W""[tiab]) AND (yeast OR cerevisiae)）"
YGR111W,2026-10-04,,"機械のふるい分け（tools/triage_unknown_genes.py）: PubMed で 0 件（(""YGR111W""[tiab]) AND (yeast OR cerevisiae)）"
YGR153W,2026-10-04,,"機械のふるい分け（tools/triage_unknown_genes.py）: PubMed で 0 件（(""YGR153W""[tiab]) AND (yeast OR cerevisiae)）"
YHL017W,2026-10-04,,"機械のふるい分け（tools/triage_unknown_genes.py）: PubMed で 0 件（(""YHL017W""[tiab]) AND (yeast OR cerevisiae)）"
YIL012W,2026-10-04,,"機械のふるい分け（tools/triage_unknown_genes.py）: PubMed で 0 件（(""YIL012W""[tiab]) AND (yeast OR cerevisiae)）"
YJL022W,2026-10-04,,"機械のふるい分け（tools/triage_unknown_genes.py）: PubMed で 0 件（(""YJL022W""[tiab]) AND (yeast OR cerevisiae)）"
YJL047C-A,2026-10-04,,"機械のふるい分け（tools/triage_unknown_genes.py）: PubMed で 0 件（(""YJL047C-A""[tiab]) AND (yeast OR cerevisiae)）"
YJL163C,2026-10-04,,"機械のふるい分け（tools/triage_unknown_genes.py）: PubMed で 0 件（(""YJL163C""[tiab]) AND (yeast OR cerevisiae)）"
YKL033W-A,2026-10-04,,"機械のふるい分け（tools/triage_unknown_genes.py）: PubMed で 0 件（(""YKL033W-A""[tiab] OR ""haloacid dehalogenase superfamily protein""[tiab]) AND (yeast OR cerevisiae)）"
YKL070W,2026-10-04,,"機械のふるい分け（tools/triage_unknown_genes.py）: PubMed で 0 件（(""YKL070W""[tiab]) AND (yeast OR cerevisiae)）"
YKL153W,2026-10-04,,"機械のふるい分け（tools/triage_unknown_genes.py）: PubMed で 0 件（(""YKL153W""[tiab]) AND (yeast OR cerevisiae)）"
YLR076C,2026-10-04,,"機械のふるい分け（tools/triage_unknown_genes.py）: PubMed で 0 件（(""YLR076C""[tiab]) AND (yeast OR cerevisiae)）"
YLR140W,2026-10-04,,"機械のふるい分け（tools/triage_unknown_genes.py）: PubMed で 0 件（(""YLR140W""[tiab]) AND (yeast OR cerevisiae)）"
YLR235C,2026-10-04,,"機械のふるい分け（tools/triage_unknown_genes.py）: PubMed で 0 件（(""YLR235C""[tiab]) AND (yeast OR cerevisiae)）"
YLR236C,2026-10-04,,"機械のふるい分け（tools/triage_unknown_genes.py）: PubMed で 0 件（(""YLR236C""[tiab]) AND (yeast OR cerevisiae)）"
YLR252W,2026-10-04,,"機械のふるい分け（tools/triage_unknown_genes.py）: PubMed で 0 件（(""YLR252W""[tiab]) AND (yeast OR cerevisiae)）"
YLR279W,2026-10-04,,"機械のふるい分け（tools/triage_unknown_genes.py）: PubMed で 0 件（(""YLR279W""[tiab]) AND (yeast OR cerevisiae)）"
YLR339C,2026-10-04,,"機械のふるい分け（tools/triage_unknown_genes.py）: PubMed で 0 件（(""YLR339C""[tiab]) AND (yeast OR cerevisiae)）"
YLR349W,2026-10-04,,"機械のふるい分け（tools/triage_unknown_genes.py）: PubMed で 0 件（(""YLR349W""[tiab]) AND (yeast OR cerevisiae)）"
YLR416C,2026-10-04,,"機械のふるい分け（tools/triage_unknown_genes.py）: PubMed で 0 件（(""YLR416C""[tiab]) AND (yeast OR cerevisiae)）"
YLR428C,2026-10-04,,"機械のふるい分け（tools/triage_unknown_genes.py）: PubMed で 0 件（(""YLR428C""[tiab]) AND (yeast OR cerevisiae)）"
YMR324C,2026-10-04,,"機械のふるい分け（tools/triage_unknown_genes.py）: PubMed で 0 件（(""YMR324C""[tiab]) AND (yeast OR cerevisiae)）"
YNL017C,2026-10-04,,"機械のふるい分け（tools/triage_unknown_genes.py）: PubMed で 0 件（(""YNL017C""[tiab]) AND (yeast OR cerevisiae)）"
YNL043C,2026-10-04,,"機械のふるい分け（tools/triage_unknown_genes.py）: PubMed で 0 件（(""YNL043C""[tiab]) AND (yeast OR cerevisiae)）"
YOR019W,2026-10-04,,"機械のふるい分け（tools/triage_unknown_genes.py）: PubMed で 0 件（(""YOR019W""[tiab]) AND (yeast OR cerevisiae)）"
YOR161C-C,2026-10-04,,"機械のふるい分け（tools/triage_unknown_genes.py）: PubMed で 0 件（(""YOR161C-C""[tiab]) AND (yeast OR cerevisiae)）"
YOR385W,2026-10-04,,"機械のふるい分け（tools/triage_unknown_genes.py）: PubMed で 0 件（(""YOR385W""[tiab]) AND (yeast OR cerevisiae)）"
YPL229W,2026-10-04,,"機械のふるい分け（tools/triage_unknown_genes.py）: PubMed で 0 件（(""YPL229W""[tiab]) AND (yeast OR cerevisiae)）"
YPR014C,2026-10-04,,"機械のふるい分け（tools/triage_unknown_genes.py）: PubMed で 0 件（(""YPR014C""[tiab]) AND (yeast OR cerevisiae)）"
YPR053C,2026-10-04,,"機械のふるい分け（tools/triage_unknown_genes.py）: PubMed で 0 件（(""YPR053C""[tiab]) AND (yeast OR cerevisiae)）"
YPR076W,2026-10-04,,"機械のふるい分け（tools/triage_unknown_genes.py）: PubMed で 0 件（(""YPR076W""[tiab]) AND (yeast OR cerevisiae)）"
AIM6,2026-10-04,,"機械のふるい分け（tools/triage_unknown_genes.py）: PubMed で 0 件（(""AIM6""[tiab] OR ""YDL237W""[tiab]) AND (yeast OR cerevisiae)）"
BUD28,2026-10-04,,"機械のふるい分け（tools/triage_unknown_genes.py）: PubMed で 0 件（(""BUD28""[tiab] OR ""YLR062C""[tiab]) AND (yeast OR cerevisiae)）"
DLT1,2026-10-04,,"機械のふるい分け（tools/triage_unknown_genes.py）: PubMed で 0 件（(""DLT1""[tiab] OR ""YMR126C""[tiab]) AND (yeast OR cerevisiae)）"
FMP41,2026-10-04,,"機械のふるい分け（tools/triage_unknown_genes.py）: PubMed で 0 件（(""FMP41""[tiab] OR ""YNL168C""[tiab]) AND (yeast OR cerevisiae)）"
PAU14,2026-10-04,,"機械のふるい分け（tools/triage_unknown_genes.py）: PubMed で 0 件（(""PAU14""[tiab] OR ""YIL176C""[tiab] OR ""seripauperin PAU14""[tiab]) AND (yeast OR cerevisiae)）"
RRT14,2026-10-04,,"機械のふるい分け（tools/triage_unknown_genes.py）: PubMed で 0 件（(""RRT14""[tiab] OR ""YIL127C""[tiab]) AND (yeast OR cerevisiae)）"
VPS61,2026-10-04,,"機械のふるい分け（tools/triage_unknown_genes.py）: PubMed で 0 件（(""VPS61""[tiab] OR ""YDR136C""[tiab]) AND (yeast OR cerevisiae)）"
YBL073W,2026-10-04,,"機械のふるい分け（tools/triage_unknown_genes.py）: PubMed で 0 件（(""YBL073W""[tiab]) AND (yeast OR cerevisiae)）"
YBR113W,2026-10-04,,"機械のふるい分け（tools/triage_unknown_genes.py）: PubMed で 0 件（(""YBR113W""[tiab]) AND (yeast OR cerevisiae)）"
YBR144C,2026-10-04,,"機械のふるい分け（tools/triage_unknown_genes.py）: PubMed で 0 件（(""YBR144C""[tiab]) AND (yeast OR cerevisiae)）"
YCL002C,2026-10-04,,"機械のふるい分け（tools/triage_unknown_genes.py）: PubMed で 0 件（(""YCL002C""[tiab]) AND (yeast OR cerevisiae)）"
YCR097W-A,2026-10-04,,"機械のふるい分け（tools/triage_unknown_genes.py）: PubMed で 0 件（(""YCR097W-A""[tiab]) AND (yeast OR cerevisiae)）"
YDL023C,2026-10-04,,"機械のふるい分け（tools/triage_unknown_genes.py）: PubMed で 0 件（(""YDL023C""[tiab]) AND (yeast OR cerevisiae)）"
YDL032W,2026-10-04,,"機械のふるい分け（tools/triage_unknown_genes.py）: PubMed で 0 件（(""YDL032W""[tiab]) AND (yeast OR cerevisiae)）"
YDL094C,2026-10-04,,"機械のふるい分け（tools/triage_unknown_genes.py）: PubMed で 0 件（(""YDL094C""[tiab]) AND (yeast OR cerevisiae)）"
YDL144C,2026-10-04,,"機械のふるい分け（tools/triage_unknown_genes.py）: PubMed で 0 件（(""YDL144C""[tiab]) AND (yeast OR cerevisiae)）"
YDL196W,2026-10-04,,"機械のふるい分け（tools/triage_unknown_genes.py）: PubMed で 0 件（(""YDL196W""[tiab]) AND (yeast OR cerevisiae)）"
YDR187C,2026-10-04,,"機械のふるい分け（tools/triage_unknown_genes.py）: PubMed で 0 件（(""YDR187C""[tiab]) AND (yeast OR cerevisiae)）"
YDR433W,2026-10-04,,"機械のふるい分け（tools/triage_unknown_genes.py）: PubMed で 0 件（(""YDR433W""[tiab]) AND (yeast OR cerevisiae)）"
YDR524W-C,2026-10-04,,"機械のふるい分け（tools/triage_unknown_genes.py）: PubMed で 0 件（(""YDR524W-C""[tiab] OR ""YDR524W-A""[tiab]) AND (yeast OR cerevisiae)）"
YDR526C,2026-10-04,,"機械のふるい分け（tools/triage_unknown_genes.py）: PubMed で 0 件（(""YDR526C""[tiab]) AND (yeast OR cerevisiae)）"
YER076C,2026-10-04,,"機械のふるい分け（tools/triage_unknown_genes.py）: PubMed で 0 件（(""YER076C""[tiab]) AND (yeast OR cerevisiae)）"
YER186C,2026-10-04,,"機械のふるい分け（tools/triage_unknown_genes.py）: PubMed で 0 件（(""YER186C""[tiab]) AND (yeast OR cerevisiae)）"
YER187W,2026-10-04,,"機械のふるい分け（tools/triage_unknown_genes.py）: PubMed で 0 件（(""YER187W""[tiab]) AND (yeast OR cerevisiae)）"
YER188C-A,2026-10-04,,"機械のふるい分け（tools/triage_unknown_genes.py）: PubMed で 0 件（(""YER188C-A""[tiab]) AND (yeast OR cerevisiae)）"
YER188W,2026-10-04,,"機械のふるい分け（tools/triage_unknown_genes.py）: PubMed で 0 件（(""YER188W""[tiab]) AND (yeast OR cerevisiae)）"
YGL006W-A,2026-10-04,,"機械のふるい分け（tools/triage_unknown_genes.py）: PubMed で 0 件（(""YGL006W-A""[tiab]) AND (yeast OR cerevisiae)）"
YGL074C,2026-10-04,,"機械のふるい分け（tools/triage_unknown_genes.py）: PubMed で 0 件（(""YGL074C""[tiab]) AND (yeast OR cerevisiae)）"
YGL177W,2026-10-04,,"機械のふるい分け（tools/triage_unknown_genes.py）: PubMed で 0 件（(""YGL177W""[tiab]) AND (yeast OR cerevisiae)）"
YGR016W,2026-10-04,,"機械のふるい分け（tools/triage_unknown_genes.py）: PubMed で 0 件（(""YGR016W""[tiab]) AND (yeast OR cerevisiae)）"
YGR039W,2026-10-04,,"機械のふるい分け（tools/triage_unknown_genes.py）: PubMed で 0 件（(""YGR039W""[tiab]) AND (yeast OR cerevisiae)）"
YGR146C-A,2026-10-04,,"機械のふるい分け（tools/triage_unknown_genes.py）: PubMed で 0 件（(""YGR146C-A""[tiab]) AND (yeast OR cerevisiae)）"
YGR201C,2026-10-04,,"機械のふるい分け（tools/triage_unknown_genes.py）: PubMed で 0 件（(""YGR201C""[tiab]) AND (yeast OR cerevisiae)）"
YGR242W,2026-10-04,,"機械のふるい分け（tools/triage_unknown_genes.py）: PubMed で 0 件（(""YGR242W""[tiab]) AND (yeast OR cerevisiae)）"
YJL067W,2026-10-04,,"機械のふるい分け（tools/triage_unknown_genes.py）: PubMed で 0 件（(""YJL067W""[tiab]) AND (yeast OR cerevisiae)）"
YJL193W,2026-10-04,,"機械のふるい分け（tools/triage_unknown_genes.py）: PubMed で 0 件（(""YJL193W""[tiab]) AND (yeast OR cerevisiae)）"
YJR018W,2026-10-04,,"機械のふるい分け（tools/triage_unknown_genes.py）: PubMed で 0 件（(""YJR018W""[tiab]) AND (yeast OR cerevisiae)）"
YKL096C-B,2026-10-04,,"機械のふるい分け（tools/triage_unknown_genes.py）: PubMed で 0 件（(""YKL096C-B""[tiab]) AND (yeast OR cerevisiae)）"
YKR045C,2026-10-04,,"機械のふるい分け（tools/triage_unknown_genes.py）: PubMed で 0 件（(""YKR045C""[tiab]) AND (yeast OR cerevisiae)）"
YLR012C,2026-10-04,,"機械のふるい分け（tools/triage_unknown_genes.py）: PubMed で 0 件（(""YLR012C""[tiab]) AND (yeast OR cerevisiae)）"
YLR156C-A,2026-10-04,,"機械のふるい分け（tools/triage_unknown_genes.py）: PubMed で 0 件（(""YLR156C-A""[tiab]) AND (yeast OR cerevisiae)）"
YLR280C,2026-10-04,,"機械のふるい分け（tools/triage_unknown_genes.py）: PubMed で 0 件（(""YLR280C""[tiab]) AND (yeast OR cerevisiae)）"
YLR412C-A,2026-10-04,,"機械のふるい分け（tools/triage_unknown_genes.py）: PubMed で 0 件（(""YLR412C-A""[tiab]) AND (yeast OR cerevisiae)）"
YMR057C,2026-10-04,,"機械のふるい分け（tools/triage_unknown_genes.py）: PubMed で 0 件（(""YMR057C""[tiab]) AND (yeast OR cerevisiae)）"
YNL011C,2026-10-04,,"機械のふるい分け（tools/triage_unknown_genes.py）: PubMed で 0 件（(""YNL011C""[tiab]) AND (yeast OR cerevisiae)）"
YNL033W,2026-10-04,,"機械のふるい分け（tools/triage_unknown_genes.py）: PubMed で 0 件（(""YNL033W""[tiab]) AND (yeast OR cerevisiae)）"
YNL057W,2026-10-04,,"機械のふるい分け（tools/triage_unknown_genes.py）: PubMed で 0 件（(""YNL057W""[tiab]) AND (yeast OR cerevisiae)）"
YNL095C,2026-10-04,,"機械のふるい分け（tools/triage_unknown_genes.py）: PubMed で 0 件（(""YNL095C""[tiab]) AND (yeast OR cerevisiae)）"
YNL165W,2026-10-04,,"機械のふるい分け（tools/triage_unknown_genes.py）: PubMed で 0 件（(""YNL165W""[tiab]) AND (yeast OR cerevisiae)）"
YNL171C,2026-10-04,,"機械のふるい分け（tools/triage_unknown_genes.py）: PubMed で 0 件（(""YNL171C""[tiab]) AND (yeast OR cerevisiae)）"
YOL019W-A,2026-10-04,,"機械のふるい分け（tools/triage_unknown_genes.py）: PubMed で 0 件（(""YOL019W-A""[tiab]) AND (yeast OR cerevisiae)）"
YOL050C,2026-10-04,,"機械のふるい分け（tools/triage_unknown_genes.py）: PubMed で 0 件（(""YOL050C""[tiab]) AND (yeast OR cerevisiae)）"
YPR159C-A,2026-10-04,,"機械のふるい分け（tools/triage_unknown_genes.py）: PubMed で 0 件（(""YPR159C-A""[tiab]) AND (yeast OR cerevisiae)）"
AIM11,2026-10-04,,"機械のふるい分け（tools/triage_unknown_genes.py）: PubMed で 0 件（(""AIM11""[tiab] OR ""YER093C-A""[tiab] OR ""GEP8""[tiab]) AND (yeast OR cerevisiae)）"
AIM36,2026-10-04,,"機械のふるい分け（tools/triage_unknown_genes.py）: PubMed で 0 件（(""AIM36""[tiab] OR ""YMR157C""[tiab] OR ""FMP39""[tiab]) AND (yeast OR cerevisiae)）"
AIM39,2026-10-04,,"機械のふるい分け（tools/triage_unknown_genes.py）: PubMed で 0 件（(""AIM39""[tiab] OR ""YOL053W""[tiab]) AND (yeast OR cerevisiae)）"
AIM9,2026-10-04,,"機械のふるい分け（tools/triage_unknown_genes.py）: PubMed で 0 件（(""AIM9""[tiab] OR ""YER080W""[tiab] OR ""FMP29""[tiab]) AND (yeast OR cerevisiae)）"
COQ21,2026-10-04,,"機械のふるい分け（tools/triage_unknown_genes.py）: PubMed で 0 件（(""COQ21""[tiab] OR ""YBR230W-A""[tiab]) AND (yeast OR cerevisiae)）"
FMP42,2026-10-04,,"機械のふるい分け（tools/triage_unknown_genes.py）: PubMed で 0 件（(""FMP42""[tiab] OR ""YMR221C""[tiab]) AND (yeast OR cerevisiae)）"
FYV1,2026-10-04,,"機械のふるい分け（tools/triage_unknown_genes.py）: PubMed で 0 件（(""FYV1""[tiab] OR ""YDR024W""[tiab]) AND (yeast OR cerevisiae)）"
JLP2,2026-10-04,,"機械のふるい分け（tools/triage_unknown_genes.py）: PubMed で 0 件（(""JLP2""[tiab] OR ""YMR132C""[tiab]) AND (yeast OR cerevisiae)）"
MBB1,2026-10-04,,"機械のふるい分け（tools/triage_unknown_genes.py）: PubMed で 0 件（(""MBB1""[tiab] OR ""YJL199C""[tiab]) AND (yeast OR cerevisiae)）"
MIN7,2026-10-04,,"機械のふるい分け（tools/triage_unknown_genes.py）: PubMed で 0 件（(""MIN7""[tiab] OR ""YBR201C-A""[tiab]) AND (yeast OR cerevisiae)）"
OPI9,2026-10-04,,"機械のふるい分け（tools/triage_unknown_genes.py）: PubMed で 0 件（(""OPI9""[tiab] OR ""YLR338W""[tiab]) AND (yeast OR cerevisiae)）"
TMH18,2026-10-04,,"機械のふるい分け（tools/triage_unknown_genes.py）: PubMed で 0 件（(""TMH18""[tiab] OR ""YPR098C""[tiab]) AND (yeast OR cerevisiae)）"
YAR070C,2026-10-04,,"機械のふるい分け（tools/triage_unknown_genes.py）: PubMed で 0 件（(""YAR070C""[tiab]) AND (yeast OR cerevisiae)）"
YBR012C,2026-10-04,,"機械のふるい分け（tools/triage_unknown_genes.py）: PubMed で 0 件（(""YBR012C""[tiab]) AND (yeast OR cerevisiae)）"
YBR224W,2026-10-04,,"機械のふるい分け（tools/triage_unknown_genes.py）: PubMed で 0 件（(""YBR224W""[tiab]) AND (yeast OR cerevisiae)）"
YCL068C,2026-10-04,,"機械のふるい分け（tools/triage_unknown_genes.py）: PubMed で 0 件（(""YCL068C""[tiab]) AND (yeast OR cerevisiae)）"
YCR023C,2026-10-04,,"機械のふるい分け（tools/triage_unknown_genes.py）: PubMed で 0 件（(""YCR023C""[tiab]) AND (yeast OR cerevisiae)）"
YCR087W,2026-10-04,,"機械のふるい分け（tools/triage_unknown_genes.py）: PubMed で 0 件（(""YCR087W""[tiab]) AND (yeast OR cerevisiae)）"
YDL221W,2026-10-04,,"機械のふるい分け（tools/triage_unknown_genes.py）: PubMed で 0 件（(""YDL221W""[tiab]) AND (yeast OR cerevisiae)）"
YDL228C,2026-10-04,,"機械のふるい分け（tools/triage_unknown_genes.py）: PubMed で 0 件（(""YDL228C""[tiab]) AND (yeast OR cerevisiae)）"
YDR034C-A,2026-10-04,,"機械のふるい分け（tools/triage_unknown_genes.py）: PubMed で 0 件（(""YDR034C-A""[tiab]) AND (yeast OR cerevisiae)）"
YDR094W,2026-10-04,,"機械のふるい分け（tools/triage_unknown_genes.py）: PubMed で 0 件（(""YDR094W""[tiab]) AND (yeast OR cerevisiae)）"
YDR455C,2026-10-04,,"機械のふるい分け（tools/triage_unknown_genes.py）: PubMed で 0 件（(""YDR455C""[tiab]) AND (yeast OR cerevisiae)）"
YDR491C,2026-10-04,,"機械のふるい分け（tools/triage_unknown_genes.py）: PubMed で 0 件（(""YDR491C""[tiab]) AND (yeast OR cerevisiae)）"
YER097W,2026-10-04,,"機械のふるい分け（tools/triage_unknown_genes.py）: PubMed で 0 件（(""YER097W""[tiab]) AND (yeast OR cerevisiae)）"
YER138W-A,2026-10-04,,"機械のふるい分け（tools/triage_unknown_genes.py）: PubMed で 0 件（(""YER138W-A""[tiab]) AND (yeast OR cerevisiae)）"
YGR018C,2026-10-04,,"機械のふるい分け（tools/triage_unknown_genes.py）: PubMed で 0 件（(""YGR018C""[tiab]) AND (yeast OR cerevisiae)）"
YGR151C,2026-10-04,,"機械のふるい分け（tools/triage_unknown_genes.py）: PubMed で 0 件（(""YGR151C""[tiab]) AND (yeast OR cerevisiae)）"
YGR190C,2026-10-04,,"機械のふるい分け（tools/triage_unknown_genes.py）: PubMed で 0 件（(""YGR190C""[tiab]) AND (yeast OR cerevisiae)）"
YHR007C-A,2026-10-04,,"機械のふるい分け（tools/triage_unknown_genes.py）: PubMed で 0 件（(""YHR007C-A""[tiab]) AND (yeast OR cerevisiae)）"
YHR145C,2026-10-04,,"機械のふるい分け（tools/triage_unknown_genes.py）: PubMed で 0 件（(""YHR145C""[tiab]) AND (yeast OR cerevisiae)）"
YIL001W,2026-10-04,,"機械のふるい分け（tools/triage_unknown_genes.py）: PubMed で 0 件（(""YIL001W""[tiab]) AND (yeast OR cerevisiae)）"
YIL032C,2026-10-04,,"機械のふるい分け（tools/triage_unknown_genes.py）: PubMed で 0 件（(""YIL032C""[tiab]) AND (yeast OR cerevisiae)）"
YIL046W-A,2026-10-04,,"機械のふるい分け（tools/triage_unknown_genes.py）: PubMed で 0 件（(""YIL046W-A""[tiab]) AND (yeast OR cerevisiae)）"
YIR040C,2026-10-04,,"機械のふるい分け（tools/triage_unknown_genes.py）: PubMed で 0 件（(""YIR040C""[tiab]) AND (yeast OR cerevisiae)）"
YJL007C,2026-10-04,,"機械のふるい分け（tools/triage_unknown_genes.py）: PubMed で 0 件（(""YJL007C""[tiab]) AND (yeast OR cerevisiae)）"
YJL052C-A,2026-10-04,,"機械のふるい分け（tools/triage_unknown_genes.py）: PubMed で 0 件（(""YJL052C-A""[tiab]) AND (yeast OR cerevisiae)）"
YJL077W-A,2026-10-04,,"機械のふるい分け（tools/triage_unknown_genes.py）: PubMed で 0 件（(""YJL077W-A""[tiab]) AND (yeast OR cerevisiae)）"
YJR149W,2026-10-04,,"機械のふるい分け（tools/triage_unknown_genes.py）: PubMed で 0 件（(""YJR149W""[tiab] OR ""putative nitronate monooxygenase""[tiab]) AND (yeast OR cerevisiae)）"
YJR162C,2026-10-04,,"機械のふるい分け（tools/triage_unknown_genes.py）: PubMed で 0 件（(""YJR162C""[tiab]) AND (yeast OR cerevisiae)）"
YKL036C,2026-10-04,,"機械のふるい分け（tools/triage_unknown_genes.py）: PubMed で 0 件（(""YKL036C""[tiab]) AND (yeast OR cerevisiae)）"
YKL147C,2026-10-04,,"機械のふるい分け（tools/triage_unknown_genes.py）: PubMed で 0 件（(""YKL147C""[tiab]) AND (yeast OR cerevisiae)）"
YLL020C,2026-10-04,,"機械のふるい分け（tools/triage_unknown_genes.py）: PubMed で 0 件（(""YLL020C""[tiab]) AND (yeast OR cerevisiae)）"
YLR001C,2026-10-04,,"機械のふるい分け（tools/triage_unknown_genes.py）: PubMed で 0 件（(""YLR001C""[tiab]) AND (yeast OR cerevisiae)）"
YLR184W,2026-10-04,,"機械のふるい分け（tools/triage_unknown_genes.py）: PubMed で 0 件（(""YLR184W""[tiab]) AND (yeast OR cerevisiae)）"
YLR225C,2026-10-04,,"機械のふるい分け（tools/triage_unknown_genes.py）: PubMed で 0 件（(""YLR225C""[tiab]) AND (yeast OR cerevisiae)）"
YLR264C-A,2026-10-04,,"機械のふるい分け（tools/triage_unknown_genes.py）: PubMed で 0 件（(""YLR264C-A""[tiab]) AND (yeast OR cerevisiae)）"
YLR464W,2026-10-04,,"機械のふるい分け（tools/triage_unknown_genes.py）: PubMed で 0 件（(""YLR464W""[tiab]) AND (yeast OR cerevisiae)）"
YML054C-A,2026-10-04,,"機械のふるい分け（tools/triage_unknown_genes.py）: PubMed で 0 件（(""YML054C-A""[tiab]) AND (yeast OR cerevisiae)）"
YML090W,2026-10-04,,"機械のふるい分け（tools/triage_unknown_genes.py）: PubMed で 0 件（(""YML090W""[tiab]) AND (yeast OR cerevisiae)）"
YNL028W,2026-10-04,,"機械のふるい分け（tools/triage_unknown_genes.py）: PubMed で 0 件（(""YNL028W""[tiab]) AND (yeast OR cerevisiae)）"
YNL114C,2026-10-04,,"機械のふるい分け（tools/triage_unknown_genes.py）: PubMed で 0 件（(""YNL114C""[tiab]) AND (yeast OR cerevisiae)）"
YNL150W,2026-10-04,,"機械のふるい分け（tools/triage_unknown_genes.py）: PubMed で 0 件（(""YNL150W""[tiab]) AND (yeast OR cerevisiae)）"
YNL174W,2026-10-04,,"機械のふるい分け（tools/triage_unknown_genes.py）: PubMed で 0 件（(""YNL174W""[tiab]) AND (yeast OR cerevisiae)）"
YNL184C,2026-10-04,,"機械のふるい分け（tools/triage_unknown_genes.py）: PubMed で 0 件（(""YNL184C""[tiab]) AND (yeast OR cerevisiae)）"
YNL324W,2026-10-04,,"機械のふるい分け（tools/triage_unknown_genes.py）: PubMed で 0 件（(""YNL324W""[tiab]) AND (yeast OR cerevisiae)）"
YNR061C,2026-10-04,,"機械のふるい分け（tools/triage_unknown_genes.py）: PubMed で 0 件（(""YNR061C""[tiab]) AND (yeast OR cerevisiae)）"
YOL035C,2026-10-04,,"機械のふるい分け（tools/triage_unknown_genes.py）: PubMed で 0 件（(""YOL035C""[tiab]) AND (yeast OR cerevisiae)）"
YOL166C,2026-10-04,,"機械のふるい分け（tools/triage_unknown_genes.py）: PubMed で 0 件（(""YOL166C""[tiab]) AND (yeast OR cerevisiae)）"
YOR008C-A,2026-10-04,,"機械のふるい分け（tools/triage_unknown_genes.py）: PubMed で 0 件（(""YOR008C-A""[tiab]) AND (yeast OR cerevisiae)）"
YOR296W,2026-10-04,,"機械のふるい分け（tools/triage_unknown_genes.py）: PubMed で 0 件（(""YOR296W""[tiab]) AND (yeast OR cerevisiae)）"
YOR366W,2026-10-04,,"機械のふるい分け（tools/triage_unknown_genes.py）: PubMed で 0 件（(""YOR366W""[tiab]) AND (yeast OR cerevisiae)）"
YOR389W,2026-10-04,,"機械のふるい分け（tools/triage_unknown_genes.py）: PubMed で 0 件（(""YOR389W""[tiab]) AND (yeast OR cerevisiae)）"
YPL182C,2026-10-04,,"機械のふるい分け（tools/triage_unknown_genes.py）: PubMed で 0 件（(""YPL182C""[tiab]) AND (yeast OR cerevisiae)）"
YPL216W,2026-10-04,,"機械のふるい分け（tools/triage_unknown_genes.py）: PubMed で 0 件（(""YPL216W""[tiab]) AND (yeast OR cerevisiae)）"
YPL247C,2026-10-04,,"機械のふるい分け（tools/triage_unknown_genes.py）: PubMed で 0 件（(""YPL247C""[tiab]) AND (yeast OR cerevisiae)）"
YPL257W,2026-10-04,,"機械のふるい分け（tools/triage_unknown_genes.py）: PubMed で 0 件（(""YPL257W""[tiab]) AND (yeast OR cerevisiae)）"
YPR027C,2026-10-04,,"機械のふるい分け（tools/triage_unknown_genes.py）: PubMed で 0 件（(""YPR027C""[tiab]) AND (yeast OR cerevisiae)）"
YPR078C,2026-10-04,,"機械のふるい分け（tools/triage_unknown_genes.py）: PubMed で 0 件（(""YPR078C""[tiab]) AND (yeast OR cerevisiae)）"
YPR142C,2026-10-04,,"機械のふるい分け（tools/triage_unknown_genes.py）: PubMed で 0 件（(""YPR142C""[tiab]) AND (yeast OR cerevisiae)）"
AIM34,2026-10-04,,"機械のふるい分け（tools/triage_unknown_genes.py）: PubMed で 0 件（(""AIM34""[tiab] OR ""YMR003W""[tiab]) AND (yeast OR cerevisiae)）"
BUD30,2026-10-04,,"機械のふるい分け（tools/triage_unknown_genes.py）: PubMed で 0 件（(""BUD30""[tiab] OR ""YDL151C""[tiab]) AND (yeast OR cerevisiae)）"
ECM18,2026-10-04,,"機械のふるい分け（tools/triage_unknown_genes.py）: PubMed で 0 件（(""ECM18""[tiab] OR ""YDR125C""[tiab] OR ""alpha/beta hydrolase family protein""[tiab]) AND (yeast OR cerevisiae)）"
FMP52,2026-10-04,,"機械のふるい分け（tools/triage_unknown_genes.py）: PubMed で 0 件（(""FMP52""[tiab] OR ""YER004W""[tiab]) AND (yeast OR cerevisiae)）"
KEL3,2026-10-04,,"機械のふるい分け（tools/triage_unknown_genes.py）: PubMed で 0 件（(""KEL3""[tiab] OR ""YPL263C""[tiab]) AND (yeast OR cerevisiae)）"
NCE101,2026-10-04,,"機械のふるい分け（tools/triage_unknown_genes.py）: PubMed で 0 件（(""NCE101""[tiab] OR ""YJL205C""[tiab] OR ""NCE1""[tiab] OR ""YJL205C-A""[tiab] OR ""YJL206C-A""[tiab]) AND (yeast OR cerevisiae)）"
PAU12,2026-10-04,,"機械のふるい分け（tools/triage_unknown_genes.py）: PubMed で 0 件（(""PAU12""[tiab] OR ""YGR294W""[tiab] OR ""seripauperin PAU12""[tiab]) AND (yeast OR cerevisiae)）"
TDA7,2026-10-04,,"機械のふるい分け（tools/triage_unknown_genes.py）: PubMed で 0 件（(""TDA7""[tiab] OR ""YNL176C""[tiab]) AND (yeast OR cerevisiae)）"
UIP5,2026-10-04,,"機械のふるい分け（tools/triage_unknown_genes.py）: PubMed で 0 件（(""UIP5""[tiab] OR ""YKR044W""[tiab]) AND (yeast OR cerevisiae)）"
YAL037C-A,2026-10-04,,"機械のふるい分け（tools/triage_unknown_genes.py）: PubMed で 0 件（(""YAL037C-A""[tiab]) AND (yeast OR cerevisiae)）"
YBL071C,2026-10-04,,"機械のふるい分け（tools/triage_unknown_genes.py）: PubMed で 0 件（(""YBL071C""[tiab]) AND (yeast OR cerevisiae)）"
YBL107W-A,2026-10-04,,"機械のふるい分け（tools/triage_unknown_genes.py）: PubMed で 0 件（(""YBL107W-A""[tiab]) AND (yeast OR cerevisiae)）"
YBR178W,2026-10-04,,"機械のふるい分け（tools/triage_unknown_genes.py）: PubMed で 0 件（(""YBR178W""[tiab]) AND (yeast OR cerevisiae)）"
YCL021W-A,2026-10-04,,"機械のふるい分け（tools/triage_unknown_genes.py）: PubMed で 0 件（(""YCL021W-A""[tiab]) AND (yeast OR cerevisiae)）"
YCL046W,2026-10-04,,"機械のふるい分け（tools/triage_unknown_genes.py）: PubMed で 0 件（(""YCL046W""[tiab]) AND (yeast OR cerevisiae)）"
YCR101C,2026-10-04,,"機械のふるい分け（tools/triage_unknown_genes.py）: PubMed で 0 件（(""YCR101C""[tiab]) AND (yeast OR cerevisiae)）"
YDL026W,2026-10-04,,"機械のふるい分け（tools/triage_unknown_genes.py）: PubMed で 0 件（(""YDL026W""[tiab]) AND (yeast OR cerevisiae)）"
YDL218W,2026-10-04,,"機械のふるい分け（tools/triage_unknown_genes.py）: PubMed で 0 件（(""YDL218W""[tiab]) AND (yeast OR cerevisiae)）"
YDL242W,2026-10-04,,"機械のふるい分け（tools/triage_unknown_genes.py）: PubMed で 0 件（(""YDL242W""[tiab]) AND (yeast OR cerevisiae)）"
YDR029W,2026-10-04,,"機械のふるい分け（tools/triage_unknown_genes.py）: PubMed で 0 件（(""YDR029W""[tiab]) AND (yeast OR cerevisiae)）"
YDR169C-A,2026-10-04,,"機械のふるい分け（tools/triage_unknown_genes.py）: PubMed で 0 件（(""YDR169C-A""[tiab]) AND (yeast OR cerevisiae)）"
YDR327W,2026-10-04,,"機械のふるい分け（tools/triage_unknown_genes.py）: PubMed で 0 件（(""YDR327W""[tiab]) AND (yeast OR cerevisiae)）"
YDR396W,2026-10-04,,"機械のふるい分け（tools/triage_unknown_genes.py）: PubMed で 0 件（(""YDR396W""[tiab]) AND (yeast OR cerevisiae)）"
YDR426C,2026-10-04,,"機械のふるい分け（tools/triage_unknown_genes.py）: PubMed で 0 件（(""YDR426C""[tiab]) AND (yeast OR cerevisiae)）"
YDR445C,2026-10-04,,"機械のふるい分け（tools/triage_unknown_genes.py）: PubMed で 0 件（(""YDR445C""[tiab]) AND (yeast OR cerevisiae)）"
YDR476C,2026-10-04,,"機械のふるい分け（tools/triage_unknown_genes.py）: PubMed で 0 件（(""YDR476C""[tiab]) AND (yeast OR cerevisiae)）"
YEL076C,2026-10-04,,"機械のふるい分け（tools/triage_unknown_genes.py）: PubMed で 0 件（(""YEL076C""[tiab]) AND (yeast OR cerevisiae)）"
YER039C-A,2026-10-04,,"機械のふるい分け（tools/triage_unknown_genes.py）: PubMed で 0 件（(""YER039C-A""[tiab]) AND (yeast OR cerevisiae)）"
YER145C-A,2026-10-04,,"機械のふるい分け（tools/triage_unknown_genes.py）: PubMed で 0 件（(""YER145C-A""[tiab]) AND (yeast OR cerevisiae)）"
YER181C,2026-10-04,,"機械のふるい分け（tools/triage_unknown_genes.py）: PubMed で 0 件（(""YER181C""[tiab]) AND (yeast OR cerevisiae)）"
YGR073C,2026-10-04,,"機械のふるい分け（tools/triage_unknown_genes.py）: PubMed で 0 件（(""YGR073C""[tiab]) AND (yeast OR cerevisiae)）"
YGR121W-A,2026-10-04,,"機械のふるい分け（tools/triage_unknown_genes.py）: PubMed で 0 件（(""YGR121W-A""[tiab]) AND (yeast OR cerevisiae)）"
YGR122C-A,2026-10-04,,"機械のふるい分け（tools/triage_unknown_genes.py）: PubMed で 0 件（(""YGR122C-A""[tiab]) AND (yeast OR cerevisiae)）"
YGR137W,2026-10-04,,"機械のふるい分け（tools/triage_unknown_genes.py）: PubMed で 0 件（(""YGR137W""[tiab]) AND (yeast OR cerevisiae)）"
YGR164W,2026-10-04,,"機械のふるい分け（tools/triage_unknown_genes.py）: PubMed で 0 件（(""YGR164W""[tiab]) AND (yeast OR cerevisiae)）"
YGR237C,2026-10-04,,"機械のふるい分け（tools/triage_unknown_genes.py）: PubMed で 0 件（(""YGR237C""[tiab]) AND (yeast OR cerevisiae)）"
YHL005C,2026-10-04,,"機械のふるい分け（tools/triage_unknown_genes.py）: PubMed で 0 件（(""YHL005C""[tiab]) AND (yeast OR cerevisiae)）"
YHL015W-A,2026-10-04,,"機械のふるい分け（tools/triage_unknown_genes.py）: PubMed で 0 件（(""YHL015W-A""[tiab]) AND (yeast OR cerevisiae)）"
YHR050W-A,2026-10-04,,"機械のふるい分け（tools/triage_unknown_genes.py）: PubMed で 0 件（(""YHR050W-A""[tiab]) AND (yeast OR cerevisiae)）"
YHR078W,2026-10-04,,"機械のふるい分け（tools/triage_unknown_genes.py）: PubMed で 0 件（(""YHR078W""[tiab]) AND (yeast OR cerevisiae)）"
YHR139C-A,2026-10-04,,"機械のふるい分け（tools/triage_unknown_genes.py）: PubMed で 0 件（(""YHR139C-A""[tiab]) AND (yeast OR cerevisiae)）"
YHR213W-A,2026-10-04,,"機械のふるい分け（tools/triage_unknown_genes.py）: PubMed で 0 件（(""YHR213W-A""[tiab]) AND (yeast OR cerevisiae)）"
YIL067C,2026-10-04,,"機械のふるい分け（tools/triage_unknown_genes.py）: PubMed で 0 件（(""YIL067C""[tiab]) AND (yeast OR cerevisiae)）"
YIL089W,2026-10-04,,"機械のふるい分け（tools/triage_unknown_genes.py）: PubMed で 0 件（(""YIL089W""[tiab]) AND (yeast OR cerevisiae)）"
YJL077W-B,2026-10-04,,"機械のふるい分け（tools/triage_unknown_genes.py）: PubMed で 0 件（(""YJL077W-B""[tiab]) AND (yeast OR cerevisiae)）"
YJL120W,2026-10-04,,"機械のふるい分け（tools/triage_unknown_genes.py）: PubMed で 0 件（(""YJL120W""[tiab]) AND (yeast OR cerevisiae)）"
YJL215C,2026-10-04,,"機械のふるい分け（tools/triage_unknown_genes.py）: PubMed で 0 件（(""YJL215C""[tiab]) AND (yeast OR cerevisiae)）"
YJR071W,2026-10-04,,"機械のふるい分け（tools/triage_unknown_genes.py）: PubMed で 0 件（(""YJR071W""[tiab]) AND (yeast OR cerevisiae)）"
YJR087W,2026-10-04,,"機械のふるい分け（tools/triage_unknown_genes.py）: PubMed で 0 件（(""YJR087W""[tiab]) AND (yeast OR cerevisiae)）"
YKL053W,2026-10-04,,"機械のふるい分け（tools/triage_unknown_genes.py）: PubMed で 0 件（(""YKL053W""[tiab]) AND (yeast OR cerevisiae)）"
YKL066W,2026-10-04,,"機械のふるい分け（tools/triage_unknown_genes.py）: PubMed で 0 件（(""YKL066W""[tiab]) AND (yeast OR cerevisiae)）"
YKL068W-A,2026-10-04,,"機械のふるい分け（tools/triage_unknown_genes.py）: PubMed で 0 件（(""YKL068W-A""[tiab]) AND (yeast OR cerevisiae)）"
YKL136W,2026-10-04,,"機械のふるい分け（tools/triage_unknown_genes.py）: PubMed で 0 件（(""YKL136W""[tiab]) AND (yeast OR cerevisiae)）"
YKL169C,2026-10-04,,"機械のふるい分け（tools/triage_unknown_genes.py）: PubMed で 0 件（(""YKL169C""[tiab]) AND (yeast OR cerevisiae)）"
YKR073C,2026-10-04,,"機械のふるい分け（tools/triage_unknown_genes.py）: PubMed で 0 件（(""YKR073C""[tiab]) AND (yeast OR cerevisiae)）"
YLR101C,2026-10-04,,"機械のふるい分け（tools/triage_unknown_genes.py）: PubMed で 0 件（(""YLR101C""[tiab]) AND (yeast OR cerevisiae)）"
YLR154C-G,2026-10-04,,"機械のふるい分け（tools/triage_unknown_genes.py）: PubMed で 0 件（(""YLR154C-G""[tiab]) AND (yeast OR cerevisiae)）"
YLR217W,2026-10-04,,"機械のふるい分け（tools/triage_unknown_genes.py）: PubMed で 0 件（(""YLR217W""[tiab]) AND (yeast OR cerevisiae)）"
YLR230W,2026-10-04,,"機械のふるい分け（tools/triage_unknown_genes.py）: PubMed で 0 件（(""YLR230W""[tiab]) AND (yeast OR cerevisiae)）"
YLR358C,2026-10-04,,"機械のふるい分け（tools/triage_unknown_genes.py）: PubMed で 0 件（(""YLR358C""[tiab]) AND (yeast OR cerevisiae)）"
YLR374C,2026-10-04,,"機械のふるい分け（tools/triage_unknown_genes.py）: PubMed で 0 件（(""YLR374C""[tiab]) AND (yeast OR cerevisiae)）"
YMR013W-A,2026-10-04,,"機械のふるい分け（tools/triage_unknown_genes.py）: PubMed で 0 件（(""YMR013W-A""[tiab]) AND (yeast OR cerevisiae)）"
YMR119W-A,2026-10-04,,"機械のふるい分け（tools/triage_unknown_genes.py）: PubMed で 0 件（(""YMR119W-A""[tiab]) AND (yeast OR cerevisiae)）"
YMR141C,2026-10-04,,"機械のふるい分け（tools/triage_unknown_genes.py）: PubMed で 0 件（(""YMR141C""[tiab]) AND (yeast OR cerevisiae)）"
YMR158C-A,2026-10-04,,"機械のふるい分け（tools/triage_unknown_genes.py）: PubMed で 0 件（(""YMR158C-A""[tiab] OR ""YMR158C-B""[tiab]) AND (yeast OR cerevisiae)）"
YMR181C,2026-10-04,,"機械のふるい分け（tools/triage_unknown_genes.py）: PubMed で 0 件（(""YMR181C""[tiab]) AND (yeast OR cerevisiae)）"
YMR247W-A,2026-10-04,,"機械のふるい分け（tools/triage_unknown_genes.py）: PubMed で 0 件（(""YMR247W-A""[tiab]) AND (yeast OR cerevisiae)）"
YMR254C,2026-10-04,,"機械のふるい分け（tools/triage_unknown_genes.py）: PubMed で 0 件（(""YMR254C""[tiab]) AND (yeast OR cerevisiae)）"
YMR290W-A,2026-10-04,,"機械のふるい分け（tools/triage_unknown_genes.py）: PubMed で 0 件（(""YMR290W-A""[tiab]) AND (yeast OR cerevisiae)）"
YNL042W-B,2026-10-04,,"機械のふるい分け（tools/triage_unknown_genes.py）: PubMed で 0 件（(""YNL042W-B""[tiab]) AND (yeast OR cerevisiae)）"
YNL089C,2026-10-04,,"機械のふるい分け（tools/triage_unknown_genes.py）: PubMed で 0 件（(""YNL089C""[tiab]) AND (yeast OR cerevisiae)）"
YNL170W,2026-10-04,,"機械のふるい分け（tools/triage_unknown_genes.py）: PubMed で 0 件（(""YNL170W""[tiab]) AND (yeast OR cerevisiae)）"
YNL235C,2026-10-04,,"機械のふるい分け（tools/triage_unknown_genes.py）: PubMed で 0 件（(""YNL235C""[tiab]) AND (yeast OR cerevisiae)）"
YNL277W-A,2026-10-04,,"機械のふるい分け（tools/triage_unknown_genes.py）: PubMed で 0 件（(""YNL277W-A""[tiab]) AND (yeast OR cerevisiae)）"
YNL296W,2026-10-04,,"機械のふるい分け（tools/triage_unknown_genes.py）: PubMed で 0 件（(""YNL296W""[tiab]) AND (yeast OR cerevisiae)）"
YOL029C,2026-10-04,,"機械のふるい分け（tools/triage_unknown_genes.py）: PubMed で 0 件（(""YOL029C""[tiab]) AND (yeast OR cerevisiae)）"
YOL036W,2026-10-04,,"機械のふるい分け（tools/triage_unknown_genes.py）: PubMed で 0 件（(""YOL036W""[tiab]) AND (yeast OR cerevisiae)）"
YOL106W,2026-10-04,,"機械のふるい分け（tools/triage_unknown_genes.py）: PubMed で 0 件（(""YOL106W""[tiab]) AND (yeast OR cerevisiae)）"
YOR024W,2026-10-04,,"機械のふるい分け（tools/triage_unknown_genes.py）: PubMed で 0 件（(""YOR024W""[tiab]) AND (yeast OR cerevisiae)）"
YOR053W,2026-10-04,,"機械のふるい分け（tools/triage_unknown_genes.py）: PubMed で 0 件（(""YOR053W""[tiab] OR ""YOR29-04""[tiab]) AND (yeast OR cerevisiae)）"
YOR102W,2026-10-04,,"機械のふるい分け（tools/triage_unknown_genes.py）: PubMed で 0 件（(""YOR102W""[tiab]) AND (yeast OR cerevisiae)）"
YOR203W,2026-10-04,,"機械のふるい分け（tools/triage_unknown_genes.py）: PubMed で 0 件（(""YOR203W""[tiab]) AND (yeast OR cerevisiae)）"
YOR282W,2026-10-04,,"機械のふるい分け（tools/triage_unknown_genes.py）: PubMed で 0 件（(""YOR282W""[tiab]) AND (yeast OR cerevisiae)）"
YOR316C-A,2026-10-04,,"機械のふるい分け（tools/triage_unknown_genes.py）: PubMed で 0 件（(""YOR316C-A""[tiab]) AND (yeast OR cerevisiae)）"
YPL197C,2026-10-04,,"機械のふるい分け（tools/triage_unknown_genes.py）: PubMed で 0 件（(""YPL197C""[tiab]) AND (yeast OR cerevisiae)）"
YPR084W,2026-10-04,,"機械のふるい分け（tools/triage_unknown_genes.py）: PubMed で 0 件（(""YPR084W""[tiab]) AND (yeast OR cerevisiae)）"
YPR089W,2026-10-04,,"機械のふるい分け（tools/triage_unknown_genes.py）: PubMed で 0 件（(""YPR089W""[tiab] OR ""YPR090W""[tiab]) AND (yeast OR cerevisiae)）"
YPR170C,2026-10-04,,"機械のふるい分け（tools/triage_unknown_genes.py）: PubMed で 0 件（(""YPR170C""[tiab]) AND (yeast OR cerevisiae)）"
APQ13,2026-10-04,,"機械のふるい分け（tools/triage_unknown_genes.py）: PubMed で 0 件（(""APQ13""[tiab] OR ""YJL075C""[tiab]) AND (yeast OR cerevisiae)）"
CMI7,2026-10-04,,"機械のふるい分け（tools/triage_unknown_genes.py）: PubMed で 0 件（(""CMI7""[tiab] OR ""YIL002W-A""[tiab]) AND (yeast OR cerevisiae)）"
IRC14,2026-10-04,,"機械のふるい分け（tools/triage_unknown_genes.py）: PubMed で 0 件（(""IRC14""[tiab] OR ""YOR135C""[tiab]) AND (yeast OR cerevisiae)）"
RRT1,2026-10-04,,"機械のふるい分け（tools/triage_unknown_genes.py）: PubMed で 0 件（(""RRT1""[tiab] OR ""YBL048W""[tiab]) AND (yeast OR cerevisiae)）"
RRT13,2026-10-04,,"機械のふるい分け（tools/triage_unknown_genes.py）: PubMed で 0 件（(""RRT13""[tiab] OR ""YER066W""[tiab]) AND (yeast OR cerevisiae)）"
TDA11,2026-10-04,,"機械のふるい分け（tools/triage_unknown_genes.py）: PubMed で 0 件（(""TDA11""[tiab] OR ""YHR159W""[tiab]) AND (yeast OR cerevisiae)）"
YAL065C,2026-10-04,,"機械のふるい分け（tools/triage_unknown_genes.py）: PubMed で 0 件（(""YAL065C""[tiab]) AND (yeast OR cerevisiae)）"
YAR060C,2026-10-04,,"機械のふるい分け（tools/triage_unknown_genes.py）: PubMed で 0 件（(""YAR060C""[tiab]) AND (yeast OR cerevisiae)）"
YAR069C,2026-10-04,,"機械のふるい分け（tools/triage_unknown_genes.py）: PubMed で 0 件（(""YAR069C""[tiab]) AND (yeast OR cerevisiae)）"
YBL070C,2026-10-04,,"機械のふるい分け（tools/triage_unknown_genes.py）: PubMed で 0 件（(""YBL070C""[tiab]) AND (yeast OR cerevisiae)）"
YBL081W,2026-10-04,,"機械のふるい分け（tools/triage_unknown_genes.py）: PubMed で 0 件（(""YBL081W""[tiab]) AND (yeast OR cerevisiae)）"
YBL100C,2026-10-04,,"機械のふるい分け（tools/triage_unknown_genes.py）: PubMed で 0 件（(""YBL100C""[tiab]) AND (yeast OR cerevisiae)）"
YBR124W,2026-10-04,,"機械のふるい分け（tools/triage_unknown_genes.py）: PubMed で 0 件（(""YBR124W""[tiab]) AND (yeast OR cerevisiae)）"
YBR174C,2026-10-04,,"機械のふるい分け（tools/triage_unknown_genes.py）: PubMed で 0 件（(""YBR174C""[tiab]) AND (yeast OR cerevisiae)）"
YBR182C-A,2026-10-04,,"機械のふるい分け（tools/triage_unknown_genes.py）: PubMed で 0 件（(""YBR182C-A""[tiab]) AND (yeast OR cerevisiae)）"
YBR196C-B,2026-10-04,,"機械のふるい分け（tools/triage_unknown_genes.py）: PubMed で 0 件（(""YBR196C-B""[tiab]) AND (yeast OR cerevisiae)）"
YBR206W,2026-10-04,,"機械のふるい分け（tools/triage_unknown_genes.py）: PubMed で 0 件（(""YBR206W""[tiab]) AND (yeast OR cerevisiae)）"
YBR277C,2026-10-04,,"機械のふるい分け（tools/triage_unknown_genes.py）: PubMed で 0 件（(""YBR277C""[tiab]) AND (yeast OR cerevisiae)）"
YBR292C,2026-10-04,,"機械のふるい分け（tools/triage_unknown_genes.py）: PubMed で 0 件（(""YBR292C""[tiab]) AND (yeast OR cerevisiae)）"
YBR298C-A,2026-10-04,,"機械のふるい分け（tools/triage_unknown_genes.py）: PubMed で 0 件（(""YBR298C-A""[tiab]) AND (yeast OR cerevisiae)）"
YCL023C,2026-10-04,,"機械のふるい分け（tools/triage_unknown_genes.py）: PubMed で 0 件（(""YCL023C""[tiab]) AND (yeast OR cerevisiae)）"
YCR001W,2026-10-04,,"機械のふるい分け（tools/triage_unknown_genes.py）: PubMed で 0 件（(""YCR001W""[tiab]) AND (yeast OR cerevisiae)）"
YCR090C,2026-10-04,,"機械のふるい分け（tools/triage_unknown_genes.py）: PubMed で 0 件（(""YCR090C""[tiab]) AND (yeast OR cerevisiae)）"
YCR102W-A,2026-10-04,,"機械のふるい分け（tools/triage_unknown_genes.py）: PubMed で 0 件（(""YCR102W-A""[tiab]) AND (yeast OR cerevisiae)）"
YDL062W,2026-10-04,,"機械のふるい分け（tools/triage_unknown_genes.py）: PubMed で 0 件（(""YDL062W""[tiab]) AND (yeast OR cerevisiae)）"
YDL152W,2026-10-04,,"機械のふるい分け（tools/triage_unknown_genes.py）: PubMed で 0 件（(""YDL152W""[tiab]) AND (yeast OR cerevisiae)）"
YDL177C,2026-10-04,,"機械のふるい分け（tools/triage_unknown_genes.py）: PubMed で 0 件（(""YDL177C""[tiab]) AND (yeast OR cerevisiae)）"
YDL187C,2026-10-04,,"機械のふるい分け（tools/triage_unknown_genes.py）: PubMed で 0 件（(""YDL187C""[tiab]) AND (yeast OR cerevisiae)）"
YDL211C,2026-10-04,,"機械のふるい分け（tools/triage_unknown_genes.py）: PubMed で 0 件（(""YDL211C""[tiab]) AND (yeast OR cerevisiae)）"
YDR114C,2026-10-04,,"機械のふるい分け（tools/triage_unknown_genes.py）: PubMed で 0 件（(""YDR114C""[tiab]) AND (yeast OR cerevisiae)）"
YDR149C,2026-10-04,,"機械のふるい分け（tools/triage_unknown_genes.py）: PubMed で 0 件（(""YDR149C""[tiab]) AND (yeast OR cerevisiae)）"
YDR209C,2026-10-04,,"機械のふるい分け（tools/triage_unknown_genes.py）: PubMed で 0 件（(""YDR209C""[tiab]) AND (yeast OR cerevisiae)）"
YDR220C,2026-10-04,,"機械のふるい分け（tools/triage_unknown_genes.py）: PubMed で 0 件（(""YDR220C""[tiab]) AND (yeast OR cerevisiae)）"
YDR271C,2026-10-04,,"機械のふるい分け（tools/triage_unknown_genes.py）: PubMed で 0 件（(""YDR271C""[tiab]) AND (yeast OR cerevisiae)）"
YDR338C,2026-10-04,,"機械のふるい分け（tools/triage_unknown_genes.py）: PubMed で 0 件（(""YDR338C""[tiab]) AND (yeast OR cerevisiae)）"
YDR340W,2026-10-04,,"機械のふるい分け（tools/triage_unknown_genes.py）: PubMed で 0 件（(""YDR340W""[tiab]) AND (yeast OR cerevisiae)）"
YDR467C,2026-10-04,,"機械のふるい分け（tools/triage_unknown_genes.py）: PubMed で 0 件（(""YDR467C""[tiab]) AND (yeast OR cerevisiae)）"
YDR537C,2026-10-04,,"機械のふるい分け（tools/triage_unknown_genes.py）: PubMed で 0 件（(""YDR537C""[tiab]) AND (yeast OR cerevisiae)）"
YEL076C-A,2026-10-04,,"機械のふるい分け（tools/triage_unknown_genes.py）: PubMed で 0 件（(""YEL076C-A""[tiab]) AND (yeast OR cerevisiae)）"
YER119C-A,2026-10-04,,"機械のふるい分け（tools/triage_unknown_genes.py）: PubMed で 0 件（(""YER119C-A""[tiab]) AND (yeast OR cerevisiae)）"
YFL065C,2026-10-04,,"機械のふるい分け（tools/triage_unknown_genes.py）: PubMed で 0 件（(""YFL065C""[tiab]) AND (yeast OR cerevisiae)）"
YFR056C,2026-10-04,,"機械のふるい分け（tools/triage_unknown_genes.py）: PubMed で 0 件（(""YFR056C""[tiab]) AND (yeast OR cerevisiae)）"
YGL152C,2026-10-04,,"機械のふるい分け（tools/triage_unknown_genes.py）: PubMed で 0 件（(""YGL152C""[tiab]) AND (yeast OR cerevisiae)）"
YGL199C,2026-10-04,,"機械のふるい分け（tools/triage_unknown_genes.py）: PubMed で 0 件（(""YGL199C""[tiab]) AND (yeast OR cerevisiae)）"
YGL214W,2026-10-04,,"機械のふるい分け（tools/triage_unknown_genes.py）: PubMed で 0 件（(""YGL214W""[tiab]) AND (yeast OR cerevisiae)）"
YGR025W,2026-10-04,,"機械のふるい分け（tools/triage_unknown_genes.py）: PubMed で 0 件（(""YGR025W""[tiab]) AND (yeast OR cerevisiae)）"
YGR160W,2026-10-04,,"機械のふるい分け（tools/triage_unknown_genes.py）: PubMed で 0 件（(""YGR160W""[tiab]) AND (yeast OR cerevisiae)）"
YHR125W,2026-10-04,,"機械のふるい分け（tools/triage_unknown_genes.py）: PubMed で 0 件（(""YHR125W""[tiab]) AND (yeast OR cerevisiae)）"
YHR212C,2026-10-04,,"機械のふるい分け（tools/triage_unknown_genes.py）: PubMed で 0 件（(""YHR212C""[tiab]) AND (yeast OR cerevisiae)）"
YHR214C-E,2026-10-04,,"機械のふるい分け（tools/triage_unknown_genes.py）: PubMed で 0 件（(""YHR214C-E""[tiab]) AND (yeast OR cerevisiae)）"
YHR219W,2026-10-04,,"機械のふるい分け（tools/triage_unknown_genes.py）: PubMed で 0 件（(""YHR219W""[tiab]) AND (yeast OR cerevisiae)）"
YIL165C,2026-10-04,,"機械のふるい分け（tools/triage_unknown_genes.py）: PubMed で 0 件（(""YIL165C""[tiab]) AND (yeast OR cerevisiae)）"
YIM2,2026-10-04,,"機械のふるい分け（tools/triage_unknown_genes.py）: PubMed で 0 件（(""YIM2""[tiab] OR ""YMR151W""[tiab]) AND (yeast OR cerevisiae)）"
YJL169W,2026-10-04,,"機械のふるい分け（tools/triage_unknown_genes.py）: PubMed で 0 件（(""YJL169W""[tiab]) AND (yeast OR cerevisiae)）"
YJL202C,2026-10-04,,"機械のふるい分け（tools/triage_unknown_genes.py）: PubMed で 0 件（(""YJL202C""[tiab]) AND (yeast OR cerevisiae)）"
YJR124C,2026-10-04,,"機械のふるい分け（tools/triage_unknown_genes.py）: PubMed で 0 件（(""YJR124C""[tiab]) AND (yeast OR cerevisiae)）"
YKL083W,2026-10-04,,"機械のふるい分け（tools/triage_unknown_genes.py）: PubMed で 0 件（(""YKL083W""[tiab]) AND (yeast OR cerevisiae)）"
YKL123W,2026-10-04,,"機械のふるい分け（tools/triage_unknown_genes.py）: PubMed で 0 件（(""YKL123W""[tiab]) AND (yeast OR cerevisiae)）"
YKR018C,2026-10-04,,"機械のふるい分け（tools/triage_unknown_genes.py）: PubMed で 0 件（(""YKR018C""[tiab]) AND (yeast OR cerevisiae)）"
YKR032W,2026-10-04,,"機械のふるい分け（tools/triage_unknown_genes.py）: PubMed で 0 件（(""YKR032W""[tiab]) AND (yeast OR cerevisiae)）"
YKR033C,2026-10-04,,"機械のふるい分け（tools/triage_unknown_genes.py）: PubMed で 0 件（(""YKR033C""[tiab]) AND (yeast OR cerevisiae)）"
YLL066W-B,2026-10-04,,"機械のふるい分け（tools/triage_unknown_genes.py）: PubMed で 0 件（(""YLL066W-B""[tiab]) AND (yeast OR cerevisiae)）"
YLR031W,2026-10-04,,"機械のふるい分け（tools/triage_unknown_genes.py）: PubMed で 0 件（(""YLR031W""[tiab]) AND (yeast OR cerevisiae)）"
YLR123C,2026-10-04,,"機械のふるい分け（tools/triage_unknown_genes.py）: PubMed で 0 件（(""YLR123C""[tiab]) AND (yeast OR cerevisiae)）"
YLR311C,2026-10-04,,"機械のふるい分け（tools/triage_unknown_genes.py）: PubMed で 0 件（(""YLR311C""[tiab]) AND (yeast OR cerevisiae)）"
YLR317W,2026-10-04,,"機械のふるい分け（tools/triage_unknown_genes.py）: PubMed で 0 件（(""YLR317W""[tiab]) AND (yeast OR cerevisiae)）"
YLR365W,2026-10-04,,"機械のふるい分け（tools/triage_unknown_genes.py）: PubMed で 0 件（(""YLR365W""[tiab]) AND (yeast OR cerevisiae)）"
YLR379W,2026-10-04,,"機械のふるい分け（tools/triage_unknown_genes.py）: PubMed で 0 件（(""YLR379W""[tiab]) AND (yeast OR cerevisiae)）"
YLR406C-A,2026-10-04,,"機械のふるい分け（tools/triage_unknown_genes.py）: PubMed で 0 件（(""YLR406C-A""[tiab]) AND (yeast OR cerevisiae)）"
YMR046W-A,2026-10-04,,"機械のふるい分け（tools/triage_unknown_genes.py）: PubMed で 0 件（(""YMR046W-A""[tiab]) AND (yeast OR cerevisiae)）"
YMR085W,2026-10-04,,"機械のふるい分け（tools/triage_unknown_genes.py）: PubMed で 0 件（(""YMR085W""[tiab]) AND (yeast OR cerevisiae)）"
YMR272W-B,2026-10-04,,"機械のふるい分け（tools/triage_unknown_genes.py）: PubMed で 0 件（(""YMR272W-B""[tiab]) AND (yeast OR cerevisiae)）"
YMR321C,2026-10-04,,"機械のふるい分け（tools/triage_unknown_genes.py）: PubMed で 0 件（(""YMR321C""[tiab]) AND (yeast OR cerevisiae)）"
YNL013C,2026-10-04,,"機械のふるい分け（tools/triage_unknown_genes.py）: PubMed で 0 件（(""YNL013C""[tiab]) AND (yeast OR cerevisiae)）"
YNL019C,2026-10-04,,"機械のふるい分け（tools/triage_unknown_genes.py）: PubMed で 0 件（(""YNL019C""[tiab]) AND (yeast OR cerevisiae)）"
YNL276C,2026-10-04,,"機械のふるい分け（tools/triage_unknown_genes.py）: PubMed で 0 件（(""YNL276C""[tiab]) AND (yeast OR cerevisiae)）"
YNR021W,2026-10-04,,"機械のふるい分け（tools/triage_unknown_genes.py）: PubMed で 0 件（(""YNR021W""[tiab]) AND (yeast OR cerevisiae)）"
YNR066C,2026-10-04,,"機械のふるい分け（tools/triage_unknown_genes.py）: PubMed で 0 件（(""YNR066C""[tiab]) AND (yeast OR cerevisiae)）"
YOL038C-A,2026-10-04,,"機械のふるい分け（tools/triage_unknown_genes.py）: PubMed で 0 件（(""YOL038C-A""[tiab]) AND (yeast OR cerevisiae)）"
YOL131W,2026-10-04,,"機械のふるい分け（tools/triage_unknown_genes.py）: PubMed で 0 件（(""YOL131W""[tiab]) AND (yeast OR cerevisiae)）"
YOL166W-A,2026-10-04,,"機械のふるい分け（tools/triage_unknown_genes.py）: PubMed で 0 件（(""YOL166W-A""[tiab]) AND (yeast OR cerevisiae)）"
YOR072W,2026-10-04,,"機械のふるい分け（tools/triage_unknown_genes.py）: PubMed で 0 件（(""YOR072W""[tiab] OR ""YOR29-23""[tiab]) AND (yeast OR cerevisiae)）"
YOR072W-B,2026-10-04,,"機械のふるい分け（tools/triage_unknown_genes.py）: PubMed で 0 件（(""YOR072W-B""[tiab]) AND (yeast OR cerevisiae)）"
YOR105W,2026-10-04,,"機械のふるい分け（tools/triage_unknown_genes.py）: PubMed で 0 件（(""YOR105W""[tiab]) AND (yeast OR cerevisiae)）"
YOR139C,2026-10-04,,"機械のふるい分け（tools/triage_unknown_genes.py）: PubMed で 0 件（(""YOR139C""[tiab]) AND (yeast OR cerevisiae)）"
YOR192C-C,2026-10-04,,"機械のふるい分け（tools/triage_unknown_genes.py）: PubMed で 0 件（(""YOR192C-C""[tiab]) AND (yeast OR cerevisiae)）"
YOR199W,2026-10-04,,"機械のふるい分け（tools/triage_unknown_genes.py）: PubMed で 0 件（(""YOR199W""[tiab]) AND (yeast OR cerevisiae)）"
YOR218C,2026-10-04,,"機械のふるい分け（tools/triage_unknown_genes.py）: PubMed で 0 件（(""YOR218C""[tiab]) AND (yeast OR cerevisiae)）"
YOR277C,2026-10-04,,"機械のふるい分け（tools/triage_unknown_genes.py）: PubMed で 0 件（(""YOR277C""[tiab]) AND (yeast OR cerevisiae)）"
YOR376W-A,2026-10-04,,"機械のふるい分け（tools/triage_unknown_genes.py）: PubMed で 0 件（(""YOR376W-A""[tiab]) AND (yeast OR cerevisiae)）"
YPL108W,2026-10-04,,"機械のふるい分け（tools/triage_unknown_genes.py）: PubMed で 0 件（(""YPL108W""[tiab]) AND (yeast OR cerevisiae)）"
YPL142C,2026-10-04,,"機械のふるい分け（tools/triage_unknown_genes.py）: PubMed で 0 件（(""YPL142C""[tiab]) AND (yeast OR cerevisiae)）"
YPL261C,2026-10-04,,"機械のふるい分け（tools/triage_unknown_genes.py）: PubMed で 0 件（(""YPL261C""[tiab]) AND (yeast OR cerevisiae)）"
YPL278C,2026-10-04,,"機械のふるい分け（tools/triage_unknown_genes.py）: PubMed で 0 件（(""YPL278C""[tiab]) AND (yeast OR cerevisiae)）"
YPR077C,2026-10-04,,"機械のふるい分け（tools/triage_unknown_genes.py）: PubMed で 0 件（(""YPR077C""[tiab]) AND (yeast OR cerevisiae)）"
YPR108W-A,2026-10-04,,"機械のふるい分け（tools/triage_unknown_genes.py）: PubMed で 0 件（(""YPR108W-A""[tiab]) AND (yeast OR cerevisiae)）"
YPR123C,2026-10-04,,"機械のふるい分け（tools/triage_unknown_genes.py）: PubMed で 0 件（(""YPR123C""[tiab]) AND (yeast OR cerevisiae)）"
YPR197C,2026-10-04,,"機械のふるい分け（tools/triage_unknown_genes.py）: PubMed で 0 件（(""YPR197C""[tiab]) AND (yeast OR cerevisiae)）"
BUD26,2026-10-04,,"機械のふるい分け（tools/triage_unknown_genes.py）: PubMed で 0 件（(""BUD26""[tiab] OR ""YDR241W""[tiab]) AND (yeast OR cerevisiae)）"
CMI8,2026-10-04,,"機械のふるい分け（tools/triage_unknown_genes.py）: PubMed で 0 件（(""CMI8""[tiab] OR ""YDR461C-A""[tiab]) AND (yeast OR cerevisiae)）"
DPC25,2026-10-04,,"機械のふるい分け（tools/triage_unknown_genes.py）: PubMed で 0 件（(""DPC25""[tiab] OR ""YPL107W""[tiab]) AND (yeast OR cerevisiae)）"
FMP49,2026-10-04,,"機械のふるい分け（tools/triage_unknown_genes.py）: PubMed で 0 件（(""FMP49""[tiab] OR ""YER038W-A""[tiab]) AND (yeast OR cerevisiae)）"
IRC9,2026-10-04,,"機械のふるい分け（tools/triage_unknown_genes.py）: PubMed で 0 件（(""IRC9""[tiab] OR ""YJL142C""[tiab]) AND (yeast OR cerevisiae)）"
MEO1,2026-10-04,,"機械のふるい分け（tools/triage_unknown_genes.py）: PubMed で 0 件（(""MEO1""[tiab] OR ""YBR126W-A""[tiab]) AND (yeast OR cerevisiae)）"
MIN9,2026-10-04,,"機械のふるい分け（tools/triage_unknown_genes.py）: PubMed で 0 件（(""MIN9""[tiab] OR ""YKL023C-A""[tiab]) AND (yeast OR cerevisiae)）"
MIY3,2026-10-04,,"機械のふるい分け（tools/triage_unknown_genes.py）: PubMed で 0 件（(""MIY3""[tiab] OR ""YGL082W""[tiab]) AND (yeast OR cerevisiae)）"
MSC7,2026-10-04,,"機械のふるい分け（tools/triage_unknown_genes.py）: PubMed で 0 件（(""MSC7""[tiab] OR ""YHR039C""[tiab] OR ""meiotic recombination directing protein""[tiab]) AND (yeast OR cerevisiae)）"
OPI6,2026-10-04,,"機械のふるい分け（tools/triage_unknown_genes.py）: PubMed で 0 件（(""OPI6""[tiab] OR ""YDL096C""[tiab]) AND (yeast OR cerevisiae)）"
PAU9,2026-10-04,,"機械のふるい分け（tools/triage_unknown_genes.py）: PubMed で 0 件（(""PAU9""[tiab] OR ""YBL108C-A""[tiab] OR ""seripauperin PAU9""[tiab]) AND (yeast OR cerevisiae)）"
RRG7,2026-10-04,,"機械のふるい分け（tools/triage_unknown_genes.py）: PubMed で 0 件（(""RRG7""[tiab] OR ""YOR305W""[tiab]) AND (yeast OR cerevisiae)）"
VPR1,2026-10-04,,"機械のふるい分け（tools/triage_unknown_genes.py）: PubMed で 0 件（(""VPR1""[tiab] OR ""YIL152W""[tiab]) AND (yeast OR cerevisiae)）"
YAL045C,2026-10-04,,"機械のふるい分け（tools/triage_unknown_genes.py）: PubMed で 0 件（(""YAL045C""[tiab]) AND (yeast OR cerevisiae)）"
YAL066W,2026-10-04,,"機械のふるい分け（tools/triage_unknown_genes.py）: PubMed で 0 件（(""YAL066W""[tiab]) AND (yeast OR cerevisiae)）"
YBL053W,2026-10-04,,"機械のふるい分け（tools/triage_unknown_genes.py）: PubMed で 0 件（(""YBL053W""[tiab]) AND (yeast OR cerevisiae)）"
YBL062W,2026-10-04,,"機械のふるい分け（tools/triage_unknown_genes.py）: PubMed で 0 件（(""YBL062W""[tiab]) AND (yeast OR cerevisiae)）"
YBL065W,2026-10-04,,"機械のふるい分け（tools/triage_unknown_genes.py）: PubMed で 0 件（(""YBL065W""[tiab]) AND (yeast OR cerevisiae)）"
YBL077W,2026-10-04,,"機械のふるい分け（tools/triage_unknown_genes.py）: PubMed で 0 件（(""YBL077W""[tiab]) AND (yeast OR cerevisiae)）"
YBL096C,2026-10-04,,"機械のふるい分け（tools/triage_unknown_genes.py）: PubMed で 0 件（(""YBL096C""[tiab]) AND (yeast OR cerevisiae)）"
YBR064W,2026-10-04,,"機械のふるい分け（tools/triage_unknown_genes.py）: PubMed で 0 件（(""YBR064W""[tiab]) AND (yeast OR cerevisiae)）"
YBR089W,2026-10-04,,"機械のふるい分け（tools/triage_unknown_genes.py）: PubMed で 0 件（(""YBR089W""[tiab]) AND (yeast OR cerevisiae)）"
YBR096W,2026-10-04,,"機械のふるい分け（tools/triage_unknown_genes.py）: PubMed で 0 件（(""YBR096W""[tiab]) AND (yeast OR cerevisiae)）"
YBR226C,2026-10-04,,"機械のふるい分け（tools/triage_unknown_genes.py）: PubMed で 0 件（(""YBR226C""[tiab]) AND (yeast OR cerevisiae)）"
YCL001W-A,2026-10-04,,"機械のふるい分け（tools/triage_unknown_genes.py）: PubMed で 0 件（(""YCL001W-A""[tiab]) AND (yeast OR cerevisiae)）"
YCR049C,2026-10-04,,"機械のふるい分け（tools/triage_unknown_genes.py）: PubMed で 0 件（(""YCR049C""[tiab]) AND (yeast OR cerevisiae)）"
YCR050C,2026-10-04,,"機械のふるい分け（tools/triage_unknown_genes.py）: PubMed で 0 件（(""YCR050C""[tiab]) AND (yeast OR cerevisiae)）"
YCR108C,2026-10-04,,"機械のふるい分け（tools/triage_unknown_genes.py）: PubMed で 0 件（(""YCR108C""[tiab]) AND (yeast OR cerevisiae)）"
YDL007C-A,2026-10-04,,"機械のふるい分け（tools/triage_unknown_genes.py）: PubMed で 0 件（(""YDL007C-A""[tiab]) AND (yeast OR cerevisiae)）"
YDL041W,2026-10-04,,"機械のふるい分け（tools/triage_unknown_genes.py）: PubMed で 0 件（(""YDL041W""[tiab]) AND (yeast OR cerevisiae)）"
YDL050C,2026-10-04,,"機械のふるい分け（tools/triage_unknown_genes.py）: PubMed で 0 件（(""YDL050C""[tiab]) AND (yeast OR cerevisiae)）"
YDL118W,2026-10-04,,"機械のふるい分け（tools/triage_unknown_genes.py）: PubMed で 0 件（(""YDL118W""[tiab]) AND (yeast OR cerevisiae)）"
YDL159W-A,2026-10-04,,"機械のふるい分け（tools/triage_unknown_genes.py）: PubMed で 0 件（(""YDL159W-A""[tiab] OR ""YDL159W-B""[tiab]) AND (yeast OR cerevisiae)）"
YDL163W,2026-10-04,,"機械のふるい分け（tools/triage_unknown_genes.py）: PubMed で 0 件（(""YDL163W""[tiab]) AND (yeast OR cerevisiae)）"
YDR053W,2026-10-04,,"機械のふるい分け（tools/triage_unknown_genes.py）: PubMed で 0 件（(""YDR053W""[tiab]) AND (yeast OR cerevisiae)）"
YDR193W,2026-10-04,,"機械のふるい分け（tools/triage_unknown_genes.py）: PubMed で 0 件（(""YDR193W""[tiab]) AND (yeast OR cerevisiae)）"
YDR203W,2026-10-04,,"機械のふるい分け（tools/triage_unknown_genes.py）: PubMed で 0 件（(""YDR203W""[tiab]) AND (yeast OR cerevisiae)）"
YDR246W-A,2026-10-04,,"機械のふるい分け（tools/triage_unknown_genes.py）: PubMed で 0 件（(""YDR246W-A""[tiab]) AND (yeast OR cerevisiae)）"
YDR355C,2026-10-04,,"機械のふるい分け（tools/triage_unknown_genes.py）: PubMed で 0 件（(""YDR355C""[tiab]) AND (yeast OR cerevisiae)）"
YDR413C,2026-10-04,,"機械のふるい分け（tools/triage_unknown_genes.py）: PubMed で 0 件（(""YDR413C""[tiab]) AND (yeast OR cerevisiae)）"
YEL014C,2026-10-04,,"機械のふるい分け（tools/triage_unknown_genes.py）: PubMed で 0 件（(""YEL014C""[tiab]) AND (yeast OR cerevisiae)）"
YEL068C,2026-10-04,,"機械のふるい分け（tools/triage_unknown_genes.py）: PubMed で 0 件（(""YEL068C""[tiab]) AND (yeast OR cerevisiae)）"
YER078W-A,2026-10-04,,"機械のふるい分け（tools/triage_unknown_genes.py）: PubMed で 0 件（(""YER078W-A""[tiab]) AND (yeast OR cerevisiae)）"
YER084W,2026-10-04,,"機械のふるい分け（tools/triage_unknown_genes.py）: PubMed で 0 件（(""YER084W""[tiab]) AND (yeast OR cerevisiae)）"
YER175W-A,2026-10-04,,"機械のふるい分け（tools/triage_unknown_genes.py）: PubMed で 0 件（(""YER175W-A""[tiab]) AND (yeast OR cerevisiae)）"
YER190C-B,2026-10-04,,"機械のふるい分け（tools/triage_unknown_genes.py）: PubMed で 0 件（(""YER190C-B""[tiab]) AND (yeast OR cerevisiae)）"
YFL019C,2026-10-04,,"機械のふるい分け（tools/triage_unknown_genes.py）: PubMed で 0 件（(""YFL019C""[tiab]) AND (yeast OR cerevisiae)）"
YFL067W,2026-10-04,,"機械のふるい分け（tools/triage_unknown_genes.py）: PubMed で 0 件（(""YFL067W""[tiab]) AND (yeast OR cerevisiae)）"
YGL041C,2026-10-04,,"機械のふるい分け（tools/triage_unknown_genes.py）: PubMed で 0 件（(""YGL041C""[tiab]) AND (yeast OR cerevisiae)）"
YGL052W,2026-10-04,,"機械のふるい分け（tools/triage_unknown_genes.py）: PubMed で 0 件（(""YGL052W""[tiab]) AND (yeast OR cerevisiae)）"
YGL069C,2026-10-04,,"機械のふるい分け（tools/triage_unknown_genes.py）: PubMed で 0 件（(""YGL069C""[tiab]) AND (yeast OR cerevisiae)）"
YGL149W,2026-10-04,,"機械のふるい分け（tools/triage_unknown_genes.py）: PubMed で 0 件（(""YGL149W""[tiab]) AND (yeast OR cerevisiae)）"
YGL188C-A,2026-10-04,,"機械のふるい分け（tools/triage_unknown_genes.py）: PubMed で 0 件（(""YGL188C-A""[tiab]) AND (yeast OR cerevisiae)）"
YGL194C-A,2026-10-04,,"機械のふるい分け（tools/triage_unknown_genes.py）: PubMed で 0 件（(""YGL194C-A""[tiab]) AND (yeast OR cerevisiae)）"
YGL217C,2026-10-04,,"機械のふるい分け（tools/triage_unknown_genes.py）: PubMed で 0 件（(""YGL217C""[tiab]) AND (yeast OR cerevisiae)）"
YGL218W,2026-10-04,,"機械のふるい分け（tools/triage_unknown_genes.py）: PubMed で 0 件（(""YGL218W""[tiab]) AND (yeast OR cerevisiae)）"
YGL258W-A,2026-10-04,,"機械のふるい分け（tools/triage_unknown_genes.py）: PubMed で 0 件（(""YGL258W-A""[tiab]) AND (yeast OR cerevisiae)）"
YGL262W,2026-10-04,,"機械のふるい分け（tools/triage_unknown_genes.py）: PubMed で 0 件（(""YGL262W""[tiab]) AND (yeast OR cerevisiae)）"
YGR064W,2026-10-04,,"機械のふるい分け（tools/triage_unknown_genes.py）: PubMed で 0 件（(""YGR064W""[tiab]) AND (yeast OR cerevisiae)）"
YGR174W-A,2026-10-04,,"機械のふるい分け（tools/triage_unknown_genes.py）: PubMed で 0 件（(""YGR174W-A""[tiab]) AND (yeast OR cerevisiae)）"
YGR226C,2026-10-04,,"機械のふるい分け（tools/triage_unknown_genes.py）: PubMed で 0 件（(""YGR226C""[tiab]) AND (yeast OR cerevisiae)）"
YGR240C-A,2026-10-04,,"機械のふるい分け（tools/triage_unknown_genes.py）: PubMed で 0 件（(""YGR240C-A""[tiab]) AND (yeast OR cerevisiae)）"
YGR265W,2026-10-04,,"機械のふるい分け（tools/triage_unknown_genes.py）: PubMed で 0 件（(""YGR265W""[tiab]) AND (yeast OR cerevisiae)）"
YGR291C,2026-10-04,,"機械のふるい分け（tools/triage_unknown_genes.py）: PubMed で 0 件（(""YGR291C""[tiab]) AND (yeast OR cerevisiae)）"
YHR022C-A,2026-10-04,,"機械のふるい分け（tools/triage_unknown_genes.py）: PubMed で 0 件（(""YHR022C-A""[tiab]) AND (yeast OR cerevisiae)）"
YHR049C-A,2026-10-04,,"機械のふるい分け（tools/triage_unknown_genes.py）: PubMed で 0 件（(""YHR049C-A""[tiab]) AND (yeast OR cerevisiae)）"
YHR130C,2026-10-04,,"機械のふるい分け（tools/triage_unknown_genes.py）: PubMed で 0 件（(""YHR130C""[tiab]) AND (yeast OR cerevisiae)）"
YHR180W,2026-10-04,,"機械のふるい分け（tools/triage_unknown_genes.py）: PubMed で 0 件（(""YHR180W""[tiab]) AND (yeast OR cerevisiae)）"
YHR214C-D,2026-10-04,,"機械のふるい分け（tools/triage_unknown_genes.py）: PubMed で 0 件（(""YHR214C-D""[tiab]) AND (yeast OR cerevisiae)）"
YHR214W-A,2026-10-04,,"機械のふるい分け（tools/triage_unknown_genes.py）: PubMed で 0 件（(""YHR214W-A""[tiab]) AND (yeast OR cerevisiae)）"
YIL025C,2026-10-04,,"機械のふるい分け（tools/triage_unknown_genes.py）: PubMed で 0 件（(""YIL025C""[tiab]) AND (yeast OR cerevisiae)）"
YIL028W,2026-10-04,,"機械のふるい分け（tools/triage_unknown_genes.py）: PubMed で 0 件（(""YIL028W""[tiab]) AND (yeast OR cerevisiae)）"
YIL059C,2026-10-04,,"機械のふるい分け（tools/triage_unknown_genes.py）: PubMed で 0 件（(""YIL059C""[tiab]) AND (yeast OR cerevisiae)）"
YIR020W-A,2026-10-04,,"機械のふるい分け（tools/triage_unknown_genes.py）: PubMed で 0 件（(""YIR020W-A""[tiab] OR ""YIR020W-B""[tiab]) AND (yeast OR cerevisiae)）"
YJL086C,2026-10-04,,"機械のふるい分け（tools/triage_unknown_genes.py）: PubMed で 0 件（(""YJL086C""[tiab]) AND (yeast OR cerevisiae)）"
YJL132W,2026-10-04,,"機械のふるい分け（tools/triage_unknown_genes.py）: PubMed で 0 件（(""YJL132W""[tiab]) AND (yeast OR cerevisiae)）"
YJL136W-A,2026-10-04,,"機械のふるい分け（tools/triage_unknown_genes.py）: PubMed で 0 件（(""YJL136W-A""[tiab]) AND (yeast OR cerevisiae)）"
YJL195C,2026-10-04,,"機械のふるい分け（tools/triage_unknown_genes.py）: PubMed で 0 件（(""YJL195C""[tiab]) AND (yeast OR cerevisiae)）"
YJR020W,2026-10-04,,"機械のふるい分け（tools/triage_unknown_genes.py）: PubMed で 0 件（(""YJR020W""[tiab]) AND (yeast OR cerevisiae)）"
YJR023C,2026-10-04,,"機械のふるい分け（tools/triage_unknown_genes.py）: PubMed で 0 件（(""YJR023C""[tiab]) AND (yeast OR cerevisiae)）"
YJR151W-A,2026-10-04,,"機械のふるい分け（tools/triage_unknown_genes.py）: PubMed で 0 件（(""YJR151W-A""[tiab]) AND (yeast OR cerevisiae)）"
YKL111C,2026-10-04,,"機械のふるい分け（tools/triage_unknown_genes.py）: PubMed で 0 件（(""YKL111C""[tiab]) AND (yeast OR cerevisiae)）"
YKL131W,2026-10-04,,"機械のふるい分け（tools/triage_unknown_genes.py）: PubMed で 0 件（(""YKL131W""[tiab]) AND (yeast OR cerevisiae)）"
YKL183C-A,2026-10-04,,"機械のふるい分け（tools/triage_unknown_genes.py）: PubMed で 0 件（(""YKL183C-A""[tiab]) AND (yeast OR cerevisiae)）"
YKL202W,2026-10-04,,"機械のふるい分け（tools/triage_unknown_genes.py）: PubMed で 0 件（(""YKL202W""[tiab]) AND (yeast OR cerevisiae)）"
YKR005C,2026-10-04,,"機械のふるい分け（tools/triage_unknown_genes.py）: PubMed で 0 件（(""YKR005C""[tiab]) AND (yeast OR cerevisiae)）"
YKR012C,2026-10-04,,"機械のふるい分け（tools/triage_unknown_genes.py）: PubMed で 0 件（(""YKR012C""[tiab]) AND (yeast OR cerevisiae)）"
YKR047W,2026-10-04,,"機械のふるい分け（tools/triage_unknown_genes.py）: PubMed で 0 件（(""YKR047W""[tiab]) AND (yeast OR cerevisiae)）"
YLR157W-E,2026-10-04,,"機械のふるい分け（tools/triage_unknown_genes.py）: PubMed で 0 件（(""YLR157W-E""[tiab] OR ""YLR157W-B""[tiab] OR ""YLR157W-C""[tiab]) AND (yeast OR cerevisiae)）"
YLR361C-A,2026-10-04,,"機械のふるい分け（tools/triage_unknown_genes.py）: PubMed で 0 件（(""YLR361C-A""[tiab]) AND (yeast OR cerevisiae)）"
YLR444C,2026-10-04,,"機械のふるい分け（tools/triage_unknown_genes.py）: PubMed で 0 件（(""YLR444C""[tiab]) AND (yeast OR cerevisiae)）"
YMR030W-A,2026-10-04,,"機械のふるい分け（tools/triage_unknown_genes.py）: PubMed で 0 件（(""YMR030W-A""[tiab]) AND (yeast OR cerevisiae)）"
YMR052C-A,2026-10-04,,"機械のふるい分け（tools/triage_unknown_genes.py）: PubMed で 0 件（(""YMR052C-A""[tiab]) AND (yeast OR cerevisiae)）"
YMR114C,2026-10-04,,"機械のふるい分け（tools/triage_unknown_genes.py）: PubMed で 0 件（(""YMR114C""[tiab] OR ""putative peptide hydrolase""[tiab]) AND (yeast OR cerevisiae)）"
YMR230W-A,2026-10-04,,"機械のふるい分け（tools/triage_unknown_genes.py）: PubMed で 0 件（(""YMR230W-A""[tiab]) AND (yeast OR cerevisiae)）"
YMR242W-A,2026-10-04,,"機械のふるい分け（tools/triage_unknown_genes.py）: PubMed で 0 件（(""YMR242W-A""[tiab]) AND (yeast OR cerevisiae)）"
YMR315W-A,2026-10-04,,"機械のふるい分け（tools/triage_unknown_genes.py）: PubMed で 0 件（(""YMR315W-A""[tiab]) AND (yeast OR cerevisiae)）"
YNL067W-B,2026-10-04,,"機械のふるい分け（tools/triage_unknown_genes.py）: PubMed で 0 件（(""YNL067W-B""[tiab] OR ""YNL067W-A""[tiab]) AND (yeast OR cerevisiae)）"
YNL140C,2026-10-04,,"機械のふるい分け（tools/triage_unknown_genes.py）: PubMed で 0 件（(""YNL140C""[tiab]) AND (yeast OR cerevisiae)）"
YNL162W-A,2026-10-04,,"機械のふるい分け（tools/triage_unknown_genes.py）: PubMed で 0 件（(""YNL162W-A""[tiab]) AND (yeast OR cerevisiae)）"
YNL203C,2026-10-04,,"機械のふるい分け（tools/triage_unknown_genes.py）: PubMed で 0 件（(""YNL203C""[tiab]) AND (yeast OR cerevisiae)）"
YNL205C,2026-10-04,,"機械のふるい分け（tools/triage_unknown_genes.py）: PubMed で 0 件（(""YNL205C""[tiab]) AND (yeast OR cerevisiae)）"
YNL303W,2026-10-04,,"機械のふるい分け（tools/triage_unknown_genes.py）: PubMed で 0 件（(""YNL303W""[tiab]) AND (yeast OR cerevisiae)）"
YNR005C,2026-10-04,,"機械のふるい分け（tools/triage_unknown_genes.py）: PubMed で 0 件（(""YNR005C""[tiab]) AND (yeast OR cerevisiae)）"
YNR042W,2026-10-04,,"機械のふるい分け（tools/triage_unknown_genes.py）: PubMed で 0 件（(""YNR042W""[tiab]) AND (yeast OR cerevisiae)）"
YNR065C,2026-10-04,,"機械のふるい分け（tools/triage_unknown_genes.py）: PubMed で 0 件（(""YNR065C""[tiab]) AND (yeast OR cerevisiae)）"
YNR075C-A,2026-10-04,,"機械のふるい分け（tools/triage_unknown_genes.py）: PubMed で 0 件（(""YNR075C-A""[tiab]) AND (yeast OR cerevisiae)）"
YOL099C,2026-10-04,,"機械のふるい分け（tools/triage_unknown_genes.py）: PubMed で 0 件（(""YOL099C""[tiab]) AND (yeast OR cerevisiae)）"
YOL155W-A,2026-10-04,,"機械のふるい分け（tools/triage_unknown_genes.py）: PubMed で 0 件（(""YOL155W-A""[tiab]) AND (yeast OR cerevisiae)）"
YOL164W-A,2026-10-04,,"機械のふるい分け（tools/triage_unknown_genes.py）: PubMed で 0 件（(""YOL164W-A""[tiab]) AND (yeast OR cerevisiae)）"
YOR041C,2026-10-04,,"機械のふるい分け（tools/triage_unknown_genes.py）: PubMed で 0 件（(""YOR041C""[tiab]) AND (yeast OR cerevisiae)）"
YOR055W,2026-10-04,,"機械のふるい分け（tools/triage_unknown_genes.py）: PubMed で 0 件（(""YOR055W""[tiab] OR ""YOR29-06""[tiab]) AND (yeast OR cerevisiae)）"
YOR200W,2026-10-04,,"機械のふるい分け（tools/triage_unknown_genes.py）: PubMed で 0 件（(""YOR200W""[tiab]) AND (yeast OR cerevisiae)）"
YOR225W,2026-10-04,,"機械のふるい分け（tools/triage_unknown_genes.py）: PubMed で 0 件（(""YOR225W""[tiab]) AND (yeast OR cerevisiae)）"
YOR238W,2026-10-04,,"機械のふるい分け（tools/triage_unknown_genes.py）: PubMed で 0 件（(""YOR238W""[tiab]) AND (yeast OR cerevisiae)）"
YOR263C,2026-10-04,,"機械のふるい分け（tools/triage_unknown_genes.py）: PubMed で 0 件（(""YOR263C""[tiab]) AND (yeast OR cerevisiae)）"
YOR309C,2026-10-04,,"機械のふるい分け（tools/triage_unknown_genes.py）: PubMed で 0 件（(""YOR309C""[tiab]) AND (yeast OR cerevisiae)）"
YOR325W,2026-10-04,,"機械のふるい分け（tools/triage_unknown_genes.py）: PubMed で 0 件（(""YOR325W""[tiab]) AND (yeast OR cerevisiae)）"
YOR331C,2026-10-04,,"機械のふるい分け（tools/triage_unknown_genes.py）: PubMed で 0 件（(""YOR331C""[tiab]) AND (yeast OR cerevisiae)）"
YPL039W,2026-10-04,,"機械のふるい分け（tools/triage_unknown_genes.py）: PubMed で 0 件（(""YPL039W""[tiab]) AND (yeast OR cerevisiae)）"
YPL044C,2026-10-04,,"機械のふるい分け（tools/triage_unknown_genes.py）: PubMed で 0 件（(""YPL044C""[tiab]) AND (yeast OR cerevisiae)）"
YPL073C,2026-10-04,,"機械のふるい分け（tools/triage_unknown_genes.py）: PubMed で 0 件（(""YPL073C""[tiab]) AND (yeast OR cerevisiae)）"
YPL114W,2026-10-04,,"機械のふるい分け（tools/triage_unknown_genes.py）: PubMed で 0 件（(""YPL114W""[tiab]) AND (yeast OR cerevisiae)）"
YPL136W,2026-10-04,,"機械のふるい分け（tools/triage_unknown_genes.py）: PubMed で 0 件（(""YPL136W""[tiab]) AND (yeast OR cerevisiae)）"
YPL185W,2026-10-04,,"機械のふるい分け（tools/triage_unknown_genes.py）: PubMed で 0 件（(""YPL185W""[tiab]) AND (yeast OR cerevisiae)）"
YPL238C,2026-10-04,,"機械のふるい分け（tools/triage_unknown_genes.py）: PubMed で 0 件（(""YPL238C""[tiab]) AND (yeast OR cerevisiae)）"
YPL264C,2026-10-04,,"機械のふるい分け（tools/triage_unknown_genes.py）: PubMed で 0 件（(""YPL264C""[tiab]) AND (yeast OR cerevisiae)）"
YPR012W,2026-10-04,,"機械のふるい分け（tools/triage_unknown_genes.py）: PubMed で 0 件（(""YPR012W""[tiab]) AND (yeast OR cerevisiae)）"
YPR050C,2026-10-04,,"機械のふるい分け（tools/triage_unknown_genes.py）: PubMed で 0 件（(""YPR050C""[tiab]) AND (yeast OR cerevisiae)）"
YPR092W,2026-10-04,,"機械のふるい分け（tools/triage_unknown_genes.py）: PubMed で 0 件（(""YPR092W""[tiab]) AND (yeast OR cerevisiae)）"
YPR177C,2026-10-04,,"機械のふるい分け（tools/triage_unknown_genes.py）: PubMed で 0 件（(""YPR177C""[tiab]) AND (yeast OR cerevisiae)）"
AIM41,2026-10-04,,"機械のふるい分け（tools/triage_unknown_genes.py）: PubMed で 0 件（(""AIM41""[tiab] OR ""YOR215C""[tiab]) AND (yeast OR cerevisiae)）"
DPA10,2026-10-04,,"機械のふるい分け（tools/triage_unknown_genes.py）: PubMed で 0 件（(""DPA10""[tiab] OR ""YLR307C-A""[tiab]) AND (yeast OR cerevisiae)）"
DPC13,2026-10-04,,"機械のふるい分け（tools/triage_unknown_genes.py）: PubMed で 0 件（(""DPC13""[tiab] OR ""YGL041W-A""[tiab]) AND (yeast OR cerevisiae)）"
DPC7,2026-10-04,,"機械のふるい分け（tools/triage_unknown_genes.py）: PubMed で 0 件（(""DPC7""[tiab] OR ""YKL065W-A""[tiab]) AND (yeast OR cerevisiae)）"
IRC11,2026-10-04,,"機械のふるい分け（tools/triage_unknown_genes.py）: PubMed で 0 件（(""IRC11""[tiab] OR ""YOR013W""[tiab]) AND (yeast OR cerevisiae)）"
LCL3,2026-10-04,,"機械のふるい分け（tools/triage_unknown_genes.py）: PubMed で 0 件（(""LCL3""[tiab] OR ""YGL085W""[tiab]) AND (yeast OR cerevisiae)）"
OPI7,2026-10-04,,"機械のふるい分け（tools/triage_unknown_genes.py）: PubMed で 0 件（(""OPI7""[tiab] OR ""YDR360W""[tiab]) AND (yeast OR cerevisiae)）"
OPI8,2026-10-04,,"機械のふるい分け（tools/triage_unknown_genes.py）: PubMed で 0 件（(""OPI8""[tiab] OR ""YKR035C""[tiab]) AND (yeast OR cerevisiae)）"
Q0144,2026-10-04,,"機械のふるい分け（tools/triage_unknown_genes.py）: PubMed で 0 件（(""Q0144""[tiab]) AND (yeast OR cerevisiae)）"
RBH1,2026-10-04,,"機械のふるい分け（tools/triage_unknown_genes.py）: PubMed で 0 件（(""RBH1""[tiab] OR ""YJL181W""[tiab]) AND (yeast OR cerevisiae)）"
RCI50,2026-10-04,,"機械のふるい分け（tools/triage_unknown_genes.py）: PubMed で 0 件（(""RCI50""[tiab] OR ""YKL133C""[tiab]) AND (yeast OR cerevisiae)）"
RRT16,2026-10-04,,"機械のふるい分け（tools/triage_unknown_genes.py）: PubMed で 0 件（(""RRT16""[tiab] OR ""YNL105W""[tiab]) AND (yeast OR cerevisiae)）"
VPS69,2026-10-04,,"機械のふるい分け（tools/triage_unknown_genes.py）: PubMed で 0 件（(""VPS69""[tiab] OR ""YPR087W""[tiab]) AND (yeast OR cerevisiae)）"
YAL016C-A,2026-10-04,,"機械のふるい分け（tools/triage_unknown_genes.py）: PubMed で 0 件（(""YAL016C-A""[tiab]) AND (yeast OR cerevisiae)）"
YAL016C-B,2026-10-04,,"機械のふるい分け（tools/triage_unknown_genes.py）: PubMed で 0 件（(""YAL016C-B""[tiab]) AND (yeast OR cerevisiae)）"
YAL019W-A,2026-10-04,,"機械のふるい分け（tools/triage_unknown_genes.py）: PubMed で 0 件（(""YAL019W-A""[tiab]) AND (yeast OR cerevisiae)）"
YAL026C-A,2026-10-04,,"機械のふるい分け（tools/triage_unknown_genes.py）: PubMed で 0 件（(""YAL026C-A""[tiab]) AND (yeast OR cerevisiae)）"
YAL031W-A,2026-10-04,,"機械のふるい分け（tools/triage_unknown_genes.py）: PubMed で 0 件（(""YAL031W-A""[tiab]) AND (yeast OR cerevisiae)）"
YAL034C-B,2026-10-04,,"機械のふるい分け（tools/triage_unknown_genes.py）: PubMed で 0 件（(""YAL034C-B""[tiab] OR ""YAL035C-A""[tiab]) AND (yeast OR cerevisiae)）"
YAL037C-B,2026-10-04,,"機械のふるい分け（tools/triage_unknown_genes.py）: PubMed で 0 件（(""YAL037C-B""[tiab]) AND (yeast OR cerevisiae)）"
YAL042C-A,2026-10-04,,"機械のふるい分け（tools/triage_unknown_genes.py）: PubMed で 0 件（(""YAL042C-A""[tiab] OR ""YAL043C-A""[tiab]) AND (yeast OR cerevisiae)）"
YAL047W-A,2026-10-04,,"機械のふるい分け（tools/triage_unknown_genes.py）: PubMed で 0 件（(""YAL047W-A""[tiab]) AND (yeast OR cerevisiae)）"
YAL056C-A,2026-10-04,,"機械のふるい分け（tools/triage_unknown_genes.py）: PubMed で 0 件（(""YAL056C-A""[tiab] OR ""YAL058C-A""[tiab]) AND (yeast OR cerevisiae)）"
YAL059C-A,2026-10-04,,"機械のふるい分け（tools/triage_unknown_genes.py）: PubMed で 0 件（(""YAL059C-A""[tiab]) AND (yeast OR cerevisiae)）"
YAL063C-A,2026-10-04,,"機械のふるい分け（tools/triage_unknown_genes.py）: PubMed で 0 件（(""YAL063C-A""[tiab]) AND (yeast OR cerevisiae)）"
YAL064W-B,2026-10-04,,"機械のふるい分け（tools/triage_unknown_genes.py）: PubMed で 0 件（(""YAL064W-B""[tiab]) AND (yeast OR cerevisiae)）"
YAL067W-A,2026-10-04,,"機械のふるい分け（tools/triage_unknown_genes.py）: PubMed で 0 件（(""YAL067W-A""[tiab]) AND (yeast OR cerevisiae)）"
YAL068W-A,2026-10-04,,"機械のふるい分け（tools/triage_unknown_genes.py）: PubMed で 0 件（(""YAL068W-A""[tiab]) AND (yeast OR cerevisiae)）"
YAL069W,2026-10-04,,"機械のふるい分け（tools/triage_unknown_genes.py）: PubMed で 0 件（(""YAL069W""[tiab]) AND (yeast OR cerevisiae)）"
YAR019W-A,2026-10-04,,"機械のふるい分け（tools/triage_unknown_genes.py）: PubMed で 0 件（(""YAR019W-A""[tiab]) AND (yeast OR cerevisiae)）"
YAR030C,2026-10-04,,"機械のふるい分け（tools/triage_unknown_genes.py）: PubMed で 0 件（(""YAR030C""[tiab]) AND (yeast OR cerevisiae)）"
YAR035C-A,2026-10-04,,"機械のふるい分け（tools/triage_unknown_genes.py）: PubMed で 0 件（(""YAR035C-A""[tiab]) AND (yeast OR cerevisiae)）"
YBL006W-A,2026-10-04,,"機械のふるい分け（tools/triage_unknown_genes.py）: PubMed で 0 件（(""YBL006W-A""[tiab]) AND (yeast OR cerevisiae)）"
YBL008W-A,2026-10-04,,"機械のふるい分け（tools/triage_unknown_genes.py）: PubMed で 0 件（(""YBL008W-A""[tiab]) AND (yeast OR cerevisiae)）"
YBL012C,2026-10-04,,"機械のふるい分け（tools/triage_unknown_genes.py）: PubMed で 0 件（(""YBL012C""[tiab]) AND (yeast OR cerevisiae)）"
YBL039C-A,2026-10-04,,"機械のふるい分け（tools/triage_unknown_genes.py）: PubMed で 0 件（(""YBL039C-A""[tiab]) AND (yeast OR cerevisiae)）"
YBL068W-A,2026-10-04,,"機械のふるい分け（tools/triage_unknown_genes.py）: PubMed で 0 件（(""YBL068W-A""[tiab]) AND (yeast OR cerevisiae)）"
YBL071C-B,2026-10-04,,"機械のふるい分け（tools/triage_unknown_genes.py）: PubMed で 0 件（(""YBL071C-B""[tiab]) AND (yeast OR cerevisiae)）"
YBL094C,2026-10-04,,"機械のふるい分け（tools/triage_unknown_genes.py）: PubMed で 0 件（(""YBL094C""[tiab]) AND (yeast OR cerevisiae)）"
YBL100W-C,2026-10-04,,"機械のふるい分け（tools/triage_unknown_genes.py）: PubMed で 0 件（(""YBL100W-C""[tiab] OR ""YBL101W-C""[tiab]) AND (yeast OR cerevisiae)）"
YBL113W-A,2026-10-04,,"機械のふるい分け（tools/triage_unknown_genes.py）: PubMed で 0 件（(""YBL113W-A""[tiab]) AND (yeast OR cerevisiae)）"
YBR027C,2026-10-04,,"機械のふるい分け（tools/triage_unknown_genes.py）: PubMed で 0 件（(""YBR027C""[tiab]) AND (yeast OR cerevisiae)）"
YBR056C-B,2026-10-04,,"機械のふるい分け（tools/triage_unknown_genes.py）: PubMed で 0 件（(""YBR056C-B""[tiab]) AND (yeast OR cerevisiae)）"
YBR076C-A,2026-10-04,,"機械のふるい分け（tools/triage_unknown_genes.py）: PubMed で 0 件（(""YBR076C-A""[tiab]) AND (yeast OR cerevisiae)）"
YBR103C-A,2026-10-04,,"機械のふるい分け（tools/triage_unknown_genes.py）: PubMed で 0 件（(""YBR103C-A""[tiab]) AND (yeast OR cerevisiae)）"
YBR109W-A,2026-10-04,,"機械のふるい分け（tools/triage_unknown_genes.py）: PubMed で 0 件（(""YBR109W-A""[tiab]) AND (yeast OR cerevisiae)）"
YBR121C-A,2026-10-04,,"機械のふるい分け（tools/triage_unknown_genes.py）: PubMed で 0 件（(""YBR121C-A""[tiab]) AND (yeast OR cerevisiae)）"
YBR126W-B,2026-10-04,,"機械のふるい分け（tools/triage_unknown_genes.py）: PubMed で 0 件（(""YBR126W-B""[tiab]) AND (yeast OR cerevisiae)）"
YBR131C-A,2026-10-04,,"機械のふるい分け（tools/triage_unknown_genes.py）: PubMed で 0 件（(""YBR131C-A""[tiab]) AND (yeast OR cerevisiae)）"
YBR141W-A,2026-10-04,,"機械のふるい分け（tools/triage_unknown_genes.py）: PubMed で 0 件（(""YBR141W-A""[tiab]) AND (yeast OR cerevisiae)）"
YBR191W-A,2026-10-04,,"機械のふるい分け（tools/triage_unknown_genes.py）: PubMed で 0 件（(""YBR191W-A""[tiab]) AND (yeast OR cerevisiae)）"
YBR200W-A,2026-10-04,,"機械のふるい分け（tools/triage_unknown_genes.py）: PubMed で 0 件（(""YBR200W-A""[tiab]) AND (yeast OR cerevisiae)）"
YBR221W-A,2026-10-04,,"機械のふるい分け（tools/triage_unknown_genes.py）: PubMed で 0 件（(""YBR221W-A""[tiab]) AND (yeast OR cerevisiae)）"
YBR223W-A,2026-10-04,,"機械のふるい分け（tools/triage_unknown_genes.py）: PubMed で 0 件（(""YBR223W-A""[tiab]) AND (yeast OR cerevisiae)）"
YBR232C,2026-10-04,,"機械のふるい分け（tools/triage_unknown_genes.py）: PubMed で 0 件（(""YBR232C""[tiab]) AND (yeast OR cerevisiae)）"
YCL001W-B,2026-10-04,,"機械のふるい分け（tools/triage_unknown_genes.py）: PubMed で 0 件（(""YCL001W-B""[tiab]) AND (yeast OR cerevisiae)）"
YCL022C,2026-10-04,,"機械のふるい分け（tools/triage_unknown_genes.py）: PubMed で 0 件（(""YCL022C""[tiab]) AND (yeast OR cerevisiae)）"
YCL048W-A,2026-10-04,,"機械のふるい分け（tools/triage_unknown_genes.py）: PubMed で 0 件（(""YCL048W-A""[tiab]) AND (yeast OR cerevisiae)）"
YCR038W-A,2026-10-04,,"機械のふるい分け（tools/triage_unknown_genes.py）: PubMed で 0 件（(""YCR038W-A""[tiab]) AND (yeast OR cerevisiae)）"
YCR045W-A,2026-10-04,,"機械のふるい分け（tools/triage_unknown_genes.py）: PubMed で 0 件（(""YCR045W-A""[tiab]) AND (yeast OR cerevisiae)）"
YCR047W-A,2026-10-04,,"機械のふるい分け（tools/triage_unknown_genes.py）: PubMed で 0 件（(""YCR047W-A""[tiab]) AND (yeast OR cerevisiae)）"
YCR081C-A,2026-10-04,,"機械のふるい分け（tools/triage_unknown_genes.py）: PubMed で 0 件（(""YCR081C-A""[tiab]) AND (yeast OR cerevisiae)）"
YDL011C,2026-10-04,,"機械のふるい分け（tools/triage_unknown_genes.py）: PubMed で 0 件（(""YDL011C""[tiab]) AND (yeast OR cerevisiae)）"
YDL016C,2026-10-04,,"機械のふるい分け（tools/triage_unknown_genes.py）: PubMed で 0 件（(""YDL016C""[tiab]) AND (yeast OR cerevisiae)）"
YDL022C-A,2026-10-04,,"機械のふるい分け（tools/triage_unknown_genes.py）: PubMed で 0 件（(""YDL022C-A""[tiab]) AND (yeast OR cerevisiae)）"
YDL025W-A,2026-10-04,,"機械のふるい分け（tools/triage_unknown_genes.py）: PubMed で 0 件（(""YDL025W-A""[tiab]) AND (yeast OR cerevisiae)）"
YDL086C-A,2026-10-04,,"機械のふるい分け（tools/triage_unknown_genes.py）: PubMed で 0 件（(""YDL086C-A""[tiab]) AND (yeast OR cerevisiae)）"
YDL114W-A,2026-10-04,,"機械のふるい分け（tools/triage_unknown_genes.py）: PubMed で 0 件（(""YDL114W-A""[tiab]) AND (yeast OR cerevisiae)）"
YDL158C,2026-10-04,,"機械のふるい分け（tools/triage_unknown_genes.py）: PubMed で 0 件（(""YDL158C""[tiab]) AND (yeast OR cerevisiae)）"
YDL159C-B,2026-10-04,,"機械のふるい分け（tools/triage_unknown_genes.py）: PubMed で 0 件（(""YDL159C-B""[tiab] OR ""YDL159C-A""[tiab]) AND (yeast OR cerevisiae)）"
YDL162C,2026-10-04,,"機械のふるい分け（tools/triage_unknown_genes.py）: PubMed で 0 件（(""YDL162C""[tiab]) AND (yeast OR cerevisiae)）"
YDL172C,2026-10-04,,"機械のふるい分け（tools/triage_unknown_genes.py）: PubMed で 0 件（(""YDL172C""[tiab]) AND (yeast OR cerevisiae)）"
YDL185C-A,2026-10-04,,"機械のふるい分け（tools/triage_unknown_genes.py）: PubMed で 0 件（(""YDL185C-A""[tiab]) AND (yeast OR cerevisiae)）"
YDL204W-A,2026-10-04,,"機械のふるい分け（tools/triage_unknown_genes.py）: PubMed で 0 件（(""YDL204W-A""[tiab]) AND (yeast OR cerevisiae)）"
YDL240C-A,2026-10-04,,"機械のふるい分け（tools/triage_unknown_genes.py）: PubMed で 0 件（(""YDL240C-A""[tiab]) AND (yeast OR cerevisiae)）"
YDL247W-A,2026-10-04,,"機械のふるい分け（tools/triage_unknown_genes.py）: PubMed で 0 件（(""YDL247W-A""[tiab]) AND (yeast OR cerevisiae)）"
YDR003W-A,2026-10-04,,"機械のふるい分け（tools/triage_unknown_genes.py）: PubMed で 0 件（(""YDR003W-A""[tiab]) AND (yeast OR cerevisiae)）"
YDR118W-A,2026-10-04,,"機械のふるい分け（tools/triage_unknown_genes.py）: PubMed で 0 件（(""YDR118W-A""[tiab]) AND (yeast OR cerevisiae)）"
YDR182W-A,2026-10-04,,"機械のふるい分け（tools/triage_unknown_genes.py）: PubMed で 0 件（(""YDR182W-A""[tiab]) AND (yeast OR cerevisiae)）"
YDR183C-A,2026-10-04,,"機械のふるい分け（tools/triage_unknown_genes.py）: PubMed で 0 件（(""YDR183C-A""[tiab]) AND (yeast OR cerevisiae)）"
YDR194W-A,2026-10-04,,"機械のふるい分け（tools/triage_unknown_genes.py）: PubMed で 0 件（(""YDR194W-A""[tiab]) AND (yeast OR cerevisiae)）"
YDR199W,2026-10-04,,"機械のふるい分け（tools/triage_unknown_genes.py）: PubMed で 0 件（(""YDR199W""[tiab]) AND (yeast OR cerevisiae)）"
YDR230W,2026-10-04,,"機械のふるい分け（tools/triage_unknown_genes.py）: PubMed で 0 件（(""YDR230W""[tiab]) AND (yeast OR cerevisiae)）"
YDR269C,2026-10-04,,"機械のふるい分け（tools/triage_unknown_genes.py）: PubMed で 0 件（(""YDR269C""[tiab]) AND (yeast OR cerevisiae)）"
YDR290W,2026-10-04,,"機械のふるい分け（tools/triage_unknown_genes.py）: PubMed で 0 件（(""YDR290W""[tiab]) AND (yeast OR cerevisiae)）"
YDR320W-B,2026-10-04,,"機械のふるい分け（tools/triage_unknown_genes.py）: PubMed で 0 件（(""YDR320W-B""[tiab]) AND (yeast OR cerevisiae)）"
YDR354C-A,2026-10-04,,"機械のふるい分け（tools/triage_unknown_genes.py）: PubMed で 0 件（(""YDR354C-A""[tiab]) AND (yeast OR cerevisiae)）"
YDR371C-A,2026-10-04,,"機械のふるい分け（tools/triage_unknown_genes.py）: PubMed で 0 件（(""YDR371C-A""[tiab]) AND (yeast OR cerevisiae)）"
YDR401W,2026-10-04,,"機械のふるい分け（tools/triage_unknown_genes.py）: PubMed で 0 件（(""YDR401W""[tiab]) AND (yeast OR cerevisiae)）"
YDR406W-A,2026-10-04,,"機械のふるい分け（tools/triage_unknown_genes.py）: PubMed で 0 件（(""YDR406W-A""[tiab] OR ""YDR406C-A""[tiab]) AND (yeast OR cerevisiae)）"
YDR431W,2026-10-04,,"機械のふるい分け（tools/triage_unknown_genes.py）: PubMed で 0 件（(""YDR431W""[tiab]) AND (yeast OR cerevisiae)）"
YDR464C-A,2026-10-04,,"機械のふるい分け（tools/triage_unknown_genes.py）: PubMed で 0 件（(""YDR464C-A""[tiab]) AND (yeast OR cerevisiae)）"
YDR510C-A,2026-10-04,,"機械のふるい分け（tools/triage_unknown_genes.py）: PubMed で 0 件（(""YDR510C-A""[tiab]) AND (yeast OR cerevisiae)）"
YDR524C-A,2026-10-04,,"機械のふるい分け（tools/triage_unknown_genes.py）: PubMed で 0 件（(""YDR524C-A""[tiab] OR ""YDR524C-C""[tiab]) AND (yeast OR cerevisiae)）"
YDR545C-A,2026-10-04,,"機械のふるい分け（tools/triage_unknown_genes.py）: PubMed で 0 件（(""YDR545C-A""[tiab]) AND (yeast OR cerevisiae)）"
YEL008C-A,2026-10-04,,"機械のふるい分け（tools/triage_unknown_genes.py）: PubMed で 0 件（(""YEL008C-A""[tiab]) AND (yeast OR cerevisiae)）"
YEL009C-A,2026-10-04,,"機械のふるい分け（tools/triage_unknown_genes.py）: PubMed で 0 件（(""YEL009C-A""[tiab]) AND (yeast OR cerevisiae)）"
YEL018C-A,2026-10-04,,"機械のふるい分け（tools/triage_unknown_genes.py）: PubMed で 0 件（(""YEL018C-A""[tiab]) AND (yeast OR cerevisiae)）"
YEL020C-B,2026-10-04,,"機械のふるい分け（tools/triage_unknown_genes.py）: PubMed で 0 件（(""YEL020C-B""[tiab]) AND (yeast OR cerevisiae)）"
YEL028W,2026-10-04,,"機械のふるい分け（tools/triage_unknown_genes.py）: PubMed で 0 件（(""YEL028W""[tiab]) AND (yeast OR cerevisiae)）"
YEL030C-A,2026-10-04,,"機械のふるい分け（tools/triage_unknown_genes.py）: PubMed で 0 件（(""YEL030C-A""[tiab]) AND (yeast OR cerevisiae)）"
YEL032C-A,2026-10-04,,"機械のふるい分け（tools/triage_unknown_genes.py）: PubMed で 0 件（(""YEL032C-A""[tiab]) AND (yeast OR cerevisiae)）"
YEL034C-A,2026-10-04,,"機械のふるい分け（tools/triage_unknown_genes.py）: PubMed で 0 件（(""YEL034C-A""[tiab]) AND (yeast OR cerevisiae)）"
YEL050W-A,2026-10-04,,"機械のふるい分け（tools/triage_unknown_genes.py）: PubMed で 0 件（(""YEL050W-A""[tiab]) AND (yeast OR cerevisiae)）"
YEL053W-A,2026-10-04,,"機械のふるい分け（tools/triage_unknown_genes.py）: PubMed で 0 件（(""YEL053W-A""[tiab]) AND (yeast OR cerevisiae)）"
YEL075W-A,2026-10-04,,"機械のふるい分け（tools/triage_unknown_genes.py）: PubMed で 0 件（(""YEL075W-A""[tiab] OR ""YEL076W-C""[tiab]) AND (yeast OR cerevisiae)）"
YEL077W-A,2026-10-04,,"機械のふるい分け（tools/triage_unknown_genes.py）: PubMed で 0 件（(""YEL077W-A""[tiab]) AND (yeast OR cerevisiae)）"
YER006C-A,2026-10-04,,"機械のふるい分け（tools/triage_unknown_genes.py）: PubMed で 0 件（(""YER006C-A""[tiab]) AND (yeast OR cerevisiae)）"
YER023C-A,2026-10-04,,"機械のふるい分け（tools/triage_unknown_genes.py）: PubMed で 0 件（(""YER023C-A""[tiab]) AND (yeast OR cerevisiae)）"
YER046W-A,2026-10-04,,"機械のふるい分け（tools/triage_unknown_genes.py）: PubMed で 0 件（(""YER046W-A""[tiab]) AND (yeast OR cerevisiae)）"
YER067C-A,2026-10-04,,"機械のふるい分け（tools/triage_unknown_genes.py）: PubMed で 0 件（(""YER067C-A""[tiab]) AND (yeast OR cerevisiae)）"
YER068C-A,2026-10-04,,"機械のふるい分け（tools/triage_unknown_genes.py）: PubMed で 0 件（(""YER068C-A""[tiab]) AND (yeast OR cerevisiae)）"
YER076W-A,2026-10-04,,"機械のふるい分け（tools/triage_unknown_genes.py）: PubMed で 0 件（(""YER076W-A""[tiab]) AND (yeast OR cerevisiae)）"
YER079C-A,2026-10-04,,"機械のふるい分け（tools/triage_unknown_genes.py）: PubMed で 0 件（(""YER079C-A""[tiab]) AND (yeast OR cerevisiae)）"
YER084W-A,2026-10-04,,"機械のふるい分け（tools/triage_unknown_genes.py）: PubMed で 0 件（(""YER084W-A""[tiab]) AND (yeast OR cerevisiae)）"
YER087C-A,2026-10-04,,"機械のふるい分け（tools/triage_unknown_genes.py）: PubMed で 0 件（(""YER087C-A""[tiab]) AND (yeast OR cerevisiae)）"
YER088C-A,2026-10-04,,"機械のふるい分け（tools/triage_unknown_genes.py）: PubMed で 0 件（(""YER088C-A""[tiab]) AND (yeast OR cerevisiae)）"
YER088W-B,2026-10-04,,"機械のふるい分け（tools/triage_unknown_genes.py）: PubMed で 0 件（(""YER088W-B""[tiab]) AND (yeast OR cerevisiae)）"
YER090C-A,2026-10-04,,"機械のふるい分け（tools/triage_unknown_genes.py）: PubMed で 0 件（(""YER090C-A""[tiab]) AND (yeast OR cerevisiae)）"
YER107W-A,2026-10-04,,"機械のふるい分け（tools/triage_unknown_genes.py）: PubMed で 0 件（(""YER107W-A""[tiab]) AND (yeast OR cerevisiae)）"
YER133W-A,2026-10-04,,"機械のふるい分け（tools/triage_unknown_genes.py）: PubMed で 0 件（(""YER133W-A""[tiab]) AND (yeast OR cerevisiae)）"
YER137W-A,2026-10-04,,"機械のふるい分け（tools/triage_unknown_genes.py）: PubMed で 0 件（(""YER137W-A""[tiab]) AND (yeast OR cerevisiae)）"
YER147C-A,2026-10-04,,"機械のふるい分け（tools/triage_unknown_genes.py）: PubMed で 0 件（(""YER147C-A""[tiab]) AND (yeast OR cerevisiae)）"
YER148W-A,2026-10-04,,"機械のふるい分け（tools/triage_unknown_genes.py）: PubMed で 0 件（(""YER148W-A""[tiab]) AND (yeast OR cerevisiae)）"
YER152W-A,2026-10-04,,"機械のふるい分け（tools/triage_unknown_genes.py）: PubMed で 0 件（(""YER152W-A""[tiab]) AND (yeast OR cerevisiae)）"
YER158W-A,2026-10-04,,"機械のふるい分け（tools/triage_unknown_genes.py）: PubMed で 0 件（(""YER158W-A""[tiab]) AND (yeast OR cerevisiae)）"
YER165C-A,2026-10-04,,"機械のふるい分け（tools/triage_unknown_genes.py）: PubMed で 0 件（(""YER165C-A""[tiab]) AND (yeast OR cerevisiae)）"
YER172C-A,2026-10-04,,"機械のふるい分け（tools/triage_unknown_genes.py）: PubMed で 0 件（(""YER172C-A""[tiab]) AND (yeast OR cerevisiae)）"
YER190C-A,2026-10-04,,"機械のふるい分け（tools/triage_unknown_genes.py）: PubMed で 0 件（(""YER190C-A""[tiab]) AND (yeast OR cerevisiae)）"
YFL012W-A,2026-10-04,,"機械のふるい分け（tools/triage_unknown_genes.py）: PubMed で 0 件（(""YFL012W-A""[tiab] OR ""YFL013W-A""[tiab]) AND (yeast OR cerevisiae)）"
YFL013W-A,2026-10-04,,"機械のふるい分け（tools/triage_unknown_genes.py）: PubMed で 0 件（(""YFL013W-A""[tiab]) AND (yeast OR cerevisiae)）"
YFL015W-A,2026-10-04,,"機械のふるい分け（tools/triage_unknown_genes.py）: PubMed で 0 件（(""YFL015W-A""[tiab]) AND (yeast OR cerevisiae)）"
YFL021C-A,2026-10-04,,"機械のふるい分け（tools/triage_unknown_genes.py）: PubMed で 0 件（(""YFL021C-A""[tiab]) AND (yeast OR cerevisiae)）"
YFL031C-A,2026-10-04,,"機械のふるい分け（tools/triage_unknown_genes.py）: PubMed で 0 件（(""YFL031C-A""[tiab] OR ""YFL030C-A""[tiab]) AND (yeast OR cerevisiae)）"
YFL041W-A,2026-10-04,,"機械のふるい分け（tools/triage_unknown_genes.py）: PubMed で 0 件（(""YFL041W-A""[tiab]) AND (yeast OR cerevisiae)）"
YFL068W,2026-10-04,,"機械のふるい分け（tools/triage_unknown_genes.py）: PubMed で 0 件（(""YFL068W""[tiab]) AND (yeast OR cerevisiae)）"
YFR009W-A,2026-10-04,,"機械のふるい分け（tools/triage_unknown_genes.py）: PubMed で 0 件（(""YFR009W-A""[tiab]) AND (yeast OR cerevisiae)）"
YFR010W-A,2026-10-04,,"機械のふるい分け（tools/triage_unknown_genes.py）: PubMed で 0 件（(""YFR010W-A""[tiab]) AND (yeast OR cerevisiae)）"
YFR012W-A,2026-10-04,,"機械のふるい分け（tools/triage_unknown_genes.py）: PubMed で 0 件（(""YFR012W-A""[tiab]) AND (yeast OR cerevisiae)）"
YFR034W-A,2026-10-04,,"機械のふるい分け（tools/triage_unknown_genes.py）: PubMed で 0 件（(""YFR034W-A""[tiab]) AND (yeast OR cerevisiae)）"
YFR035W-A,2026-10-04,,"機械のふるい分け（tools/triage_unknown_genes.py）: PubMed で 0 件（(""YFR035W-A""[tiab]) AND (yeast OR cerevisiae)）"
YFR036W-A,2026-10-04,,"機械のふるい分け（tools/triage_unknown_genes.py）: PubMed で 0 件（(""YFR036W-A""[tiab]) AND (yeast OR cerevisiae)）"
YFR052C-A,2026-10-04,,"機械のふるい分け（tools/triage_unknown_genes.py）: PubMed で 0 件（(""YFR052C-A""[tiab]) AND (yeast OR cerevisiae)）"
YGL014C-A,2026-10-04,,"機械のふるい分け（tools/triage_unknown_genes.py）: PubMed で 0 件（(""YGL014C-A""[tiab]) AND (yeast OR cerevisiae)）"
YGL041C-B,2026-10-04,,"機械のふるい分け（tools/triage_unknown_genes.py）: PubMed で 0 件（(""YGL041C-B""[tiab]) AND (yeast OR cerevisiae)）"
YGL042C,2026-10-04,,"機械のふるい分け（tools/triage_unknown_genes.py）: PubMed で 0 件（(""YGL042C""[tiab]) AND (yeast OR cerevisiae)）"
YGL063C-A,2026-10-04,,"機械のふるい分け（tools/triage_unknown_genes.py）: PubMed で 0 件（(""YGL063C-A""[tiab]) AND (yeast OR cerevisiae)）"
YGL109W,2026-10-04,,"機械のふるい分け（tools/triage_unknown_genes.py）: PubMed で 0 件（(""YGL109W""[tiab]) AND (yeast OR cerevisiae)）"
YGL123C-A,2026-10-04,,"機械のふるい分け（tools/triage_unknown_genes.py）: PubMed で 0 件（(""YGL123C-A""[tiab]) AND (yeast OR cerevisiae)）"
YGL132W,2026-10-04,,"機械のふるい分け（tools/triage_unknown_genes.py）: PubMed で 0 件（(""YGL132W""[tiab]) AND (yeast OR cerevisiae)）"
YGL165C,2026-10-04,,"機械のふるい分け（tools/triage_unknown_genes.py）: PubMed で 0 件（(""YGL165C""[tiab]) AND (yeast OR cerevisiae)）"
YGL204C,2026-10-04,,"機械のふるい分け（tools/triage_unknown_genes.py）: PubMed で 0 件（(""YGL204C""[tiab]) AND (yeast OR cerevisiae)）"
YGL239C,2026-10-04,,"機械のふるい分け（tools/triage_unknown_genes.py）: PubMed で 0 件（(""YGL239C""[tiab]) AND (yeast OR cerevisiae)）"
YGR022C,2026-10-04,,"機械のふるい分け（tools/triage_unknown_genes.py）: PubMed で 0 件（(""YGR022C""[tiab]) AND (yeast OR cerevisiae)）"
YGR068W-A,2026-10-04,,"機械のふるい分け（tools/triage_unknown_genes.py）: PubMed で 0 件（(""YGR068W-A""[tiab]) AND (yeast OR cerevisiae)）"
YGR114C,2026-10-04,,"機械のふるい分け（tools/triage_unknown_genes.py）: PubMed で 0 件（(""YGR114C""[tiab]) AND (yeast OR cerevisiae)）"
YGR115C,2026-10-04,,"機械のふるい分け（tools/triage_unknown_genes.py）: PubMed で 0 件（(""YGR115C""[tiab]) AND (yeast OR cerevisiae)）"
YGR204C-A,2026-10-04,,"機械のふるい分け（tools/triage_unknown_genes.py）: PubMed で 0 件（(""YGR204C-A""[tiab]) AND (yeast OR cerevisiae)）"
YGR219W,2026-10-04,,"機械のふるい分け（tools/triage_unknown_genes.py）: PubMed で 0 件（(""YGR219W""[tiab]) AND (yeast OR cerevisiae)）"
YGR228W,2026-10-04,,"機械のふるい分け（tools/triage_unknown_genes.py）: PubMed で 0 件（(""YGR228W""[tiab]) AND (yeast OR cerevisiae)）"
YGR270C-A,2026-10-04,,"機械のふるい分け（tools/triage_unknown_genes.py）: PubMed で 0 件（(""YGR270C-A""[tiab]) AND (yeast OR cerevisiae)）"
YGR290W,2026-10-04,,"機械のふるい分け（tools/triage_unknown_genes.py）: PubMed で 0 件（(""YGR290W""[tiab]) AND (yeast OR cerevisiae)）"
YGR293C,2026-10-04,,"機械のふるい分け（tools/triage_unknown_genes.py）: PubMed で 0 件（(""YGR293C""[tiab]) AND (yeast OR cerevisiae)）"
YGR296C-A,2026-10-04,,"機械のふるい分け（tools/triage_unknown_genes.py）: PubMed で 0 件（(""YGR296C-A""[tiab]) AND (yeast OR cerevisiae)）"
YGR296C-B,2026-10-04,,"機械のふるい分け（tools/triage_unknown_genes.py）: PubMed で 0 件（(""YGR296C-B""[tiab]) AND (yeast OR cerevisiae)）"
YHL002C-A,2026-10-04,,"機械のふるい分け（tools/triage_unknown_genes.py）: PubMed で 0 件（(""YHL002C-A""[tiab]) AND (yeast OR cerevisiae)）"
YHL006W-A,2026-10-04,,"機械のふるい分け（tools/triage_unknown_genes.py）: PubMed で 0 件（(""YHL006W-A""[tiab]) AND (yeast OR cerevisiae)）"
YHL019W-A,2026-10-04,,"機械のふるい分け（tools/triage_unknown_genes.py）: PubMed で 0 件（(""YHL019W-A""[tiab]) AND (yeast OR cerevisiae)）"
YHL030W-A,2026-10-04,,"機械のふるい分け（tools/triage_unknown_genes.py）: PubMed で 0 件（(""YHL030W-A""[tiab]) AND (yeast OR cerevisiae)）"
YHL034W-A,2026-10-04,,"機械のふるい分け（tools/triage_unknown_genes.py）: PubMed で 0 件（(""YHL034W-A""[tiab]) AND (yeast OR cerevisiae)）"
YHL050W-A,2026-10-04,,"機械のふるい分け（tools/triage_unknown_genes.py）: PubMed で 0 件（(""YHL050W-A""[tiab]) AND (yeast OR cerevisiae)）"
YHR028W-A,2026-10-04,,"機械のふるい分け（tools/triage_unknown_genes.py）: PubMed で 0 件（(""YHR028W-A""[tiab]) AND (yeast OR cerevisiae)）"
YHR032C-A,2026-10-04,,"機械のふるい分け（tools/triage_unknown_genes.py）: PubMed で 0 件（(""YHR032C-A""[tiab]) AND (yeast OR cerevisiae)）"
YHR032W-A,2026-10-04,,"機械のふるい分け（tools/triage_unknown_genes.py）: PubMed で 0 件（(""YHR032W-A""[tiab]) AND (yeast OR cerevisiae)）"
YHR052W-A,2026-10-04,,"機械のふるい分け（tools/triage_unknown_genes.py）: PubMed で 0 件（(""YHR052W-A""[tiab]) AND (yeast OR cerevisiae)）"
YHR054W-A,2026-10-04,,"機械のふるい分け（tools/triage_unknown_genes.py）: PubMed で 0 件（(""YHR054W-A""[tiab]) AND (yeast OR cerevisiae)）"
YHR056W-A,2026-10-04,,"機械のふるい分け（tools/triage_unknown_genes.py）: PubMed で 0 件（(""YHR056W-A""[tiab]) AND (yeast OR cerevisiae)）"
YHR063W-A,2026-10-04,,"機械のふるい分け（tools/triage_unknown_genes.py）: PubMed で 0 件（(""YHR063W-A""[tiab]) AND (yeast OR cerevisiae)）"
YHR069C-A,2026-10-04,,"機械のふるい分け（tools/triage_unknown_genes.py）: PubMed で 0 件（(""YHR069C-A""[tiab]) AND (yeast OR cerevisiae)）"
YHR070C-A,2026-10-04,,"機械のふるい分け（tools/triage_unknown_genes.py）: PubMed で 0 件（(""YHR070C-A""[tiab]) AND (yeast OR cerevisiae)）"
YHR071C-A,2026-10-04,,"機械のふるい分け（tools/triage_unknown_genes.py）: PubMed で 0 件（(""YHR071C-A""[tiab]) AND (yeast OR cerevisiae)）"
YHR073C-B,2026-10-04,,"機械のふるい分け（tools/triage_unknown_genes.py）: PubMed で 0 件（(""YHR073C-B""[tiab]) AND (yeast OR cerevisiae)）"
YHR073W-A,2026-10-04,,"機械のふるい分け（tools/triage_unknown_genes.py）: PubMed で 0 件（(""YHR073W-A""[tiab]) AND (yeast OR cerevisiae)）"
YHR086W-A,2026-10-04,,"機械のふるい分け（tools/triage_unknown_genes.py）: PubMed で 0 件（(""YHR086W-A""[tiab]) AND (yeast OR cerevisiae)）"
YHR131W-A,2026-10-04,,"機械のふるい分け（tools/triage_unknown_genes.py）: PubMed で 0 件（(""YHR131W-A""[tiab]) AND (yeast OR cerevisiae)）"
YHR137C-A,2026-10-04,,"機械のふるい分け（tools/triage_unknown_genes.py）: PubMed で 0 件（(""YHR137C-A""[tiab]) AND (yeast OR cerevisiae)）"
YHR165W-A,2026-10-04,,"機械のふるい分け（tools/triage_unknown_genes.py）: PubMed で 0 件（(""YHR165W-A""[tiab]) AND (yeast OR cerevisiae)）"
YHR175W-A,2026-10-04,,"機械のふるい分け（tools/triage_unknown_genes.py）: PubMed で 0 件（(""YHR175W-A""[tiab]) AND (yeast OR cerevisiae)）"
YHR180C-B,2026-10-04,,"機械のふるい分け（tools/triage_unknown_genes.py）: PubMed で 0 件（(""YHR180C-B""[tiab]) AND (yeast OR cerevisiae)）"
YHR180W-A,2026-10-04,,"機械のふるい分け（tools/triage_unknown_genes.py）: PubMed で 0 件（(""YHR180W-A""[tiab]) AND (yeast OR cerevisiae)）"
YHR182C-A,2026-10-04,,"機械のふるい分け（tools/triage_unknown_genes.py）: PubMed で 0 件（(""YHR182C-A""[tiab]) AND (yeast OR cerevisiae)）"
YHR193C-A,2026-10-04,,"機械のふるい分け（tools/triage_unknown_genes.py）: PubMed で 0 件（(""YHR193C-A""[tiab]) AND (yeast OR cerevisiae)）"
YHR218W-A,2026-10-04,,"機械のふるい分け（tools/triage_unknown_genes.py）: PubMed で 0 件（(""YHR218W-A""[tiab]) AND (yeast OR cerevisiae)）"
YHR219C-A,2026-10-04,,"機械のふるい分け（tools/triage_unknown_genes.py）: PubMed で 0 件（(""YHR219C-A""[tiab]) AND (yeast OR cerevisiae)）"
YIL020C-A,2026-10-04,,"機械のふるい分け（tools/triage_unknown_genes.py）: PubMed で 0 件（(""YIL020C-A""[tiab]) AND (yeast OR cerevisiae)）"
YIL021C-A,2026-10-04,,"機械のふるい分け（tools/triage_unknown_genes.py）: PubMed で 0 件（(""YIL021C-A""[tiab]) AND (yeast OR cerevisiae)）"
YIL029W-A,2026-10-04,,"機械のふるい分け（tools/triage_unknown_genes.py）: PubMed で 0 件（(""YIL029W-A""[tiab]) AND (yeast OR cerevisiae)）"
YIL030W-A,2026-10-04,,"機械のふるい分け（tools/triage_unknown_genes.py）: PubMed で 0 件（(""YIL030W-A""[tiab]) AND (yeast OR cerevisiae)）"
YIL047C-A,2026-10-04,,"機械のふるい分け（tools/triage_unknown_genes.py）: PubMed で 0 件（(""YIL047C-A""[tiab]) AND (yeast OR cerevisiae)）"
YIL058W,2026-10-04,,"機械のふるい分け（tools/triage_unknown_genes.py）: PubMed で 0 件（(""YIL058W""[tiab]) AND (yeast OR cerevisiae)）"
YIL066W-A,2026-10-04,,"機械のふるい分け（tools/triage_unknown_genes.py）: PubMed で 0 件（(""YIL066W-A""[tiab]) AND (yeast OR cerevisiae)）"
YIL068W-A,2026-10-04,,"機械のふるい分け（tools/triage_unknown_genes.py）: PubMed で 0 件（(""YIL068W-A""[tiab]) AND (yeast OR cerevisiae)）"
YIL071W-A,2026-10-04,,"機械のふるい分け（tools/triage_unknown_genes.py）: PubMed で 0 件（(""YIL071W-A""[tiab]) AND (yeast OR cerevisiae)）"
YIL086C,2026-10-04,,"機械のふるい分け（tools/triage_unknown_genes.py）: PubMed で 0 件（(""YIL086C""[tiab]) AND (yeast OR cerevisiae)）"
YIL100C-A,2026-10-04,,"機械のふるい分け（tools/triage_unknown_genes.py）: PubMed で 0 件（(""YIL100C-A""[tiab]) AND (yeast OR cerevisiae)）"
YIL105W-A,2026-10-04,,"機械のふるい分け（tools/triage_unknown_genes.py）: PubMed で 0 件（(""YIL105W-A""[tiab]) AND (yeast OR cerevisiae)）"
YIL115W-A,2026-10-04,,"機械のふるい分け（tools/triage_unknown_genes.py）: PubMed で 0 件（(""YIL115W-A""[tiab]) AND (yeast OR cerevisiae)）"
YIL134C-A,2026-10-04,,"機械のふるい分け（tools/triage_unknown_genes.py）: PubMed で 0 件（(""YIL134C-A""[tiab]) AND (yeast OR cerevisiae)）"
YIL142C-A,2026-10-04,,"機械のふるい分け（tools/triage_unknown_genes.py）: PubMed で 0 件（(""YIL142C-A""[tiab]) AND (yeast OR cerevisiae)）"
YIL156W-A,2026-10-04,,"機械のふるい分け（tools/triage_unknown_genes.py）: PubMed で 0 件（(""YIL156W-A""[tiab]) AND (yeast OR cerevisiae)）"
YIL171W-A,2026-10-04,,"機械のふるい分け（tools/triage_unknown_genes.py）: PubMed で 0 件（(""YIL171W-A""[tiab]) AND (yeast OR cerevisiae)）"
YIL177W-A,2026-10-04,,"機械のふるい分け（tools/triage_unknown_genes.py）: PubMed で 0 件（(""YIL177W-A""[tiab]) AND (yeast OR cerevisiae)）"
YIR017W-A,2026-10-04,,"機械のふるい分け（tools/triage_unknown_genes.py）: PubMed で 0 件（(""YIR017W-A""[tiab]) AND (yeast OR cerevisiae)）"
YIR020C-B,2026-10-04,,"機械のふるい分け（tools/triage_unknown_genes.py）: PubMed で 0 件（(""YIR020C-B""[tiab]) AND (yeast OR cerevisiae)）"
YIR021W-A,2026-10-04,,"機械のふるい分け（tools/triage_unknown_genes.py）: PubMed で 0 件（(""YIR021W-A""[tiab]) AND (yeast OR cerevisiae)）"
YIR023C-A,2026-10-04,,"機械のふるい分け（tools/triage_unknown_genes.py）: PubMed で 0 件（(""YIR023C-A""[tiab]) AND (yeast OR cerevisiae)）"
YIR030W-A,2026-10-04,,"機械のふるい分け（tools/triage_unknown_genes.py）: PubMed で 0 件（(""YIR030W-A""[tiab]) AND (yeast OR cerevisiae)）"
YIR036W-A,2026-10-04,,"機械のふるい分け（tools/triage_unknown_genes.py）: PubMed で 0 件（(""YIR036W-A""[tiab]) AND (yeast OR cerevisiae)）"
YJL009W,2026-10-04,,"機械のふるい分け（tools/triage_unknown_genes.py）: PubMed で 0 件（(""YJL009W""[tiab]) AND (yeast OR cerevisiae)）"
YJL015C,2026-10-04,,"機械のふるい分け（tools/triage_unknown_genes.py）: PubMed で 0 件（(""YJL015C""[tiab]) AND (yeast OR cerevisiae)）"
YJL020W-A,2026-10-04,,"機械のふるい分け（tools/triage_unknown_genes.py）: PubMed で 0 件（(""YJL020W-A""[tiab]) AND (yeast OR cerevisiae)）"
YJL026C-A,2026-10-04,,"機械のふるい分け（tools/triage_unknown_genes.py）: PubMed で 0 件（(""YJL026C-A""[tiab]) AND (yeast OR cerevisiae)）"
YJL032W,2026-10-04,,"機械のふるい分け（tools/triage_unknown_genes.py）: PubMed で 0 件（(""YJL032W""[tiab]) AND (yeast OR cerevisiae)）"
YJL127W-A,2026-10-04,,"機械のふるい分け（tools/triage_unknown_genes.py）: PubMed で 0 件（(""YJL127W-A""[tiab] OR ""YJL127W-B""[tiab]) AND (yeast OR cerevisiae)）"
YJL156W-A,2026-10-04,,"機械のふるい分け（tools/triage_unknown_genes.py）: PubMed で 0 件（(""YJL156W-A""[tiab]) AND (yeast OR cerevisiae)）"
YJL182C,2026-10-04,,"機械のふるい分け（tools/triage_unknown_genes.py）: PubMed で 0 件（(""YJL182C""[tiab]) AND (yeast OR cerevisiae)）"
YJL197C-A,2026-10-04,,"機械のふるい分け（tools/triage_unknown_genes.py）: PubMed で 0 件（(""YJL197C-A""[tiab]) AND (yeast OR cerevisiae)）"
YJL222W-A,2026-10-04,,"機械のふるい分け（tools/triage_unknown_genes.py）: PubMed で 0 件（(""YJL222W-A""[tiab]) AND (yeast OR cerevisiae)）"
YJL222W-B,2026-10-04,,"機械のふるい分け（tools/triage_unknown_genes.py）: PubMed で 0 件（(""YJL222W-B""[tiab]) AND (yeast OR cerevisiae)）"
YJL225W-A,2026-10-04,,"機械のふるい分け（tools/triage_unknown_genes.py）: PubMed で 0 件（(""YJL225W-A""[tiab]) AND (yeast OR cerevisiae)）"
YJR037W,2026-10-04,,"機械のふるい分け（tools/triage_unknown_genes.py）: PubMed で 0 件（(""YJR037W""[tiab]) AND (yeast OR cerevisiae)）"
YJR038C,2026-10-04,,"機械のふるい分け（tools/triage_unknown_genes.py）: PubMed で 0 件（(""YJR038C""[tiab]) AND (yeast OR cerevisiae)）"
YJR140W-A,2026-10-04,,"機械のふるい分け（tools/triage_unknown_genes.py）: PubMed で 0 件（(""YJR140W-A""[tiab]) AND (yeast OR cerevisiae)）"
YKL100W-A,2026-10-04,,"機械のふるい分け（tools/triage_unknown_genes.py）: PubMed で 0 件（(""YKL100W-A""[tiab]) AND (yeast OR cerevisiae)）"
YKL106C-A,2026-10-04,,"機械のふるい分け（tools/triage_unknown_genes.py）: PubMed で 0 件（(""YKL106C-A""[tiab]) AND (yeast OR cerevisiae)）"
YKL115C,2026-10-04,,"機械のふるい分け（tools/triage_unknown_genes.py）: PubMed で 0 件（(""YKL115C""[tiab]) AND (yeast OR cerevisiae)）"
YKL145W-A,2026-10-04,,"機械のふるい分け（tools/triage_unknown_genes.py）: PubMed で 0 件（(""YKL145W-A""[tiab]) AND (yeast OR cerevisiae)）"
YKL156C-A,2026-10-04,,"機械のふるい分け（tools/triage_unknown_genes.py）: PubMed で 0 件（(""YKL156C-A""[tiab]) AND (yeast OR cerevisiae)）"
YKL165C-A,2026-10-04,,"機械のふるい分け（tools/triage_unknown_genes.py）: PubMed で 0 件（(""YKL165C-A""[tiab]) AND (yeast OR cerevisiae)）"
YKR075W-A,2026-10-04,,"機械のふるい分け（tools/triage_unknown_genes.py）: PubMed で 0 件（(""YKR075W-A""[tiab]) AND (yeast OR cerevisiae)）"
YLL006W-A,2026-10-04,,"機械のふるい分け（tools/triage_unknown_genes.py）: PubMed で 0 件（(""YLL006W-A""[tiab]) AND (yeast OR cerevisiae)）"
YLL019W-A,2026-10-04,,"機械のふるい分け（tools/triage_unknown_genes.py）: PubMed で 0 件（(""YLL019W-A""[tiab]) AND (yeast OR cerevisiae)）"
YLL047W,2026-10-04,,"機械のふるい分け（tools/triage_unknown_genes.py）: PubMed で 0 件（(""YLL047W""[tiab]) AND (yeast OR cerevisiae)）"
YLL066W-A,2026-10-04,,"機械のふるい分け（tools/triage_unknown_genes.py）: PubMed で 0 件（(""YLL066W-A""[tiab]) AND (yeast OR cerevisiae)）"
YLL067W-A,2026-10-04,,"機械のふるい分け（tools/triage_unknown_genes.py）: PubMed で 0 件（(""YLL067W-A""[tiab]) AND (yeast OR cerevisiae)）"
YLR041W,2026-10-04,,"機械のふるい分け（tools/triage_unknown_genes.py）: PubMed で 0 件（(""YLR041W""[tiab]) AND (yeast OR cerevisiae)）"
YLR120W-A,2026-10-04,,"機械のふるい分け（tools/triage_unknown_genes.py）: PubMed で 0 件（(""YLR120W-A""[tiab]) AND (yeast OR cerevisiae)）"
YLR146W-A,2026-10-04,,"機械のふるい分け（tools/triage_unknown_genes.py）: PubMed で 0 件（(""YLR146W-A""[tiab]) AND (yeast OR cerevisiae)）"
YLR149C-A,2026-10-04,,"機械のふるい分け（tools/triage_unknown_genes.py）: PubMed で 0 件（(""YLR149C-A""[tiab]) AND (yeast OR cerevisiae)）"
YLR154C-H,2026-10-04,,"機械のふるい分け（tools/triage_unknown_genes.py）: PubMed で 0 件（(""YLR154C-H""[tiab]) AND (yeast OR cerevisiae)）"
YLR154W-A,2026-10-04,,"機械のふるい分け（tools/triage_unknown_genes.py）: PubMed で 0 件（(""YLR154W-A""[tiab] OR ""YLR154W-C""[tiab]) AND (yeast OR cerevisiae)）"
YLR154W-B,2026-10-04,,"機械のふるい分け（tools/triage_unknown_genes.py）: PubMed で 0 件（(""YLR154W-B""[tiab]) AND (yeast OR cerevisiae)）"
YLR154W-E,2026-10-04,,"機械のふるい分け（tools/triage_unknown_genes.py）: PubMed で 0 件（(""YLR154W-E""[tiab]) AND (yeast OR cerevisiae)）"
YLR154W-F,2026-10-04,,"機械のふるい分け（tools/triage_unknown_genes.py）: PubMed で 0 件（(""YLR154W-F""[tiab]) AND (yeast OR cerevisiae)）"
YLR157C-C,2026-10-04,,"機械のふるい分け（tools/triage_unknown_genes.py）: PubMed で 0 件（(""YLR157C-C""[tiab]) AND (yeast OR cerevisiae)）"
YLR157W-D,2026-10-04,,"機械のふるい分け（tools/triage_unknown_genes.py）: PubMed で 0 件（(""YLR157W-D""[tiab] OR ""YLR157W-A""[tiab]) AND (yeast OR cerevisiae)）"
YLR163W-A,2026-10-04,,"機械のふるい分け（tools/triage_unknown_genes.py）: PubMed で 0 件（(""YLR163W-A""[tiab]) AND (yeast OR cerevisiae)）"
YLR198C,2026-10-04,,"機械のふるい分け（tools/triage_unknown_genes.py）: PubMed で 0 件（(""YLR198C""[tiab]) AND (yeast OR cerevisiae)）"
YLR202C,2026-10-04,,"機械のふるい分け（tools/triage_unknown_genes.py）: PubMed で 0 件（(""YLR202C""[tiab]) AND (yeast OR cerevisiae)）"
YLR222C-A,2026-10-04,,"機械のふるい分け（tools/triage_unknown_genes.py）: PubMed で 0 件（(""YLR222C-A""[tiab]) AND (yeast OR cerevisiae)）"
YLR232W,2026-10-04,,"機械のふるい分け（tools/triage_unknown_genes.py）: PubMed で 0 件（(""YLR232W""[tiab]) AND (yeast OR cerevisiae)）"
YLR269C,2026-10-04,,"機械のふるい分け（tools/triage_unknown_genes.py）: PubMed で 0 件（(""YLR269C""[tiab]) AND (yeast OR cerevisiae)）"
YLR282C,2026-10-04,,"機械のふるい分け（tools/triage_unknown_genes.py）: PubMed で 0 件（(""YLR282C""[tiab]) AND (yeast OR cerevisiae)）"
YLR286W-A,2026-10-04,,"機械のふるい分け（tools/triage_unknown_genes.py）: PubMed で 0 件（(""YLR286W-A""[tiab]) AND (yeast OR cerevisiae)）"
YLR299C-A,2026-10-04,,"機械のふるい分け（tools/triage_unknown_genes.py）: PubMed で 0 件（(""YLR299C-A""[tiab]) AND (yeast OR cerevisiae)）"
YLR342W-A,2026-10-04,,"機械のふるい分け（tools/triage_unknown_genes.py）: PubMed で 0 件（(""YLR342W-A""[tiab]) AND (yeast OR cerevisiae)）"
YLR347W-A,2026-10-04,,"機械のふるい分け（tools/triage_unknown_genes.py）: PubMed で 0 件（(""YLR347W-A""[tiab]) AND (yeast OR cerevisiae)）"
YLR363W-A,2026-10-04,,"機械のふるい分け（tools/triage_unknown_genes.py）: PubMed で 0 件（(""YLR363W-A""[tiab]) AND (yeast OR cerevisiae)）"
YLR364C-A,2026-10-04,,"機械のふるい分け（tools/triage_unknown_genes.py）: PubMed で 0 件（(""YLR364C-A""[tiab]) AND (yeast OR cerevisiae)）"
YLR399W-A,2026-10-04,,"機械のふるい分け（tools/triage_unknown_genes.py）: PubMed で 0 件（(""YLR399W-A""[tiab]) AND (yeast OR cerevisiae)）"
YLR434C,2026-10-04,,"機械のふるい分け（tools/triage_unknown_genes.py）: PubMed で 0 件（(""YLR434C""[tiab]) AND (yeast OR cerevisiae)）"
YLR437C-A,2026-10-04,,"機械のふるい分け（tools/triage_unknown_genes.py）: PubMed で 0 件（(""YLR437C-A""[tiab]) AND (yeast OR cerevisiae)）"
YLR458W,2026-10-04,,"機械のふるい分け（tools/triage_unknown_genes.py）: PubMed で 0 件（(""YLR458W""[tiab]) AND (yeast OR cerevisiae)）"
YLR466C-A,2026-10-04,,"機械のふるい分け（tools/triage_unknown_genes.py）: PubMed で 0 件（(""YLR466C-A""[tiab]) AND (yeast OR cerevisiae)）"
YLR466C-B,2026-10-04,,"機械のふるい分け（tools/triage_unknown_genes.py）: PubMed で 0 件（(""YLR466C-B""[tiab]) AND (yeast OR cerevisiae)）"
YLR467C-A,2026-10-04,,"機械のふるい分け（tools/triage_unknown_genes.py）: PubMed で 0 件（(""YLR467C-A""[tiab]) AND (yeast OR cerevisiae)）"
YML009C-A,2026-10-04,,"機械のふるい分け（tools/triage_unknown_genes.py）: PubMed で 0 件（(""YML009C-A""[tiab] OR ""YML010C-B""[tiab] OR ""YML010W-B""[tiab]) AND (yeast OR cerevisiae)）"
YML009W-B,2026-10-04,,"機械のふるい分け（tools/triage_unknown_genes.py）: PubMed で 0 件（(""YML009W-B""[tiab] OR ""YML010W-A""[tiab]) AND (yeast OR cerevisiae)）"
YML012C-A,2026-10-04,,"機械のふるい分け（tools/triage_unknown_genes.py）: PubMed で 0 件（(""YML012C-A""[tiab] OR ""YML013C-A""[tiab]) AND (yeast OR cerevisiae)）"
YML031C-A,2026-10-04,,"機械のふるい分け（tools/triage_unknown_genes.py）: PubMed で 0 件（(""YML031C-A""[tiab] OR ""YML032C-A""[tiab]) AND (yeast OR cerevisiae)）"
YML034C-A,2026-10-04,,"機械のふるい分け（tools/triage_unknown_genes.py）: PubMed で 0 件（(""YML034C-A""[tiab] OR ""YML035C-A""[tiab]) AND (yeast OR cerevisiae)）"
YML047W-A,2026-10-04,,"機械のふるい分け（tools/triage_unknown_genes.py）: PubMed で 0 件（(""YML047W-A""[tiab] OR ""YML048W-A""[tiab]) AND (yeast OR cerevisiae)）"
YML057C-A,2026-10-04,,"機械のふるい分け（tools/triage_unknown_genes.py）: PubMed で 0 件（(""YML057C-A""[tiab] OR ""YML058C-A""[tiab]) AND (yeast OR cerevisiae)）"
YML084W,2026-10-04,,"機械のふるい分け（tools/triage_unknown_genes.py）: PubMed で 0 件（(""YML084W""[tiab]) AND (yeast OR cerevisiae)）"
YML094C-A,2026-10-04,,"機械のふるい分け（tools/triage_unknown_genes.py）: PubMed で 0 件（(""YML094C-A""[tiab] OR ""YML095C-A""[tiab]) AND (yeast OR cerevisiae)）"
YML099W-A,2026-10-04,,"機械のふるい分け（tools/triage_unknown_genes.py）: PubMed で 0 件（(""YML099W-A""[tiab] OR ""YML100W-A""[tiab]) AND (yeast OR cerevisiae)）"
YML101C-A,2026-10-04,,"機械のふるい分け（tools/triage_unknown_genes.py）: PubMed で 0 件（(""YML101C-A""[tiab] OR ""YML102C-A""[tiab]) AND (yeast OR cerevisiae)）"
YML116W-A,2026-10-04,,"機械のふるい分け（tools/triage_unknown_genes.py）: PubMed で 0 件（(""YML116W-A""[tiab] OR ""YML117W-A""[tiab]) AND (yeast OR cerevisiae)）"
YML133W-A,2026-10-04,,"機械のふるい分け（tools/triage_unknown_genes.py）: PubMed で 0 件（(""YML133W-A""[tiab]) AND (yeast OR cerevisiae)）"
YML133W-B,2026-10-04,,"機械のふるい分け（tools/triage_unknown_genes.py）: PubMed で 0 件（(""YML133W-B""[tiab]) AND (yeast OR cerevisiae)）"
YMR001C-A,2026-10-04,,"機械のふるい分け（tools/triage_unknown_genes.py）: PubMed で 0 件（(""YMR001C-A""[tiab]) AND (yeast OR cerevisiae)）"
YMR013C-A,2026-10-04,,"機械のふるい分け（tools/triage_unknown_genes.py）: PubMed で 0 件（(""YMR013C-A""[tiab]) AND (yeast OR cerevisiae)）"
YMR075C-A,2026-10-04,,"機械のふるい分け（tools/triage_unknown_genes.py）: PubMed で 0 件（(""YMR075C-A""[tiab]) AND (yeast OR cerevisiae)）"
YMR105W-A,2026-10-04,,"機械のふるい分け（tools/triage_unknown_genes.py）: PubMed で 0 件（(""YMR105W-A""[tiab]) AND (yeast OR cerevisiae)）"
YMR106W-A,2026-10-04,,"機械のふるい分け（tools/triage_unknown_genes.py）: PubMed で 0 件（(""YMR106W-A""[tiab]) AND (yeast OR cerevisiae)）"
YMR141W-A,2026-10-04,,"機械のふるい分け（tools/triage_unknown_genes.py）: PubMed で 0 件（(""YMR141W-A""[tiab]) AND (yeast OR cerevisiae)）"
YMR153C-A,2026-10-04,,"機械のふるい分け（tools/triage_unknown_genes.py）: PubMed で 0 件（(""YMR153C-A""[tiab]) AND (yeast OR cerevisiae)）"
YMR158W-B,2026-10-04,,"機械のふるい分け（tools/triage_unknown_genes.py）: PubMed で 0 件（(""YMR158W-B""[tiab] OR ""YMR158W-A""[tiab]) AND (yeast OR cerevisiae)）"
YMR175W-A,2026-10-04,,"機械のふるい分け（tools/triage_unknown_genes.py）: PubMed で 0 件（(""YMR175W-A""[tiab]) AND (yeast OR cerevisiae)）"
YMR272W-A,2026-10-04,,"機械のふるい分け（tools/triage_unknown_genes.py）: PubMed で 0 件（(""YMR272W-A""[tiab]) AND (yeast OR cerevisiae)）"
YMR294W-A,2026-10-04,,"機械のふるい分け（tools/triage_unknown_genes.py）: PubMed で 0 件（(""YMR294W-A""[tiab]) AND (yeast OR cerevisiae)）"
YMR307C-A,2026-10-04,,"機械のふるい分け（tools/triage_unknown_genes.py）: PubMed で 0 件（(""YMR307C-A""[tiab]) AND (yeast OR cerevisiae)）"
YMR316C-B,2026-10-04,,"機械のふるい分け（tools/triage_unknown_genes.py）: PubMed で 0 件（(""YMR316C-B""[tiab]) AND (yeast OR cerevisiae)）"
YNL040C-A,2026-10-04,,"機械のふるい分け（tools/triage_unknown_genes.py）: PubMed で 0 件（(""YNL040C-A""[tiab]) AND (yeast OR cerevisiae)）"
YNL067W-A,2026-10-04,,"機械のふるい分け（tools/triage_unknown_genes.py）: PubMed で 0 件（(""YNL067W-B""[tiab] OR ""YNL067W-A""[tiab]) AND (yeast OR cerevisiae)）"
YNL097W-A,2026-10-04,,"機械のふるい分け（tools/triage_unknown_genes.py）: PubMed で 0 件（(""YNL097W-A""[tiab]) AND (yeast OR cerevisiae)）"
YNL103W-A,2026-10-04,,"機械のふるい分け（tools/triage_unknown_genes.py）: PubMed で 0 件（(""YNL103W-A""[tiab]) AND (yeast OR cerevisiae)）"
YNL109W,2026-10-04,,"機械のふるい分け（tools/triage_unknown_genes.py）: PubMed で 0 件（(""YNL109W""[tiab]) AND (yeast OR cerevisiae)）"
YNL120C,2026-10-04,,"機械のふるい分け（tools/triage_unknown_genes.py）: PubMed で 0 件（(""YNL120C""[tiab]) AND (yeast OR cerevisiae)）"
YNL144W-A,2026-10-04,,"機械のふるい分け（tools/triage_unknown_genes.py）: PubMed で 0 件（(""YNL144W-A""[tiab]) AND (yeast OR cerevisiae)）"
YNL155C-A,2026-10-04,,"機械のふるい分け（tools/triage_unknown_genes.py）: PubMed で 0 件（(""YNL155C-A""[tiab]) AND (yeast OR cerevisiae)）"
YNL195C,2026-10-04,,"機械のふるい分け（tools/triage_unknown_genes.py）: PubMed で 0 件（(""YNL195C""[tiab]) AND (yeast OR cerevisiae)）"
YNL198C,2026-10-04,,"機械のふるい分け（tools/triage_unknown_genes.py）: PubMed で 0 件（(""YNL198C""[tiab]) AND (yeast OR cerevisiae)）"
YNL226W,2026-10-04,,"機械のふるい分け（tools/triage_unknown_genes.py）: PubMed で 0 件（(""YNL226W""[tiab]) AND (yeast OR cerevisiae)）"
YNL228W,2026-10-04,,"機械のふるい分け（tools/triage_unknown_genes.py）: PubMed で 0 件（(""YNL228W""[tiab]) AND (yeast OR cerevisiae)）"
YNL266W,2026-10-04,,"機械のふるい分け（tools/triage_unknown_genes.py）: PubMed で 0 件（(""YNL266W""[tiab]) AND (yeast OR cerevisiae)）"
YNL319W,2026-10-04,,"機械のふるい分け（tools/triage_unknown_genes.py）: PubMed で 0 件（(""YNL319W""[tiab]) AND (yeast OR cerevisiae)）"
YNL339W-A,2026-10-04,,"機械のふるい分け（tools/triage_unknown_genes.py）: PubMed で 0 件（(""YNL339W-A""[tiab]) AND (yeast OR cerevisiae)）"
YNL339W-B,2026-10-04,,"機械のふるい分け（tools/triage_unknown_genes.py）: PubMed で 0 件（(""YNL339W-B""[tiab]) AND (yeast OR cerevisiae)）"
YNR001W-A,2026-10-04,,"機械のふるい分け（tools/triage_unknown_genes.py）: PubMed で 0 件（(""YNR001W-A""[tiab]) AND (yeast OR cerevisiae)）"
YNR003W-A,2026-10-04,,"機械のふるい分け（tools/triage_unknown_genes.py）: PubMed で 0 件（(""YNR003W-A""[tiab]) AND (yeast OR cerevisiae)）"
YNR025C,2026-10-04,,"機械のふるい分け（tools/triage_unknown_genes.py）: PubMed で 0 件（(""YNR025C""[tiab]) AND (yeast OR cerevisiae)）"
YOL013W-B,2026-10-04,,"機械のふるい分け（tools/triage_unknown_genes.py）: PubMed で 0 件（(""YOL013W-A""[tiab] OR ""YOL013W-B""[tiab]) AND (yeast OR cerevisiae)）"
YOL037C,2026-10-04,,"機械のふるい分け（tools/triage_unknown_genes.py）: PubMed で 0 件（(""YOL037C""[tiab]) AND (yeast OR cerevisiae)）"
YOL046C,2026-10-04,,"機械のふるい分け（tools/triage_unknown_genes.py）: PubMed で 0 件（(""YOL046C""[tiab]) AND (yeast OR cerevisiae)）"
YOL083C-A,2026-10-04,,"機械のふるい分け（tools/triage_unknown_genes.py）: PubMed で 0 件（(""YOL083C-A""[tiab]) AND (yeast OR cerevisiae)）"
YOL085W-A,2026-10-04,,"機械のふるい分け（tools/triage_unknown_genes.py）: PubMed で 0 件（(""YOL085W-A""[tiab]) AND (yeast OR cerevisiae)）"
YOL097W-A,2026-10-04,,"機械のふるい分け（tools/triage_unknown_genes.py）: PubMed で 0 件（(""YOL097W-A""[tiab]) AND (yeast OR cerevisiae)）"
YOL134C,2026-10-04,,"機械のふるい分け（tools/triage_unknown_genes.py）: PubMed で 0 件（(""YOL134C""[tiab]) AND (yeast OR cerevisiae)）"
YOL150C,2026-10-04,,"機械のふるい分け（tools/triage_unknown_genes.py）: PubMed で 0 件（(""YOL150C""[tiab]) AND (yeast OR cerevisiae)）"
YOL159C-A,2026-10-04,,"機械のふるい分け（tools/triage_unknown_genes.py）: PubMed で 0 件（(""YOL159C-A""[tiab]) AND (yeast OR cerevisiae)）"
YOR008W-B,2026-10-04,,"機械のふるい分け（tools/triage_unknown_genes.py）: PubMed で 0 件（(""YOR008W-B""[tiab]) AND (yeast OR cerevisiae)）"
YOR011W-A,2026-10-04,,"機械のふるい分け（tools/triage_unknown_genes.py）: PubMed で 0 件（(""YOR011W-A""[tiab]) AND (yeast OR cerevisiae)）"
YOR015W,2026-10-04,,"機械のふるい分け（tools/triage_unknown_genes.py）: PubMed で 0 件（(""YOR015W""[tiab]) AND (yeast OR cerevisiae)）"
YOR072W-A,2026-10-04,,"機械のふるい分け（tools/triage_unknown_genes.py）: PubMed で 0 件（(""YOR072W-A""[tiab]) AND (yeast OR cerevisiae)）"
YOR073W-A,2026-10-04,,"機械のふるい分け（tools/triage_unknown_genes.py）: PubMed で 0 件（(""YOR073W-A""[tiab]) AND (yeast OR cerevisiae)）"
YOR108C-A,2026-10-04,,"機械のふるい分け（tools/triage_unknown_genes.py）: PubMed で 0 件（(""YOR108C-A""[tiab]) AND (yeast OR cerevisiae)）"
YOR121C,2026-10-04,,"機械のふるい分け（tools/triage_unknown_genes.py）: PubMed で 0 件（(""YOR121C""[tiab]) AND (yeast OR cerevisiae)）"
YOR146W,2026-10-04,,"機械のふるい分け（tools/triage_unknown_genes.py）: PubMed で 0 件（(""YOR146W""[tiab]) AND (yeast OR cerevisiae)）"
YOR161W-A,2026-10-04,,"機械のふるい分け（tools/triage_unknown_genes.py）: PubMed で 0 件（(""YOR161W-A""[tiab]) AND (yeast OR cerevisiae)）"
YOR161W-B,2026-10-04,,"機械のふるい分け（tools/triage_unknown_genes.py）: PubMed で 0 件（(""YOR161W-B""[tiab]) AND (yeast OR cerevisiae)）"
YOR169C,2026-10-04,,"機械のふるい分け（tools/triage_unknown_genes.py）: PubMed で 0 件（(""YOR169C""[tiab]) AND (yeast OR cerevisiae)）"
YOR170W,2026-10-04,,"機械のふるい分け（tools/triage_unknown_genes.py）: PubMed で 0 件（(""YOR170W""[tiab]) AND (yeast OR cerevisiae)）"
YOR186C-A,2026-10-04,,"機械のふるい分け（tools/triage_unknown_genes.py）: PubMed で 0 件（(""YOR186C-A""[tiab]) AND (yeast OR cerevisiae)）"
YOR231C-A,2026-10-04,,"機械のふるい分け（tools/triage_unknown_genes.py）: PubMed で 0 件（(""YOR231C-A""[tiab]) AND (yeast OR cerevisiae)）"
YOR293C-A,2026-10-04,,"機械のふるい分け（tools/triage_unknown_genes.py）: PubMed で 0 件（(""YOR293C-A""[tiab]) AND (yeast OR cerevisiae)）"
YOR314W-A,2026-10-04,,"機械のふるい分け（tools/triage_unknown_genes.py）: PubMed で 0 件（(""YOR314W-A""[tiab]) AND (yeast OR cerevisiae)）"
YOR329W-A,2026-10-04,,"機械のふるい分け（tools/triage_unknown_genes.py）: PubMed で 0 件（(""YOR329W-A""[tiab]) AND (yeast OR cerevisiae)）"
YOR333C,2026-10-04,,"機械のふるい分け（tools/triage_unknown_genes.py）: PubMed で 0 件（(""YOR333C""[tiab]) AND (yeast OR cerevisiae)）"
YOR335W-A,2026-10-04,,"機械のふるい分け（tools/triage_unknown_genes.py）: PubMed で 0 件（(""YOR335W-A""[tiab]) AND (yeast OR cerevisiae)）"
YOR364W,2026-10-04,,"機械のふるい分け（tools/triage_unknown_genes.py）: PubMed で 0 件（(""YOR364W""[tiab]) AND (yeast OR cerevisiae)）"
YOR379C,2026-10-04,,"機械のふるい分け（tools/triage_unknown_genes.py）: PubMed で 0 件（(""YOR379C""[tiab]) AND (yeast OR cerevisiae)）"
YOR381W-A,2026-10-04,,"機械のふるい分け（tools/triage_unknown_genes.py）: PubMed で 0 件（(""YOR381W-A""[tiab]) AND (yeast OR cerevisiae)）"
YOR392W,2026-10-04,,"機械のふるい分け（tools/triage_unknown_genes.py）: PubMed で 0 件（(""YOR392W""[tiab]) AND (yeast OR cerevisiae)）"
YOR394C-A,2026-10-04,,"機械のふるい分け（tools/triage_unknown_genes.py）: PubMed で 0 件（(""YOR394C-A""[tiab]) AND (yeast OR cerevisiae)）"
YOR396C-A,2026-10-04,,"機械のふるい分け（tools/triage_unknown_genes.py）: PubMed で 0 件（(""YOR396C-A""[tiab]) AND (yeast OR cerevisiae)）"
YPL035C,2026-10-04,,"機械のふるい分け（tools/triage_unknown_genes.py）: PubMed で 0 件（(""YPL035C""[tiab]) AND (yeast OR cerevisiae)）"
YPL038W-A,2026-10-04,,"機械のふるい分け（tools/triage_unknown_genes.py）: PubMed で 0 件（(""YPL038W-A""[tiab]) AND (yeast OR cerevisiae)）"
YPL102C,2026-10-04,,"機械のふるい分け（tools/triage_unknown_genes.py）: PubMed で 0 件（(""YPL102C""[tiab]) AND (yeast OR cerevisiae)）"
YPL119C-A,2026-10-04,,"機械のふるい分け（tools/triage_unknown_genes.py）: PubMed で 0 件（(""YPL119C-A""[tiab]) AND (yeast OR cerevisiae)）"
YPL135C-A,2026-10-04,,"機械のふるい分け（tools/triage_unknown_genes.py）: PubMed で 0 件（(""YPL135C-A""[tiab]) AND (yeast OR cerevisiae)）"
YPL152W-A,2026-10-04,,"機械のふるい分け（tools/triage_unknown_genes.py）: PubMed で 0 件（(""YPL152W-A""[tiab]) AND (yeast OR cerevisiae)）"
YPL222C-A,2026-10-04,,"機械のふるい分け（tools/triage_unknown_genes.py）: PubMed で 0 件（(""YPL222C-A""[tiab]) AND (yeast OR cerevisiae)）"
YPL245W,2026-10-04,,"機械のふるい分け（tools/triage_unknown_genes.py）: PubMed で 0 件（(""YPL245W""[tiab] OR ""nuclease-helicase domain-containing protein""[tiab]) AND (yeast OR cerevisiae)）"
YPL250W-A,2026-10-04,,"機械のふるい分け（tools/triage_unknown_genes.py）: PubMed で 0 件（(""YPL250W-A""[tiab]) AND (yeast OR cerevisiae)）"
YPL283W-A,2026-10-04,,"機械のふるい分け（tools/triage_unknown_genes.py）: PubMed で 0 件（(""YPL283W-A""[tiab]) AND (yeast OR cerevisiae)）"
YPL283W-B,2026-10-04,,"機械のふるい分け（tools/triage_unknown_genes.py）: PubMed で 0 件（(""YPL283W-B""[tiab]) AND (yeast OR cerevisiae)）"
YPR016W-A,2026-10-04,,"機械のふるい分け（tools/triage_unknown_genes.py）: PubMed で 0 件（(""YPR016W-A""[tiab]) AND (yeast OR cerevisiae)）"
YPR059C,2026-10-04,,"機械のふるい分け（tools/triage_unknown_genes.py）: PubMed で 0 件（(""YPR059C""[tiab]) AND (yeast OR cerevisiae)）"
YPR130C,2026-10-04,,"機械のふるい分け（tools/triage_unknown_genes.py）: PubMed で 0 件（(""YPR130C""[tiab]) AND (yeast OR cerevisiae)）"
YPR136C,2026-10-04,,"機械のふるい分け（tools/triage_unknown_genes.py）: PubMed で 0 件（(""YPR136C""[tiab]) AND (yeast OR cerevisiae)）"
YPR145C-A,2026-10-04,,"機械のふるい分け（tools/triage_unknown_genes.py）: PubMed で 0 件（(""YPR145C-A""[tiab]) AND (yeast OR cerevisiae)）"
YPR146C,2026-10-04,,"機械のふるい分け（tools/triage_unknown_genes.py）: PubMed で 0 件（(""YPR146C""[tiab]) AND (yeast OR cerevisiae)）"
YPR160C-A,2026-10-04,,"機械のふるい分け（tools/triage_unknown_genes.py）: PubMed で 0 件（(""YPR160C-A""[tiab]) AND (yeast OR cerevisiae)）"
YPR160W-A,2026-10-04,,"機械のふるい分け（tools/triage_unknown_genes.py）: PubMed で 0 件（(""YPR160W-A""[tiab]) AND (yeast OR cerevisiae)）"
YPR169W-A,2026-10-04,,"機械のふるい分け（tools/triage_unknown_genes.py）: PubMed で 0 件（(""YPR169W-A""[tiab]) AND (yeast OR cerevisiae)）"
YPR170W-A,2026-10-04,,"機械のふるい分け（tools/triage_unknown_genes.py）: PubMed で 0 件（(""YPR170W-A""[tiab]) AND (yeast OR cerevisiae)）"
YPR204C-A,2026-10-04,,"機械のふるい分け（tools/triage_unknown_genes.py）: PubMed で 0 件（(""YPR204C-A""[tiab]) AND (yeast OR cerevisiae)）"
FLC2,2026-10-04,25573187;16717099,要旨は FLC1 との合成致死・高コピー抑圧（VAN1・KTR4・HOC1）・CWI 経路の過剰な活性化など遺伝学と表現型だけで、ほかの遺伝子への直接の作用が書かれていない。検索: FLC2[tiab] AND yeast
MRS3,2026-10-04,31896574;15767258;16024809;38779483,YFH1 との合成的な表現型、MRS3 の過剰発現で MMT1・MMT2 の発現が下がる（31896574、仕組み不明）、Aft2 の直接の標的は MRS4（16024809）で MRS3 ではない。検索: MRS3[tiab] AND yeast・(MRS3 OR MRS4) AND (Aft1 OR Aft2 OR Yfh1)
STR3,2026-10-04,16936141;22572787,Gto1 による Str3 のレドックス制御は「could be related」と推測の書き方だけ（16936141）。ほかはワイン醸造での利用。検索: STR3[tiab] AND yeast・cystathionine beta-lyase AND cerevisiae
ATP2,2026-10-04,10681564;19841266;15716275,Atp11p が F1 の β サブユニットに結合（10681564）、F1 が ATP6・ATP8 の翻訳を活性化（19841266）は書かれているが、要旨は ATP2 を遺伝子名で書かず「beta-subunit」とだけあり、本文も取れないため照合で通らない。検索: (ATP2 OR beta subunit) AND (Atp11 OR Atp12) AND yeast
MRH1,2026-10-04,25503505,Yro2 と Mrh1 が酢酸耐性に要るという表現型だけで、ほかの遺伝子との関係はない。検索: MRH1[tiab] AND yeast
YLL065W,2026-10-04,,Dubious ORF。検索 YLL065W で本研究に使える論文なし
EIS1,2026-10-04,20526336,E-MAP（遺伝的相互作用）で eisosome の新しい構成要素として同定されたのみ。要旨に相手との直接の関係はなく、本文（PMC3073498）は取得できなかった。検索: Eis1[tiab] AND yeast
PRM7,2026-10-04,,検索 PRM7[tiab] OR IMI1[tiab] で出芽酵母の機能を調べた論文なし（ヒット 2 件は大規模解析）
ARA2,2026-10-04,17097644,Ara2p の酵素活性（D-アラビノース脱水素酵素）と ara1 ara2 の表現型だけで、ほかの遺伝子からの制御・作用は書かれていない。検索: ARA2[tiab] AND (arabinose OR cerevisiae)
KKQ8,2026-10-04,,検索 KKQ8[tiab]・YKL168C ともに 0 件
PNS1,2026-10-04,15002745,PNS1 はコリン輸送に関わらないという否定の結果だけで、ほかの遺伝子との関係はない。検索: PNS1[tiab] AND (yeast OR cerevisiae)
SUE1,2026-10-04,15123691;41533588,Sue1p が変異型の iso-1-cytochrome c（CYC1）の分解に要る（15123691）が、要旨は CYC1 を遺伝子名で書かず本文も取れないため照合で通らない。41533588 は Pet20 ドメインのファミリーとして名前が出るだけ。検索: SUE1[tiab] AND (cytochrome OR yeast)
BUD21,2026-10-04,22856544;21586670;37246770,bud21Δ で Ty1 Gag が減る（Ty1 は DB の遺伝子でない）、低酸素耐性のスクリーニングだけ。U3 snoRNA・SSU プロセソームとの関係を書いた酵母の原著は見つからない。検索: BUD21[tiab] OR Bud21p・Utp16[tiab]
YME2,2026-10-04,35100666;16850347;8649384,MDM38・MBA1・OXA1 との遺伝的相互作用と mtDNA の脱出・ヌクレオイドの表現型だけで、作用の向きのある関係は書かれていない。検索: YME2[tiab] OR Yme2p[tiab]
ECL1,2026-10-04,19966476;23047113,過剰発現で経時寿命が延び呼吸活性が上がるという表現型だけ。Aft2 や Hsf1 による誘導を書いた出芽酵母の論文は見つからない（ほかは分裂酵母）。検索: (ECL1 OR YGR146C) AND cerevisiae
HLR1,2026-10-04,11580836;11532139,LRE1 の相同遺伝子として欠失・過剰発現が LRE1 に似た弱い効果を示すとあるだけ（11580836）、HOG・PKC 経路変異の多コピー抑圧（11532139）で、直接の関係はない。検索: HLR1[tiab] AND (yeast OR cell wall)
RMD6,2026-10-04,,検索 RMD6[tiab] で出芽酵母の論文なし（線虫の rmd-6 のみ）
PRM10,2026-10-04,,"検索式 ""PRM10"" AND cerevisiae で 0 件、PRM10 OR (pheromone-regulated AND membrane protein AND PRM) で出芽酵母の論文なし。フェロモンで誘導される機能不明の膜タンパク質で、ほかの遺伝子との関係を書いた論文がない"
SOL4,2026-10-04,15454531;1328471,検索式 SOL4 AND cerevisiae・SOL4[tiab] OR (6-phosphogluconolactonase AND cerevisiae)。15454531 は Sol3・Sol4 が 6-ホスホグルコノラクトナーゼ活性に関わることを示すが、ほかの遺伝子との関係（制御・結合）は書かれていない
MRPL4,2026-10-04,7828914;19783770,検索式 MRPL4 AND cerevisiae・MrpL4 AND (Oxa1 OR Mba1 OR tunnel)。7828914 は遺伝子の単離と欠損の表現型だけ。19783770 は Oxa1 の近くにあるのは MrpL40 で、MrpL4 の関係は要旨にない
YRF1-3,2026-10-04,9837911;26384347,"検索式 YRF1 AND cerevisiae・""Y' helicase"" AND cerevisiae。9837911 は tlc1 欠損の生存株で Y' ヘリカーゼが発現するという内容で、相手はタンパク質でない（TLC1 は RNA）。YRF1-3 を名指しした関係は見つからない"
AGX1,2026-10-04,14745783,検索式 AGX1[tiab] AND cerevisiae。14745783 は Agx1 がアラニン:グリオキシル酸アミノ基転移酵素で、gly1 shm1 shm2 背景で欠損するとグリシン要求になるという代謝上の重なりだけで、ほかの遺伝子の産物への作用は書かれていない
DOS2,2026-10-04,,検索式 DOS2[tiab] AND cerevisiae で 2 件（カロテノイド・スクラレオール生産の工学の網羅的欠損）、DOS2 AND YDR068W で 0 件。機能不明で関係を書いた論文がない
YPR015C,2026-10-04,18366603;37314359,検索式 YPR015C。18366603 は欠損株の網羅的発現解析、37314359 は過剰発現でフルフラール耐性になるという内容で、特定の標的遺伝子との制御関係は要旨にない
HTC1,2026-10-04,,検索式 Htc1 OR YPL067C で出芽酵母の該当論文なし（ヒトの TC-1 など別物）。機能不明の ORF
PAU6,2026-10-04,10760143,検索式 PAU6 OR seripauperin AND anaerobic、PAU genes AND anaerobic AND cerevisiae。10760143 は PAU 遺伝子群が嫌気で誘導され Tup1 に依存して抑制されると書くが、PAU6 を名指ししていない
ROF1,2026-10-04,28673928;34096681,検索式 ROF1[tiab] AND (WOPR OR cerevisiae)。28673928 は過剰発現でバイオフィルム形成を変える因子の一つとして挙がるだけで、標的遺伝子との関係は書かれていない
YML096W,2026-10-04,,検索式 YML096W で 0 件。機能不明の ORF（アスパラギン合成酵素に似る）
BDH1,2026-10-04,19966022,検索式 BDH1[tiab] AND cerevisiae、BDH1 AND (BDH2 OR acetoin) AND regulat*。19966022 は Bdh1 の酵素活性と BDH1・BDH2 が逆向きに調節されることを書くが、制御する因子は名指ししていない。ほかは代謝工学の論文
PST1,2026-10-04,15583168;10594829;29371494,検索式 PST1 AND cerevisiae AND (Rlm1 OR cell wall)、Europe PMC で PST1 AND Rlm1。10594829（Mpk1-Rlm1 の標的の網羅解析）の要旨は PST1 を名指ししていない。15583168 は Pst1 と Ecm33 の重複を示すだけ。29371494 は総説で細胞壁ストレスで誘導される遺伝子に挙げるが Rlm1 依存とは書いていない
HXT5,2026-10-04,16928197;15282798;12210898;18373847,"検索式 ""HXT5""[tiab] AND cerevisiae、HXT5 AND (Msn2 OR Msn4 OR Hap OR promoter OR STRE)。15282798 は STRE・HAP 配列と「PKA 経路」の関与を書くが転写因子やキナーゼの遺伝子名を挙げない。16928197 はユビキチン化によらない液胞での分解。ほかの遺伝子との関係は要旨にない（15282798 は PMC になく本文も読めない）"
RPL15B,2026-10-04,19184027,"検索式 ""RPL15B""[tiab] OR ""Rpl15""[tiab] AND cerevisiae。19184027 は RPL15B が転写されないことと RPL15A との相補だけで、ほかの遺伝子との関係はない"
IMA2,2026-10-04,20562106;31558734,"検索式 ""IMA2""[tiab] AND cerevisiae、isomaltase の IMA 遺伝子群。20562106 は MAL による誘導を IMA1・IMA5 についてだけ書き、IMA2 の制御因子は書かれていない"
PGA2,2026-10-04,16943325,"検索式 ""PGA2""[tiab] AND cerevisiae、Pga2 Gas1 Pho8 maturation。16943325 は網羅的な解析で PGA2 を輸送にかかわる遺伝子として挙げるだけ。Gas1・Pho8 の成熟についての原著は見つからない"
DSF2,2026-10-04,16328373,"検索式 ""DSF2""[tiab]、YBR007C。16328373 は mpt5 欠失の温度感受性を dsf2 欠失が抑圧するという遺伝学だけで、作用の種類・向きは書かれていない"
MRX16,2026-10-04,,"検索式 ""YDR132C"" OR ""MRX16"" で酵母の論文がない（ヒトの MRX16 だけ）。機能がほとんどわかっていない ORF"
ADE16,2026-10-04,9143321;15744050;19528318;9705508;25841019;11923304,"検索式 ""ADE16""[tiab]、AICAR AND (Bas1 OR Pho2)、(ADE17 OR ADE16) AND BAS1。9143321 は酵素の同定だけ。AICAR が Pho2・Bas1 を活性化する論文（19528318）の要旨に ADE16 は出てこず、本文は取得できなかった。Bas1 の論文は ADE17 についてだけ"
RPL27A,2026-10-04,15184655,"検索式 ""RPL27A""[tiab] AND cerevisiae、Rpl27 ribosomal protein L27 Saccharomyces。15184655 は網羅的スクリーニングで、ほかの遺伝子との関係は書かれていない"
CRR1,2026-10-04,15470107;10757808,"検索式 ""CRR1""[tiab] AND cerevisiae。15470107 は胞子壁の形成に必要という表現型（cda1 cda2 と相加的）、10757808 は CRH1・CRH2 との相同と細胞周期・胞子形成での発現。制御する遺伝子や作用する相手は書かれていない"
MRPL15,2026-10-04,,"検索式 ""MRPL15""[tiab] AND cerevisiae、YLR312W-A で 0 件。ミトコンドリアのリボソームタンパク質で論文がない"
MCH4,2026-10-04,38635191,"検索式 ""MCH4""[tiab] AND yeast、MCH4 AND cerevisiae。38635191 は輸送体の欠失ライブラリーの網羅的スクリーニング（2-フェニルエタノール）だけで、ほかの遺伝子との関係はない"
PUG1,2026-10-04,18326586;19416366;39104838,"検索式 ""PUG1""[tiab]、PUG1 AND (heme OR Hap1 OR Rox1)。18326586 はプロトポルフィリン・ヘムの輸送の働き、19416366 は総説、39104838 はミリオシン感受性。発現を制御する転写因子やほかの遺伝子との関係は書かれていない"
YPS3,2026-10-04,10191273,"検索式 ""YPS3""[tiab] OR yapsin 3 cerevisiae、YPS3 AND (Yps1 OR yapsin)。10191273 は酵素の同定とプロホルモンの切断の特異性だけで、酵母の基質の遺伝子は書かれていない"
YML6,2026-10-04,,"検索式 ""YML6""[tiab]、Yml6 OR YML025C、mitochondrial ribosome L4 essential yeast で 0 件"
LAM1,2026-10-04,26001273;41936560;29927351,"検索式 ""LAM1""[tiab] AND (yeast OR cerevisiae) AND sterol、Lam/Ysp/Sip3。LAM1 は Ysp1（YHR155W）。26001273 の本文では ER-細胞膜の接触部位への局在とステロール輸送の表現型だけ。Ypk1 のリン酸化（29927351）は Ysp2・Lam4 についてで Lam1 ではない"
IRC15,2026-10-04,19285398;30267443;32299836,"""IRC15""[tiab] AND (yeast OR cerevisiae)（3 件）。要旨は微小管との結合・FAD 酵素としての性質・コヒーシンの遺伝的相互作用の網羅だけで、特定の遺伝子との関係は書かれていない。19285398 の本文は取れなかった"
PMA2,2026-10-04,12557274;28128390,"""PMA2""[tiab] AND (yeast OR cerevisiae)、PMA2 AND cerevisiae AND (transcription OR promoter OR Pdr1 OR Pdr3)。発現の条件（呼吸・定常期・マンガン）の記述だけで、制御する遺伝子の名前がない"
HMRA2,2026-10-04,42435004,"HMR AND a2 AND HO、""MATa2"" で検索。出芽酵母の a2 の働き・制御を書いた要旨は見つからない（42435004 は Zygosaccharomyces）"
ECM15,2026-10-04,12866058,"""ECM15"" OR ""YBL001C""（4 件）。結晶構造の論文だけで、ほかの遺伝子との関係はない"
SDH9,2026-10-04,9730279,"(""SDH9"" OR ""YJL045W"")、SDH1b/YJL045w AND (Cat8 OR diauxic)。SDH1b が sdh1 変異を補うこと・発現が低いことだけで、制御する遺伝子は書かれていない"
YBL028C,2026-10-04,,"""YBL028C""（0 件）。機能不明で論文がない"
FAT3,2026-10-04,16710832;23349476,"(""FAT3"" OR ""YKL187C"") AND cerevisiae（2 件）。網羅的な解析だけで、ほかの遺伝子との関係は書かれていない"
SND1,2026-10-04,27905431;33472077,"検索: ""Snd1""[tiab] AND (Snd2 OR Snd3 OR Env10 OR Pho88)、""SND pathway"" AND yeast。要旨は Snd1-3 が「協調して働くと推す」のみで、ほかの遺伝子との結合・制御は示されていない（本文は PMC になし）"
DUS3,2026-10-04,34798057,"検索: ""Dus3""[tiab] AND (yeast OR cerevisiae)、DUS3 OR dihydrouridine synthase AND cerevisiae。出芽酵母の Dus3 とほかの遺伝子の関係を書いた論文なし（34798057 は分裂酵母）"
YBL111C,2026-10-04,,"検索: ""YBL111C""。0 件。Y' 要素のヘリカーゼ様タンパク質で論文なし"
POP3,2026-10-04,9029160;37074161;16998185,検索: Pop3[tiab] AND (RNase MRP OR RNase P) AND yeast、Pop3 AND (Pop4-8)。Pop3 は RNase MRP/P の RNA（NME1・RPR1、DB にない）と共沈。タンパク質のサブユニットとの個別の結合を書いた要旨なし
YLR297W,2026-10-04,15878181,"検索: ""YLR297W""。1 件（毒性の発現解析）で関係の記述なし"
SPG4,2026-10-04,27558777;16710832,検索: SPG4[tiab] AND yeast。ほかはヒトの SPG4（spastin）。出芽酵母 SPG4 の関係を書いた論文なし
IMA4,2026-10-04,20562106;24649402,検索: IMA4[tiab] OR (isomaltase AND IMA3)、YJL221C。要旨は IMA1・IMA5 の Malx3 による誘導を書くが IMA4 の制御因子・相手は書かれていない
FLC1,2026-10-04,16717099;25573187,検索: Flc1[tiab] AND yeast、(Flc1 OR Flc2 OR flavin carrier) AND cerevisiae。FLC1 FLC2 の合成致死と多コピー抑圧（VAN1・KTR4・HOC1）のみで、直接の関係ではない
CRC1,2026-10-04,10622748;19202282,検索: Crc1[tiab] AND (carnitine OR Oaf1 OR Pip2)、CRC1 AND (URS1 OR Ume6 OR Adr1 OR Cat8)。19202282 は Rpd3L の URS1 で H3 アセチル化が上がる遺伝子に CRC1 を挙げるのみで、CRC1 の発現を制御するとは書いていない
RPL18B,2026-10-04,41913950,検索: RPL18B OR (RPL18A AND RPL18B)。41913950 は同族のタンパク質による RPL18B のスプライシング阻害（自己調節）で、相手が RPL18A か RPL18B か区別されない。自己ループは DB にないので書かない
PTM1,2026-10-04,,検索: Ptm1[tiab] AND yeast、YKL039W OR (Ptm1 AND Golgi)。出芽酵母の PTM1 の論文なし（Pichia などの別物）
YIL177C,2026-10-04,,"検索: YIL177C OR (""Y prime"" AND helicase AND cerevisiae)。0 件"
RPL38,2026-10-04,,検索: RPL38[tiab] AND cerevisiae（0 件）、Rpl38 AND yeast（ヒト・ハエ・分裂酵母のみ）
YPR196W,2026-10-04,29894505,検索: YPR196W。29894505 で MAL73（MALR）としてマルトース発酵を制御すると示すが、制御する遺伝子は名指しされていない
RPL36A,2026-10-04,37655454,検索: RPL36A OR (Rpl36 AND cerevisiae)、Rpl36[tiab] AND yeast。ほとんどヒト・ほかの生物。出芽酵母の RPL36A の発現を制御する転写因子や相手を名指しした論文なし
YKR075C,2026-10-04,26606276;14871952,検索式 YKR075C / (YKR075C OR YOR062C) AND (Rgt1 OR glucose)。26606276 は TFM で発現が上がる遺伝子に挙がるだけ。14871952（Rgt1 の標的）は要旨に名前がなく、PMC は画像のみで本文を読めない。転写因子を名指しした論文が見つからない
YCH1,2026-10-04,19382206;10818363;9733650,検索式 YCH1・YGR203W・Ygr203w AND phosphatase。結晶構造と配列の相同性（Cdc25・Acr2）の論文だけで、ほかの遺伝子との関係は書かれていない
RPS23A,2026-10-04,24550462;34525330,検索式 Rps23 AND (Tpa1 OR hydroxylation) AND yeast ほか。24550462 に Tpa1 が Rps23p の Pro64 を二重水酸化すると書かれているが、RPS23A と RPS23B の産物を区別しておらず、RPS23A の名前（別名も）が要旨に出ない
YHL041W,2026-10-04,22370347,検索式 YHL041W で 1 件。ミニ染色体の欠落で失われた遺伝子として名前が出るだけ。機能不明の ORF
OLA1,2026-10-04,34571008;37949369;24535059,検索式 OLA1[tiab] AND yeast、Ola1 AND (proteasome OR Hsp)。熱ショック応答・ストレス顆粒での働きは書かれているが、特定の遺伝子との関係は要旨に書かれていない
YLL066C,2026-10-04,,検索式 YLL066C で 0 件。Y' 要素のヘリカーゼ候補で論文がない
RPL9A,2026-10-04,22505027;31337056;24305165,検索式 Rpl9 AND cerevisiae ほか。22505027 に Rpl9p の過剰で RPL9B の発現が下がる自己制御が書かれているが、RPL9A と RPL9B の産物を区別しておらず要旨に RPL9A の名前が出ない（PMC は本文なし）。ほかはほかの遺伝子との関係なし
YGK1,2026-10-04,29752939,検索式 YGK1・YGL101W AND (Srs2 OR Hpr5)。29752939 は 5'-ヌクレオチダーゼ活性と構造の論文で、ほかの遺伝子との関係（SGD の Hpr5 との相互作用）は書かれていない
BER1,2026-10-04,18064466,検索式 BER1[tiab] AND yeast で 2 件。18064466 は微小管の安定性と、合成致死の型から N 末端アセチル化に関わると推測するだけで、相手の遺伝子を名指ししていない（PMC なし）
MET2,2026-10-04,1789001;2025647;24841117;25947166;24727477,"メチオニンでの転写抑制・翻訳後の制御・ワイン酵母の変異（H2S・亜硫酸）は書かれているが、MET2 を制御する転写因子や相手の遺伝子を名指しした記述がない。候補のリン酸化（AKL1・SKY1 など）を扱う論文も見つからない。検索: ""MET2""[tiab] AND (cerevisiae OR yeast) AND (Met4 OR Met31 OR Met32 OR Cbf1 OR transcription)、Met4 AND (MET2[tiab] OR homoserine)、homoserine acetyltransferase AND cerevisiae"
AIM25,2026-10-04,30894430,"出芽酵母で AIM25 を調べた原著が見つからない（ヒットはクリプトコッカスの論文のみ）。検索: ""AIM25""[tiab]、AIM25 OR YJR100C"
PRM5,2026-10-04,24704549;10594829,"PRM5 を名指しで調べた論文がない。細胞壁保全経路（Mpk1・Rlm1）の網羅解析 10594829 の要旨には PRM5 の名が出ない。検索: ""PRM5""[tiab] AND yeast、PRM5 OR YIL117C"
YMR265C,2026-10-04,22535436,機能不明の遺伝子。発現の網羅解析（エタノールで上がる）に名が出るだけで相手の遺伝子との関係はない。検索: YMR265C
PIC2,2026-10-04,23846699;26763345;11328608,"Pic2 の銅の取り込み（23846699）、MRS3 との働きの重なり（26763345、多コピーの MRS3 が pic2Δ を補う遺伝学的な重複）は書かれているが、ほかの遺伝子からの制御や直接の作用の記述はない。高温での誘導を担う因子も見つからない。検索: ""PIC2""[tiab] AND (copper OR Mir1)、Pic2 AND cerevisiae AND (phosphate carrier OR heat OR temperature)、PIC2 AND (Hsf1 OR heat shock) AND yeast"
BOP2,2026-10-04,,"機能不明の遺伝子。出芽酵母の論文が見つからない（ヒットは植物の BLADE-ON-PETIOLE のみ）。検索: ""BOP2"" AND yeast"
LOT5,2026-10-04,11327734,"低温とシクロヘキシミドで発現が上がるとあるだけで、制御する転写因子や相手の遺伝子の記述がない。検索: ""LOT5""[tiab]"
YML133C,2026-10-04,,Y' 要素のヘリカーゼ候補。PubMed に YML133C の論文がない。検索: YML133C
FEN2,2026-10-04,8771708;10373490,"パントテン酸の輸送とフェンプロピモルフ耐性、異化代謝抑制の培地で表現型が出ることは書かれているが、相手の遺伝子との関係の記述がない。検索: ""FEN2""[tiab] AND (pantothenate OR yeast)"
OPT1,2026-10-04,11396605;40701247,グルタチオン・オリゴペプチド・パンテテイン混合ジスルフィドの輸送は書かれているが、OPT1 の発現を制御する因子は「ほとんど分かっていない」とあり（11396605）、相手の遺伝子との関係が見つからない。検索: OPT1[tiab] AND (glutathione OR Hgt1) AND cerevisiae、Hgt1 AND (Met4 OR sulfur OR Cbf1)
YJL107C,2026-10-04,11054818,機能不明の遺伝子。出芽酵母で調べた原著がない（ヒットは他の酵母とのゲノム比較のみ）。検索: YJL107C
YLR111W,2026-10-04,22129199,機能不明の遺伝子。形態の網羅解析に名が出るだけ。検索: YLR111W
ATP3,2026-10-04,7498726;16339725;17492370;12898710,"ATP 合成酵素のγサブユニット。yme1 の表現型を抑える変異（遺伝学のみ）、γを欠いても α3β3 ができる、ATP1-111 の抑圧に Atp3 が要る、など遺伝学的な記述だけで、制御や直接の作用として書ける関係が見つからない。検索: ""ATP3""[tiab] AND cerevisiae AND (gamma subunit OR Atp11 OR Atp12)、Atp3[tiab] AND (Atp2 OR Atp1 OR Atp16 OR Atp15 OR assembly) AND cerevisiae"
MIX14,2026-10-04,,MIX14 を調べた論文が見つからない（Mix17 の論文はあるが MIX14 は出てこない）。検索: Mix14 OR (Mix17 AND Mia40)
SLM5,2026-10-04,39230874,"ミトコンドリアのアスパラギニル tRNA 合成酵素。ヒトの変異の解析に使われるだけで、相手の遺伝子との関係の記述がない。検索: ""Slm5""[tiab]"
YHR138C,2026-10-04,15925308,rns4/vps32 変異株で発現が上がる遺伝子の一つとして名が出るだけ（網羅的な発現解析）で、関係として書けない。検索: YHR138C
FUN26,2026-10-04,21349851;25035431;10827169,液胞膜のヌクレオシド輸送体で、ニコチンアミドリボシドの量を決めるとあるが、ほかの遺伝子からの制御や直接の作用の記述がない。検索: FUN26[tiab]
MRPL24,2026-10-04,,"""YmL24"" OR ""MRPL24"" OR ""MRP L24""・""MRPL24""[tiab] AND (yeast OR cerevisiae) で出芽酵母の論文が無い（ヒト・線虫だけ）"
TMA10,2026-10-04,25269814;22442684,(Tma10 OR Stf2) AND Saccharomyces。バニリンで誘導されるという網羅解析だけで、制御する転写因子や相手の遺伝子は名指しされていない
MAN2,2026-10-04,,"""MAN2""[tiab] AND (yeast OR cerevisiae)・(Man2 OR mannitol dehydrogenase OR Dsf1) AND mannitol。出芽酵母の MAN2 の働きを調べた原著が見つからない"
ENA5,2026-10-04,7664728;8437581,(ENA5 OR ENA2 OR ENA1) AND tandem・(ENA5 OR ENA1) AND (Crz1 OR Nrg1 OR Rim101 OR Sko1)。ENA1 の制御の論文は多いが ENA5 を名指しした関係は無い
RKI1,2026-10-04,,"""RKI1""[tiab] AND (yeast OR cerevisiae)・ribose-5-phosphate isomerase。代謝工学の論文だけで、ほかの遺伝子との制御関係は無い"
IKS1,2026-10-04,25698512,(Iks1 OR YJL057C) AND Saccharomyces。人工転写因子で発現が下がるという 1 本だけで、酵母の遺伝子との関係は無い
SOL2,2026-10-04,15454531;8725220,SOL2 AND (yeast OR cerevisiae)。los1 の多コピー抑圧と tRNA の核外輸送への関与だけで、ほかの遺伝子との直接の関係は書かれていない（LOS1 による正の制御は SOL1 だけ）
YRF1-7,2026-10-04,9837911;36675300,(YRF1 OR Y' helicase) AND cerevisiae。tlc1 の生存株で Y' 要素が発現するという記述（TLC1 は RNA）と YRF1-6 の論文だけで、YRF1-7 を名指しした関係は無い
YJL225C,2026-10-04,9837911,Y' ヘリカーゼの検索で YJL225C を名指しした論文が無い
PLB2,2026-10-04,15588231,(Plb2 OR phospholipase B) AND (Plb1 OR Plb3) AND Saccharomyces。基質と pH の酵素学だけで、ほかの遺伝子との関係は無い
GIP2,2026-10-04,11973298;8754819,(Gip2 OR GLC7-interacting) AND Saccharomyces。gip2 欠失で glc7-109 の高グリコーゲンが一部残るという遺伝学だけで、Gip2 と Glc7 の結合などは要旨に無い
RTK1,2026-10-04,31351878,"""Rtk1""[tiab] AND Saccharomyces・(Rtk1 OR ribosome biogenesis kinase) AND (Cka2 OR Gus1 OR Arc1)。Rtk1 を調べた出芽酵母の原著が見つからない"
MUP3,2026-10-04,8893857;16977312;30610170,(Mup3 OR MUP3) AND (Mup1 OR methionine permease)。超低親和性メチオニン透過酵素という記載だけで、制御する遺伝子は名指しされていない
BNA3,2026-10-04,18205391,BNA3 AND (yeast OR kynurenine)。キヌレニンアミノ基転移酵素としての酵素学だけで、ほかの遺伝子との関係は無い
GPM2,2026-10-04,9544241,GPM2 AND (yeast OR cerevisiae)。働かない相同遺伝子とされ、関係は無い
YHR140W,2026-10-04,23435728,候補の MOT3・HOG1 の論文（23435728）の要旨に YHR140W は出てこず、本文は PMC で読めない。YHR140W の検索は 0 件
CIT3,2026-10-04,9140965;41401048,CIT3 AND (yeast OR cerevisiae OR methylcitrate)。CIT1 と同じように制御されるとあるが転写因子は名指しされていない。浸透圧で RTG 経路に制御されるのは CIT2 で CIT3 ではない
ERC1,2026-10-04,27567046;31961264,"要旨は清酒酵母の ERC1 の型と SAM・テトラヒドロ葉酸の蓄積だけで、ほかの遺伝子との関係がない。検索: ""Erc1""[tiab] AND cerevisiae"
SPO24,2026-10-04,25127041;11415981,"要旨・本文は MSE（Ndt80 の結合配列）を消すと 5' 延長 mRNA が減ることだけで、Ndt80 そのものは調べていない（推測になるので書かない）。Pdr1 の制御は 11415981 の要旨に YPR036W-A が出てこない。検索: ""Spo24""[tiab] OR ""YPR036W-A""[tiab]"
ALD5,2026-10-04,10585550,"要旨は ald5 変異の呼吸・シトクロムの低下と ALD7 の過剰発現の効果だけで、遺伝子どうしの関係がない。検索: ""Ald5""[tiab] AND cerevisiae"
PGI1,2026-10-04,15955809;36456947;9278401;8508783,"候補の RSP5 のユビキチン化（15955809）は要旨に Pgi1 の名がなく、本文も PMC にない。ほかの要旨は pgi1Δ による糖リン酸（グルコース 6-リン酸）を介した効果で、相手の遺伝子を名指ししていない（グリコーゲン合成酵素は遺伝子名なし）。検索: (""Pgi1""[tiab] OR ""phosphoglucose isomerase""[tiab]) AND cerevisiae"
YMR206W,2026-10-04,,"機能不明。検索 ""YMR206W""[tiab] で 1 件（16710832、網羅的な注釈）だけで関係の記述なし"
NCW1,2026-10-04,,"機能不明。検索 ""Ncw1""[tiab] OR ""YMR122W-A""[tiab] で出芽酵母の論文なし"
RMD1,2026-10-04,23726901,"要旨は RMD1 を題材にした翻訳開始の解析だけで、ほかの遺伝子との関係がない。検索: ""Rmd1""[tiab] AND cerevisiae"
YNL194C,2026-10-04,,"検索 ""YNL194C""[tiab] と YNL194C（全欄）で 0 件"
BSC3,2026-10-04,,"Dubious ORF。検索 ""Bsc3""[tiab] OR ""YLR465C""[tiab] で出芽酵母の論文なし"
PRY2,2026-10-04,23027975,"要旨は Pry1・Pry2 がステロールに結合し、アセチル化ステロールの分泌に要ることだけ（PRY1 とは重複して働くだけで、相手への作用ではない）。検索: ""Pry2""[tiab] AND cerevisiae"
RPS30B,2026-10-04,8662789,"題名から遺伝子の構造（ユビキチン様の融合がない）の論文で、関係の記述は見つからない。検索: ""Rps30b""[tiab] OR (""RPS30""[tiab] AND cerevisiae)"
YIL102C,2026-10-04,33255655,"Putative protein of unknown function。検索で出たのは別の遺伝子 YIL102C-A の論文だけ。検索: ""YIL102C""[tiab]"
DAP2,2026-10-04,3305478,"要旨は DAP2 の同定と dap2 変異に表現型がないことだけで、ほかの遺伝子との関係がない（STE13 とは重なる基質特異性のみ）。検索: ""Dap2""[tiab] AND cerevisiae"
GRS2,2026-10-04,22438917,"要旨はストレスで GRS2 が誘導され、強く発現させると GRS1 欠損を補うことだけで、制御する因子を名指ししていない。検索: ""Grs2""[tiab] AND cerevisiae"
YHR033W,2026-10-04,10590462,"検索式 ""YHR033W""[tiab] AND (yeast OR cerevisiae) で 1 件。10590462 は cAMP で抑えられる遺伝子の一つとするだけで、Msn2/4 依存かどうかは遺伝子ごとに書いておらず、特定の遺伝子との関係が言えない"
MSR1,2026-10-04,7607232,"検索式 ""MSR1""[tiab] AND (yeast OR cerevisiae) で 9 件（ほとんど別生物の MSR1）。7607232 はミトコンドリアのアルギニル tRNA 合成酵素であることを示すだけで、ほかの遺伝子との関係は書かれていない"
SCW10,2026-10-04,9748433;15470100;41160431;19129178,"検索式 ""SCW10""[tiab] AND (yeast OR cerevisiae)・SCW10 OR Scw10p。SCW4 との重複や BGL2 との遺伝的相互作用、Fus2・Sec14 に依存しない分泌が書かれるだけで、関係として書ける作用（制御・結合）がない"
YHK8,2026-10-04,12697649,検索式 YHK8 OR YHR048W で 2 件。12697649 はアゾール耐性株で発現が上がる遺伝子とするだけで、制御する遺伝子は書かれていない
PAU4,2026-10-04,40445397;21467572,"検索式 ""PAU4""[tiab] AND (yeast OR cerevisiae)・seripauperin cerevisiae。21467572 は PAU 遺伝子群の低酸素誘導に Upc2・Hog1・SAGA が要ると書くが、PAU4 を名指ししていない（本文は取得できず）"
RPL14B,2026-10-04,40604988,"検索式 ""RPL14B""[tiab] AND (yeast OR cerevisiae) で 2 件。量子ドット合成の応用研究のみで、ほかの遺伝子との関係は書かれていない"
AQY3,2026-10-04,28430948;24076236,検索式 YFL054C OR Aqy3。総説 2 本は Yfl054c の役割は不明とし、ほかの遺伝子との関係は書かれていない
GND2,2026-10-04,1328471;19712762;16914749;20738406,検索式 GND2 cerevisiae・Stb5 pentose phosphate pathway NADPH cerevisiae。Stb5 がペントースリン酸経路の遺伝子を制御するという要旨は GND2 を名指ししない（19712762 は背景として触れるだけ）。16914749 の本文は取得できなかった
NDI1,2026-10-04,22993213,"検索式 ""NDI1""[tiab] AND cerevisiae (apoptosis OR transcription OR Hap4)。22993213 はアポトーシスでの Ndi1 自身の切断と放出を書くが、切断する酵素などほかの遺伝子との関係は書かれていない"
RPS0B,2026-10-04,22792338;14627813,検索式 RPS0B OR (Rps0 AND cerevisiae)。22792338 は RPS0A と TIF32 の結合、14627813 は Rps0 と Rps21 の機能の重なりで、RPS0B を名指しした関係はない
TOS1,2026-10-04,20016268,"検索式 ""TOS1""[tiab] AND cerevisiae・TOS1 cerevisiae SBF。20016268 は構造上のグルカナーゼであることを示すだけで、ほかの遺伝子との関係は書かれていない"
CMC4,2026-10-04,,"検索式 ""CMC4""[tiab]・twin Cx9C Mia40 intermembrane space Cmc4 OR Cmc1 cerevisiae。出芽酵母の CMC4 の論文が見つからない"
PUP2,2026-10-04,1544471,"検索式 ""PUP2""[tiab] AND (yeast OR cerevisiae)・Pup2 proteasome subunit。1544471 はプロテアソームのサブユニットとしてのクローニングで、ほかの遺伝子との関係は要旨にない"
RRG1,2026-10-04,19751518,"検索式 ""RRG1""[tiab] AND cerevisiae で 2 件。19751518 は呼吸増殖に要る遺伝子の網羅的スクリーニングで、関係は書かれていない"
YLL067C,2026-10-04,,検索式 YLL067C[tiab] で 0 件。Y' 要素のヘリカーゼ候補で論文がない
ARO5,2026-10-04,37235661,"検索式 ""ARO5""[tiab]・YGL117W で 1 件（網羅的な表現型解析）。Gcn4 による制御を名指しした論文は見つからなかった"
DPS1,2026-10-04,16113655,"検索式 ""DPS1""[tiab] AND cerevisiae・aspartyl-tRNA synthetase yeast (mRNA OR autoregulation OR Arc1)。16113655 は自身の mRNA への結合による自己制御で、ほかの遺伝子との関係はない"
YPR127W,2026-10-04,33428031;14512416,検索式 YPR127W・(YRM1 OR YOR172W) AND cerevisiae。YPR127W の論文はプロモーターの in silico 解析だけ。Yrm1 の標的を示した 14512416 は要旨に YPR127W の名前がなく、PMC に本文がないため確かめられない
CTS2,2026-10-04,37150231;18809304,"検索式 ""CTS2""[tiab] AND (yeast OR cerevisiae)・(CTS2 OR chitinase) AND sporulation AND cerevisiae。酵素活性の測定（37150231）と A. gossypii の論文だけで、ほかの出芽酵母遺伝子との関係は書かれていない"
LOA1,2026-10-04,22090344;26018144,"検索式 ""LOA1""[tiab]・(LOA1 OR VPS66 OR YPR139C) AND cerevisiae。LPA アシル転移酵素としての性質と脂肪滴での働きだけで、ほかの遺伝子との関係は書かれていない"
RPL41A,2026-10-04,11451953;12433929;16449648,"検索式 ""RPL41A""[tiab]・(RPL41 OR L41) AND ribosom* AND cerevisiae。L41 の翻訳とリボソームの機能の論文だけで、ほかの遺伝子との関係は書かれていない"
YLR460C,2026-10-04,33936002,"検索式 ""YLR460C""[tiab] AND (yeast OR cerevisiae)。ゲノム比較の論文 1 件だけで、関係は書かれていない"
IDI1,2026-10-04,26883346;35792326,"検索式 ""IDI1""[tiab] AND cerevisiae・IDI1 AND (Upc2 OR Ecm22 OR Hap1 OR Rox1 OR Hmg1)。代謝工学（過剰発現）の論文ばかりで、IDI1 を制御する遺伝子や IDI1 が働きかける遺伝子との関係は書かれていない"
RPS17A,2026-10-04,6308621;6757717;3915776;3939318;8986595,検索式 (RPS17A OR rp51) AND cerevisiae・(RP51A OR RPS17A) AND (splicing OR rna2)。rna2（PRP2）変異で rp51 の前駆体 RNA がたまる報告（6308621・6757717）はあるが、要旨は rp51 としか書かず RP51A/RPS17A を名指ししないので照合で片方だけになる。RP51A を名指しする論文には PRP2 との関係がない
CSI2,2026-10-04,25253718;15282802,検索式 CSI2 OR YOL007C。25253718 は分裂酵母の csi2+。出芽酵母の CSI2 はほかの遺伝子との関係を書いた論文がない
GTO3,2026-10-04,16709151;16936141;26483010,検索式 GTO3 OR YMR251W・(Gto1 OR Gto2 OR Gto3) AND (Met4 OR Yap1 OR Msn2)。酵素活性（16709151）の論文だけで、ほかの遺伝子との関係は書かれていない
IMA1,2026-10-04,20562106;24649402,"検索式 ""IMA1""[tiab] AND cerevisiae・(IMA1 OR YGR287C OR isomaltase) AND (MAL63 OR MAL13 OR maltose)。20562106 は IMA1 がマルトースで誘導され Malx3p の転写系で制御されると書くが、特定の MAL 活性化因子を名指ししていない"
PKH3,2026-10-04,26391581;22957732;24516402,"検索式 ""PKH3""[tiab]・Pkh1 AND Pkh3 AND (Sch9 OR PKA)。PKH3 は欠失株の構築に使われるだけ（26391581 本文: 単独欠失に目立った表現型なし）。基質のリン酸化を示したのは Pkh1/Pkh2 で、Pkh3 については書かれていない"
SCS7,2026-10-04,9368039;9559540;12006573;40266832,"検索式 ""SCS7""[tiab] AND cerevisiae・SCS7 AND (Ole1 OR Mga2 OR Cyb5 OR Lag1 OR Ypk1)。Scs7 は IPC の脂肪酸の水酸化に必要で、scs7 欠失が csg1/csg2 の Ca2+ 感受性を抑える遺伝学の結果だけ。ほかの遺伝子が Scs7 に、Scs7 がほかの遺伝子に働く関係は書かれていない"
YOL024W,2026-10-04,33546197,検索式 YOL024W。凍結融解耐性の発現解析 1 件だけで、関係は書かれていない
DCV1,2026-10-04,36601911,検索式 DCV1 OR YFR012W。36601911 は Dcv1 がフェロモン応答中の細胞の後ろ側に局在し、欠失で極性・輸送タンパク質が誤局在すると書くが、相手の遺伝子を要旨で名指ししていない。PMC に本文がない
SGE1,2026-10-04,8349103;9483795;30045857,"""SGE1""[tiab] AND (yeast OR cerevisiae)・SGE1 AND (Gal11 OR Pdr1 OR Yrr1)。要旨は薬剤排出ポンプとしての働きと gal11 の多コピー抑圧（遺伝学）だけで、ほかの遺伝子との分子の関係が書かれていない"
YSY6,2026-10-04,1938999,"""YSY6""[tiab]・YSY6 OR YBR162W-A。出芽酵母の論文は大腸菌 secY 変異の抑圧の 1 本だけで、酵母の遺伝子との関係はない"
IRC19,2026-10-04,38995433,"""IRC19""[tiab] AND (yeast OR cerevisiae)。論文は 1 本で、rad52Δ との相乗的な欠損（遺伝学）だけ。分子の関係は書かれていない"
YMR1,2026-10-04,15169871;16306222,"""YMR1""[tiab] AND (yeast OR cerevisiae)。PI3P の脱リン酸化酵素で Sjl2・Sjl3 と重複して働くこと、PI3P 蓄積で Rho1/Pkc1 経路が過剰に働くことだけで、特定の遺伝子への直接の作用は書かれていない"
CAF120,2026-10-04,25028499,"""CAF120""[tiab]・Caf120 AND (Ccr4 OR Not)。DNA 損傷で局在が変わるという予測の論文だけで、ほかの遺伝子との関係は書かれていない"
YBL113C,2026-10-04,,"""YBL113C""[tiab] AND (yeast OR cerevisiae) で 0 件。テロメアの Y' 要素の中のヘリカーゼ様遺伝子で論文がない"
AMK1,2026-10-04,,"""AMK1""[tiab] AND (yeast OR cerevisiae)。出芽酵母の論文はない（Alternaria の同名遺伝子だけ）。機能不明のタンパク質"
BNA4,2026-10-04,15806102;12972620;36007612;30760525,"""BNA4""[tiab]・(Hst1 OR Sum1) AND NAD AND cerevisiae。Hst1 が BNA 遺伝子群を抑えるという要旨はあるが BNA4 を名指ししていない（36007612 の本文でも BNA4 は経路の説明だけ）"
IMD4,2026-10-04,20097157;23865587,"""IMD4""[tiab]・IMD4 AND (Imd3 OR Imd2 OR guanine OR GTP)。Imd4 がアルギニンメチル化を受けるという報告はあるが酵素を特定していない。ほかに IMD4 を名指しした関係はない"
RGI1,2026-10-04,20567505;26886577,"""RGI1""[tiab] AND (yeast OR cerevisiae)。呼吸での働きと BAX 抵抗の報告だけで、ほかの遺伝子との関係は書かれていない"
THI4,2026-10-04,7941734;11113972;16850348;20439498;22404710;9367751,"""THI4""[tiab]・THI4 AND (Thi2 OR Thi3 OR Pdc2 OR Hst1)。Thi2・Thi3・Pdc2・Hst1 が THI 遺伝子群を制御する要旨はあるが THI4 を名指しした関係はない（11113972 は THI4-lacZ を指標に使うだけで制御因子を特定していない）"
VPS62,2026-10-04,,"""VPS62""[tiab]・Vps62 OR YGR141W で出芽酵母の論文はなし（関係のない 1 件だけ）"
DFP3,2026-10-04,,"""DFP3""[tiab] AND (yeast OR cerevisiae) で 0 件。DUP240 ファミリーの機能不明の膜タンパク質"
ENB1,2026-10-04,10831226;12196168;11850263;16437160,"""ENB1""[tiab]・(ENB1 OR ARN4) AND (Aft1 OR Rcs1 OR iron)。鉄欠乏で発現する輸送体という記述と、Aft1 制御の遺伝子と似た発現という記述だけで、ENB1 を制御する因子を名指ししていない"
RHB1,2026-10-04,10753927;11400338,"""RHB1""[tiab] AND (yeast OR cerevisiae)・(RHB1 OR Rheb) AND cerevisiae AND (canavanine OR arginine)。出芽酵母の原著（10753927）は遺伝子を ScRheb と呼び、RHB1 の名前が要旨にも本文にも出ないため照合が通らない。内容は「ScRheb 欠失でアルギニン取り込みが増え、その増加は Can1 に依存する」（RHB1⊣CAN1 の間接の関係の候補）"
YBL055C,2026-10-04,15657035,検索式 YBL055C・TatD AND cerevisiae。Tat-D ヌクレアーゼの酵素活性とアポトーシスへの関与（15657035）だけで、ほかの遺伝子との関係は書かれていない
CYB5,2026-10-04,8181746;10622712,検索式 CYB5 AND cerevisiae・cytochrome b5 AND sterol/P450 reductase。CYB5 の多コピーが NADPH-P450 還元酵素（NCP1）欠損のケトコナゾール過敏を抑える（8181746）が、要旨に NCP1 の遺伝子名がなく本文も読めない。10622712 は精製タンパク質の実験で遺伝子名が出ない
GLC3,2026-10-04,1634552;10077186;7961723;8150278,検索式 GLC3 AND cerevisiae・GLC3 AND (Msn2 OR STRE OR PKA)。GLC3 の発現がグリコーゲン蓄積と同時に上がる・グルコース制限で誘導されるとの記述だけで、制御する遺伝子を名指ししていない。7961723 は cAMP 経路による負の制御を推定として述べるだけ
GAT4,2026-10-04,10392447,検索式 GAT4 AND cerevisiae・(GAT4 OR YIR013C) AND sporulation。候補の GAT4→ZRT1（10392447）は要旨に GAT4 も ZRT1 も出てこず、本文も読めないので確かめられない。ほかに出芽酵母の GAT4 の論文が見つからない
OCA6,2026-10-04,21409566,検索式 OCA6 OR YDR067C・OCA6 AND cerevisiae。ヒトの眼皮膚白皮症（OCA6）の論文ばかりで、酵母では系統解析（21409566）だけ。ほかの遺伝子との関係は書かれていない
APE2,2026-10-04,1765107;3286257;363165,検索式 APE2 AND (aminopeptidase OR Vps10)・aminopeptidase yscII AND vacuole。クローニングと変異体の解析だけで、Vps10 による輸送などほかの遺伝子との関係を書いた論文が見つからない
TES1,2026-10-04,10092594;19830908,検索式 TES1/PTE1 AND thioesterase AND peroxisome・(TES1 OR PTE1) AND (Oaf1 OR Pip2 OR Adr1)。脂肪酸で mRNA が増える・ペルオキシソームに局在するとの記述だけで、制御する転写因子などを名指ししていない。本文は PMC にない
DIA3,2026-10-04,11063681,検索式 DIA3 AND cerevisiae・Dia3 AND (FLO11 OR invasive)。FLO11 の抑制因子の変異の検索で dia3 が得られたが、dia3 が FLO11 プロモーターに依存するかは要旨に書かれず、本文も読めない
EXO5,2026-10-04,20086101,検索式 EXO5 AND mitochondria AND yeast・(EXO5 OR DEM1) AND (Ace2 OR transcription)。酵素活性とミトコンドリアゲノムの維持（20086101）だけで、Ace2 などほかの遺伝子との関係は書かれていない。本文は取れなかった
YBR053C,2026-10-04,,検索式 Ybr053c[tiab]・YBR053C AND yeast。該当する論文がない（機能不明のタンパク質）
DDP1,2026-10-04,35862758;21775424;26828065;40291979,検索式 DDP1[tiab] AND (yeast OR cerevisiae)・Ddp1 AND (diphosphoinositol OR Kcs1)・Ddp1 AND Ppx1。要旨はポリリン酸・イノシトールピロリン酸の加水分解（基質は低分子）と、Ppx1 との協調・Siw14 や Vip1 と独立に働くという記述だけで、ほかの遺伝子への作用は書かれていない
MAL33,2026-10-04,29614773;1766381,検索式 MAL33・MAL3 AND (MAL33 OR activator) AND Saccharomyces。S288C では働かない遺伝子で、要旨は MAL 遺伝子の変異・発現の記述だけ。MAL33 が標的を制御すると名指しした論文がない
YAR064W,2026-10-04,,検索式 YAR064W。偽遺伝子の断片で論文がない
DIA1,2026-10-04,11063681,検索式 DIA1[tiab] AND yeast・YMR316W。11063681 は FLO11 の抑制因子のスクリーニングで dia1 が取れたことだけで、DIA1 が FLO11 の発現を通じるかは要旨に書かれていない（本文は PMC で取れない）
NFG1,2026-10-04,32665277;20641017,検索式 NFG1[tiab] OR YLR042C・NFG1 AND (Kss1 OR Ste12 OR Tec1)。要旨は「糸状成長の MAPK 経路を負に制御する」で、相手の遺伝子を名指ししていない（本文は PMC で取れない）
RDL1,2026-10-04,30217845;33922196,検索式 RDL1[tiab] AND yeast・RDL1 AND (thiosulfate OR rhodanese)・(RDL1 OR YOR285W) AND transcription。チオ硫酸を亜硫酸と過硫化物にする酵素の話だけで、ほかの遺伝子との関係は書かれていない
JJJ2,2026-10-04,22851130,検索式 JJJ2[tiab]・Jjj2 AND (Ssa OR Hsp70)。網羅的な合成致死の解析で「専門的な J タンパク質」とされるだけ
RPL37A,2026-10-04,21926967;8082197;1840541,検索式 RPL37A[tiab]・rpL37 AND yeast・A3 factors。21926967 は A3 因子がないと rpL37 が組み込まれないとするが、要旨に A3 因子の遺伝子名がない（本文は PMC で取れない）。ほかは遺伝子の重複と発現量の記述だけ
TOS6,2026-10-04,16911514,検索式 TOS6[tiab] OR YNL300W・Tos6 AND cerevisiae。欠失で乳酸耐性が上がるという網羅的な結果だけ
YBR197C,2026-10-04,10407271,検索式 YBR197C。欠失株で表現型がないという報告だけ
ALA1,2026-10-04,10601222;16556230,検索式 ALA1[tiab] AND tRNA・cdc64 AND yeast。アラニル tRNA 合成酵素としての働き・翻訳開始点・局在の話で、ほかの遺伝子との関係は書かれていない
CCW14,2026-10-04,10322008;15165243;29370419,検索式 CCW14[tiab]・Ccw14 AND cerevisiae。細胞壁の構成要素としての記述と多重欠失株の解析で、CCW14 とほかの遺伝子の関係は書かれていない
PAU3,2026-10-04,19762443;7926827;10760143;21467572,"検索: ""PAU3""[tiab] AND (yeast OR cerevisiae)、(PAU3 OR seripauperin OR ""PAU genes"") AND (UPC2 OR ROX1 OR anaerobic)。PAU 遺伝子群として TUP1・UPC2・HOG1 の制御が書かれるが、要旨に PAU3 を名指しした関係がなく、21467572 の本文も取れない"
YDL129W,2026-10-04,28076367,"検索: ""YDL129W""[tiab]。SOR1 としてソラフェン A 感受性の遺伝学スクリーンに出るだけで、ほかの遺伝子との関係（ACC1 の活性への影響など）は要旨で示されていない"
GTO1,2026-10-04,16936141;16709151,"検索: ""GTO1""[tiab] AND (yeast OR cerevisiae)。Str3 の酸化還元制御との関連は推測（could be related）にとどまり、関係として書けない。本文は PMC で取れない"
SHE10,2026-10-04,,"検索: ""SHE10""[tiab]、(SHE10 OR YGL228W OR OSW7) AND spore wall、(SHE10 OR YGL228W)。出芽酵母の論文が見つからない"
TNA1,2026-10-04,10869563;10984621;23457190;21589930;30760525,"検索: ""TNA1""[tiab] AND (yeast OR cerevisiae)、Tna1[tiab] AND cerevisiae、Hst1 AND NAD+ AND (TNA1 OR BNA OR nicotinic)。ニコチン酸・PABA・低 NAD+ で発現が変わることは書かれるが、制御する転写因子を名指しした要旨がない（10984621 は要旨なし）"
YBR085C-A,2026-10-04,30185560,"検索: ""YBR085C-A""[tiab]。過剰発現でツニカマイシン耐性になるという表現型だけで、ほかの遺伝子との関係は書かれていない"
GIS3,2026-10-04,10628841,"検索: ""GIS3""[tiab]、GIS3 OR YLR094C。snf1 mig1 srb 変異の Gal- の多コピー抑圧因子として見つかっただけで、ほかの遺伝子との直接の関係は書かれていない"
OCA4,2026-10-04,,"検索: ""OCA4""[tiab] AND (yeast OR cerevisiae)、OCA4 OR YCR095C。出芽酵母 OCA4 の働きを調べた論文が見つからない（ヒトの OCA4 型白皮症の論文だけ）"
TUF1,2026-10-04,16777356;9211792;12524521,"検索: ""TUF1""[tiab] AND (yeast OR cerevisiae)、TUF1 AND (mtDNA OR translation)、TUF1 AND (Hap4 OR Hap2 OR transcription)。ミトコンドリア tRNA 変異を過剰発現で抑えるという遺伝学だけで、核の遺伝子との関係は書かれていない"
YJL218W,2026-10-04,35689329,"検索: ""YJL218W""[tiab]。欠失で塩耐性が下がりペルオキシソーム関連遺伝子の発現が変わるが、特定の遺伝子との関係は書かれていない"
APS2,2026-10-04,24460703;25346786;2040623;36766825;8157009,"検索: ""APS2""[tiab] AND (yeast OR cerevisiae)、(Aps2p OR APS2 OR YJR058C) AND (clathrin OR adaptor)、AP-2 と Apm4・Mid2。AP-2 の関係は Apm4（μ サブユニット）について書かれ、APS2 を名指しした関係がない（24460703 の本文も確認）"
MRL1,2026-10-04,11470415,"検索: ""MRL1""[tiab] AND (yeast OR cerevisiae)。VPS10 との二重欠失でプロテイナーゼ A・B の成熟が強く遅れる遺伝学的な相乗効果だけで、関係の向きや相手（PEP4 など）を遺伝子名で書いていない"
DMO1,2026-10-04,15776236;16251356,"検索: ""DMO1""[tiab]、YJR120W、Aus1 AND Pdr11 AND anaerobic。ATP2 の反復単位に含まれる ORF としての記述と、嫌気生育に要る遺伝子のスクリーンだけで、ほかの遺伝子との関係は要旨にない"
YER010C,2026-10-04,16195557,"検索: ""YER010C""[tiab]。結晶構造の論文だけで、ほかの酵母遺伝子との関係は書かれていない"
AMF1,2026-10-04,21621519;24345006,"検索: ""AMF1""[tiab] AND (yeast OR cerevisiae)、(AMF1 OR YOR378W) AND (ammonium OR transporter)。YOR378W はホウ素耐性に関わらないという結果だけで、ほかの遺伝子との関係は書かれていない"
FIG1,2026-10-04,9456310;12878605;17151357;16738305;28031257,"検索: ""FIG1""[tiab] AND (yeast OR cerevisiae)、FIG1 AND (pheromone-regulated OR Ste12)、Fig1 AND (Mid1 OR Cch1 OR calcineurin OR Prm1)。フェロモンで誘導され低親和性 Ca2+ 流入（LACS）に必要と書かれるが、制御する転写因子や相手の遺伝子を名指しした関係（Mpk1 には不要、Prm1 とは並行に働く）は書けない"
RPL37B,2026-10-04,8082197;21926967,検索式 (RPL37B OR RPL37) AND cerevisiae。8082197 は RPL37A/B の発現の違いだけ、21926967 は rpL37（A/B を区別しない）の組み込みの話で、RPL37B を名指しした転写因子や相手は書かれていない
YEF1,2026-10-04,16760478;15978040;16680368,検索式 YEF1 AND (NADH kinase OR POS5)。酵素活性と pos5・utr1 との多重変異・過剰発現での相補だけで、ほかの遺伝子を制御・修飾する関係は書かれていない
AIM17,2026-10-04,23709042,検索式 AIM17 OR YHL021C。23709042 は欠失で高グルコース感受性になり HOG 経路では転写制御されないとするだけ（DB に HOG1→AIM17 はない）。ほかに論文がない
CMR2,2026-10-04,,検索式 (CMR2 OR YOR093C) AND (yeast OR cerevisiae OR diacylglycerol)・Cmr2 AND diacylglycerol。出芽酵母の論文が見つからない（CMR は心臓 MRI などの別の語）
HHY1,2026-10-04,41797432,検索式 HHY1 OR YEL059W。見つかった 41797432 は分裂酵母の Hhy1 の論文で使えない。出芽酵母の論文はない
MHO1,2026-10-04,22412880,検索式 MHO1 OR YJR008W・(YJR008W OR MHO1) AND (Opi1 OR inositol OR choline)。22412880 は PLC1 との合成致死（遺伝学）と過剰発現での侵入性増殖の阻害だけで、制御の関係は書かれていない。Opi1 による抑制を書いた論文は見つからない
YER034W,2026-10-04,,検索式 YER034W。時系列発現の解析法の論文（26277424）だけで、関係を書いた論文がない
AMD2,2026-10-04,,検索式 (AMD2 OR YDR242W) AND (yeast OR cerevisiae)。別の酵母（Komagataella）のアセトアミダーゼの論文だけ
PAU20,2026-10-04,19762443,検索式 PAU20 OR YOL161C。19762443 は PAU 遺伝子群のストレスでの発現と配列の比較だけで、転写因子の名指しはない
RPL26B,2026-10-04,22688513;27552055;27385339,検索式 (RPL26B OR RPL26) AND cerevisiae。Tom1 による過剰な Rpl26 の分解（27552055）などは Rpl26 として書かれ、RPL26B を区別していない
YKL225W,2026-10-04,22370347,検索式 YKL225W。Dubious ORF。22370347 は染色体分割によるエタノール耐性株の作製で、関係は書かれていない
RPS16B,2026-10-04,24948608,検索式 (RPS16B OR RPS16) AND cerevisiae。24948608 は Rps5 と Rps16（A/B を区別しない）の接触の話で、RPS16B を名指しした関係はない
YER053C-A,2026-10-04,22535436;17035190,検索式 YER053C-A。22535436 はエタノールで発現が上がる遺伝子に挙がるだけ、17035190 は表現型の原因が PBS2 だったという報告
FMP23,2026-10-04,14534306,検索式 FMP23 OR YBR047W。14534306 は mac1 欠失で発現が変わり銅・鉄の表現型があるとするだけで、制御する転写因子は名指しされていない
DPL1,2026-10-04,11102354;11102507;10329480,検索式 DPL1 AND (yeast OR cerevisiae)・Dpl1 AND (Lcb4 OR Ysr2 OR sphingosine)。リン酸化長鎖塩基の分解（代謝）と、ysr2・snc 変異の多コピー抑圧（遺伝学）だけで、ほかの遺伝子を制御・修飾する関係や DPL1 の発現を制御する転写因子は書かれていない
SPO19,2026-10-04,18756268,検索式 SPO19・YPL130W・Spo19 AND prospore・prospore membrane AND bending。ヒットは分裂酵母の spo 変異の論文だけ。18756268（SpoMBe 経路）の要旨に SPO19 は出てこない
YHL049C,2026-10-04,22370347,検索式 YHL049C。22370347 はミニ染色体上の遺伝子の一覧に名前があるだけで、ほかの遺伝子との関係は書かれていない
TRM5,2026-10-04,17652090;16642040,検索式 TRM5・Trm5 AND wybutosine。17652090 は tRNA の m1G37 メチル化と局在だけ。16642040（ワイブトシン合成）の要旨に TRM5 は出てこない。ほかの遺伝子との関係が見つからない
APP1,2026-10-04,23071111;23335564;15802519,検索式 APP1・App1 AND Rvs167。App1 は PAP 酵素（PAH1・DPP1・LPP1 と並ぶ）と書かれるが、エンドサイトーシスのタンパク質との相互作用は相手の名前がない。15802519 に APP1 は出てこない
ECM4,2026-10-04,27736955,検索式 ECM4・Ecm4 AND glutathione。結晶構造と酵素活性の論文だけで、ほかの遺伝子との関係は書かれていない
PDL32,2026-10-04,,検索式 PDL32・YMR087W。酵母の論文がヒットしない
MRX18,2026-10-04,,検索式 MRX18・YBR056W。ヒットは YBR056W-A（別の遺伝子）とヒトの論文だけ
YFS1,2026-10-04,41197732,検索式 YFS1・YPL034W。41197732 は +1 フレームシフトによる翻訳の論文で、ほかの遺伝子との関係は書かれていない
CPR4,2026-10-04,9371805,検索式 CPR4・Cpr4 AND cyclophilin。9371805 はイムノフィリン欠失株の解析で、Cpr4 の相手は書かれていない
EHT1,2026-10-04,35484971;20851956,検索式 EHT1・EHT1 AND transcription factor。エステル生産の発現量の論文ばかりで、EHT1 を制御する遺伝子や相手を名指しした要旨がない
EEB1,2026-10-04,20851956;23265543,検索式 EEB1・EEB1 AND transcription factor。20851956 はデカン酸で EEB1 が誘導され、PDR1・STB5・OAF1・PIP2 の欠失株が感受性と書くが、それらが EEB1 を制御するとは書かれていない（本文は PMC で読めない）
RPL6A,2026-10-04,19116144;24312670,検索式 RPL6A / Rpl6 AND cerevisiae。19116144 は Rpl6A/B が tRNA 遺伝子に結合し RPL6A が TFIIIC の条件変異の多コピー抑圧因子と書くが、TFIIIC のどのサブユニットか要旨になく、本文は PMC にない。ほかの遺伝子との関係を名指しで確かめられない
YLR278C,2026-10-04,,検索式 YLR278C（全フィールド）・zinc cluster AND rDNA AND URE3。PubMed の題名・要旨に出てくる論文がない
COS10,2026-10-04,25942624;26505929,検索式 COS10[tiab] / Cos proteins AND ubiquitin AND MVB。Cos タンパク質群（Sir2 依存に発現が増える）としての記述だけで、要旨に COS10 の名前がなく、本文も PMC から読めない
ENT4,2026-10-04,,検索式 ENT4[tiab] AND yeast・(Ent4 OR YLL038C) AND (Arn1 OR epsin)。出芽酵母の Ent4 を調べた論文が見つからない
TRP1,2026-10-04,27190239;3047551,検索式 TRP1[ti] AND cerevisiae・TRP1 AND (GCN4 OR general control)。選択マーカーとしての注意やプロモーターの配列の論文だけで、ほかの遺伝子との関係は書かれていない
YHR210C,2026-10-04,23954547,検索式 YHR210C[tiab]。23954547 は欠失でセロビオース利用が上がると書くだけで、ほかの遺伝子との関係はない
RPL8B,2026-10-04,,検索式 RPL8B[tiab] OR RPL8A[tiab]・Rpl8 AND cerevisiae AND (paralog OR 27SA3)。出芽酵母で関係を書いた論文が見つからない
YRF1-4,2026-10-04,,検索式 YRF1[tiab]・YRF1-4 OR YLR466W OR (Yrf1 AND (Cdc28 OR helicase))。YRF1-4 を名指しした論文がない（YRF1-6 や Y' 全体の論文のみ）
HXT8,2026-10-04,18455824;10336421,検索式 HXT8[tiab]・HXT8 AND (Rgt1 OR Mig1 OR Snf3 OR Mth1)。グルコース濃度による発現の記述だけで、制御する転写因子を名指しした論文がない
PAU13,2026-10-04,21467572,検索式 PAU13 OR YHL046C・seripauperin AND (Rap1 OR transcription)。21467572 は PAU 遺伝子群（Upc2・Hog1 依存の低酸素誘導）として書くだけで PAU13 の名前がない
FPY1,2026-10-04,29902190,検索式 FPY1[tiab] OR YMR178W[tiab]。29902190 は酵素活性と FLX1・FMN1 との遺伝学的相互作用（欠失どうしの組み合わせ）だけで、タンパク質の関係としては書けない
YNL208W,2026-10-04,11055398,検索式 YNL208W[tiab]。ヒット 1 件（11055398）は Candida の P450 を過剰発現すると YNL208w が誘導されるという報告で、酵母の遺伝子・転写因子との関係は書かれていない
YHR214W,2026-10-04,11050096,検索式 YHR214W[tiab]。11050096 はアルカリで YAR068W/YHR214W が誘導されると書くが、Rim101 に依存するかはこの遺伝子について書かれていない。転写因子を名指しした論文なし
RPL32,2026-10-04,42202054;9121443,検索式 RPL32[tiab] AND (yeast OR cerevisiae)。L32 が自分の転写産物のスプライシングと翻訳を調節する（9121443）・枯渇で G1 停止（42202054、サイクリンの mRNA が減るが遺伝子名なし）だけで、ほかの遺伝子との関係は書かれていない
ATF2,2026-10-04,28205618,検索式 ATF2[tiab] AND (acetyltransferase/cerevisiae/steroid)・ATF2 AND cerevisiae AND (expression OR regulation)。醸造・エステル生産の応用論文ばかりで、ATF2 とほかの遺伝子の関係（制御する転写因子など）を書いた原著が見つからない
COS4,2026-10-04,25942624;12051917,検索式 COS4[tiab] AND yeast（0 件）・Cos proteins。25942624 は Cos タンパク質群をまとめて扱い COS4 を名指ししない（PMC の本文は読めない）。12051917 は COS8 の話
PLP1,2026-10-04,10749875;14573467;16415341,検索式 PLP1 AND (yeast OR phosducin OR CCT)・phosducin-like AND CCT。Gβγ・β チューブリン・CCT との関係は書かれているが、要旨に相手の遺伝子名がなく本文も PMC にない
VSB1,2026-10-04,32776922;33704406;42114997,検索式 VSB1[tiab]・Ypq2 OR Vsb1 AND TORC1。窒素飢餓で Vsb1 の活性が抑えられ Ypq2 が搬出を担うと書くが、ほかの遺伝子が Vsb1 を制御するという関係は書かれていない
YMC1,2026-10-04,16140254;26821380,検索式 YMC1[tiab]・HEM25 AND YMC1。ODC1/ODC2・HEM25 と働きが重なる（多重欠失の表現型）という記述だけで、遺伝子どうしの制御関係はない
RPS24B,2026-10-04,,検索式 RPS24B[tiab] OR (Rps24[tiab] AND cerevisiae)。ヒットは植物の 1 件だけで、出芽酵母の論文が見つからない
EGH1,2026-10-04,26116408,検索式 EGH1[tiab] OR YIR007W[tiab]。26116408 はエルゴステリルグルコシドを Ugt51(Atg26) が作り Egh1 が分解すると書くが、代謝物を介した関係で遺伝子どうしの制御ではない
RPS23B,2026-10-04,24550462;29083304,検索式 RPS23B[tiab] OR (Rps23[tiab] AND yeast)。24550462 に Tpa1 が Rps23p の Pro-64 を二重水酸化するとあるが、論文は Rps23p と書き RPS23A・RPS23B を区別せず、照合で RPS23B の名前が要旨に出てこない（SGD の別名に Rps23 がない）。29083304 は分裂酵母の話
FSF1,2026-10-04,17240176,検索式 FSF1[tiab] OR YOR271C[tiab]。配列解析（17240176）だけで、ほかの遺伝子との関係を書いた実験論文がない
RRT5,2026-10-04,37507753,"検索式 ""RRT5""[tiab]・YFR032C。酵母の論文はワイン発酵の SNP の 1 本だけで、ほかの遺伝子との関係も RRT5 の発現を制御する転写因子も書かれていない"
YOR376W,2026-10-04,38142127,検索式 YOR376W・YOR376W-A。リチウムでの欠失株の網羅的な解析 1 本だけで、ほかの遺伝子との関係は書かれていない
ATG33,2026-10-04,19793921;23910823;34829194,"検索式 ""ATG33""[tiab] AND (yeast OR cerevisiae)・Atg33 AND (Atg32 OR mitophagy)。ミトファジーに必要という報告と、Mtl1 のシグナルによるミトファジーが Atg33 に依存するという記述だけで、ほかの遺伝子との直接の関係は書かれていない"
COS9,2026-10-04,25942624;26505929,"検索式 ""COS9""[tiab]・COS9 OR YKL219W・Cos proteins AND ubiquitin AND MVB。Cos タンパク質群が Rsp5 でユビキチン化され、発現が Sir2 に依存することは書かれているが、要旨にも本文（PMC4421094）にも COS9 の名前がない"
WHI4,2026-10-04,11290704,検索式 (Whi4 OR WHI4) AND (Whi3 OR Cln3 OR size)・Whi4 AND cerevisiae・YDL224C。WHI3 の論文で一部重複する相同遺伝子として名前が出るだけで、WHI4 自体とほかの遺伝子との関係は書かれていない
ACO2,2026-10-04,30834327,"検索式 ""ACO2""[tiab] AND (cerevisiae OR yeast)・ACO2 AND Gcn4・ACO2 AND (Rtg OR Hap4 OR expression)。発酵中に発現しグルコース制限で有利という報告だけで、制御する転写因子（Gcn4 など）を名指しした論文は見つからない"
GAG1,2026-10-04,12702675,検索式 YLR407W OR (Gag1 AND Cka2)・(Gag1 OR YLR407W) AND (CK2 OR Cka2 OR kinase)。抗真菌薬耐性の実験進化の論文 1 本だけで、Cka2 との結合を書いた論文は PubMed で見つからない
FMP25,2026-10-04,21168530,検索式 (FMP25 OR YLR077W) AND (complex III OR bc1 OR mitochond)。BCA1 として複合体 III の組み立て因子と報告されているが、要旨に個別の相手の遺伝子は出てこない
PPN2,2026-10-04,28302909;31175919;39590716;31844018,検索式 (PPN2 OR Ppn2) AND polyphosphate・AND (Ppn1 OR Vtc OR ESCRT OR Pho80)。Ppn1 と並ぶポリリン酸分解酵素・MVB で液胞へ運ばれるという記述と過剰発現の転写解析だけで、ほかの遺伝子との直接の関係は書かれていない
FUR1,2026-10-04,1913872;2189783,"検索式 ""FUR1""[tiab] AND cerevisiae・FUR1 AND uracil phosphoribosyltransferase AND regulation。ウラシルで転写が上がるが、制御する転写因子やほかの遺伝子との関係は書かれていない"
RPS29B,2026-10-04,40884398;21283762;33007085,検索式 (RPS29B OR Rps29) AND cerevisiae・Rps29 AND (Fap7 OR Tsr1 OR Rio2 OR Nob1)。18S rRNA の成熟と浸透圧応答への関与は書かれているが、相手の遺伝子との関係は要旨にも本文（PMC3024409）にもはっきり書かれていない
BNS1,2026-10-04,10564265,検索式 (Bns1 OR BNS1) AND (Spo12 OR Cdc14)・Bns1 OR YGR230W。過剰発現で spo12 の減数分裂の欠陥を一部抑圧するという記述だけで、ほかの遺伝子との直接の関係は書かれていない
BSC5,2026-10-04,38534408,検索式 (BSC5 OR Bul3) AND (Rsp5 OR yeast)・Bul3 AND Rsp5。翻訳の正確さへの関与の報告 1 本だけで、Rsp5 との関係を書いた論文は PubMed で見つからない
JIP4,2026-10-04,,"""JIP4""[tiab] AND (yeast OR cerevisiae) は 2 件とも哺乳類の JIP4（別の遺伝子）。出芽酵母の JIP4（YDR475C）の働きを調べた論文なし"
YBR209W,2026-10-04,10407271,YBR209W[tiab] は 1 件。欠失で生育・形態・接合に変化なしというだけで、ほかの遺伝子との関係なし
YNL190W,2026-10-04,24378717;21420397,YNL190W[tiab]・hydrophilin desiccation で検索。有機溶媒で CWI 経路が YNL190W を上げるが、転写因子や上流の遺伝子は要旨で名指しされない（本文は PMC になし）。21420397 では YNL190W は扱われない
DED81,2026-10-04,9605503,DED81[tiab]・asparaginyl-tRNA synthetase で検索。細胞質の AsnRS と同定した論文だけで、ほかの遺伝子との関係なし
RPL17A,2026-10-04,21926967;24072706,RPL17A・rpL17 assembly で検索。21926967 は A3 因子がないと rpL17 が集合しないと書くが、A3 因子を要旨で名指ししない（本文は PMC に本文なし）。24072706 は新生鎖との相互作用で遺伝子どうしの関係でない
RSM26,2026-10-04,,Rsm26 で検索して 1 件（無関係の住血吸虫の論文）。出芽酵母の論文なし
YHR112C,2026-10-04,,YHR112C[tiab] AND (yeast OR cerevisiae) は 0 件
YGL072C,2026-10-04,18212113,YGL072C[tiab] は 1 件（グリオトキシン耐性の網羅的スクリーニング）。Dubious ORF で、ほかの遺伝子との関係なし
YMR317W,2026-10-04,11071933,YMR317W[tiab] は 1 件。Ino4 との結合は他の網羅的ツーハイブリッドの結果の紹介で、この論文の実験ではない
KCH1,2026-10-04,23204190;24142703;28810704,"""KCH1""[tiab] AND (yeast OR cerevisiae)、(Kch1 OR YJR054W) AND (Cch1 OR Mid1 OR calcineurin OR Cdc28)。Kch1 は HACS の活性化に要るが、要旨は HACS を Cch1・Mid1 と名指ししない。本文は PMC で取れず（要旨のみ）。ほかの遺伝子との関係は書かれていない"
NDE2,2026-10-04,9733747;15494396,"""NDE2""[tiab] AND cerevisiae ほか。NDE1 と機能が重なる記述のみ。Crt1 の標的候補だったが RT-PCR で確認されたのは FSH3・YLR345W・NTH2 で NDE2 は含まれない"
PMT7,2026-10-04,,"""PMT7""[tiab] AND cerevisiae、PMT7 OR YDR307W。出芽酵母の原著が見つからない"
URC2,2026-10-04,18550080;21656919;19652468,"""URC2""[tiab]、""Ydr520c""[tiab]。URC2 の働きは S. kluyveri の論文（18550080）、出芽酵母では NCA による転写因子活性の推定（21656919）と過剰発現でのカドミウム耐性（19652468）だけで、名指しの標的は書かれていない"
YCR102C,2026-10-04,31374572,"""YCR102C""[tiab]、YCR102C AND copper。過剰発現の表現型（酢酸耐性）だけで、ほかの遺伝子との関係はない"
ARO1,2026-10-04,2848727;29934332,"""ARO1""[tiab] AND cerevisiae、ARO1 AND (""general control"" OR Gcn4)。2848727 は ARO1 が「general control」で制御されると書くが要旨で GCN4 を名指ししない（本文は PMC になし）。推測で GCN4 を書かない"
CCA1,2026-10-04,27575455;8617732;1448105,CCA1[tiab] AND cerevisiae AND tRNA ほか。maf1Δ の CCA 付加の低下が CCA1 過剰発現で和らぐ（27575455）が、Maf1 から Cca1 への作用としては書かれていない。ほかは局在と mRNA 安定化の表現型
MCH2,2026-10-04,,"""MCH2""[tiab] AND cerevisiae、""MCH2""[tiab] AND (permease OR monocarboxylate)。発現の網羅解析・ゲノム比較だけで、関係を書いた原著がない"
PRP6,2026-10-04,8479905;2147224;30898770,"""Prp6""[tiab] AND (yeast OR cerevisiae)、Prp6 AND (Brr2 OR Prp31 OR Prp8 ...)。Prp6 は U4/U6 snRNP のタンパク質で tri-snRNP の蓄積に要る（RNA との関係）。30898770 は Brr2・Prp6・Prp8 などの接触を抑圧変異と既存の構造から示唆するのみで、どの組かが特定できない"
RIB5,2026-10-04,7814407,"""RIB5""[tiab] AND cerevisiae、riboflavin AND (RIB1 OR RIB5 OR RIB4) AND regulation。酵素の性質（三量体）だけで、ほかの遺伝子との関係はない"
MET12,2026-10-04,10600168,"""MET12""[tiab] AND cerevisiae。MET13 との重複（アイソザイム）の記述のみで、作用の関係はない"
RPL14A,2026-10-04,24312670;19116144,"(""RPL14A""[tiab] OR ""Rpl14""[tiab] OR ""eL14""[tiab]) AND (yeast OR cerevisiae)。24312670 は mak5 との合成致死で Rpl14 を挙げるが RPL14A/B のどちらか区別せず遺伝子名も出ない（照合で片方だけ言及）。19116144 は RPL14A を TFIIIC の条件変異の弱い多コピー抑圧遺伝子とするだけで、相手の遺伝子を名指ししない"
YNL018C,2026-10-04,36441813,"""YNL018C""[tiab]、YNL018C OR YNL034W。遺伝子族の逆位の進化の論文のみで、関係は書かれていない"
KTA1,2026-10-04,42188637;41278901,検索式 KTA1・YCL049C・aerolysin AND cerevisiae。見つかったのは AlphaFold による構造予測の論文だけで（実験の根拠にならない）、ほかの遺伝子との関係も転写因子も書かれていない
RPL17B,2026-10-04,7668045;21926967;24072706,検索式 RPL17B・RPL17 AND yeast AND ribosome。遺伝子の配列解析と、rpL17 として（RPL17A/B を区別せず）集合や新生鎖との接触を調べた論文だけで、RPL17B を名指しした関係はない
YDR061W,2026-10-04,14512416;15145054;35149760,検索式 YDR061W・Yrm1 AND cerevisiae。Yrm1 の標的遺伝子を調べた論文（14512416）の要旨は YDR061W を名指しせず、本文は PMC にない
RPS27A,2026-10-04,22650761;9271380,検索式 RPS27A・Rps27 AND yeast。Rps27a の Cys39 のメチル化は酵素が未同定。Rrp7 の多コピー抑圧因子の論文は S27 の遺伝子を名指ししておらず本文も取れない
YNL115C,2026-10-04,10953080,検索式 YNL115C。欠失株の基本的な表現型解析 1 本だけで、ほかの遺伝子との関係は書かれていない
CPR8,2026-10-04,9371805;15353296,"検索式 ""CPR8""[tiab] AND yeast。全シクロフィリン・FKBP の欠失解析で、Cpr8 の相手は「未同定」と書かれている"
DSD1,2026-10-04,17937657;22176976;24881047,検索式 DSD1・D-serine dehydratase AND cerevisiae。酵素の性質・反応機構の論文だけで、ほかの遺伝子との関係はない
FAA3,2026-10-04,8027063;17688423,"検索式 ""FAA3""[tiab] AND yeast。FAA1/FAA2/FAA3 と NMT1 の遺伝学で、Faa3 の作用先となる遺伝子との関係ははっきり書かれていない"
PHM6,2026-10-04,36592238;11102525,検索式 PHM6・YDR281C・PHM AND phosphate。PHM 遺伝子が PHO 系で誘導されるという論文（11102525）の要旨は PHM1–PHM8 とまとめて書くだけで PHM6 を名指しせず、本文は PMC にない。36592238 は Pi 輸送体と協調すると推測するだけ
YHL012W,2026-10-04,17531808,検索式 YHL012W・UGP1 paralog。YHL012W を調べた原著は見つからない（17531808 は Ugp1 の論文で YHL012W に触れていない）
YOL057W,2026-10-04,24136327;19825391,検索式 YOL057W・dipeptidyl peptidase III AND yeast。酵素の活性部位・構造の論文だけで、ほかの遺伝子との関係はない
ATP16,2026-10-04,8026496;14581615;16608846;21454598;42565728,"""Atp16[tiab] AND yeast""・""delta subunit AND ATP synthase AND cerevisiae""。欠失でミトコンドリア DNA が失われ F0 経由のプロトン漏れが起きることは分かるが、ほかの遺伝子との調節関係（結合の相手を名指しした実験）は要旨に見つからない"
FOL2,2026-10-04,8573145;10049741;17533620,"""Fol2[tiab] AND (yeast OR cerevisiae)""。GTP シクロヒドロラーゼ I の欠失・ヒト遺伝子での相補の論文のみ。17533620 は Rpd3 の過剰発現のスクリーニングで FOL2 が拾われただけで関係は書かれていない"
PRD1,2026-10-04,15772085;8307027,"""Prd1[tiab] AND (Cym1 OR mitochondria) AND yeast""。Prd1（saccharolysin）が膜間腔でペプチドを分解することは書かれているが、相手の遺伝子を名指しした関係はない"
PTH4,2026-10-04,33686140,"""(Pth4[tiab] OR srRF1) AND (yeast OR mitochondria)""・""Pth4[tiab] AND cerevisiae""。33686140 は PTH3 と PTH4 の欠失の比較だけで、Pth4 と他の遺伝子の関係はない（23892058 は分裂酵母なので使わない）"
THI21,2026-10-04,15614489;18028398,"""Thi21[tiab] OR (Thi20 AND Thi22)""。Thi21 の HMP/HMP-P キナーゼ活性と THI20 との重複だけで、調節関係は書かれていない"
TMA19,2026-10-04,16806052;24204967;31936125;21139346,"""(Tma19[tiab]) AND yeast""・""(TCTP OR Mmi1) AND cerevisiae""。Mmi1（Tma19）の局在の移動、プロテアソーム活性・ラパマイシン誘導自食作用への影響は書かれているが、特定の遺伝子との関係ではない（共局在のみ）"
VVS1,2026-10-04,,"""(Vvs1[tiab] OR YBR241C[tiab])""・""4-methylcyclohexane methanol AND yeast""。VVS1 を扱った原著が見つからない"
YFH7,2026-10-04,18004758,"""(Yfh7[tiab] OR YFR007W[tiab])""。結晶構造と ATP 依存の低分子キナーゼ活性の論文 1 本のみで、ほかの遺伝子との関係はない"
YHR020W,2026-10-04,17283340;27899648,"""YHR020W[tiab] OR (prolyl-tRNA synthetase AND cerevisiae)""・ProRS と Gcn2・プロリンの検索。編集ドメインの酵素学（17283340）と tRNAPro 変異の論文（27899648）のみで、ほかの遺伝子との関係は書かれていない"
YOL014W,2026-10-04,35569731,"""(YOL014W[tiab])""。低温・高温での発現のゲノム規模の解析 1 本のみで、関係は書かれていない"
YPR1,2026-10-04,12210903;9038161,"""(Ypr1[tiab]) AND (aldo-keto OR reductase) AND yeast""・""YPR1 AND (Hog1 OR Msn2 OR Msn4 OR osmotic) AND cerevisiae""。酵素の性質と浸透圧・酸化ストレスでの誘導は書かれているが、誘導する転写因子やほかの遺伝子との関係は名指しされていない"
LSB3,2026-10-04,19158382;19841731;14737190;40374776,"検索: ""LSB3""[tiab]・Lsb3 yeast・Las17 AND Lsb3・YFR024C。要旨は ysc84 lsb3 の欠失でエンドサイトーシスの小胞の動きが落ちることまで。SH3 相互作用網（19841731 本文）は相手を予測で示すだけで、特定の遺伝子との関係を実験で示した記述がない"
RPS27B,2026-10-04,22650761,検索: RPS27B OR Rps27b・(RPS27B OR RPS27A OR Rps27) AND cerevisiae。要旨にあるのは Rps27a（パラログ）の Cys39 のメチル化だけで、RPS27B とほかの遺伝子の関係は見つからない
TRM2,2026-10-04,17534700;39159370,検索: Trm2[tiab] AND yeast。tRNA の m5U54 メチル化酵素・DSB 修復で EXO1 と相乗的に働く（遺伝学のみ）までで、ほかの遺伝子の制御・結合を示す要旨はない
RTS2,2026-10-04,,検索: Rts2[tiab] AND yeast。ヒト KIN17 の論文と配列決定・計算による推定の論文だけで、出芽酵母で RTS2 の関係を実験で示した論文はない
STF1,2026-10-04,12809520;12176055,検索: Stf1 AND (Inh1 OR ATP synthase OR Stf2)。STF1 は F0F1-ATP 合成酵素を抑えるが、要旨は複合体全体として書かれ相手のサブユニット（遺伝子）を名指ししない。12176055 は配列からの予測の研究
TMT1,2026-10-04,15147181;11695919,検索: Tmt1[tiab]・trans-aconitate methyltransferase AND cerevisiae。基質は trans-aconitate・3-isopropylmalate（代謝物）で、ほかの遺伝子との関係・発現を制御する因子を示す要旨はない
YAR066W,2026-10-04,,検索: YAR066W。PubMed に 0 件（推定 GPI タンパク質で論文がない）
MRPL10,2026-10-04,,検索: Mrpl10 OR YmL10 OR MRPL10・(Mrpl10[tiab] OR YmL10 OR YmL18) AND (yeast OR cerevisiae OR mitochondrial)。哺乳類の MRPL10 の論文だけで、出芽酵母の論文は見つからない
PAM1,2026-10-04,8106383;32491201,検索: Pam1[tiab] AND (yeast OR cerevisiae)・PAM1 AND protein phosphatase 2A。高コピーで PP2A（PPH21・PPH22）の欠損を補う多コピー抑圧と、SVL3 との機能の重なりだけで、結合・制御などの関係は書かれていない
THI22,2026-10-04,15614489,検索: THI22 OR (Thi20 AND Thi21)。要旨は THI20・THI21 の HMP キナーゼ活性だけで、THI22 には触れない
GLO4,2026-10-04,9261170,"検索: ""GLO4""[tiab] AND cerevisiae、""glyoxalase II"" AND cerevisiae。要旨はグリセロールでだけ発現・ミトコンドリアのマトリックスにあることまでで、制御する転写因子やほかの遺伝子との関係は書かれていない"
RPS29A,2026-10-04,40884398;21283762;33007085,検索: RPS29A[tiab] OR (Rps29 AND yeast)。20S pre-rRNA の処理や 40S の頭部の組み立てへの関与はあるが、要旨・本文（21283762）に Rps29 と特定の遺伝子との関係ははっきり書かれていない。パラログのどちらかも区別されない
GEX2,2026-10-04,21490148,検索: Gex1 AND Gex2 AND glutathione。要旨では Aft2 による誘導は GEX1 についてで、GEX2 は gex1 gex2 二重欠失として PKA・PKC 経路の変化が出てくるだけ
IRC23,2026-10-04,34482605,"検索: ""IRC23""[tiab]。過剰発現で多剤耐性になると書かれているだけで、ほかの遺伝子との関係は要旨にない"
MRP13,2026-10-04,3065621,"検索: ""MRP13""[tiab]（ヒト MRP 輸送体の論文が多い）、MRP13 AND mitochondrial ribosome AND yeast。グルコース抑制と呼吸能に応じた転写の制御はあるが、転写因子は名指しされていない"
SDD1,2026-10-04,32203490,"検索: ""SDD1""[tiab] AND yeast、SDD1 AND (Ume6 OR telomere OR AAC2)。SDD1 の mRNA が Hel2・RQT による品質管理の基質という報告だけで、Sdd1 タンパク質と遺伝子の関係は見つからない"
STF2,2026-10-04,22442684;12176055;2907329,"検索: ""STF2""[tiab] AND yeast、Stf2p / 9 kDa stabilizing factor。乾燥耐性・抗酸化の報告と、阻害タンパク質と ATP 合成酵素の複合体を安定にする因子のクローニング（相手の遺伝子名なし）、配列解析だけ"
YDR341C,2026-10-04,7607232,"検索: ""YDR341C""（0 件）、arginyl-tRNA synthetase AND cerevisiae AND mitochondria。パラログ MSR1 の論文しかなく、YDR341C 自身の関係は見つからない"
YAT2,2026-10-04,11329169;27143389,"検索: ""YAT2""[tiab]、Yat2 AND carnitine AND cerevisiae。カルニチンアセチル基転移酵素としての働き・変異の報告で、ほかの遺伝子との直接の関係は要旨にない"
YJL068C,2026-10-04,10427036;22906720,"検索: ""YJL068C"" OR S-formylglutathione hydrolase AND cerevisiae。酵素の性質・構造の報告だけで、ほかの遺伝子との関係は書かれていない"
AAD15,2026-10-04,10581269;29079624,"検索: ""AAD15"" OR aryl-alcohol dehydrogenase AND cerevisiae。AAD 遺伝子群の Yap1 依存の誘導は AAD4・AAD6 についてで、AAD15 は 5' 側が欠けた偽遺伝子とされている"
PAN6,2026-10-04,19266201,"検索: ""PAN6""[tiab] AND cerevisiae。欠失でパントテン酸要求になることだけで、ほかの遺伝子との関係は要旨にない"
ADH6,2026-10-04,25512491;27036139,"検索: ""ADH6""[tiab] AND cerevisiae、Adh6 AND (Erg10 OR nitrosylation)。25512491 は Adh6 が SNO-CoA 還元酵素としてアセトアセチル CoA チオラーゼ（ERG10 と思われる）を S-ニトロソ化から守ると書くが、要旨に遺伝子名がなく本文も PMC に無いため照合できず見送った"
MSK1,2026-10-04,22539966;16738406;29223159;20064631,"検索: ""MSK1""[tiab] AND yeast、(Msk1 OR lysyl-tRNA synthetase) AND mitochondria AND (enolase OR import)。エノラーゼ（Eno2）と preMsk1 が tRNA(Lys) のミトコンドリアへの取り込みを担うとあるが、要旨では遺伝子名が preMsk1p/enolase の形で照合に通らず、本文も PMC に無いため見送った"
GMC1,2026-10-04,,"検索 ""GMC1""[tiab] AND (yeast OR cerevisiae)・YDR506C・Gmc1 meiosis synaptonemal で該当する論文が見つからない"
MDL2,2026-10-04,25128661,"検索 ""MDL2""[tiab] AND (yeast OR cerevisiae)・Mdl1 AND Mdl2。膜への挿入の仕方の論文だけで、ほかの遺伝子との関係は書かれていない"
VPS73,2026-10-04,23956390,"検索 ""VPS73""[tiab]・YGL104C。Vps73 の過剰発現が grx3 grx4 slt2 の液胞断片化を抑える遺伝学の記述だけで、直接の関係は書かれていない"
YIL108W,2026-10-04,,"検索 ""YIL108W""[tiab]。発現の周期性の解析の論文しかなく、関係の記述なし"
ADH5,2026-10-04,,"検索 ""ADH5""[tiab] AND cerevisiae（発現・転写も）。代謝工学・発現量の測定の論文ばかりで、ADH5 を制御する因子を名指しした論文は見つからない"
CYT2,2026-10-04,1499554;8082171;8955088;20697122,"検索 ""CYT2""[tiab] AND yeast・cytochrome c1 heme lyase。CYT2 がシトクロム c1 にヘムを付けることは書かれているが、要旨は「cytochrome c1」と書き CYT1 の遺伝子名が出ない（20697122 は PMC の本文が取れない）。8082171 は HAP・MIG1 が CYT2 のグルコース抑制を担わないとする"
ICT1,2026-10-04,18252723;35094287,"検索 ""ICT1""[tiab] AND (yeast OR cerevisiae)・転写因子名と組み合わせ。酵素活性と表現型の論文で、ほかの遺伝子との関係は書かれていない"
MRP4,2026-10-04,1531984,"検索 ""MRP4""[tiab] AND ミトコンドリアのリボソーム AND yeast。ミトコンドリアのリボソーム小サブユニットの構成要素とする論文のみで、特定の遺伝子との関係なし"
SKG1,2026-10-04,15645486,"検索 ""SKG1""[tiab]・Skg1 AND cell wall。kex2 gas1 の合成致死の多コピー抑圧と細胞壁の組成の論文のみで、直接の関係は書かれていない"
YEA4,2026-10-04,10788474,"検索 ""YEA4""[tiab]。UDP-GlcNAc 輸送体とキチン合成への必要性のみで、ほかの遺伝子との関係は書かれていない"
DCD1,2026-10-04,3023902,"検索 ""DCD1""[tiab] AND (yeast OR cerevisiae)・dCMP deaminase yeast regulation。発現が細胞周期で制御されないなどの記述のみで、制御する遺伝子は名指しされていない"
KTR2,2026-10-04,8256512;8631921,"検索 ""KTR2""[tiab]。マンノース転移酵素の活性と N 型糖鎖付加・ゴルジ局在の記述のみで、ほかの遺伝子との関係なし"
MUM3,2026-10-04,33910989,"検索 ""MUM3""[tiab]・Mum3 AND spore・Rrt8 AND Srt1。出芽酵母で胞子壁のキトサン層に要るという記述（主に C. dubliniensis の論文）のみで、遺伝子どうしの関係は書かれていない"
PAU17,2026-10-04,,"検索 ""PAU17""[tiab] OR seripauperin。PAU17 を扱った論文が見つからない"
RPL34A,2026-10-04,34813592,"検索 ""RPL34A""[tiab] OR (Rpl34 AND cerevisiae)。rpL34 のサブユニット形成への寄与の論文のみで、RPL34A の発現を制御する因子などは書かれていない"
SFH5,2026-10-04,32780017,"検索 ""SFH5""[tiab]・Sfh5 heme。ヘムを結合するタンパク質であることのみで、ほかの遺伝子との関係は書かれていない"
SPR6,2026-10-04,2253272,"検索 ""SPR6""[tiab]。胞子形成期の発現と欠失の表現型のみで、関係は書かれていない"
YBR013C,2026-10-04,42662007,検索 YBR013C。CRISPRi で分泌を上げる標的として見つかった論文のみで、関係は書かれていない
YJL118W,2026-10-04,10028185,検索 YJL118W。欠失しても目立った表現型がないという論文のみで、関係は書かれていない
ABM1,2026-10-04,,"検索 ""ABM1""[tiab] AND yeast・YJR108W。該当する実験の論文が見つからない"
RPS30A,2026-10-04,8662789;9584085,検索 (RPS30A OR Rps30) AND (yeast OR cerevisiae)。遺伝子の同定と、RPS30A の多コピーが dom34 欠失の増殖低下を抑える遺伝学の記述のみで、直接の関係や RPS30A を制御する因子は書かれていない
PST2,2026-10-04,16782999;28499769;21442317;35319354;10347154,"検索式 ""PST2""[tiab] AND (yeast OR cerevisiae)・Yap1 AND PST2。Yap1 による誘導を名指しした要旨は見つからず、rad55 抑圧などの遺伝学の記述だけでほかの遺伝子との関係は書かれていない"
AIM26,2026-10-04,18212113,"検索式 ""AIM26""[tiab]・YKL037W。グリオトキシン感受性の網羅的なスクリーニング 1 本だけで、ほかの遺伝子との関係は書かれていない"
IDP1,2026-10-04,8099357;15001388;19158096;18206664;27427385,"検索式 ""IDP1""[tiab] AND (yeast OR cerevisiae)・IDP1 AND (expression OR regulation)。IDH や IDP2・IDP3 との機能の重なりや、癌型変異体（R148H）の作用は書かれているが、野生型 Idp1 とほかの遺伝子の直接の関係は書かれていない"
MRPS35,2026-10-04,21829381;12392552,"検索式 ""MRPS35""[tiab]・YGR165W。脂肪滴が巨大化する変異株としての報告とミトコンドリアリボソームの同定だけで、ほかの遺伝子との関係は書かれていない"
SOA1,2026-10-04,28165463,"検索式 ""SOA1""[tiab]・YIL166C。輸送体としての性質（sul1 sul2 soa1 株）の報告だけで、SOA1 を制御する因子などの関係は書かれていない"
ALP1,2026-10-04,,"検索式 ""ALP1""[tiab] AND (yeast OR cerevisiae)・(Alp1 OR YNL270C) AND arginine AND permease。出芽酵母の ALP1 を調べた原著が見つからない（ヒットは分裂酵母の alp1 など別の遺伝子）"
HEM4,2026-10-04,7597845,"検索式 ""HEM4""[tiab] AND (yeast OR cerevisiae)・HEM4 AND (Hap1 OR regulation OR heme)。遺伝子の単離の論文だけで、ほかの遺伝子との関係も HEM4 の発現を制御する転写因子も書かれていない"
MVD1,2026-10-04,9244250;10355117,"検索式 ""MVD1""[tiab]・ERG19 OR mevalonate diphosphate decarboxylase。必須性とホモ二量体の報告だけで、ほかの遺伝子との関係は書かれていない"
RPL41B,2026-10-04,7751301;11451953,"検索式 ""RPL41B""[tiab]。MAK18 = RPL41B と M1 dsRNA の維持の報告だけで、ほかの遺伝子との関係は書かれていない"
YLR046C,2026-10-04,39104838,"検索式 ""YLR046C""[tiab]。LTE ファミリーとしてミリオシン感受性に関わるという報告だけで、Yrm1/Yrr1 による転写などほかの遺伝子との関係は要旨に書かれていない"
PDX1,2026-10-04,2007123;2682658;7947791;32938938,検索式 (PDX1[tiab] OR Pdx1p[tiab]) AND pyruvate dehydrogenase・(Lpd1 OR LPD1) AND (Pdx1 OR protein X)。要旨（2007123）に protein X が E3 と結合して E2 の芯に配置すると書かれているが、E3 を遺伝子名（LPD1）で書いた要旨・本文が見つからず、照合で相手の遺伝子を確かめられないため行にしなかった
ADG3,2026-10-04,,"検索式 ""ADG3""[tiab] AND (yeast OR cerevisiae)・YMR244W。出芽酵母の ADG3 を調べた原著が見つからない（ヒットは分裂酵母の論文 1 本）"
IML2,2026-10-04,26004510,"検索式 ""IML2""[tiab] AND (yeast OR cerevisiae)、Iml2 OR YJL082W。要旨は Iml2 が脂肪滴のタンパク質と強く結合すると書くが相手の遺伝子を名指ししない。PMC の本文なし"
MRP8,2026-10-04,,"検索式 ""MRP8""[tiab] AND (yeast OR cerevisiae)、YKL142W OR (Mrp8 AND cerevisiae)。ヒトの S100A8（MRP8）の論文だけで、酵母の MRP8 の論文が無い"
RCI37,2026-10-04,,"検索式 ""RCI37""[tiab] AND (yeast OR cerevisiae)、YIL077C OR Rci37。0 件"
YLR125W,2026-10-04,11054824;38124683,"検索式 ""YLR125W""[tiab]。欠失の表現型（増殖に影響なし）と H2S の量に効く変異（QTL）だけで、ほかの遺伝子との関係は書かれていない"
AIM46,2026-10-04,36739946,検索式 YHR199C OR Aim46。ミトコンドリア内膜のヘム結合タンパク質であることだけで、ほかの遺伝子との関係は書かれていない
IDP3,2026-10-04,9452501;9920883;15001388;19854152,"検索式 ""IDP3""[tiab] AND (yeast OR cerevisiae)、IDP3 AND (Oaf1 OR Pip2 OR oleate)。酵素の局在・不飽和脂肪酸の利用・IDP2/ZWF1 との機能の重なりだけで、IDP3 を制御する因子や相手は書かれていない"
LUG1,2026-10-04,29769283,"検索式 ""LUG1""[tiab]、(LUG1 OR YLR352W) AND (Skp1 OR SCF OR F-box)。F-box タンパク質で、ure2・[URE3] との遺伝学的な関係（増殖）と HAP4 の過剰発現による回復だけ。結合相手や基質は書かれていない。PMC の本文は取れない"
ERG24,2026-10-04,17393212;8631695,"検索式 ""ERG24""[tiab] AND Saccharomyces cerevisiae（24 件）。erg2・erg6・erg28 との合成致死、ELO3 による抑圧など遺伝学だけで、ERG24 を制御する因子や相手を示した酵母の論文は見つからない"
HIS2,2026-10-04,9822821,検索式 HIS2 AND (Gcn4 OR histidinol OR general control) AND cerevisiae。9822821 は HIS2 が Bas1 の制御するプリン合成遺伝子と同調しないと書くだけ。Gcn4 など HIS2 の転写を名指しで示した論文は見つからない
LAP2,2026-10-04,21146536,検索式 (Lap2 OR yscIV OR leukotriene A4 hydrolase) AND cerevisiae。酵素の構造と阻害剤の結合だけで、ほかの遺伝子との関係は書かれていない（同名のヒト LAP2 の論文が多い）
YHI9,2026-10-04,16021630;16582425,検索式 Yhi9 OR YHR029C。結晶構造と、欠失株の Opi- 表現型・UPR への影響（網羅的なスクリーニング）だけ
APA1,2026-10-04,2556364;8027068,検索式 APA1 AND Ap4A AND cerevisiae。酵素活性（Ap4A 分解・ADP スルフリラーゼ）だけ。8027068 の APA1 は PMA1 の制御に関わる別の遺伝子（膜タンパク質）で、YCL050C ではない
YML003W,2026-10-04,,"検索式 ""YML003W""[tiab]、YML003W OR YML002W。0 件"
MRPS17,2026-10-04,15543521;12392552,"""MRPS17""[tiab]・Mrps17 AND Ndt80。胞子形成の中期に MSE 依存で誘導されると要旨にあるが、転写因子（Ndt80 など）を名指ししていない。ほかの出芽酵母遺伝子との関係の記述なし"
SVS1,2026-10-04,7489911;17512223,"""SVS1""[tiab] AND yeast。カルシニューリン欠損のバナジン酸感受性の多コピー抑圧遺伝子で、CaN とは別経路とあるだけ。17512223 の Ace2 制御は CTS1・DSE1・DSE2 についてで SVS1 か不明（本文なし）"
YLR152C,2026-10-04,11255256,"""YLR152C""[tiab]。EUROFAN の欠失株の表現型解析のみで、ほかの遺伝子との関係の記述なし"
BPT1,2026-10-04,12455987;12044871;10790694,(BPT1 OR Bpt1p) AND (yeast)。Ycf1 と働きが重なる液胞の ABC 輸送体という記述のみ。Yap1 の過剰発現などで BPT1 の発現はわずかに変わるだけとあり、制御する因子として名指しできない
MTC7,2026-10-04,,"""MTC7""[tiab]。出芽酵母の論文が見つからない"
PRM15,2026-10-04,23103740,(PRM15 OR Pgm3) AND yeast。Pgm3 が主なホスホリボムターゼという酵素の解析のみで、ほかの遺伝子との関係の記述なし
RPL13A,2026-10-04,27907085;40257568,(RPL13A OR RPL13B OR Rpl13) AND cerevisiae、Europe PMC で RPL13A と Fhl1・Ifh1・Sfp1・Rap1。RPL13A の発現を制御する因子を名指しした論文なし（アンカーアウェイの道具として使われるのみ）
SRL2,2026-10-04,11255256,(SRL2 OR suppressor of rad53 lethality) AND yeast。EUROFAN の欠失株の表現型解析のみ
YHL042W,2026-10-04,25103914;22370347;16269202,"""YHL042W""・DUP380。エタノール耐性の網羅的解析・遺伝子ファミリーの進化のみで、関係の記述なし"
APA2,2026-10-04,2174863;23628156,(APA2 OR Ap4A phosphorylase) AND cerevisiae。酵素の性質・結晶構造のみ。APA1 と重複して Ap4A を分解するとあるが調節の関係ではない
ERR3,2026-10-04,23359425,(ERR3) AND yeast。Err3 が酵素活性をもち eno1 eno2 の欠失を補うという記述のみで、ほかの遺伝子との関係の記述なし
RCR2,2026-10-04,17287526,(Rcr2 OR RCR2) AND (yeast)、Rcr2 AND (Rsp5 OR ubiquitin)。shr3 の多コピー抑圧遺伝子で、アミノ酸透過酵素の量を上げるとあるが、透過酵素の遺伝子を名指ししていない（本文は PMC に無い）。Rsp5 との関係を示した論文は見つからない
YGL039W,2026-10-04,25656103;19577617,(YGL039W OR Ygl039w)。アルデヒド還元酵素の活性の測定のみで、ほかの遺伝子との関係の記述なし
YMR090W,2026-10-04,16710832,"""YMR090W""[tiab]。マイクロアレイの相関による機能の推定のみ"
TYR1,2026-10-04,2697638;31863218,"""TYR1""[tiab] AND (yeast OR cerevisiae)・prephenate dehydrogenase AND cerevisiae。2697638 は GCN4 の一般制御を受けずフェニルアラニンに依存とあるだけ（GCN4→TYR1 は済み）。制御する遺伝子を名指しした論文なし"
CTO1,2026-10-04,25725023,"""CTO1""[tiab] AND (yeast OR cerevisiae)。過剰発現でリン酸の取り込みが増え低温で育つとあるだけ。ほかの遺伝子との関係の記述なし"
EMA35,2026-10-04,,EMA35 OR YCR100C で 0 件
PFU1,2026-10-04,31399514,(YDR306C OR Pfu1) AND (Sgt1 OR F-box)。フェロモン依存の形態形成を制御する F-box とあるだけで、相手（Sgt1 など）は要旨に無い
RNP1,2026-10-04,,RNP1[tiab] AND cerevisiae・YLL046C。RRM の「RNP1 モチーフ」の論文ばかりで、遺伝子 RNP1 の論文なし
SNO3,2026-10-04,9791124;12271461;30498136,(SNO3 OR SNO2) AND SNZ・SNZ/SNO 族。SNO2/3 がジオーキシックシフトの前とチアミンの欠乏で誘導されるとあるだけ。転写因子・相手の名指しなし（Thi5 との結合は Snz）
YDL114W,2026-10-04,,YDL114W で 0 件
YNR071C,2026-10-04,23954547,YNR071C。工学的なセロビオース利用の論文 1 件で、ほかの遺伝子との関係なし
CAB1,2026-10-04,31409644;23789928;19266201;34491400;36613877,CAB1 AND (pantothenate OR Upc2)・Upc2 AND pantothen*。Upc2 による転写制御は要旨に無く本文は取れない。23789928 では Cab1 はほかの Cab と結合しないとある
FLC3,2026-10-04,27462707;16717099;25573187,FLC3 AND yeast・Flc1/Flc2 AND FAD。FLC1-3 が重複して働くとあるだけで、FLC3 とほかの遺伝子の関係なし
MCH1,2026-10-04,11536335,MCH1[tiab] AND yeast。Mch 族はモノカルボン酸を運ばないとあるだけ
MRPL27,2026-10-04,1764528;20404317,MRPL27 OR YmL27。ミトコンドリアのリボソームの出口付近にあるとの架橋の網羅解析だけで、組の関係ははっきりしない
NKP1,2026-10-04,14633972;24385296;29046335,Nkp1 AND kinetochore・Nkp1[tiab]。29046335 は K. lactis の COMA-Nkp1-Nkp2 で出芽酵母ではない。14633972 は本文が取れず要旨に Nkp1 なし
PUS9,2026-10-04,15466869,PUS9 AND pseudouridine。ミトコンドリア tRNA の 32 位の修飾酵素とあるだけ（RIB2 は別の区画で同じ反応）。ほかの遺伝子との関係なし
STR2,2026-10-04,10821189,STR2 OR cystathionine gamma-synthase AND cerevisiae。YJR130c を破壊すると Cys から Hcy に変えられないとあるだけ。遺伝子どうしの関係なし
YDR417C,2026-10-04,,Dubious ORF のため検索 1 回（YDR417C）で論文なし
YJU3,2026-10-04,20554061;27036938,YJU3 AND (yeast OR lipase)。モノグリセリドリパーゼ・FAEE 加水分解酵素とあるだけ。DGA1・LRO1 は代謝で並行に働くだけで調節の関係ではない
PDX3,2026-10-04,26327315;7896706,"""PDX3""[tiab] AND (yeast OR cerevisiae)。酵素活性の論文のみ。GCN4→PDX3 は済んだ組（flag）で、ほかの遺伝子との関係の記述なし"
ATG26,2026-10-04,17012830;26116408,"""ATG26""[tiab] AND cerevisiae。出芽酵母ではオートファジーに関わらない。Egh1 とは代謝物（エルゴステリルグルコシド）の合成・分解の関係だけで、タンパク質どうしの関係なし"
EMI1,2026-10-04,,"""EMI1""[tiab] AND (yeast OR cerevisiae)・EMI1 AND IME1・YDR512C。出芽酵母の EMI1 の論文が見つからない（ヒト・カエルの Emi1 のみ）"
HEF3,2026-10-04,9778796;33260587,"""HEF3""[tiab]・HEF3 AND Zap1。表現型（酸化ストレス）の論文のみで、ほかの遺伝子との関係の記述なし"
HVG1,2026-10-04,,"""HVG1""[tiab] OR YER039C。出芽酵母の論文なし（ヒトの vault RNA の論文のみ）"
MAL11,2026-10-04,8594329;21755532,"""MAL11""[tiab] AND cerevisiae・AGT1 AND (MAL13 OR MAL activator)。AGT1 の誘導は「MAL 活性化因子」としか書かれず遺伝子名がない。Mig1 は配列解析での結合部位の予測だけ"
PGA3,2026-10-04,16943325;19239415,"""PGA3""[tiab]・NQR1・YML125C。輸送に関わるとの予測（16943325、本文は取れず）と、寿命延長が SIR2 に依存するという遺伝学（19239415）だけで、関係として書ける記述なし"
PET100,2026-10-04,15507444;11498004,Pet100p OR PET100 cytochrome oxidase。COX のサブユニット VII・VIIa・VIII との複合体の記述はあるが、要旨に遺伝子名（COX7・COX9・COX8）がなく、本文も PMC にない
UTR4,2026-10-04,18625006,(Utr4 OR acireductone) AND cerevisiae。メチオニン回収経路の酵素の同定のみで、ほかの遺伝子による制御の記述なし
YDR131C,2026-10-04,35385166;34309121,YDR131C。ATG1・RTG1 との遺伝的相互作用（並行経路・エピスタシス）だけで、向きのある関係の記述なし
YGL114W,2026-10-04,19767828,YGL114W。名指しの論文なし（ヒットした 19767828 は OPT2 の論文）
IES1,2026-10-04,,"""Ies1""[tiab]・Ies1 AND INO80・Ies1 AND Saccharomyces。出芽酵母の Ies1 を題名・要旨に挙げた論文がない"
EMP70,2026-10-04,9729438;20526336,"""EMP70""[tiab]・(Tmn2 OR Tmn3 OR Emp70) AND yeast。9729438 はヒトの相同タンパク質の論文。ほかの出芽酵母遺伝子との関係の記述なし"
GAS2,2026-10-04,17189486;21389112,"""GAS2""[tiab] AND (Gas4 OR spore)・GAS2 AND (Ndt80 OR Ime1 OR Sum1)。胞子形成でだけ発現し Gas4 と重複して胞子壁をつくるとあるが、ほかの遺伝子との関係（転写因子など）は名指しされない"
ODC2,2026-10-04,12234495;28784321;41401048,"""Odc2""[tiab] AND yeast・ODC2 AND (Rtg1 OR Rtg3 OR Gcn4 OR Rox1)。ODC1・YHM2 と重複する輸送体という記述だけで、関係の記述なし"
VAS1,2026-10-04,3275649;22919049,"""Vas1""[tiab] AND yeast・valyl-tRNA synthetase AND regulation。VAS1 の過剰発現が低修飾 tRNA(Val) を守るとあるだけで、遺伝子どうしの関係の記述なし"
YER152C,2026-10-04,,YER152C・2-aminoadipate aminotransferase AND cerevisiae。出芽酵母の YER152C を扱った原著が見つからない
YPS5,2026-10-04,,"""Yps5""[tiab]・yapsin AND cerevisiae。出芽酵母の Yps5 を扱った原著が見つからない"
ASF2,2026-10-04,9290207;30668669,"""Asf2""[tiab] AND yeast・Asf2 AND (silencing OR Sir)。過剰発現で HM 遺伝子座の抑制が外れ、S 期に MCB 配列で転写されるとあるが、転写因子や相手の遺伝子を名指ししていない"
CBT1,2026-10-04,16118200;10102376;9339340,"""Cbt1""[tiab] AND yeast・Cbt1 AND (mitochondria OR cytochrome)。CBP1 との遺伝的相互作用（抑圧）と、Dbf2 の経路に関わる可能性（推測）だけで、関係の記述なし"
COS7,2026-10-04,25942624,"""Cos7""[tiab] AND yeast・Cos proteins AND multivesicular AND yeast。25942624 は Cos タンパク質群をまとめて扱い Cos7 を名指ししない（PMC の本文なし）"
EHD3,2026-10-04,,"""Ehd3""[tiab]・3-hydroxyisobutyryl-CoA AND (yeast OR cerevisiae)。出芽酵母の Ehd3 を扱った原著が見つからない（植物・ヒトの同名遺伝子だけ）"
FMP16,2026-10-04,,"""Fmp16""[tiab]。網羅的な研究 2 本だけで、関係の記述なし"
INM2,2026-10-04,,"""Inm2""[tiab]・inositol monophosphatase AND cerevisiae・INM2 AND (inositol OR lithium)。INM2 を名指しした関係の記述なし（25211324 は INM1 の話）"
MRPL9,2026-10-04,1597181,"""Mrpl9""[tiab]・mitochondrial ribosomal protein L9 AND cerevisiae。1597181 は遺伝子のクローニングと配列だけで、関係の記述なし"
NOP12,2026-10-04,21811236;24636992;11452019,"""Nop12""[tiab]・Nop12 AND Ebp2。21811236 は A3 群（Cic1・Erb1・Nop7・Nop12・Nop15）の pre-rRNA への結合が互いに依存すると書くが、どれがどれに作用するかは言えない。Ebp2 との結合の論文は見つからない"
PXP3,2026-10-04,,"""Pxp3""[tiab] OR YHL045W・Pex5 AND (Pxp3 OR novel PTS1)。Pxp3 を扱った原著が PubMed で見つからない"
YGR017W,2026-10-04,31657440,YGR017W。31657440 は Ygr017w の 6-NAD(P)H 酸化活性を示すが、ほかの遺伝子との関係の記述なし
YLL059C,2026-10-04,,YLL059C で検索 1 回。Dubious open reading frame で論文なし
ATR2,2026-10-04,21621519,"(ATR2 OR YMR279C) AND (yeast OR cerevisiae)・""ATR2"" AND boron。高コピーでホウ素耐性を与える排出ポンプとあるだけで、ほかの遺伝子（転写因子など）との関係の記述なし"
DEG1,2026-10-04,37864403;28134782;30360492;34445460,"""DEG1""[tiab] AND yeast・(PUS3 OR DEG1) AND pseudouridine。tRNA の Ψ38/39 を作る酵素。ELP3・URM1・SSD1 との遺伝的相互作用や表現型だけで、ほかの遺伝子を制御・修飾する関係の記述なし"
FRE5,2026-10-04,10341420,"""FRE5""[tiab]・YOR384W AND yeast。鉄・銅と Aft1/Mac1 による FRE 類の発現を調べた論文はあるが、要旨に YOR384w 個別の結果がない（本文なし）"
GTT2,2026-10-04,9792709;19017464,"""GTT2""[tiab]・GTT2 AND (Yap1 OR Cad1 OR Msn2 OR Grx1 OR Grx2)。GST 活性・ホモ二量体・H2O2 耐性の表現型だけで、ほかの遺伝子との関係の記述なし"
IRC4,2026-10-04,26804569,"""IRC4""[tiab]・(IRC4 OR YDR540C) AND yeast。DfsB 類の構造の論文だけで、出芽酵母の遺伝子との関係の記述なし"
MCY1,2026-10-04,42087783,"""MCY1""[tiab] OR YGR012W・Mcy1 AND yeast・ct6A AND Tcd1。PubMed に Mcy1 の原著が見つからない。Tcd の論文（42087783）の本文にも Mcy1 の記述なし"
MRPL3,2026-10-04,38950860;20404317,"""MRPL3""[tiab] AND yeast。mL44 の変異解析と、トンネル出口の架橋のネットワーク（Mba1・Mrpl13・Mrpl27 を含む）とあるだけで、特定の相手との関係が要旨に無く、本文も取れない"
MRX21,2026-10-04,24296033,(MRX21 OR YPR011C) AND yeast。APS/PAPS のミトコンドリア輸送体という生化学の論文だけで、ほかの遺伝子との関係の記述なし
QDR1,2026-10-04,11302822,"""QDR1""[tiab] AND cerevisiae。キニジン・ケトコナゾール耐性の輸送体とあるだけで、転写因子などとの関係の記述なし"
VBA2,2026-10-04,15572352;38503366,(VBA2 OR VBA3) AND yeast。液胞の塩基性アミノ酸輸送体の同定と、過剰発現でのワインのカルバミン酸エチル低減だけで、ほかの遺伝子との関係の記述なし
VBA3,2026-10-04,15572352;35765185,"""VBA3""[tiab]。液胞の塩基性アミノ酸輸送体の同定と、過剰発現でのヒ素耐性だけで、ほかの遺伝子との関係の記述なし"
YGR161W-C,2026-10-04,,(YGR161W-C OR YLR177W) AND yeast。YGR161W-C を扱った原著が見つからない（機能不明）
YGR266W,2026-10-04,9605509,"""YGR266W""[tiab]。染色体の配列決定の論文 1 本だけで、関係の記述なし（機能不明）"
YLR177W,2026-10-04,16242037,(YGR161W-C OR YLR177W) AND yeast・Dbf2 AND Mob1 AND substrates。Dbf2-Mob1 のプロテオームチップ（試験管内の網羅的な実験）の論文は要旨に YLR177W を名指ししていない
CDA2,2026-10-04,10544249;8940152;38874213;39102301,"""CDA2""[tiab] AND cerevisiae・CDA2 AND (Ndt80 OR sporulation) AND chitin。胞子形成の時期に発現し CDA1 と重複して働くとあるが、転写因子やほかの遺伝子との関係を名指しした記述なし"
DFP2,2026-10-04,12101299,"""DFP2""[tiab] OR ""DUP240""[tiab]。DUP240 族の機能解析・進化の論文だけで、ほかの遺伝子との関係の記述なし"
ESF1,2026-10-04,15056729,"""ESF1""[tiab] AND yeast・Esf1 AND (Esf2 OR Dbp4 OR Utp)。要旨はリボソームタンパク質・18S 形成のタンパク質・U3/U14 と結合とあるが相手の名前がない。本文は PMC で PDF のみ"
PAU16,2026-10-04,,"""PAU16""[tiab]。出芽酵母で PAU16 を扱った原著なし"
PMT6,2026-10-04,12551906,"""PMT6""[tiab]・Pmt6 AND cerevisiae AND (Pmt1 OR Pmt2 OR mannosyl)・PMT family complex。PMT 族の複合体の論文に Pmt6 は出てこない。ほかは Candida などの論文"
YJR096W,2026-10-04,12271459,"""YJR096W""[tiab]・YJR096W AND (Yap1 OR Cad1 OR stress)。キシロース・アラビノース還元酵素の活性だけで、ほかの遺伝子との関係・転写因子の記述なし"
ERG10,2026-10-04,8754796,"""ERG10""[tiab] AND cerevisiae・ERG10 AND (transcription OR promoter OR Upc2 OR Ecm22 OR Hap1)・ERG10 AND (Upc2 OR Ecm22)。ステロールによる転写のフィードバックはあるが転写因子を名指ししていない。ほかは代謝工学の論文"
FYV8,2026-10-04,19383723,"""FYV8""[tiab]。yip1-2 の多コピー抑圧遺伝子として名前が出るだけで、関係の向き・仕組みの記述なし"
MNL2,2026-10-04,21971548;36217443,"""MNL2""[tiab]・(Mnl2 OR YLR057W) AND (ERAD OR Htm1 OR Mns1)。Mnl1 がないとき CPY* の分解に効く・mns1 との二重欠失で高温の生育が戻るとあるが、CPY* は人工の基質で遺伝子どうしの関係として書ける記述なし"
SNZ3,2026-10-04,9791124;30498136;12649274,"""SNZ3""[tiab] OR (Sno3 AND Snz3)・(SNZ2 OR SNZ3 OR SNZ) AND (Thi2 OR Thi3 OR Pdc2)。チアミンで 10 分の 1 に抑えられるとあるが転写因子（THI2 など）を名指ししていない"
TDA4,2026-10-04,,"""TDA4""[tiab]。0 件"
TPN1,2026-10-04,12649274;16845689,"""TPN1""[tiab] AND yeast・Tpn1 AND (Bas1 OR Pdr OR vitamin B6) AND transcription。ビタミン B6 が少ないと発現が上がるとあるが転写因子の名前なし"
VBA5,2026-10-04,23047103,"""VBA5""[tiab]。細胞膜にありアミノ酸の取り込みに関わるとだけあり、ほかの遺伝子との関係の記述なし"
YGR269W,2026-10-04,,"""YML018C""[tiab] OR ""YGR269W""[tiab]。Dubious ORF で論文なし"
YML018C,2026-10-04,33997660,"""YML018C""[tiab] OR ""YGR269W""[tiab]。液胞膜への局在は Atg27 に依存しないとある（関係を否定する結果）。DB に ATG27 との関係はなく、ほかの関係の記述なし"
MEF2,2026-10-04,21414316;22719265,"""MEF2""[tiab] AND (yeast OR cerevisiae) AND mitochondrial ほか。呼吸・膜電位・スタチン感受性の表現型だけで、ほかの遺伝子との関係は書かれていない"
MTC1,2026-10-04,15507118;11369198,"""MTC1""[tiab] AND yeast、MTC1 AND cdc13-1 ほか。ヒットは分裂酵母の Mtc1（Dis1 関連）だけで、出芽酵母 MTC1 の論文がない"
RBH2,2026-10-04,,"""RBH2""[tiab] OR YJR030C[tiab]。機能不明の遺伝子で、出芽酵母の論文がない"
YLL053C,2026-10-04,11113969,YLL053C。欠失しても表現型がなく、アクアポリンとの配列の類似だけ
KTD1,2026-10-04,36800387;40557545,"""KTD1""[tiab]。COG 複合体のローブ B のサブユニットが Ktd1 の輸送に要るとあるが、要旨にサブユニットの遺伝子名がなく、本文は取れなかった"
AYT1,2026-10-04,12478589,"""AYT1""[tiab]。トリコテセンのアセチル化の酵素活性だけで、ほかの遺伝子との関係は書かれていない"
ADE6,2026-10-04,1743513;9822821;15948949,"""ADE6""[tiab] AND cerevisiae、Bas1 AND ADE6 ほか。アデニンで発現が下がる（1743513）。9822821 はプリン合成の 10 段階の酵素すべてが BAS1・BAS2 に依存とするが、要旨に ADE6 の名がなく、本文も取れなかった"
GAS3,2026-10-04,20641027,"""GAS3""[tiab] AND yeast。胞子形成で発現が上がることと、過剰発現で gas1Δ の欠陥が悪化することだけで、制御する遺伝子は書かれていない"
IZH4,2026-10-04,41281346,"""IZH4""[tiab]、IZH1-4 AND cerevisiae。亜鉛と低 pH 耐性・膜脂質の表現型だけで、ほかの遺伝子との関係は書かれていない"
MNT4,2026-10-04,10521541,"""MNT4""[tiab]、Mnn1 family。Mnn1 ファミリーの論文に MNT4 の関係は書かれていない"
MSC3,2026-10-04,10511544,"""MSC3""[tiab]、msc3 AND meiotic。減数分裂の組換えの相手選択の変異体として単離されただけで、ほかの遺伝子との関係は書かれていない"
SOL3,2026-10-04,8725220,"""SOL3""[tiab] AND yeast、Stb5 AND pentose phosphate。Los1 が正に制御するのは SOL1 で、SOL3 は家族として名が出るだけ。Stb5 の論文の要旨に SOL3 はなく、本文も取れなかった"
TRS23,2026-10-04,,Trs23、TRAPP AND (Bet5 OR Bet3 OR Trs33)。Trs23 を名指しした出芽酵母の原著の要旨が見つからない（総説とヒト TRAPPC4 だけ）
VID27,2026-10-04,27939891;42788979,"""VID27""[tiab]、Vid27 AND fructose-1,6-bisphosphatase。27939891 は doa4 did3 の遺伝学的な関係だけ。Alx1-Vid27 の結合（42788979）は S. japonicus の論文"
YHR218W,2026-10-04,,"""YHR218W"" OR (Y-prime helicase AND cerevisiae)。論文がない"
YNL040W,2026-10-04,38869066,"""YNL040W"" OR AlaX。AlaX が Ser-tRNA を加水分解する編集因子で、欠失の表現型が Ala・Thr-tRNA 合成酵素で回復するとあるが、要旨に ALA1・THS1 の遺伝子名がない"
HMF1,2026-10-04,15610144;12112709,"""HMF1""[tiab] AND yeast。2 件のみ。欠損株の発現変化の網羅解析と X 線構造で、特定の遺伝子との関係の記述なし"
PCM1,2026-10-04,8174553;9247198,"""PCM1""/AGM1 AND N-acetylglucosamine-phosphate mutase。酵素の同定と SWI4 との合成致死（遺伝学的相互作用のみ）で、制御関係の記述なし"
PRE5,2026-10-04,7918444,"""PRE5""[tiab] AND proteasome、Rpn4 AND PRE5。遺伝子の同定のみで、ほかの遺伝子との関係・PRE5 を名指しした転写制御の記述なし"
REX4,2026-10-04,12364601;15525710,"""REX4""[tiab]。RRP5・RNase MRP・RNT1・DBR1 との遺伝学的相互作用（合成致死・表現型の打ち消し）だけで、向きのある関係として書けない"
RPR2,2026-10-04,37074161;15637077,"""RPR2""[tiab]。Rpr2 と Pop3 が RNase P 全体の活性と熱安定性を上げるとあるが、特定の遺伝子との対の関係の記述なし"
SHH3,2026-10-04,24055247,"""SHH3""・Sdh3 paralog。Sdh3/Shh3 の C 末端融合体が SRP により ER に誤配送されるという人工的な報告のみ"
YBR137W,2026-10-04,10407278,YBR137W（全フィールド）、Ybr137w AND Sgt2。破壊株の表現型の論文のみで、Sgt2 などとの関係を述べた要旨が見つからない
YMR253C,2026-10-04,35278139;27883263,"""YMR253C""[tiab]。欠失で塩耐性が下がり MAPK 経路の遺伝子の発現が変わるという網羅解析のみで、特定の遺伝子との関係は書かれていない"
BIO3,2026-10-04,10333520;16269718;16533810,"""BIO3""[tiab]、Vhr1 AND biotin。酵素活性の同定のみ。Vhr1 の論文は VHT1・BIO5 についてで BIO3 は名指しされていない"
CEM1,2026-10-04,8412701;15668256,"""CEM1""[tiab]。呼吸に要る β-ケトアシル合成酵素の同定とヒト OXSM による相補のみで、ほかの酵母遺伝子との関係の記述なし"
GAT3,2026-10-04,25589790,"""GAT3""[tiab]、Gat3 AND Gat4 AND spore。出芽酵母の GAT3 を扱った要旨が見つからない"
MPH2,2026-10-04,12210897;20070441,"""MPH2""[tiab]。プロモーターに Malx3・Mig1 の結合配列があるという配列解析だけで、実験で示した制御関係なし"
PPM2,2026-10-04,11697862;16005430;19287006,"""PPM2""[tiab]、Ppm2 AND tRNA、wybutosine AND yeast AND methyltransferase。Ppm2 を名指しした出芽酵母の実験の要旨が見つからない（TYW4 は構造の論文のみ）"
TEA1,2026-10-04,8524314,"""TEA1""[tiab]、Tea1 AND Ty1 enhancer。Ty1 エンハンサーに結合する活性化因子だが、相手は Ty1 の配列でほかの遺伝子との関係なし（ヒットの多くは分裂酵母の Tea1）"
YHS7,2026-10-04,40823808,"""YHS7""・Yhs7。転写部位への早い呼び込みを示した論文のみで、Yra1 などとの関係（依存性）の記述は要旨に無い"
YOL160W,2026-10-04,39590716,"""YOL160W""[tiab]。PPN2 過剰発現でアルカリ条件で上がる遺伝子の一つで、欠失株の表現型のみ。直接の制御関係とは言えない"
BDS1,2026-10-04,28720494,"""BDS1""[tiab] AND (yeast OR cerevisiae)。アルキル硫酸の加水分解酵素としての性質だけで、ほかの出芽酵母遺伝子との関係・発現を制御する転写因子の記述なし"
COS2,2026-10-04,25942624;26505929,"""COS2""[tiab]・Cos proteins AND MVB。Cos タンパク質ファミリーとしての働き（Sir2 依存で発現が上がる）は書かれているが COS2 を名指ししていない。本文は取れない"
MUD1,2026-10-04,30413416;21558325,"""MUD1""[tiab]・Mud1 AND U1 snRNP。Nam8・Mud2・Msl1・Msl5 との合成致死（遺伝学だけ）と U1 snRNP の構成のみで、調節の関係の記述なし"
PRO3,2026-10-04,25112878;36296354,"""PRO3""[tiab]・P5C reductase AND cerevisiae。pro3 の小胞体ストレス感受性と酵素の性質（プロリン・アルギニンで阻害）だけで、ほかの遺伝子との関係の記述なし"
SVL3,2026-10-04,32491201,"""SVL3""[tiab]。PAM1 と機能が重なり、N 末端は PAN5 で置き換えられるとあるが、調節の関係ではない"
UGX2,2026-10-04,8483449,"""UGX2""[tiab]・UGX2 AND transcription factor。SFA1 とプロモーターを共有するとあるだけで、UGX2 の制御因子の記述なし"
YBR219C,2026-10-04,33806931,"""YBR219C""[tiab]。SCRaMbLE の研究に出てくるだけで、働きや制御の論文なし"
YNL034W,2026-10-04,10649453;36441813,"""YNL034W""[tiab]。過剰発現で生育が悪いことと Centroid 遺伝子族の逆位だけで、ほかの遺伝子との関係・転写因子の記述なし"
BMT5,2026-10-04,24335083,"""BMT5""[tiab]。25S rRNA の m3U2634 のメチル化酵素で核小体に局在とあるだけで、タンパク質どうしの関係・制御の記述なし"
ETL1,2026-10-04,42565488;34769086,"""ETL1""[tiab]・""YPL199C""。Snf7 に似た配列でパルミトイル化され細胞膜に局在（42565488）、40S 頭部の近接標識で近くに見つかる（34769086、近接だけ）。関係として書ける記述なし。19956593 等の Etl1 はマウスの別遺伝子"
GCG1,2026-10-04,27913623;23070364,"""GCG1""[tiab]・ChaC AND glutathione AND cerevisiae。グルタチオン分解酵素としての構造と活性だけで、ほかの遺伝子との関係の記述なし"
KRE5,2026-10-04,12271460;22447934;15470097,"""KRE5""[tiab]・Kre5 AND (Kre6 OR Rot1)。KRE6 が kre5 ts の多コピー抑圧遺伝子（遺伝学だけ）、表現型が rot1Δ・big1Δ に似るとあるだけで、調節の関係は書かれていない"
MPO1,2026-10-04,32350077;25345524,"""MPO1""[tiab]。2-ヒドロキシ脂肪酸のジオキシゲナーゼとしての代謝の位置づけだけで、ほかの遺伝子との関係の記述なし"
OCA2,2026-10-04,25736922;21409566,"""OCA2""[tiab]・Oca2 AND Oca1/Siw14。MAPK 経路の負の調節因子の候補としてスクリーニングに挙がるだけで、標的が特定されていない"
SHB17,2026-10-04,21663798,"""SHB17""[tiab]。セドヘプツロース 1,7-ビスリン酸ホスファターゼとしての代謝だけで、ほかの遺伝子との関係・制御の記述なし"
YOR343C,2026-10-04,22535436,"""YOR343C""[tiab]・転写因子と組み合わせた検索。アガベ果汁でのエタノール応答の発現解析に出てくるだけで、転写因子を名指ししていない"
ARG7,2026-10-04,9428669,"検索式 ""ARG7""[tiab] AND cerevisiae、(ARG7 OR ""ornithine acetyltransferase"") AND (GCN4 OR ArgR OR Arg80 OR Arg81)。原著（9428669）は酵素の性質と arg2 の相補（同じ反応の重複）だけで、ほかの遺伝子との制御・結合の関係は書かれていない。転写因子を名指しした論文も見つからない"
EGO4,2026-10-04,27853904;27050457,"検索式 ""EGO4""[tiab] OR YNR034W-A、Msn2・meiosis・autophagy で。Msn2/Msn4 による制御は 27853904 の本文（PMC なし）にしかなさそうで確かめられない。27050457 は「オートファジーが Ego4 を除く」だけで特定の遺伝子名がない"
YNL234W,2026-10-04,9988749,検索式 YNL234W、(YNL234W OR globin) AND Rgt1。9988749 はストレスでの誘導とヘム結合だけ。Rgt1 による制御を名指しした論文が見つからない（14871952・25435910 の本文にも YNL234W なし）
SMN1,2026-10-04,35123996,"検索式 ""SMN1""[tiab] AND (yeast OR cerevisiae) AND (NAD OR AMP)、(Smn1 OR YHR202W) AND (Vps10 OR vacuole OR NAD)。35123996 は AMP 加水分解と NAD+ 量への影響だけで、ほかの遺伝子との関係（Vps10 依存の運搬など）は本文にも見つからない"
YBR284W,2026-10-04,19635936,検索式 YBR284W、(YBR284W OR YJL070C) AND yeast。19635936 は AMP デアミナーゼ活性がないことだけで、ほかの遺伝子との関係なし
BMT6,2026-10-04,24335083,"検索式 (""BMT6""[tiab] OR YLR063W)。24335083 は 25S rRNA の m3U2843 のメチル化と局在だけで、ほかの遺伝子（タンパク質）との関係なし"
CIR2,2026-10-04,21253464,"検索式 (""CIR2""[tiab] OR ""ETF-dH"" OR YOR356W) AND yeast。21253464 は欠失の表現型（酸化還元・熱ストレス）だけで、AIM45・CIR1 との関係は哺乳類からの類推"
HSU1,2026-10-04,36379252;35690444,"検索式 ""HSU1""[tiab] OR YLL058W。36379252 は Met15 と同じ反応（ホモシステイン合成）を担う代わりの酵素であること（重複）だけ、35690444 は S-メチルメチオニン代謝の QTL。ほかの遺伝子との制御・結合の関係なし"
OSW7,2026-10-04,,"検索式 (""OSW7""[tiab] OR YFR039C)、Osw7 OR (SHE10 AND spore)、spore wall AND dityrosine AND (She10 OR Osw7 OR YFR039C) で 0 件"
SRY1,2026-10-04,12951240,"検索式 ""SRY1""[tiab] OR ""3-hydroxyaspartate dehydratase""、(Sry1 OR YKL218C OR hydroxyaspartate) AND yeast。12951240 は酵素活性と 3-ヒドロキシアスパラギン酸耐性だけで、ほかの遺伝子との関係なし"
RIB7,2026-10-04,23620735;8256517,"検索式 ""RIB7""[tiab] AND cerevisiae、""RIB7""[tiab] OR ""Rib7p""。23620735 は結晶構造と活性に要る残基だけ、8256517 は遺伝子の地図上の位置。ほかの遺伝子との関係、RIB7 の発現を制御する転写因子を名指しした出芽酵母の論文が見つからない"
YJR114W,2026-10-04,9748261,Dubious open reading frame。検索式 YJR114W で 1 件（9748261、Faa4 の論文で YJR114W に関係なし）
HPA3,2026-10-04,23775086;15375647,"""HPA3""[tiab]・Hpa3 AND acetyltransferase AND cerevisiae。H4K8 のアセチル化は大腸菌で作った酵素の試験管内だけ（ヒストンの関係は生体内の一次論文が要るため書かない）。D-アミノ酸のアセチル化は遺伝子間の関係でない"
LYS12,2026-10-04,11952910,"""LYS12""[tiab]・homoisocitrate dehydrogenase AND cerevisiae・Lys14 AND lysine biosynthesis。酵素の反応機構の論文ばかりで、LYS12 の発現を制御する転写因子を名指しした要旨はない（Lys14 の論文は LYS 遺伝子一般）"
NAT2,2026-10-04,8175741,"""NAT2""[tiab] AND cerevisiae。1994 年の論文は N 末端メチオニンのアセチル化活性と必須性だけで、ほかの遺伝子との関係の記述なし（ヒト NAT2 の論文が大半）"
SMX3,2026-10-04,27417296;27974620,"""Smx3""・""Sm F"" AND yeast・Sm ring AND Brr1。SmF の変異と lea1Δ・msl1Δ・brr1Δ の合成致死（遺伝学だけ）で、向きのある関係として書けない"
URA10,2026-10-04,2182197,"""URA10""[tiab]・URA10 AND (PPR1 OR transcription)。OPRTase の第 2 の遺伝子で活性の 20% を担うとあるだけ。転写因子・ほかの遺伝子との関係の記述なし"
YDL012C,2026-10-04,38159851,(YDL012C OR Cpp1 OR YBR016W) AND Rsp5。本文で Ydl012c と Rsp5 の結合は網羅的な実験の引用（文献 40）だけで、この論文の実験は Cpp1（YBR016W）について
YNL285W,2026-10-04,10206192,YNL285W。Dubious ORF で、論文は転写産物の網羅解析 1 本だけ
DTR1,2026-10-04,12455697;18676951,Dtr1 AND dityrosine・DTR1 AND (Ndt80 OR sporulation)。胞子壁でのジチロシン輸送と前胞子膜への選別の信号の論文で、Ndt80 など転写因子やほかの遺伝子との関係の記述なし
FCY22,2026-10-04,16845689,FCY22 OR (Fcy22 AND yeast)。5-FC 毒性への関与（FCY2・FCY21 と重複）だけで、遺伝子間の関係の記述なし
GLG2,2026-10-04,8524228;8900126;16004992,(GLG2 OR glycogenin) AND cerevisiae AND (Glg1 OR Gsy2 OR Pho85)。グリコーゲン合成酵素のプライマーとして働くが、要旨は合成酵素の遺伝子名（GSY1・GSY2）を名指ししていない。本文は PMC で取れず
HUA2,2026-10-04,,Hua2 AND yeast・(HUA2 OR YOR284W) AND cerevisiae。出芽酵母の論文が見つからない（シロイヌナズナの HUA2 だけ）
MGL2,2026-10-04,26991558;33919724,Mgl2 AND cerevisiae。MAG リパーゼ活性と yju3Δ との重複だけで、ほかの遺伝子との関係の記述なし
NIT1,2026-10-04,28373563,NIT1 AND nitrilase AND cerevisiae。脱アミノ化グルタチオンを分解する修復酵素という論文だけで、遺伝子間の関係の記述なし
PAU11,2026-10-04,21467572,PAU11 OR YGL261C・seripauperin AND (Sut1 OR Upc2)。PAU 遺伝子群の低酸素誘導（Upc2・Hog1）の論文は PAU11 を名指ししていない
URA6,2026-10-04,1333436;1655742,Ura6 AND uridylate kinase。AKY2 欠損・cdc8 の多コピー抑圧（酵素活性の代替）だけで、制御の関係の記述なし
YBT1,2026-10-04,22970809;25610719,Ybt1 AND (vacuole OR bile) AND yeast・AP-3 AND Ybt1。液胞融合を Ca2+ 輸送を通して抑えるが、Ypt7・HOPS・SNARE には影響なしとあり、遺伝子間の関係なし。25610719 は総説
YJR142W,2026-10-04,23834287,YJR142W・Ty1 AND Nudix AND yeast。チアミン分解物の二リン酸を加水分解する酵素の論文だけで、Dbf2 によるリン酸化は網羅的な実験（候補の論文なし）
GUF1,2026-10-04,18442968;8553703,"""Guf1 AND mitochondria""・""Guf1 AND yeast"" で検索。要旨にあるのは oxa1 との合成的な増殖の欠陥とミトコンドリアのリボソームへの結合だけで、ほかの遺伝子への作用は書かれていない。候補の転写因子を名指しした論文もない"
MAL32,2026-10-04,29614773;27714848;7483839;17192852;28087672,"""MAL32 AND cerevisiae""・""MAL32 AND (Mig1 OR Mal33 OR Mal13 OR induction)"" で検索。MAL32 の発現の上昇やプロモーターの性質はあるが、MAL32 を制御する遺伝子を名指しした実験はない（MAL6 座の MAL63→MAL62 の論文は別の座なので使わない）"
MRPL22,2026-10-04,12392552,"""MRPL22 AND cerevisiae"" で検索。ミトコンドリアのリボソーム大サブユニットの構成要素と同定した論文だけで、ほかの遺伝子との関係・転写因子は書かれていない"
TMA7,2026-10-04,16702403,"""Tma7 AND yeast"" で検索。リボソームと共沈降し欠失で翻訳が変わるという網羅的な論文だけで、ほかの遺伝子との関係はない"
UTP5,2026-10-04,15489292;30445532,"""Utp5 AND yeast""・""Utp5""[tiab]・t-Utp と Pol I 転写で検索。出芽酵母の論文の要旨は t-Utp 全体を述べるだけで Utp5 を名指ししていない（本文は取れなかった）"
YGL235W,2026-10-04,18212113,"""YGL235W"" で検索。グリオトキシン耐性の網羅的スクリーニングだけ。Cdc28 の基質というのも網羅的な実験で、個別の論文はない"
YNK1,2026-10-04,18983998,"""(Ynk1 OR nucleoside diphosphate kinase) AND cerevisiae"" で検索。DNA 修復に要るという論文はあるが、ほかの遺伝子への作用・YNK1 を制御する転写因子は書かれていない"
GOR1,2026-10-04,17173333,"""Gor1 AND glyoxylate AND yeast"" で検索。グリオキシル酸還元酵素であることと欠失の表現型だけで、ほかの遺伝子との関係はない"
MCO10,2026-10-04,36882574,"""Mco10 OR (ATP synthase AND subunit l AND yeast)"" で検索。ATP 合成酵素の単量体と結合するが、特定のサブユニットの遺伝子名で結合を示した文はない（本文も確認）。Atp19 との比較は配列・働きの違いのみ"
MRX14,2026-10-04,,"""(Mrx14 OR YDR115W)"" ・bL34m で検索。出芽酵母の論文が見つからない"
NGL2,2026-10-04,12358428;20008552,"""Ngl2 AND (5.8S OR rRNA)"" で検索。5.8S rRNA の 3' 末端の成熟に要る（6S→5.8S、Rrp6 の後の段階）という rRNA への作用だけで、ほかの遺伝子のタンパク質への作用はない。候補のキナーゼの論文もない"
OSW1,2026-10-04,17110477;11973292;16148007,"""Osw1 AND (spore OR Spo14)""・""osw1 AND cerevisiae"" で検索。要旨は Osw1 の局在と胞子壁の表現型だけ。Spo14 の局在に要るという記述は要旨・取れた本文にない（Spo14 は SSP2 の抑圧因子として出てくる）"
DUS1,2026-10-04,12003496,"検索式 ""DUS1""[tiab] AND (yeast OR cerevisiae)。原著は tRNA の修飾の酵素活性だけで、ほかの遺伝子との関係（候補のキナーゼによるリン酸化を含む）が書かれていない"
RBK1,2026-10-04,28921561,"検索式 (""RBK1""[tiab] OR ribokinase) AND cerevisiae。酵素の性質と構造の論文だけで、ほかの遺伝子との関係や転写因子の名指しがない"
YBR259W,2026-10-04,10206193,"検索式 ""YBR259W"" AND cerevisiae。1 件のみ（欠失で表現型なし）。機能不明の遺伝子で関係の論文がない"
YGR045C,2026-10-04,,"検索式 ""YGR045C"" AND cerevisiae。1 件（11921101、T-DNA 挿入の方法論）で関係の論文がない。機能不明の遺伝子"
YNL058C,2026-10-04,16818235,"検索式 ""YNL058C"" AND cerevisiae。16818235 は DNA 損傷で Ynl058c が減ることだけで、制御する遺伝子を名指ししていない（本文は PMC になし）"
DFP1,2026-10-04,12101299,"検索式 (""DUP240"" OR YAR023C) AND cerevisiae、""DFP1""[tiab]（分裂酵母の同名遺伝子ばかり）。DUP240 ファミリーの解析は膜局在と欠失が生育可能なことだけで、関係が書かれていない"
IMG2,2026-10-04,12392552,"検索式 ""IMG2""[tiab] AND cerevisiae。ミトリボソームの構成要素の同定だけで、特定の遺伝子との関係や転写因子の名指しがない"
MCO14,2026-10-04,,"検索式 (""MCO14""[tiab] OR YHL018W) AND cerevisiae で 0 件"
PAA1,2026-10-04,37317089;40344241,"検索式 ""PAA1""[tiab] AND cerevisiae。アリールアルキルアミンのアセチル化活性（HPA2 も同じ活性）だけで、ほかの遺伝子との関係は書かれていない"
FBP26,2026-10-04,1322693,"検索式 (""FBP26""[tiab] OR ""fructose-2,6-bisphosphatase"") AND cerevisiae、Fbp26 AND (phosphorylation OR Snf1 OR PKA OR Pfk26)。原著は酵素活性だけで、ほかの遺伝子からの制御や転写因子の名指しがない"
YUR1,2026-10-04,8631921;28774774;9878809,"検索式 ""YUR1""[tiab] AND cerevisiae。8631921 はインベルターゼの N 型糖鎖付加への関与（KTR1・KTR2 と重複）を書くが、要旨は SUC2 を名指しせず本文も PMC になく、遺伝子どうしの関係として書けない。28774774・9878809 は総説的な記述だけ"
BSC4,2026-10-04,18493065;29033289;38315248,"検索 ""BSC4""[tiab] AND yeast。de novo 遺伝子の進化・構造の論文だけで、ほかの遺伝子との関係や転写因子を名指しした記述がない"
DAK2,2026-10-04,12401799;9038161,"検索 ""DAK2""[tiab] AND (yeast OR cerevisiae)、(DAK1 OR DAK2) AND (Msn2 OR Hog1 OR Sko1 OR Hot1)。DHA の解毒・塩での誘導（9038161 は DAK1 の転写量のみ）はあるが、DAK2 の転写因子やほかの遺伝子との関係は要旨にない"
EAT1,2026-10-04,30622529;30054364,"検索 ""EAT1""[tiab] AND ethyl acetate。出芽酵母ではエステル生成への寄与（30622529）と、他の酵母でのミトコンドリア局在だけ。遺伝子どうしの関係はない"
GLG1,2026-10-04,8524228;16004992;8900126,"検索 (GLG1 OR GLG2 OR glycogenin) AND cerevisiae、""GLG1"" AND glycogen synthase。グリコーゲン合成酵素のプライマーになるとあるが、合成酵素の遺伝子名（GSY1/GSY2）を要旨で名指ししておらず、PMC 本文もない"
HIS6,2026-10-04,9822821,"検索 ""HIS6""[tiab] AND (Gcn4 OR Bas1)、""his6"" AND (copper OR ...)（His6 タグの論文ばかり）。9822821 は HIS6 の発現が BAS1 と共制御されないという記述だけ"
MRPS18,2026-10-04,,"検索 ""MRPS18""[tiab] AND yeast（0 件）、""YNL306W""[tiab]（0 件）。出芽酵母の論文が見つからない"
NOP13,2026-10-04,11452019;9372940,"検索 ""NOP13""[tiab]、(NOP13 OR YNL175C) AND nucleolar。出芽酵母の Nop13 を扱った要旨がない（ヒットは Nop12・Nop56/58 の論文）"
PRO1,2026-10-04,27442630,"検索 ""PRO1""[tiab] AND (proline OR glutamyl) AND cerevisiae、""PRO1"" AND Ubp3。UBP3 との遺伝的相互作用とリボファジーへの関与だけで、向きのある関係が書かれていない"
RPS11A,2026-10-04,39519106,"検索 ""RPS11A""[tiab] OR (""Rps11"" AND cerevisiae)。RPS11A を扱った関係の論文がない"
SCL1,2026-10-04,2684789;1872882;10350051,"検索 ""SCL1""[tiab] AND proteasome、Rpn4 AND PACE AND proteasome。Rpn4 の PACE 制御の論文は SCL1 を名指ししておらず本文も読めない。2684789 は上流配列に GCN4 結合配列に似た配列があるという記述だけ"
TPH3,2026-10-04,,"検索 ""TPH3""[tiab] OR ""YJL016W""[tiab]、""TPH3"" AND yeast。歯科材料の論文ばかりで出芽酵母の論文がない"
VBA1,2026-10-04,15572352;33624780,"検索 ""VBA1""[tiab]、(VBA1 OR vacuolar basic amino acid) AND (Gln3 OR nitrogen)。15572352 は液胞への塩基性アミノ酸輸送の機能だけ。GATA 因子の論文（33624780）は AVT 遺伝子だけで VBA1 は出てこない"
YCR099C,2026-10-04,39590716,"検索 ""YCR099C""[tiab]。39590716 は Ppn2 過剰発現で発現が上がる遺伝子・アルカリでの増殖の表現型だけ（網羅的な RNA-seq）で、ほかの遺伝子との直接の関係はない"
YGR182C,2026-10-04,22535436,"検索 ""YGR182C""[tiab]。Dubious ORF。22535436 は網羅的な発現解析だけ"
YNL092W,2026-10-04,28654751,"検索 ""YNL092W""[tiab]。28654751 は結晶構造と試験管内のメチル化活性だけで、相手の遺伝子（基質）は特定されていない"
ZPS1,2026-10-04,11050096;10884426,"検索 ""YOL154W""[tiab] OR (""ZPS1"" AND zinc)、Zap1 regulon。11050096 はアルカリでの誘導のみ（RIM101 依存かは要旨で不明、本文なし）。10884426（Zap1 の標的）は要旨に ZPS1 がなく本文も読めない"
ATP4,2026-10-04,2553400;10555984;21257750,"検索 ""ATP4""[tiab] AND ATP synthase。atp4 欠失でサブユニット 6 が無い・サブユニット d/h/OSCP/g と架橋するとあるが、相手を遺伝子名で書いておらず（ATP6・ATP7 など）照合できない。本文も PMC にない"
PAN5,2026-10-04,32491201;19266201,"検索 ""PAN5""[tiab] AND (pantothenate OR yeast)。32491201 は Svl3 のドメインを Pan5 で置き換えられるという記述だけで、関係ではない"
ARA1,2026-10-04,17151466;17097644,"検索式 ""ARA1""[tiab] AND cerevisiae。読んだ論文は酵素の性質・エリトロアスコルビン酸の合成と酸化ストレス耐性への寄与だけで、ほかの遺伝子との制御・結合の関係は書かれていない。転写因子を名指しした論文も見つからない"
BUD17,2026-10-04,17696614,"検索式 ""BUD17""[tiab]、(BUD17 OR YNR027W OR ""pyridoxal kinase"") AND cerevisiae。BUD17 を扱った論文が見つからない（17696614 はパラログの BUD16 の論文なので使わない）"
KTR5,2026-10-04,28774774;9090056,"検索式 ""KTR5""[tiab]。28774774 は C. albicans 変異株の相補で糖鎖付加の働きを調べただけ、9090056 はゲノム配列からの同定。ほかの遺伝子との関係は書かれていない"
MRX1,2026-10-04,,"検索式 ""MRX1""[tiab] AND mitochondri*、(MRX1 OR YER077C) AND cerevisiae。MRX1 を扱った原著が見つからない"
SPR2,2026-10-04,3323843,検索式 (SPR2 OR YOR214C) AND (spore OR sporulation) AND cerevisiae、SPR2 AND (Ndt80 OR Sum1 OR sporulation)。3323843 は胞子形成での転写の増加だけで、制御する転写因子を名指ししていない
VBA4,2026-10-04,26325352,検索式 (VBA4 OR YDR119W)。26325352 は液胞膜の局在・薬剤耐性・液胞の形の表現型だけで、ほかの遺伝子との関係は書かれていない
YCX1,2026-10-04,36965615,検索式 (YCX1 OR YDL206W)。36965615 は欠失でカルシウムによるカルシニューリンの活性化が下がると示すが、測ったのは CDRE-lacZ の報告遺伝子だけで、カルシニューリンや Crz1 の特定の遺伝子を名指しした実験がない
YGR273C,2026-10-04,10669875,検索式 YGR273C。10669875 は破壊株に表現型がないという報告だけ
YOR111W,2026-10-04,,検索式 YOR111W。論文が見つからない
ABZ1,2026-10-04,8346682,"検索式 ""ABZ1""[tiab]、(ABZ1 AND cerevisiae) OR (""para-aminobenzoate synthase"" AND cerevisiae)。8346682 は遺伝子の同定と破壊だけで、ほかの遺伝子との関係は書かれていない"
DML1,2026-10-04,12702300,"検索式 ""DML1""[tiab]。12702300 は mtDNA の継承と必須性の表現型だけで、ほかの遺伝子との関係は書かれていない"
FCY1,2026-10-04,40732016,"検索式 ""FCY1""[tiab] AND cerevisiae。40732016 は全遺伝子欠失株のスクリーニングで、FCY1 と特定の遺伝子の制御・結合の関係は書かれていない。ほかはマーカー・薬剤耐性の利用の論文"
MSM1,2026-10-04,2645139,"検索式 ""MSM1""[tiab] AND (yeast OR cerevisiae)。2645139 は遺伝子の同定と tRNA のアシル化の欠損だけで、ほかの遺伝子との関係は書かれていない"
CDC8,2026-10-04,3305044;8341263;11738942,"検索式 ""CDC8""[tiab] AND (MCB OR Swi6 OR Mbp1 OR MBF OR cell cycle) AND transcript*、CDC8 AND (Swi6 OR Mbp1 OR Swi4)。G1/S で周期的に発現し MCB 配列を持つとの記述はあるが、転写因子を名指しした論文・ほかの遺伝子との関係は見つからない"
CSC1,2026-10-04,,"検索式 ""CSC1""[tiab] AND (yeast OR cerevisiae) AND channel。出芽酵母の CSC1（YLR241W）の論文はなく、ヒットは Pichia・Candida の相同遺伝子だけ"
DFP4,2026-10-04,12101299,"検索式 ""Dfp4"" OR ""DUP240""。DUP240 ファミリーの機能解析（12101299）は膜局在と欠失しても生育できることだけで、特定の遺伝子との関係はない"
DOG1,2026-10-04,31481524;32673313;38953324,検索式 (DOG1 OR 2-deoxyglucose-6-phosphate phosphatase) AND cerevisiae、DOG1 AND (Msn2 OR Snf1 OR Hog1)。誘導の経路（Hog1・Snf1・Slt2）が示されたのは DOG2 で、DOG1 は 2DG で発現が上がるとだけ。DOG1 を制御する遺伝子は名指しされていない
FDH1,2026-10-04,35328826;16677304,"検索式 ""FDH1""[tiab] AND cerevisiae、FDH1 AND formate dehydrogenase AND (regulat OR induc OR transcription)。代謝工学の論文だけで、FDH1 とほかの遺伝子の制御関係は書かれていない"
HTD2,2026-10-04,15387819;16246072,"検索式 (""HTD2""[tiab] OR 3-hydroxyacyl-thioester dehydratase) AND (yeast OR cerevisiae)。酵素の同定とミトコンドリアの表現型だけで、ほかの遺伝子との関係は書かれていない"
IRC18,2026-10-04,23966878,検索式 IRC18、(Osw6 OR Loh1 OR Irc18) AND spore、dityrosine AND spore wall。外胞子壁の遺伝子網の論文（23966878）の要旨に IRC18 の名前・関係が出てこない
LCL2,2026-10-04,,"検索式 (""LCL2""[tiab] OR YLR104W)、Lcl2 AND (yeast OR cerevisiae OR ERAD)。出芽酵母の LCL2 を調べた原著が見つからない"
MHT1,2026-10-04,11013242;20421295,"検索式 (""MHT1""[tiab] OR S-methylmethionine) AND (SAM4 OR cerevisiae)、MHT1 AND (Met4 OR Met32 OR Met31 OR sulfur)。酵素の同定と Sam4 と並んで働くこと（代謝の重複）だけで、制御・結合の関係は書かれていない"
MIN3,2026-10-04,23550123,"検索式 ""MIN3"" AND cerevisiae AND mitochondri*、YMR182W-A。機能不明の遺伝子で、関係を書いた論文がない"
MRX20,2026-10-04,10930523,"検索式 (""MRX20""[tiab] OR YFR045W)。ミトコンドリア輸送タンパク質の配列解析（10930523）でストレスで発現が上がるとだけ。ほかの遺伝子との関係はない"
NPP2,2026-10-04,16278456,"検索式 ""NPP2""[tiab] AND (yeast OR cerevisiae)、(Npp1 OR Npp2) AND (phosphate OR Pho4 OR spore)。Npp1・Npp2・Pho5 が並んで細胞外ヌクレオチドを分解する（16278456）だけで、制御する遺伝子は名指しされていない"
PDH1,2026-10-04,11092862,"検索式 (""PDH1""[tiab] OR YPR002W OR methylcitrate dehydratase) AND cerevisiae、methylcitrate AND cerevisiae。ヒットは Candida glabrata の別遺伝子 PDH1 と ICL2 の論文で、出芽酵母 PDH1 の関係を書いた論文はない"
VEL1,2026-10-04,,検索式 (VEL1 OR YGL258W) AND (yeast OR cerevisiae)、Zap1 AND (VEL1 OR YGL258W OR YOR387C)。亜鉛欠乏での誘導を Zap1 などと結びつけた論文が要旨検索で見つからない
YDL109C,2026-10-04,10487930,検索式 YDL109C、YDL109C AND lipase。欠失株の作製（10487930）だけで、ほかの遺伝子との関係はない
YJR015W,2026-10-04,24681539,検索式 YJR015W。網羅的な脂質解析のスクリーニング（24681539）だけで、特定の遺伝子との関係はない
YOR345C,2026-10-04,18212113,Dubious ORF。検索式 YOR345C。グリオトキシン耐性の網羅的スクリーニング（18212113）だけ
AST2,2026-10-04,34624020;11739806,"検索式 ""AST2""[tiab] AND (yeast OR cerevisiae OR PMA1)、(AST2 OR AST1) AND (raft OR PMA1)。34624020 は AST2 の点変異が HMF 耐性を上げることだけ。Pma1 との関係を示したのは AST1（11739806）でパラログなので使わない"
GPM3,2026-10-04,9544241,"検索式 ""GPM3""[tiab] OR ""GPM2""。9544241 は GPM3 が働かない相同体（強く発現させると gpm1 を一部相補）とするだけで、ほかの遺伝子との制御・結合の関係はない"
ICL2,2026-10-04,11092862;8923733,"検索式 ""ICL2""[tiab] AND cerevisiae、ICL2 AND (Cat8 OR Adr1 OR glucose repression)。グルコース抑制・エタノールでの誘導は書かれているが、制御する転写因子の名前はない。ICL1 との活性の重なりは制御の関係ではない"
LOH1,2026-10-04,,"検索式 ""LOH1""[tiab]、OSW4、(LOH1 OR YJL038C) AND (spore OR Sum1 OR dityrosine)。出芽酵母の論文が見つからない（Arabidopsis の LOH1 だけ）"
MIN4,2026-10-04,,"検索式 YML007C-A OR ""MIN4""。出芽酵母の論文がない"
NPY1,2026-10-04,11361135;33139726,"検索式 ""NPY1""[tiab] AND (yeast OR cerevisiae)。11361135 は酵素の性質とペルオキシソーム局在、33139726 は Rai1・Dxo1 と重なって NAD-RNA を脱キャップすることだけで、遺伝子どうしの作用の関係はない"
PAU1,2026-10-04,7926827;21467572,"検索式 ""PAU1""[tiab]、seripauperin*。21467572 は PAU 遺伝子群（どれかは要旨に書かれていない）の低酸素誘導に Upc2・Hog1・Spt20 が要るとするが、PAU1 を名指ししていない（本文は取れない）ので書かない"
YDR215C,2026-10-04,40930839,検索式 YDR215C。40930839 は機能の予測が中心で、ほかの遺伝子との関係はない
YKL069W,2026-10-04,19049972,検索式 YKL069W・free methionine-R-sulfoxide reductase AND yeast。19049972 は酵素の性質と MXR1 との重複（遺伝学）、チオレドキシンによる還元（遺伝子名なし）だけ
BIT2,2026-10-04,16002396,"検索式 ""BIT2""[tiab] AND yeast、(Bit2 OR Bit61) AND (TORC2 OR Tor2 OR Avo)。TORC2 の論文（16002396）の要旨は BIT61 だけを名指しし BIT2 は出ない。パラログで代用しない"
FEX2,2026-10-04,26055717,"検索式 ""FEX2""[tiab] AND yeast、(FEX1 OR FEX2) AND fluoride AND yeast。26055717 は FEX1 だけ。FEX2 の関係を書いた論文はない"
HNT3,2026-10-04,20399152,"検索式 ""HNT3""[tiab] AND (yeast OR cerevisiae)。20399152 は RAD27 と並行する経路（遺伝学の相互作用）だけで、作用の関係ではない"
IRC2,2026-10-04,,"Dubious ORF。検索式 ""IRC2""[tiab] OR YDR112W。出芽酵母の論文がない"
MIS1,2026-10-04,2836393,"検索式 ""MIS1""[tiab] AND (yeast OR cerevisiae OR tetrahydrofolate)。2836393 は遺伝子の単離と欠失が増殖に影響しないことだけで、ほかの遺伝子との関係はない"
MTC4,2026-10-04,10206193,"検索式 ""MTC4""[tiab] OR YBR255W。表現型の解析だけでほかの遺伝子との関係を書いた論文がない"
NPP1,2026-10-04,16278456,"検索式 ""NPP1""[tiab] AND yeast、(Npp1 OR Npp2) AND (pyrophosphatase OR phosphodiesterase)。16278456 はリン酸欠乏で活性が上がり、Pho5 が補う（並行の働き）とするだけで、遺伝子どうしの作用の関係はない"
ILT1,2026-10-04,30045857;40004499,"検索式 ""ILT1""[tiab] AND (yeast OR cerevisiae)、ILT1 OR YDR090C で。30045857 はイオン液体耐性で ILT1 を見つけただけ（SGE1 は別の遺伝子）、40004499 は lncRNA の研究で ILT1 は qPCR の対象。ほかの遺伝子との関係は書かれていない"
MIY2,2026-10-04,42265305,"検索式 ""MIY2""[tiab]（0 件）、(YPL191C OR Miy2 OR MINDY) AND yeast、MINDY AND deubiquitinase AND yeast。出芽酵母の Miy2 を名指しした原著が見つからない（42265305 は MINDY3）"
PUL4,2026-10-04,30297402;40719541,"検索式 ""PUL4""[tiab]、(PUL4 OR YNR063W OR pulcherrimin) AND cerevisiae。30297402 は出芽酵母の転写因子ホモログ（PUL4）がプルケリミンの利用に要ると書くが、要旨に制御する相手の遺伝子名がなく本文も PMC で読めない。40719541 は PUL4 を「推定の制御因子」とするだけ"
RFS1,2026-10-04,21442317;16782999,"検索式 ""RFS1""[tiab]、RFS1 OR YBR052C で。21442317 は ycp4Δ rfs1Δ 二重欠失での発現変化（遺伝子群のみで名指しなし）、16782999 は rfs1Δ が rad55Δ の DNA 損傷感受性を抑圧する遺伝学だけで、向きのある関係として書けない"
THI20,2026-10-04,15614489;18028398;16850348,"検索式 ""THI20""[tiab]、THI20 AND (Thi2 OR Thi3 OR Pdc2)。原著は酵素活性（HMP/HMP-P キナーゼ・チアミナーゼ II）と THI21 との重複だけ。16850348 は THI 遺伝子群の制御だが要旨に THI20 の名がなく本文も PMC にない"
YDR541C,2026-10-04,25656103;19577617,"検索式 ""YDR541C""[tiab]。25656103 はアルデヒド還元酵素の活性の測定だけで、ほかの遺伝子との関係や制御因子は書かれていない"
YLL032C,2026-10-04,10487931,"検索式 ""YLL032C""[tiab]（1 件）。10487931 は染色体 XII の ORF の破壊の報告だけで関係は書かれていない"
UBP11,2026-10-04,12709439,"検索式 ""UBP11""[tiab]、(UBP11 OR Ubp11) AND yeast（1 件）。12709439 は UBP11 の過剰発現で FTY720 耐性になるという表現型だけで、基質や相手の遺伝子は書かれていない"
BNA7,2026-10-04,18205391,"検索式 ""BNA7""[tiab]（1 件）、BNA7 OR YDR428C。18205391 は Bna7 がホルミルキヌレニン ホルムアミダーゼであること（BNA3 は別の酵素）を示す酵素の同定だけで、制御・結合の関係は書かれていない"
CTP1,2026-10-04,38339147;38750837;41683871,"検索式 ""CTP1""[tiab] AND cerevisiae、(CTP1 OR Ctp1p) AND citrate。CTP1 と YHM2 の重複（クエン酸輸送）や呼吸鎖複合体の量の変化（遺伝子の名指しなし）だけ。制御する転写因子も見つからない"
FSH2,2026-10-04,33715035;30776074,"検索式 ""FSH2""[tiab]、FSH2 OR YMR222C。見つかる論文は FSH1・FSH3 の研究で、FSH2 そのものの関係は書かれていない"
IRC24,2026-10-04,37602278,"検索式 ""IRC24""[tiab]（1 件）、IRC24 OR YIR036C。37602278 は Irc24 と Nre1 のベンジル還元酵素の活性だけで、ほかの遺伝子との関係は書かれていない"
PIN2,2026-10-04,24656818,"検索式 ""PIN2""[tiab] AND yeast（ほとんど植物の PIN2）、(Pin2 OR YOR104W) AND (exomer OR prion)。24656818 はプリオン様ドメインが TGN での保持信号になることを示すが、要旨にほかの遺伝子名（エキソマーの構成要素など）がなく本文も PMC にない"
AIM45,2026-10-04,21253464;15961414,"""AIM45""[tiab]・""YPR004C""・frataxin AND electron transport で検索。Yfh1 との結合（15961414）は要旨で ETFalpha としか書かれず AIM45 の名が出ず、本文も PMC にない。21253464 は表現型だけ"
CCT8,2026-10-04,18680526;10407272;31492816,"""CCT8""[tiab] AND yeast で検索。CCT8 を名指しした他の遺伝子との関係（アクチン・チューブリンの折りたたみなど）を書いた要旨が見つからない"
DOT5,2026-10-04,12925864,"""DOT5""[tiab]・YIL010W で検索。12925864 は Dot5 が Yap1 の酸化還元の制御に影響しないと書くだけで、ほかの遺伝子との関係はない"
ERG13,2026-10-04,,"""ERG13""[tiab]・HMG-CoA synthase AND regulat* で検索。代謝工学の論文ばかりで、ERG13 の転写を制御する因子を名指しした原著が見つからない"
FUN19,2026-10-04,1583694,"""FUN19""・YAL034C で検索。染色体の配列決定の論文だけ"
MMP1,2026-10-04,10497160;35690444,"""MMP1""・S-methylmethionine permease で検索。10497160 は SMM 輸送体としての同定、35690444 は QTL。ほかの遺伝子との関係・転写制御の記述なし"
NFT1,2026-10-04,25610719,"""NFT1""・YKR103W で検索。25610719 は液胞の ABCC 輸送体の総説で NFT1 との関係の記述なし"
PAU24,2026-10-04,23667739,"""PAU24""[tiab] で検索。1 件だけで関係の記述なし"
PXP1,2026-10-04,27392156,"""Pxp1""・YEL020C で検索。27392156 はペルオキシソームのマトリックスタンパク質としての同定だけで、要旨に Pex5 などの相手が出ず、本文も PMC にない"
UIP3,2026-10-04,17234788;12471376,"""Uip3""・Ulp1 AND nuclear periphery で検索。17234788 は Ulp1 と相互作用するとの既知の記述を引くだけで実験がなく、12471376 に UIP3 は出ない"
YLR122C,2026-10-04,40930839,YLR122C で検索。40930839 は網羅的な予測（GO の予測）で個別の関係の実験なし
YPL113C,2026-10-04,17173333,YPL113C・glyoxylate reductase AND cerevisiae で検索。YPL113C を扱う個別の論文がない（17173333 は GOR1 の論文で、別の遺伝子なので使わない）
ART10,2026-10-04,30776335,"""ART10""・YLR392C・arrestin-related AND Rsp5 で検索。Art10 を名指しした Rsp5 のユビキチン化などの要旨が見つからない（30776335 は Art3・Art4）"
IRC3,2026-10-04,34398681;32735705;27194389,"""Irc3""[tiab] AND cerevisiae で検索。DNA ヘリカーゼ・ミトコンドリアの翻訳の論文で、ほかの遺伝子との関係は書かれていない"
MRI1,2026-10-04,18625006,"""MRI1""・methionine salvage で検索。18625006 は酵素の同定だけで、ほかの遺伝子との制御関係の記述なし"
CDA1,2026-10-04,8940152;10544249;38874213;15470107,検索: CDA1[tiab] AND (yeast OR cerevisiae)、(CDA1 OR CDA2) AND (Ndt80 OR sporulation)。胞子壁でのキチン脱アセチル化の働きと CDA2 との重複だけで、ほかの遺伝子との関係・転写因子の名指しはない
ERG8,2026-10-04,1846667;12697649;24475236,検索: ERG8[tiab] AND cerevisiae、phosphomevalonate kinase AND cerevisiae、ERG8 AND (Upc2 OR Ecm22 OR promoter)。クローニング・代謝工学・発現変化の網羅解析だけで、制御因子を名指しした論文はない
GDA1,2026-10-04,7506254;7540172;26152596,検索: GDA1[tiab] AND cerevisiae、GDPase AND (Vrg4 OR GDP-mannose transporter)。GDP-マンノースの取り込みに要ることだけで、相手の遺伝子（Vrg4 など）を要旨で名指ししていない（ホモ二量体で他の膜タンパク質を要しないとする）
ITR2,2026-10-04,7934871;16233524;2040626,検索: ITR2[tiab] AND (yeast OR cerevisiae)、(ITR2 OR inositol transporter) AND regulat*。ITR2 は構成的に発現し、制御する転写因子やほかの遺伝子との関係は書かれていない
NGL3,2026-10-04,12358428,検索: NGL3[tiab] AND (yeast OR cerevisiae)（2 件）。Ngl3 には rRNA プロセシングでの役割が見つからなかったとあるだけ
PAU8,2026-10-04,,検索: PAU8[tiab] AND (yeast OR cerevisiae)（1 件、醸造株の適応進化で無関係）。働きの分からない seripauperin
PMU1,2026-10-04,15744050,検索: PMU1[tiab] AND (yeast OR cerevisiae)（3 件）。過剰発現で ade3 ade16 ade17 のヒスチジン要求を抑える（AICAR を減らすと推定）だけで、遺伝子どうしの関係はない
RMA1,2026-10-04,10799479,検索: RMA1[tiab] AND (yeast OR cerevisiae)（シロイヌナズナ・ヒトの別遺伝子 RMA1 だけ）、(RMA1 OR YKL132C OR FOL3) AND folate。酵母 RMA1 を扱った論文は見つからない（10799479 はパラログ FOL3 の論文なので使わない）
SEG2,2026-10-04,22869600,検索: SEG2[tiab]（0 件）、(Seg2 OR YKL105C OR Seg1) AND eisosome。Seg1 の論文だけで Seg2 は扱われていない（パラログで代用しない）
THI73,2026-10-04,10869563;16242037,検索: THI73[tiab]（0 件）、(THI73 OR YLR004C) AND (thiamine OR Dbf2 OR Mob1)。チアミンが無いと転写が増えるとあるが転写因子の名指しはない。Dbf2-Mob1 の基質という記載は要旨に THI73 が出てこない網羅的な試験管内アレイ
YFL012W,2026-10-04,9364751,検索: YFL012W[tiab]（1 件、第 VI 染色体の ORF の網羅的ノーザン解析）。働きの分からない ORF
YMC2,2026-10-04,30297026;16140254,検索: YMC2[tiab] AND (yeast OR cerevisiae)（2 件）。ミトコンドリアのグルタミン酸輸送体としての性質と odc1 odc2 の多コピー抑圧・AGC1 との重複だけで、ほかの遺伝子が YMC2 に作用する関係は書かれていない
YPS6,2026-10-04,27965112,検索: YPS6[tiab]、(YPS6 OR yapsin) AND cerevisiae AND cell wall。Yps6 を名指しした出芽酵母の論文はない（ヤプシン全体の Scw4 切断は Yps6 を特定していない）
BRE4,2026-10-04,,検索: BRE4[tiab] AND (yeast OR cerevisiae)（0 件）、(BRE4 OR YDL231C) AND cerevisiae（0 件）
ECM34,2026-10-04,,検索: ECM34[tiab] AND (yeast OR cerevisiae)（3 件、どれも染色体の組換え・再構成の論文で ECM34 の働きは扱っていない）
GDE1,2026-10-04,16141200;16781190,検索: GDE1[tiab] AND (yeast OR cerevisiae)、GDE1 AND (Pho4 OR phosphate)。グリセロホスホコリンでの生育に GDE1 と GIT1 の両方が要るとあるだけで、遺伝子どうしの作用は書かれていない。PHO 系の制御の論文は見つからない
JID1,2026-10-04,19682992,検索: JID1[tiab] AND (yeast OR cerevisiae)、(Jid1 OR YPR061C) AND cerevisiae（1 件）。ミトコンドリアのマトリックスにあり ERAD には直接関われないという局在の論文で、相手の遺伝子は名指しされていない
MRPL37,2026-10-04,15543521,検索: MRPL37[tiab] AND (yeast OR cerevisiae)、(MRPL37 OR Mrpl37) AND (Ndt80 OR sporulation)。胞子形成中期に MSE 依存に誘導されるとあるが、転写因子（NDT80）を要旨で名指ししていない（本文は PMC に無い）
ALE1,2026-10-04,17652094;37269946;30514764;38602252;20176132,"検索式 ""ALE1""[tiab] AND cerevisiae、(LPT1 OR SLC4 OR ALE1) AND 制御、ALE1 AND (Pho85 OR Ino4 OR Ndt80 OR Cin5 OR Fkh1)。酵素の性質・代謝経路（Gpc1 の産物 LPC を Ale1 がアシル化）と低酸素での発現上昇だけで、ほかの遺伝子による制御・結合は書かれていない"
BIO4,2026-10-04,10333520,"検索式 ""BIO4""[tiab] AND (yeast OR cerevisiae)。酵素の同定（BIO3-4-5 の遺伝子群）だけで、BIO4 を制御する転写因子や相手は書かれていない"
CDD1,2026-10-04,11292850;10501935,"検索式 ""CDD1""[tiab] AND (yeast OR cerevisiae)、Europe PMC 本文。酵素の性質（シチジン脱アミノ・RNA 編集能）だけで、ほかの遺伝子との関係は書かれていない"
ERR2,2026-10-04,23359425,"検索式 ""ERR2""[tiab] AND cerevisiae。1 本だけで、エノラーゼ活性と eno1 eno2 の相補（同じ働きの重複）。制御・結合の関係はない"
GUD1,2026-10-04,15565584,"検索式 ""GUD1""[tiab] AND cerevisiae、(GUD1 OR guanine deaminase) AND cerevisiae、GUD1 AND (nitrogen OR Gat1 OR Dal81)。酵素の同定と定常期への移行で活性が上がることだけで、転写因子の名指しはない"
JJJ3,2026-10-04,15485916;18765564;24422557;17438278;22851130,検索式 (Dph4 OR Jjj3) AND (yeast OR cerevisiae)。Dph1〜5 がジフタミド合成に要るという記述はあるが、Jjj3 と特定の遺伝子（EFT1 など）の関係を名指しした一文が要旨・本文にない（PMC は要旨だけ）
MAL31,2026-10-04,29614773;1441745,"検索式 ""MAL31""[tiab]、MAL31 AND (MAL33 OR MAL13 OR activator OR Mig1)。MAL31 と活性化因子 MAL33 の変異株で発現が上がる相関だけで、MAL33 が MAL31 を転写制御すると示した一文はない"
MNN14,2026-10-04,28101612,検索式 MNN14[tiab]、Rim101 AND (YJR061W OR MNN14)、Europe PMC 本文。マンノシルリン酸化に要る（MNN4 と重複）ことだけで、Rim101 による抑制を示す論文は見つからない
RPE1,2026-10-04,8879247,検索式 RPE1[tiab] AND cerevisiae、ペントースリン酸経路と酸化ストレス。酵素の同定と過酸化水素感受性だけで、制御・結合の関係はない（ほかは代謝工学の論文）
YGL230C,2026-10-04,28677085;32476094,検索式 YGL230C OR YMR245W。抑圧クローンに含まれていたが YGL230C 自体は効果がなかったという記述だけ。働きの分からない遺伝子
YMR245W,2026-10-04,,検索式 YGL230C OR YMR245W。Dubious open reading frame で論文がない
YPS7,2026-10-04,,検索式 Yps7[tiab] OR (yapsin AND cerevisiae AND YPS7)、Europe PMC 本文。出芽酵母の YPS7 を調べた原著はなく、ほかの酵母（Pichia・Candida 等）の YPS7 だけ
ASP3-3,2026-10-04,12489124;20817754,検索式 ASP3[tiab] AND cerevisiae AND (nitrogen OR Gln3 OR Ure2)。Gln3・Nil1（GAT1）による制御は「ASP3」として書かれ、4 つの写し（ASP3-1〜4）のどれかを区別していないので、ASP3-3 には当てない
COQ2,2026-10-04,24406904;25126044,検索式 Coq2[tiab] AND cerevisiae、COQ2 AND 制御・Coq 複合体。Coq1・Coq2 の中間体が Coq8 過剰発現による Coq 複合体の安定化に要るという記述だけで、COQ2 とほかの遺伝子の直接の関係・転写因子の名指しはない（25126044 は総説）
GLO2,2026-10-04,9261170;10600466,検索式 Glo2[tiab] AND cerevisiae、Europe PMC 本文（Yap1・Msn2・transcription）。酵素の同定・局在と GLO4 との重複だけで、制御・結合の関係はない
MRPS12,2026-10-04,,検索式 MRPS12[tiab] AND (yeast OR cerevisiae)、YNR036C、Europe PMC 本文。出芽酵母の MRPS12 を調べた原著が見つからない
AFG1,2026-10-04,17430883;30301782;32579605,検索式 Afg1[tiab] AND (cytochrome OR mitochondria*) AND cerevisiae ほか。要旨は Afg1 が「CcO のミトコンドリアでコードされるサブユニット」の分解を促すとだけ書き、遺伝子名を名指ししない。Oxa1 との結合はトリパノソーマの話。本文は取れない
PZF1,2026-10-04,1570325;8496187;17626045,検索式 PZF1・TFIIIA AND cerevisiae AND (TFIIIC OR Brf1)。TFIIIA が TFIIIC を呼び込むとあるが、複合体名だけで TFIIIC のサブユニットの遺伝子名が出てこない
SPG5,2026-10-04,22904326,検索式 Spg5 AND proteasome ほか。調節粒子の base に結合するとあるが、Rpn・Rpt の遺伝子名が要旨に無く、本文も取れない
YEA6,2026-10-04,16291748;30619489,検索式 Yea6・Ndt2 AND cerevisiae。NAD+ 輸送体としての性質と寿命への影響だけで、ほかの遺伝子との関係は書かれていない
YLR456W,2026-10-04,26327315;18212113,検索式 YLR456W・YPR172W。酵素活性の否定と網羅的な薬剤スクリーンだけ
BYE1,2026-10-04,14704159;24003114;25029256;28043953,検索式 Bye1[tiab]。Pol II（RNA ポリメラーゼ II）・ヒストン H3K4me3 との結合は複合体名・タンパク質名だけで、RPO21 などの遺伝子名と関係が結べない。CDC28 によるリン酸化の論文は見つからない
CRG1,2026-10-04,22028670;30659098;30830767,検索式 Crg1 AND cerevisiae。カンタリジンをメチル化する酵素で、Cdc1 は薬剤の標的として出てくるだけ。ほかの遺伝子との直接の関係は無い
ERS1,2026-10-04,27142334;15885099,検索式 Ers1 AND (cystine OR cerevisiae)。ers1Δ で硫黄関係の遺伝子の発現が下がる（間接、要旨に遺伝子名なし）だけ
HES1,2026-10-04,8017104;29487131;38437942,検索式 Osh5 OR Hes1 AND cerevisiae。ステロール・ホスファチジルセリンの輸送と自食作用の表現型だけで、ほかの遺伝子との関係は書かれていない
LEU5,2026-10-04,11158296;3020377,検索式 Leu5 AND cerevisiae、LEU5 AND (Skn7 OR Sok2 OR Stp2)。CoA の蓄積に必要という働きだけで、制御する転写因子や相手は書かれていない
MOH1,2026-10-04,42404825;28173693,検索式 Moh1 AND cerevisiae。欠失株の表現型と発現の変化だけ
MRPL49,2026-10-04,16582425,検索式 MRPL49 AND (yeast OR cerevisiae)。出芽酵母での個別の論文が無い（ヒトの MRPL49 の論文ばかり）
NAM2,2026-10-04,2277640;3284745;2986842,検索式 Nam2 AND cerevisiae。ミトコンドリアのイントロン（bI4・aI4）のスプライシングに要るとあるが、相手は RNA・イントロンで、タンパク質の遺伝子との関係は書かれていない
NRE1,2026-10-04,37602278,検索式 NRE1 OR YIR035C。パラログ IRC24 と同じ酵素活性を示しただけ
RET3,2026-10-04,8617224;10921873;22246286,検索式 Ret3 AND (coatomer OR COPI)。two-hybrid の論文は COP のサブユニット名（zeta-COP など）だけで遺伝子名が出ない。22246286 は構造予測なので使わない
TRM3,2026-10-04,9917067;32053677,検索式 Trm3 AND tRNA。tRNA の Gm18 を作る酵素で、ほかの遺伝子との関係は書かれていない
UTP23,2026-10-04,35648701;24152547;22180534;28082392,検索式 Utp23 AND (snR30 OR Nhp2)。28082392 に Nhp2・Rok1・Rrp7・Utp24 との直接の結合があるが、要旨も本文も yUtp23・yNhp2 の書き方で照合の遺伝子名に当たらないので書かなかった。ほかは snR30（RNA）との関係
YDL009C,2026-10-04,10487928,検索式 YDL009C。網羅的な欠失解析だけ
YKR015C,2026-10-04,10375630,検索式 YKR015C。網羅的な欠失解析だけ
YEL077C,2026-10-04,,"検索式 ""YEL077C""、Y' helicase AND cerevisiae AND telomer*。YEL077C を名指しした論文はなく、Y' ヘリカーゼの論文は YRF1 群全体の話で、この遺伝子と別の遺伝子の関係は書かれていない"
YIM1,2026-10-04,32967812;16803598,"検索式 ""YIM1""[tiab] AND cerevisiae、(YIM1 OR YMR152W) AND (aldehyde OR furfural OR reductase OR mitochondria)。アルデヒド還元酵素としての酵素の性質だけで、ほかの遺伝子による制御・結合は書かれていない（16803598 は Candida glabrata）"
AAD10,2026-10-04,29079624;10581269,"検索式 ""AAD10"" OR (aryl-alcohol dehydrogenase AND cerevisiae)。AAD 遺伝子群の進化・偽遺伝子化と酵素活性だけで、AAD10 を制御する因子や相手は書かれていない"
ESL1,2026-10-04,23893744;35593209,"検索式 ""ESL1""[tiab] AND cerevisiae。esl1Δ esl2Δ での発現の乱れ、rim8・dfg16 との合成的な生育の悪さ、grx3/4 の多コピー抑圧だけで、特定の遺伝子への作用・結合は書かれていない"
HSP32,2026-10-04,24706893;37548361;26466368;16489413,"検索式 ""HSP32""[tiab] AND cerevisiae。Hsp31 群（Hsp31〜34）全体としての働き（ジオーキシックシフト・TORC1 の上流・グリケーションの修復）で、HSP32 単独と特定の遺伝子の関係は書かれていない（TORC1 は複合体名だけ）"
MOR1,2026-10-04,15464854,"検索式 ""MOR1""[tiab] AND cerevisiae、""YDR366C""。機能不明の遺伝子で、ヒットは植物の MOR1（MAP215 群）の総説だけ"
PRO2,2026-10-04,2824433;31646149,"検索式 ""PRO2""[tiab] AND cerevisiae、PRO2 AND (Gcn4 OR proline) AND yeast AND (expression OR regulation)、(Pro1 OR Pro2) AND gamma-glutamyl AND (complex OR feedback OR interact*)。酵素の同定とプロリン合成の欠失の表現型だけで、PRO2 を制御する転写因子や相手は書かれていない"
RFT1,2026-10-04,11807558;38886340;39025454;19494107,"検索式 ""RFT1""[tiab] AND cerevisiae、Rft1 AND yeast AND (Alg OR oligosaccharyltransferase OR interact*)。Man5GlcNAc2-PP-Dol のフリッパーゼとしての働きだけで、ほかの出芽酵母の遺伝子との関係は書かれていない（p53 による抑圧はヒトの遺伝子）"
RRG9,2026-10-04,10029995,"検索式 ""RRG9""[tiab]、(YNL213C OR RRG9) AND mitochondri*。欠失で mtDNA を失いグリセロールで育たないという表現型だけ"
SCY1,2026-10-04,,"検索式 ""SCY1""[tiab] AND cerevisiae、Scy1 AND (yeast OR Saccharomyces)、(SCY1 OR YGL083W) AND (mitochondrial DNA OR GTPase OR suppressor)。出芽酵母の Scy1 を扱った論文が見つからない（ヒットはヒトの SCYL 群）"
YDL086W,2026-10-04,9791891,"検索式 ""YDL086W""。欠失株が生育できるという基本の表現型だけ"
YKR070W,2026-10-04,26071590,"検索式 ""YKR070W""。HAD ホスファターゼとしての基質の性質と結晶構造だけで、ほかの遺伝子との関係は書かれていない"
YPR172W,2026-10-04,26327315;14512416,"検索式 ""YPR172W"" OR Yrm1。26327315 は PLP 合成酵素でないことを示した酵素の論文。14512416（Yrm1 の標的）は要旨に YPR172W の名前がなく、PMC の本文もないため確かめられない"
TDA10,2026-10-04,11427960;14997573,"""TDA10""[tiab]・""YGR205W""[tiab] で検索。破壊株に表現型なし・結晶構造だけで、ほかの遺伝子との関係も、候補の転写因子を名指しした論文もない"
TMH11,2026-10-04,,"""TMH11""[tiab] OR ""YJR085C""[tiab] で検索。出てくるのは無関係の論文だけ"
YER134C,2026-10-04,25903744,"""YER134C""[tiab] で検索。スクラレオール生産の欠失スクリーンだけで、ほかの遺伝子との関係は書かれていない"
AAD14,2026-10-04,29079624,"""AAD14""[tiab] で検索。Aad14 の酵素活性と系統の解析だけ。発現を制御する遺伝子は名指しされていない"
ASP1,2026-10-04,8026756;27824095,"""ASP1""[tiab] AND (asparaginase OR cerevisiae) で検索。遺伝子のクローニングと酵素の性質だけで、ほかの遺伝子との関係はない"
CIN10,2026-10-04,,"""CIN10""[tiab] OR ""YDR387C""[tiab] で検索。酵母の論文が出てこない"
DUS4,2026-10-04,14970222;12003496,"""DUS4""[tiab]・(Dus4 OR YLR405W) AND tRNA で検索。tRNA の U20a・U20b を修飾する酵素の働きだけで、タンパク質どうしの関係や発現の制御はない"
SMM1,2026-10-04,12559567;12003496;14970222,"""SMM1""[tiab]・Dus1 AND Smm1 で検索。ミトコンドリア tRNA(Asp) の欠陥の抑圧と tRNA の修飾の位置だけで、ほかの遺伝子との関係はない"
SDD2,2026-10-04,19469552,"""SDD2""[tiab] OR ""YMR074C""[tiab] で検索。過剰発現で H2O2 によるアポトーシスを促すが、Yca1（MCA1）に依存する経路と依存しない経路の両方があるとだけで、MCA1 への作用は言えない"
HSP33,2026-10-04,24706893;26466368;37548361,"""HSP33""[tiab] AND cerevisiae で検索。Hsp31 群（Hsp31-34）の多重欠失での結果だけで、HSP33 単独のほかの遺伝子との関係は書かれていない（群としての TORC1 の上流の記述は複合体名だけ）"
JLP1,2026-10-04,10482536;17884808;28070103,"""JLP1""[tiab]・Jlp1 AND (sulfonate OR Met4) で検索。酵素の性質、SDH 欠損でたまるコハク酸による阻害（要旨は SDHB の名だけで SDH2 の名がない・本文は PMC にない）、カドミウムでの誘導だけ"
MRM1,2026-10-04,8266080;11867542,"""MRM1""[tiab]・Mrm1 AND 21S で検索。21S rRNA のリボースのメチル化の酵素（PET56）としての働きだけで、ほかの遺伝子との関係はない"
MRPS28,2026-10-04,2263452;8411167;34052951,"""MRPS28""[tiab] で検索。ミトリボソームのタンパク質の構造・断片の相補・過剰発現での寿命だけで、ほかの遺伝子との関係は書かれていない"
RMD8,2026-10-04,,"""RMD8""・""YFR048W""[tiab] で検索。0 件"
RRP3,2026-10-04,8774901;23153376,"""RRP3""[tiab]・Rrp3 AND helicase で検索。pre-rRNA の切断に要ることと試験管内の巻き戻し活性だけで、ほかの遺伝子との関係はない"
SDD4,2026-10-04,31081754,"""SDD4""[tiab] OR ""YPR022C""[tiab] で検索。Leu3・Rgt1 とともに HAS1-TDA1 のプロモーターに結合して染色体どうしの接触を仲立ちするとあるが、遺伝子の発現の制御やタンパク質どうしの関係ではない"
SPE4,2026-10-04,9573363;11754485,"""SPE4""[tiab] AND (spermine OR cerevisiae) で検索。スペルミン合成酵素の同定と欠失株の性質だけで、ほかの遺伝子との関係や候補のリン酸化の論文はない"
YDL199C,2026-10-04,,"""YDL199C""[tiab] で検索。0 件"
YKR104W,2026-10-04,12796304,"""YKR104W""[tiab] で検索。Ycf1 の論文で MRP 型の輸送体の候補として触れるだけで、関係は書かれていない"
YPR204W,2026-10-04,9837911,"""YPR204W""[tiab] OR Y' helicase で検索。Y' 要素のヘリカーゼ（Y'-Help1）がテロメラーゼ欠損の生存株で誘導されるとあるが、TLC1 は RNA で、YPR204W の名もなく、遺伝子どうしの関係とは言えない"
RSM25,2026-10-04,,Rsm25 / YIL093C で検索。出芽酵母の論文が見つからない（無関係の論文だけ）
SPS22,2026-10-04,15590821,SPS22 / YCL048W、SPS2 spore wall で検索。15590821 の要旨に SPS22 が出ず、本文は取れない
TEP1,2026-10-04,11070083;15539461,TEP1 PTEN cerevisiae で検索。11070083・15539461 の要旨にほかの遺伝子との関係が書かれていない
YFR006W,2026-10-04,,YFR006W で検索。9364751（北部法の網羅）だけで関係の記述なし
YJL070C,2026-10-04,19635936,YJL070C で検索。19635936 は過剰発現で AMP デアミナーゼ欠損に似ると書くが、AMD1 の名前が要旨になく本文も取れない
YOL075C,2026-10-04,22751784,YOL075C で検索。22751784 は輸送体の一つとして列挙するだけ
ABH1,2026-10-04,,ABH1 / YNL320W で検索。論文なし
ECT1,2026-10-04,8982874,ECT1 / Ect1p / MUQ1 で検索。8982874 は遺伝子の同定で、ほかの遺伝子との関係の記述なし
FCY21,2026-10-04,40732016,FCY21 で検索。40732016・16845689 は欠失株の表現型で、遺伝子どうしの関係の記述なし
MCT1,2026-10-04,9388293;19859569;27143389,MCT1 malonyl / mtFAS で検索。9388293・19859569・27143389 にほかの遺伝子との関係の記述なし
NGK1,2026-10-04,36216916;38622055,NGK1 / YLR446W で検索。36216916・38622055 は酵素の性質と代謝で、ほかの遺伝子との関係の記述なし
RMR1,2026-10-04,18069899;21288874,RMR1 / YGL250W で検索。18069899 は欠失の表現型、21288874 は htz1 set3 の高コピー抑圧因子として列挙するだけ。PIS1 の発現の論文は見つからない
RRT12,2026-10-04,19779569,RRT12 / OSW3 / YCR045C で検索。19779569 は胞子壁のプロテアーゼとしての働きで、ほかの遺伝子との関係の記述なし
SMU2,2026-10-04,10525844;36113412,SMU2 / YIL161W、Fap1 18S NRD で検索。10525844 は転写の構造、36113412 は Fap1 の論文で Smu2 が出てこない
SPG1,2026-10-04,,SPG1 / YGR236C で検索。分裂酵母の Spg1 の論文だけ
TAD1,2026-10-04,9707437,TAD1 / Tad1p、Tad1 Trm5 で検索。9707437 は tRNA-Ala の修飾で、ほかのタンパク質の遺伝子との関係の記述なし
YDR248C,2026-10-04,,YDR248C で検索。論文なし
YLR126C,2026-10-04,14534306,YLR126C で検索。14534306 は mac1 欠失での発現の一覧と表現型で、制御因子を名指ししていない
PPA2,2026-10-04,1648084;1309654;31082499,"""PPA2""[tiab] AND yeast・cerevisiae。ミトコンドリアのピロホスファターゼとしての働き・寿命の論文だけで、ほかの遺伝子との関係（候補の転写因子を含む）は書かれていない"
RSM27,2026-10-04,,"""RSM27""[tiab]・""Rsm27 OR mS33"" で出芽酵母の論文が 0 件"
TRM44,2026-10-04,18025252;22895820,"""TRM44""[tiab]。tRNA(Ser) の Um44 メチル化酵素。tan1Δ との合成の弱さ（RTD）だけで、遺伝子どうしの作用は書かれていない"
YAR068W,2026-10-04,11050096;15833139,"""YAR068W""[tiab]。アルカリで誘導されることだけで、制御する転写因子は名指しされていない"
YJL206C,2026-10-04,21656919,"""YJL206C""[tiab]。ネットワーク成分解析（計算）で Ace2 との関係が示唆されただけで実験がない"
YOL162W,2026-10-04,28165463;35418148,"""YOL162W""[tiab]。SOA2 の名残であるという系統解析だけで、関係は書かれていない"
CUB1,2026-10-04,,"""CUB1""[tiab] AND cerevisiae・""Cub1 OR Ypl260w"" で出芽酵母の Cub1 の原著が見つからない"
ILM1,2026-10-04,42540202;17151231;15388447,"""ILM1""[tiab]。欠損株の表現型（G1/S・カフェイン感受性）だけで、ほかの遺伝子との関係は書かれていない"
MRP35,2026-10-04,40865570,"""MRP35""[tiab]・""bL35m AND yeast""。ミトリボソーム大サブユニットの後期の組み立てで bL35m が入ると書かれるだけで、特定の遺伝子との作用はない"
MRX7,2026-10-04,,"""MRX7""[tiab] OR ""YNL211C""[tiab] で出芽酵母の論文が無い（ヒト MRX7 の論文だけ）"
NGL1,2026-10-04,12358428,"""NGL1""[tiab] AND yeast・""Ngl1p""。パラログ Ngl2 の論文だけで、Ngl1 の関係は書かれていない"
PAU2,2026-10-04,7926827;21467572,"""PAU2""[tiab]・""PAU2 AND Saccharomyces""・seripauperin。PAU2 を名指しした制御の論文がない（21467572 は PAU 遺伝子群としてしか書かず、本文は PMC で読めない）"
PFF1,2026-10-04,23679341;24843828,"""PFF1""[tiab]・""Ybr074w""。液胞膜のプロテアーゼとしての性質だけで、AP-3 などほかの遺伝子との関係は要旨・本文に書かれていない（24843828 は総説）"
PUL3,2026-10-04,40719541,"""PUL3""[tiab]。他の酵母の PUL 遺伝子を使った異種発現の論文で、出芽酵母の PUL3 とほかの遺伝子の関係は書かれていない"
YEH2,2026-10-04,15632184;15713625;25720564,"""YEH2""[tiab]・""Yeh2p""。ステリルエステル加水分解酵素としての働き・YEH1・TGL1 との重複だけで、ARE1/ARE2 への作用は三重欠損でしか示されていない"
YLR419W,2026-10-04,38585201,"""YLR419W""[tiab]。18S rRNA との架橋（CRAC）とリボソームとの結合だけで、ほかの遺伝子との関係は書かれていない"
PPX1,2026-10-04,35862758;40291979;31175919;23120983,"""PPX1""[tiab] AND (yeast OR cerevisiae)・PPX1 AND (Hal5 OR Pho4 OR Sok2 OR Hap1 OR Ino4 OR transcription)。Ddp1 との重複した働き・発現量の変化はあるが、ほかの遺伝子が Ppx1 に作用する（またはその逆の）関係を書いた要旨がない"
RIB4,2026-10-04,7559556,"""RIB4""[tiab] AND cerevisiae（2 件）・RIB4 OR riboflavin 転写。酵素の同定のみで、ほかの遺伝子との関係・転写因子の名指しがない"
SNO2,2026-10-04,9791124;12271461;30498136,SNO2・SNZ2/SNO3 と THI2・チアミン。SNZ2/3・SNO2/3 がチアミン欠乏で誘導される記載はあるが、制御する転写因子（Thi2 など）を名指しした要旨がない
YBR099C,2026-10-04,26068713,YBR099C（1 件）。MMS4 と重なる Dubious ORF で、関係を書いた論文がない
YGR127W,2026-10-04,27247412;32265272,YGR127W（0 件）・ヘムの核への輸送の論文。要旨・本文に YGR127W が出てこない
YJR154W,2026-10-04,18073433,YJR154W（2 件）。BIO1 のパラログという記載のみで、ほかの遺伝子との関係がない
ATG22,2026-10-04,17021250;17204852,ATG22[tiab] AND cerevisiae・Atg22 AND (AP-3 OR vacuole)。Avt3・Avt4 と部分的に重複する排出輸送体という記載のみで、ほかの遺伝子が作用する関係がない
FMP46,2026-10-04,16202234,FMP46 OR YKR049C（1 件、NMR 構造のみ）。関係を書いた実験の論文がない
GPI15,2026-10-04,11746600,GPI15[tiab]・GlcNAc-PI AND (Gpi2 OR Gpi19 OR Eri1)。GlcNAc-PI 合成に必要という記載のみで、ほかの遺伝子との関係を書いた要旨がない
IMD3,2026-10-04,12746440;20097157,IMD3[tiab] AND (IMD2 OR IMD4 OR IMP dehydrogenase)。Ctk1 による IMPDH の呼び込みは IMPDH 全体の記述で IMD3 を特定していない（本文は PMC になし）
MRP49,2026-10-04,1544898,MRP49[tiab]（3 件）。ミトコンドリアリボソームの構成要素の記載のみで、ほかの遺伝子との関係がない
MSF1,2026-10-04,3029120;1924298,MSF1[tiab] AND (cerevisiae OR yeast OR mitochondrial)。遺伝子の同定・酵素の性質のみ
NIF3,2026-10-04,17034789,(NIF3 OR YGL221C)[tiab] AND (yeast OR cerevisiae)（2 件）。局在の論文のみで関係がない
ULI1,2026-10-04,42807480,ULI1 OR YFR026C（実質 1 件）。オミクスで Ehrlich 経路を強めるとあるが、特定の遺伝子への作用・Hac1 による誘導を名指しした要旨がない
YER121W,2026-10-04,16710832,YER121W（1 件、マイクロアレイからの注釈）。関係を書いた実験の論文がない
YMD8,2026-10-04,27883263;18693752,YMD8 OR YML038C（2 件）。レトロマー依存の選別とあるが複合体名だけで、構成遺伝子（VPS35 など）や Snx3 との関係を Ymd8 について名指ししていない（本文は PMC になし）
AFB1,2026-10-04,24121774,a-factor AND (Afb1 OR a-factor barrier)。a 因子を妨げるとあるが遺伝子名（MFA1/MFA2）や Mcm1 による制御が要旨になく、本文は PMC で読めない
SNO4,2026-10-04,24706893;26466368;37548361,"検索式 ""SNO4""[tiab] OR ""HSP34""[tiab]。読んだ論文は Hsp31〜Hsp34 の 4 遺伝子をまとめて欠失させた解析だけで、相手は TORC1（複合体名）や Hsp70 などの書き方。SNO4 単独のほかの遺伝子との関係は書かれていない"
YBR287W,2026-10-04,10341424,"検索式 ""YBR287W""[tiab] OR ""ZSP1""[tiab]。欠失株の作製と生育の表現型だけで、ほかの遺伝子との関係は書かれていない"
YHL008C,2026-10-04,18378800;11536335,"検索式 ""YHL008C""[tiab]。18378800 は欠失で高親和性 Cl- 輸送の活性化が遅れることだけで、相手の遺伝子は名指しされていない。11536335 はモノカルボン酸輸送に関わらないという報告"
YOR365C,2026-10-04,,"検索式 ""YOR365C""[tiab]。該当する論文が無い"
AIM10,2026-10-04,,"検索式 ""AIM10""[tiab]、YER087W OR (AIM10 AND yeast)。該当する論文が無い"
MRPL11,2026-10-04,,"検索式 ""MRPL11""[tiab]、MRPL11 AND (cerevisiae OR yeast)。出芽酵母の MRPL11 を扱った論文が無い（ヒト・植物のものだけ）"
MSW1,2026-10-04,1525855,"検索式 ""MSW1""[tiab]。1525855 は温度感受性変異の同定とミトコンドリアのタンパク質合成の欠損だけで、ほかの遺伝子との関係は書かれていない"
NIT2,2026-10-04,23897470;28373563,"検索式 ""NIT2""[tiab] AND cerevisiae、NIT2 AND yeast AND (Nit OR nitrilase)。23897470 は結晶構造と基質だけ、28373563 はパラログ Nit1 の論文。ほかの遺伝子との関係は書かれていない"
PAU7,2026-10-04,,"検索式 ""PAU7""[tiab]、YAR020C OR (PAU7 AND yeast)。PAU7 を名指しした出芽酵母の論文が無い"
PXP2,2026-10-04,27392156,"検索式 ""PXP2""[tiab] OR ""YJR111C""[tiab]。27392156 はペルオキシソームのマトリックスタンパク質としての同定（PTS1）だけで、要旨に相手の遺伝子は出てこない（PMC に本文なし）"
YFL040W,2026-10-04,25698512;38560786,"検索式 ""YFL040W""[tiab]。25698512 は人工の転写因子で発現が下がった遺伝子の一つとして出てくるだけで、酵母の遺伝子との関係ではない"
THR4,2026-10-04,2204248;8082795;17606896,"""THR4""[tiab] AND (yeast OR cerevisiae OR threonine)・threonine synthase・THR4 AND GCN4 で検索。上流の GCN4 応答配列は配列上の指摘だけで、GCN4 などによる制御を実験で示した要旨はなかった（酵素活性の同定・遺伝的相互作用の網羅だけ）"
UBC11,2026-10-04,9675819;14747994;17090950,"""UBC11""[tiab] AND (yeast OR cerevisiae) で検索。Clb2 の分解に要らない・SCF と Sic1 のユビキチン化をしないという否定の結果と、過剰発現でのストレス耐性だけで、相手の遺伝子との関係を示す要旨はなかった"
YCR043C,2026-10-04,19053807,YCR043C で検索。接合突起への局在を網羅的に調べた論文 1 本だけで、ほかの遺伝子との関係はない
YHL050C,2026-10-04,22370347,YHL050C で検索。1 件（エタノール耐性株の作製）だけで、Cdc28 によるリン酸化や転写因子を名指しした要旨はない
YKL107W,2026-10-04,31115629,YKL107W で検索。アルデヒド還元酵素としての酵素学・局在の論文だけで、ほかの遺伝子との関係は書かれていない
AIM2,2026-10-04,,"""Aim2""[tiab] AND (yeast OR cerevisiae)・(AIM2 OR YAL049C) AND mitochondri*/Hsp82 で検索。ヒトの AIM2（インフラマソーム）の論文だけで、出芽酵母の AIM2 の論文はない"
COQ10,2026-10-04,39343004;32205446;39906518,"""Coq10""[tiab] AND cerevisiae・Coq10 と Coq11/Coq4/synthome で検索。COQ11 の欠失による coq10Δ の抑圧（迂回）や、HIS3 置換による MDM12 の減少（共有プロモーターの影響）だけで、Coq10 と相手の遺伝子の関係として書けるものはなかった"
DAS2,2026-10-04,10649455,(DAS2 OR YDR020C) AND cerevisiae で検索。破壊株で表現型なしの論文だけ
HCS1,2026-10-04,9341217,"""Hcs1""[tiab]・""DNA helicase A"" で検索。RPA（複合体名）による活性の促進と pol α 複合体との共精製だけで、遺伝子名で書かれた相手がない"
INP54,2026-10-04,11116155,"""Inp54""[tiab] で検索。小胞体への局在と分泌の亢進（inp54 欠失）だけで、ほかの遺伝子との関係はない"
LDH1,2026-10-04,40569450,"""Ldh1""[tiab] AND cerevisiae で検索。レブリン酸ストレスでの欠失株の網羅的な解析だけで、名指しの相手との関係はない"
MLG1,2026-10-04,38297966,"""Mlg1""[tiab] AND cerevisiae で検索。アシル基転移酵素としての活性・局在だけで、ほかの遺伝子との関係はない"
MRPL23,2026-10-04,10743564,"""Mrpl23""[tiab] AND cerevisiae で検索。出芽酵母では欠失が致死でないという論文だけ"
NIT3,2026-10-04,,"""Nit3""[tiab] AND cerevisiae で検索。シス制御の変異の網羅的な地図とアカパンカビの論文だけで、出芽酵母の NIT3 の関係を示す論文はない"
RTC6,2026-10-04,41702737,"(""Rtc6""[tiab] OR YPL183W-A) AND cerevisiae で検索。欠失でミトコンドリアのシトクロム c 酸化酵素サブユニットの合成が下がるが、要旨に遺伝子名の相手がない"
THI13,2026-10-04,12777485,THI13 AND cerevisiae で検索。THI5 ファミリー 4 遺伝子の機能の重複（HMP 合成）だけで、THI13 を制御する・作用する相手の関係はない
YAR075W,2026-10-04,,YAR075W で検索。論文なし
YGL081W,2026-10-04,40583961,YGL081W で検索。欠失株の UV 感受性などの論文だけで、相手の遺伝子は予測（バイオインフォマティクス）だけ
YOL163W,2026-10-04,28165463,YOL163W で検索。Soa1 の論文で配列上の関係が触れられるだけ
AGC1,2026-10-04,31711143;30297026,"""Agc1""[tiab] AND cerevisiae で検索。PEX34 の過剰発現による agc1Δ の抑圧（迂回）と、YMC2 との機能の重複（グルタミン酸輸送）だけで、相手の遺伝子との関係として書けるものはなかった"
PRM8,2026-10-04,,"""PRM8"" OR ""PRM9"" AND yeast・""Prm8 AND (Prm9 OR COPII OR DUP240)"" で検索。出芽酵母の働きを調べた原著がなく、候補の転写因子を名指しした論文もない"
YDR109C,2026-10-04,27909055,"""YDR109C""・""ribulokinase AND yeast"" で検索。D-リブロキナーゼとしての同定だけで、ほかの遺伝子との関係・制御する転写因子は書かれていない"
YHR054C,2026-10-04,29897761,"""YHR054C"" で検索。プロテオゲノミクスの網羅的な論文だけで、関係は書かれていない"
YKL223W,2026-10-04,22370347,"""YKL223W"" で検索。Dubious ORF。染色体分割の論文に名前が出るだけ"
YSP3,2026-10-04,,"""YSP3""・""Ysp3 AND (protease OR Prb1)"" で検索。出芽酵母の論文が見つからない（ヒットは別の生物の株名）"
BLS1,2026-10-04,3916720,"""BLS1 AND yeast""・""BLOC-1 AND (Bls1 OR Snn1) AND yeast"" で検索。ヒットはブラストサイジン耐性の別の遺伝子座（bls1）で、BLOC-1 の BLS1 の論文ではない"
DFG10,2026-10-04,42201967,"""DFG10""[tiab] で検索。本文で TDA5 との関係を調べているが、Tda5 と Dfg10 は直列だけでなく並列にも働くとされ、向きのある関係として書けない"
MRPL32,2026-10-04,29343666;16239145;21610694;28377575,"""MRPL32""・""MrpL32 AND m-AAA"" で検索。m-AAA プロテアーゼによる切断は要旨では複合体名だけで YTA12・AFG3 の遺伝子名が出ない（21610694 の本文は取得できず）。28377575 はヒトの MrpL32"
MYG1,2026-10-04,31081026;36888656,"""MYG1 AND yeast""・""Myg1 AND (Hsp82 OR Ipl1 OR Mac1)"" で検索。RNA エキソヌクレアーゼとしての働きだけで、ほかの出芽酵母の遺伝子との関係は要旨に書かれていない"
RTR2,2026-10-04,,"""RTR2""・""YDR066C OR (Rtr2 AND yeast)""・""Rtr2 AND Rtr1"" で検索。出芽酵母の論文が見つからない"
SNZ2,2026-10-04,12271461,"""SNZ2 OR (Snz1 AND Sno1 AND yeast)""・""(THI2 OR THI3 OR Pdc2) AND (SNZ2 OR SNZ3 OR SNO2)"" で検索。12271461 は Snz タンパク質群と Thi5 ファミリーの結合をまとめて書くだけで SNZ2 単独の関係とは言えない。THI2・THI3 を名指しした論文もない"
URK1,2026-10-04,11872485;2169608,"""URK1 AND (yeast OR cerevisiae)"" で検索。2169608 は要旨なし。11872485 は urk1 urh1 の二重変異でウリジンを使えないという並列の経路の話で、向きのある関係ではない"
YBL036C,2026-10-04,37451483;12499548,"""YBL036C"" で検索。PLP 恒常性タンパク質の相同遺伝子としての表現型（PLP の減少）だけで、ほかの遺伝子との関係はない"
YKL118W,2026-10-04,10853763,"""YKL118W"" で検索。Dubious ORF（VPH2 と重なる）。シトリニン感受性の網羅的な論文に出るだけ"
YOR283W,2026-10-04,19753119,"""YOR283W"" で検索。生化学的スクリーニングでホスファターゼ活性を示しただけで、相手の遺伝子はない"
AI5_BETA,2026-10-04,20064926;9341683,"""(aI5beta OR Q0075) AND (yeast OR mitochondria)"" で検索。論文はどれも COX1 のイントロン aI5β（RNA）のスプライシングを扱い、イントロン内の ORF Q0075 のタンパク質の関係は書かれていない"
PTH1,2026-10-04,12475929,"""PTH1""[tiab] AND yeast・""YHR189W OR (Pth1 AND peptidyl)"" で検索。出芽酵母の PTH1（YHR189W）は欠失が生きることを示した論文だけで、ほかの遺伝子との関係や PTH1 を制御する転写因子を名指しした論文はない（ほかのヒットは細菌の Pth1・液胞の Vam3 の旧名）"
SPG3,2026-10-04,,"""SPG3""[tiab]・""Spg3 AND stationary""・""YDR504C OR (Spg3 AND yeast)"" で検索。ヒトの痙性対麻痺の論文だけで、出芽酵母の SPG3 の関係を書いた論文はない"
YDR415C,2026-10-04,22535436,"""YDR415C"" で検索。テキーラ酵母でのエタノール応答の網羅的な発現解析に名前が出るだけで、制御する遺伝子は名指しされていない"
YHR213W-B,2026-10-04,,"""YHR213W-B"" で検索。論文なし（偽遺伝子の断片）"
YLL054C,2026-10-04,11113969,"""YLL054C"" で検索。欠失で表現型なし・Pip2 との配列の類似だけで、ほかの遺伝子との関係はない"
YTP1,2026-10-04,8635735;14534306,"""YTP1""[tiab]・""YNL237W""・""YTP1 AND cerevisiae"" で検索。配列の報告と mac1 欠失株の網羅的な発現解析で銅・鉄に関わる候補とされただけで、制御する遺伝子は名指しされていない"
ALE2,2026-10-04,26752183,"""ALE2""[tiab] OR ""LPE1""[tiab] OR YPR114W・""Ale2 AND (lysophosphatidylethanolamine OR acyltransferase)"" で検索。YPR114w の欠失の表現型（スフィンゴ脂質を作らない・寿命）だけで、ほかの遺伝子への作用は書かれていない"
BOR1,2026-10-04,17459946;16923078,"""BOR1""[tiab] AND cerevisiae で検索。ホウ素の排出の測定と DUR3・FPS1 との並列の比較だけで、遺伝子どうしの作用や BOR1 を制御する転写因子（MSN2/4 など）は書かれていない"
DPI35,2026-10-04,35569766,"""DPI35 OR YMR130W"" で検索。DNA 修復に関わるとした論文で SIR2・SIR3・SIR4 との遺伝的なつながりが「つながり」とだけ書かれ、作用の向き・種類は書かれていない"
ERP6,2026-10-04,24217251;10359606,"""Erp6 AND yeast"" で検索。erp1 欠失との遺伝的な相互作用（機能の重複）と、p24α/γ と p24β/δ の結合が群の名前（遺伝子名なし）で書かれているだけ。本文は PMC にない"
HEM14,2026-10-04,8948097;8621563,"""Hem14"" AND (yeast OR cerevisiae)・HEM14 AND (Hap1 OR heme OR oxygen) AND regulat* で検索。酵素としての同定（ヘム合成の 7 段目）だけで、ほかの遺伝子との関係や制御する転写因子を名指しした論文はない"
MNP1,2026-10-04,15221522,"""Mnp1"" AND mitochondri*・""mitochondrial ribosom* AND YGL068W"" で検索。ミトコンドリアの核様体に多いことと欠失で呼吸できないことだけで、ほかの遺伝子との関係は書かれていない"
POP8,2026-10-04,16998185;9620854,"""Pop8"" AND (RNase MRP OR RNase P)・""Pop8p"" で検索。RNase P と MRP の共通サブユニットであること（共精製）と計算での相同性だけで、ほかのサブユニットとの作用を書いた一文はない"
TPC1,2026-10-04,12411483,"""Tpc1"" AND (thiamine OR mitochondri*) AND cerevisiae・""Tpc1p"" で検索。チアミンピロリン酸の運び手の同定論文は要旨に遺伝子名がなく（欠失でアセト乳酸合成酵素の活性が下がる）、本文も PMC にない"
YBR196C-A,2026-10-04,32034123,"""YBR196C-A"" で検索。新たに生まれた膜タンパク質の進化の論文で、ほかの遺伝子との関係は書かれていない"
YKL162C,2026-10-04,,"""YKL162C"" で検索。論文なし"
AIM18,2026-10-04,36739946,"""Aim18"" OR YHR198C で検索。ミトコンドリア内膜でヘムに結合すること（Aim46 も同様）だけで、ほかの遺伝子との作用は書かれていない"
CPR2,2026-10-04,24502947;1454795,検索: (Cpr2 OR YHR057C) AND cyclophilin AND yeast。ヒトの Z 型 α1-アンチトリプシン（酵母の遺伝子ではない）の折りたたみを助ける論文と、cpr2 欠失に表現型がないという論文だけで、酵母のほかの遺伝子との関係や CPR2 を制御する転写因子を名指しした論文はない
DCW1,2026-10-04,15470258,検索: (Dcw1 OR YKL046C) AND yeast。DCW1 と DFG5 が重複して出芽の細胞壁に要ることを示す論文で、両者は同じ働きの重複（片方からもう片方への作用ではない）。DCW1 を制御する因子は名指しされていない
GNT1,2026-10-04,12651885,検索: (Gnt1 OR YOR320C) AND yeast AND acetylglucosaminyltransferase。ゴルジの GlcNAc 転移酵素としての性質の論文だけで、ほかの遺伝子との関係はない
RRG8,2026-10-04,,検索: (Rrg8 OR YPR116W)。出芽酵母の RRG8 を扱った論文はヒットしない
SLM6,2026-10-04,10206193;15372071,検索: (Slm6 OR YBR266C)・mss4 AND synthetic lethal。YBR266C の欠失の表現型の論文（10206193）と mss4ts の合成致死の網羅的スクリーン（15372071）だが、要旨に SLM6/YBR266C と MSS4 の関係は書かれておらず、PMC の本文も取れない
TMN2,2026-10-04,,検索: (Tmn2 OR YDR107C) AND yeast・Tmn2[tiab]・transmembrane nine AND cerevisiae AND Tmn3。出芽酵母の TMN2 の論文はヒットしない（材料科学の TMN2 だけ）
UTP10,2026-10-04,17652137,検索: Utp10 AND (yeast OR cerevisiae)・(Utp10 OR Bap28) AND (interact OR complex)。U3 snoRNA・前駆体 rRNA との会合と、Utp10 を減らすと異常な 23S RNA が Trf5 欠失で安定になるという記述だけで、遺伝子どうしの作用（制御・結合）として書ける一文がない
YGL138C,2026-10-04,10806424,検索: YGL138C。欠失株に表現型がないという論文だけ
YOR097C,2026-10-04,17947417,検索: YOR097C。欠失株のコレクションに MSH3 の変異があったという論文に名前が出るだけ
DGR1,2026-10-04,,検索: (Dgr1 OR YNL130C-A)・Dgr1 AND deoxyglucose。出芽酵母の DGR1 を扱った論文はない
MRPL38,2026-10-04,2060626,検索: (Mrpl38 OR YmL38 OR YmL34) AND yeast。ミトコンドリアのリボソーム大サブユニットのタンパク質の N 末配列決定などだけで、ほかの遺伝子との関係や制御する転写因子の記述はない
OXP1,2026-10-04,20402795,検索: (Oxp1 OR oxoprolinase) AND cerevisiae。5-オキソプロリナーゼとしての酵素の性質の論文だけで、ほかの遺伝子との関係はない
SER2,2026-10-04,,検索: SER2[tiab] AND (yeast OR cerevisiae) AND (serine OR phosphoserine)・(SER2 OR SER1 OR SER3) AND serine biosynthesis。ヒットのほとんどは Pol II CTD の Ser2 のリン酸化で、SER2 遺伝子を制御する因子を名指しした論文は見つからない
TPP1,2026-10-04,11585902;12783866,検索: Tpp1 AND (Apn1 OR Apn2 OR phosphatase) AND yeast。Tpp1 は Apn1・Apn2 と重複して DNA の 3′ リン酸を除く（重複・合成の表現型）ことだけで、片方からもう片方への作用として書ける関係はない
YIA6,2026-10-04,16291748,検索: (Yia6 OR Ndt1) AND (yeast OR cerevisiae) AND NAD。ミトコンドリアの NAD+ 輸送体としての性質（NDT2 と重複）の論文だけで、ほかの遺伝子との関係はない
AI5_ALPHA,2026-10-04,1314207,検索: (aI5 alpha OR I-SceIV) AND yeast。イントロンの移動とエンドヌクレアーゼ活性の論文で、移動が核の遺伝子型に左右されるとあるが遺伝子は名指しされていない
CTL1,2026-10-04,10219091,検索: (Ctl1 OR Cth1) AND triphosphatase AND yeast。キャップ形成酵素の遺伝子（CET1・CEG1）とは遺伝的・物理的相互作用がないと書かれているだけで、ほかの関係はない
Q0297,2026-10-04,,検索: YJR107C-A OR YBR300C OR Q0297。Dubious ORF で論文なし
YBR300C,2026-10-04,7483839,検索: YJR107C-A OR YBR300C OR Q0297。Dubious ORF。染色体の配列決定の論文に名前が出るだけ
YJR107C-A,2026-10-04,26554900,検索: YJR107C-A。新しい小さなタンパク質として見つけた論文（欠失で浸透圧ストレスに弱い）だけで、ほかの遺伝子との関係はない
CPR5,2026-10-04,27216259;28429845,"""Cpr5""[tiab] AND (yeast OR cerevisiae) ほか。出芽酵母の Cpr5 を調べた原著は抗体分泌の工学の論文だけで、ほかの遺伝子との関係は書かれていない。候補の RAD53・REB1 を名指しした論文も見つからない"
DET1,2026-10-04,19060182;19753119,"""Det1""[tiab] AND sterol / phosphatase。Det1 はステロールの輸送に要ること・酸性ホスファターゼであることだけで、ほかの遺伝子との関係は書かれていない（Mot3→Aus1・Pdr11 は Det1 とは別）"
ERP4,2026-10-04,24217251;10359606,"""Erp4""[tiab] は 0 件。p24 の論文では Erp4 は「Erp2, -3, and -4」とまとめて書かれるだけで、Erp4 の名前で関係を示した要旨・本文が無い（本文は取得できず）"
MRPL13,2026-10-04,20404317;7954901,Mrpl13 AND Saccharomyces。ミトコンドリアのリボソームのトンネル出口の架橋で Mba1・Mrpl3・Mrpl27 と同じ「網」に入るとあるだけで、組ごとの結合は要旨に書かれていない（本文は取得できず）
PBI1,2026-10-04,25781884,Pbi1 OR YPL272C。機能を調べた論文が無い（OTO1 の論文の表に発現の変わった遺伝子として載るだけ）
RRP36,2026-10-04,20038530,Rrp36[tiab]。UTP-A・UTP-B の構成要素を減らすと Rrp36 が取り込まれないとあるが、遺伝子名を名指しした一文が要旨に無く、本文は取得できず
SWS2,2026-10-04,17112318;23874994,SWS2 AND sporulation。胞子形成の効率の QTL として見つかっただけで、ほかの遺伝子との関係は書かれていない
YGL140C,2026-10-04,12489128,YGL140C。破壊株の作製だけで機能・関係の記述が無い
YOR300W,2026-10-04,15645503,YOR300W。Dubious ORF。網羅的な欠失株の調査に名前が出るだけ
ANR2,2026-10-04,,Anr2 OR YKL047W。出芽酵母の Anr2 を調べた論文が見つからない
MRPL44,2026-10-04,30104660;38950860,Mrpl44 OR YMR225C。テルル酸耐性の変異株に MRPL44 の変異があったという報告だけ。38950860 の mL44 は MrpL3 の話で別の遺伝子なので使わない
YIL163C,2026-10-04,40376465,YIL163C。過剰発現で mec1Δ sml1Δ・rad53Δ sml1Δ の DNA 損傷での致死を救うという遺伝学の報告だけで、関係の向きや相手が言えない。候補の MSN2 を名指しした論文も無い
MIN6,2026-10-04,,YBL039W-B OR (Min6 AND Saccharomyces)。機能を調べた論文が無い
OTO1,2026-10-04,25781884,Oto1 OR YGR227C-A。sORF2 を含む断片の多コピーで ERG 遺伝子の発現が上がり、UBP7・PRM1 が多コピー抑圧因子として得られたとあるが、OTO1 そのものと特定の遺伝子の関係とは言えない
YCL007C,2026-10-04,,YCL007C は 0 件。Dubious ORF
YKL104W-A,2026-10-04,29897761,YKL104W-A。プロテオゲノミクスで見つかった新しい ORF というだけ
ERR1,2026-10-04,23359425,"""ERR1"" enolase cerevisiae で検索。23359425 は ERR2・ERR3 の酵素活性だけで、ERR1 とほかの遺伝子の関係はない"
MRPL17,2026-10-04,28931599,"""MRPL17"" cerevisiae で検索。酵母の論文はほぼなく（ヒトの論文ばかり）、関係を書いた要旨なし"
PCD1,2026-10-04,15475388;10922370,Pcd1 yeast・PCD1 Yap1/Cbf1/peroxisome で検索。酵素活性（8-oxo-dGTP・CoA）の論文だけで、ほかの遺伝子との関係なし
RSM18,2026-10-04,,"""RSM18"" で 0 件"
YGL185C,2026-10-04,,"""YGL185C"" で 0 件"
YPR099C,2026-10-04,31374566,"""YPR099C"" で 1 件。重なる MRPL51 との ORF の重なりの解析だけで、タンパク質どうしの関係はない"
ANS1,2026-10-04,,ANS1 cerevisiae・YHR126C・Azf1 で検索。酵母の論文なし
GRX8,2026-10-04,19166312;18400945,Grx8・YLR364W で検索。酵素の性質と構造の論文だけで、ほかの遺伝子との関係なし（grx1・grx2 と重ねても表現型なし）
MIN10,2026-10-04,,MIN10・YFR032C-B で検索。酵母の論文なし
MRPL6,2026-10-04,8358820,MRP-L6・MRPL6・YHR147C で検索。遺伝子のクローニングの論文だけ
UNG1,2026-10-04,19362086;16407331;16793364,Ung1 cerevisiae・Ung1 と Apn1/Ntg1・転写/細胞周期 で検索。cdc21 や apn1 apn2 rad1 との遺伝学的な表現型の関係だけで、タンパク質どうしの関係を書いた要旨なし
YJL175W,2026-10-04,32528012,YJL175W で検索。欠失で重なる SWI3 の N 末端が欠けるという ORF の重なりの話だけで、YJL175W 自身の関係ではない
APT1,2026-10-04,9864350,Apt1 adenine cerevisiae で検索。酵素とパラログ APT2 の論文だけで、ほかの遺伝子との関係なし
CWC27,2026-10-04,,Cwc27 yeast/cerevisiae・Cef1 で検索。酵母の論文が見つからない（ヒトの論文だけ）
PDB1,2026-10-04,8433986;25035869,PDB1 cerevisiae・E1 beta pyruvate dehydrogenase で検索。クローニングと、MEF1 の高発現で量が変わる（向きは要旨に書かれていない）論文だけ
YCR095W-A,2026-10-04,34849793,YCR095W-A で 1 件。網羅的な増殖の解析だけ
YKL222C,2026-10-04,25272156;22370347,YKL222C で 2 件。ゲノム比較・育種の論文だけ
RPC10,2026-10-04,10559229;36833389;40651364,RPC10 cerevisiae・Rpc10 で検索。10559229 に tau131（TFC4）と ABC10alpha（RPC10）の結合があるが、要旨の書き方が tau131 で SGD の別名（tau 131）と照合で一致せず、本文も PMC になく確かめられないため書かない。36833389 は ThrRS（THS1 の名が要旨にない）
GPI10,2026-10-04,9576863;9639537;17311586;25625920,GPI10 で検索。マンノース転移の酵素の論文と、MCD4 欠損の高発現による迂回・CDC48 による抑圧などの遺伝学だけで、タンパク質どうしの関係を書いた要旨なし
MRPL19,2026-10-04,,"""MRPL19""[tiab] OR ""YmL19""・MRPL19 AND (yeast OR cerevisiae)（0 件）。出芽酵母の原著が見つからない（ヒトの MRPL19 の論文だけ）"
RSM19,2026-10-04,,"""RSM19""[tiab]（0 件）・(MRPL19 OR RSM19 OR MRPL7) AND cerevisiae。この遺伝子を扱った論文が見つからない"
YGR259C,2026-10-04,25903744,"""YGR259C""[tiab]（1 件）。Dubious ORF。欠失がカロテノイド生産を上げるという報告のみで、ほかの遺伝子との関係・転写因子の名指しがない"
YPR147C,2026-10-04,29491250,"""YPR147C""[tiab]・YPR147C AND (lipase OR phosphorylation)。TAG リパーゼの活性の報告と構造予測のみで、ほかの遺伝子との関係・転写因子の名指しがない"
TPO5,2026-10-04,15668236,"""TPO5""[tiab]・TPO5 AND (Haa1 OR Mot2 OR Stb5 OR Gcn4)（0 件）。ポリアミンの排出の報告のみで、ほかの遺伝子との関係・転写因子の名指しがない"
KRE9,2026-10-04,8413233,"""KRE9""[tiab] AND cerevisiae・KRE9 AND (transcription OR promoter OR expression)。KRE1・KRE6 などとの合成致死のみで、向きのある関係・転写因子（ABF1 など）の名指しがない"
MRPL7,2026-10-04,28931599,"""MRPL7""[tiab] OR YmL7・Mrpl7 OR YmL5。この遺伝子を扱った原著が見つからない（TPK3 のリン酸化を書いた論文もない）"
SHM1,2026-10-04,9398220;8132653;8905928,"""SHM1""[tiab] AND cerevisiae・SHM1 AND (GCN4 OR BAS1 OR expression)。SHM2 との働きの分担・グリシン要求性（SHM2・GLY1 との重複）のみ。8905928 の SHM1 は別の遺伝子（ミトコンドリアの輸送体）。STE12 などの転写制御の名指しがない"
UTP11,2026-10-04,,"""UTP11""[tiab]・Utp11。出芽酵母の原著が要旨で見つからない（ヒトの UTP11 の論文だけ）。CLA4 によるリン酸化の論文もない"
YML108W,2026-10-04,12717036,"""YML108W""[tiab]（1 件）。NMR 構造の報告のみで、ほかの遺伝子との関係がない"
HUL4,2026-10-04,,"""HUL4""[tiab]・Hul4 AND (Trf4 OR TRAMP OR ubiquitin)。HECT 型 E3 の進化・Rsp5 の論文での言及のみで、Hul4 とほかの遺伝子の関係を書いた要旨がない"
MPM1,2026-10-04,11791739;22993211,"""MPM1""[tiab]・Mpm1 AND cerevisiae。ミトコンドリアへの局在の報告と、yme1 欠損で凝集するタンパク質の一覧のみ。名指しの関係がない"
PER1,2026-10-04,17021251,"""PER1""[tiab] AND (GPI OR cerevisiae)・PER1 AND (GUP1 OR CWH43 OR BST1) AND cerevisiae。GPI の脂質の改変に要るという報告のみで、ほかの遺伝子との関係を書いた要旨がない（GUP1・CWH43 との関係は別の酵母 Ogataea の論文）"
RCF3,2026-10-04,27662906;34450214,"""RCF3""[tiab] OR ""AIM38""[tiab]・Rcf3 AND supercomplex。Rcf2 と働きが重なる（重複）・シトクロム c 酸化酵素の活性が上がるという報告。酵素の遺伝子名の名指しがなく、本文は PMC から取れなかった"
YDL085C-A,2026-10-04,31659041,"""YDL085C-A""[tiab] OR (SERF AND cerevisiae)。相手はヒトの Aβ40・α-シヌクレインで、出芽酵母の遺伝子との関係がない"
YLL044W,2026-10-04,10649456,"""YLL044W""[tiab]（1 件）。Dubious ORF。欠失で表現型なしという報告のみ"
BMT2,2026-10-04,23558746,"""BMT2""[tiab] AND (yeast OR cerevisiae)。25S rRNA の m1A2142 のメチル化酵素と分かった論文だけで、ほかの遺伝子との関係（RDS2・RFX1 からの転写を含む）は書かれていない"
CSS2,2026-10-04,,"""CSS2""[tiab] AND (yeast OR cerevisiae) で 0 件"
FEX1,2026-10-04,,"""FEX1""[tiab] AND (yeast OR cerevisiae)、(FEX1 OR FEX2) AND fluoride AND cerevisiae。出芽酵母で FEX1 とほかの遺伝子の関係を調べた原著が見つからない（FEX2 との重複は代用しない）"
MRPL20,2026-10-04,,"""MRPL20""[tiab]・MRP-L20・YKR085C。染色体の配列決定の論文だけで、関係を書いた要旨はない"
TAF3,2026-10-04,17951556,候補 RSP5 → TAF3（17951556）の要旨に Taf3 が出てこない（PMC 本文も取れず）。Taf3/Taf47/TAF(II)47 で出芽酵母の原著は見つからない
YSC83,2026-10-04,,"""YSC83""[tiab]。ARG4 近傍の配列の論文 2 件だけで関係の記述なし"
ECM23,2026-10-04,11889490,(Ecm23 OR Srd2) AND cerevisiae。SRD2 は偽菌糸生長を負に制御するとあるが、相手の遺伝子の名前がない
HMI1,2026-10-04,37839213;16358299,"""HMI1""[tiab] AND mitochondrial。mtDNA の維持に要るヘリカーゼの性質だけで、ほかの遺伝子との関係（SKN7 からの転写を含む）はない"
KSH1,2026-10-04,,Ksh1 OR YNL024C-A で出芽酵母の論文 0 件
VAM10,2026-10-04,12748377,Vam10 OR YOR068C で 1 件。Sec18p に依らない融合の準備段階に働くとあるが、遺伝子どうしの作用は書かれていない（Sec18 とは独立）
BI2,2026-10-04,15168075;2277640,bI2 AND (maturase OR splicing)。bi2 マチュラーゼが cyt b のイントロンのスプライシングを助けるとあるが、COB の遺伝子名では書かれていない。NAM2 の論文はイントロン bI2 の切り出しで、マチュラーゼのタンパク質ではない
DAD4,2026-10-04,,"Dad4[tiab]・""DASH complex"" AND Dad4 で出芽酵母の論文 0 件"
PET18,2026-10-04,,PET18[tiab] で 14 件あるが、多くは pet18 変異（複数の遺伝子を含む座、HTL1 など）の論文で、YCR020C そのものの関係は書かれていない
THI5,2026-10-04,12777485;12271461,"THI5 遺伝子群（THI11・THI12・THI13）の重複と、Snz タンパク質が ""Thi5 protein family"" と結合するという記述だけ。家族単位の記述なので THI5 の関係としては書かない"
YDR015C,2026-10-04,,Dubious ORF。YDR015C[tiab] で 2 件（欠失の表現型・網羅的なツーハイブリッド）。関係の記述なし
YLR036C,2026-10-04,,YLR036C[tiab] で 0 件
PET191,2026-10-04,18503002,Pet191[tiab] で 7 件。要旨は Cox の組み立てに要ることと、Mia40 経路に依らずに取り込まれることだけ（DB に MIA40 → PET191 はないので reject も書かない）。PMC 本文も取れず
HBN1,2026-10-04,,"""HBN1""[tiab]・YCL026C-B で検索。出芽酵母の HBN1 を調べた論文はなく、ほかの遺伝子との関係や HBN1 を制御する転写因子を名指しした論文はない"
MRPL31,2026-10-04,1764528,"MRPL31[tiab]・""Mrpl31 AND yeast"" で検索。YmL31 の遺伝子破壊で呼吸できないことを示した論文だけで、ほかの遺伝子との関係・転写因子は書かれていない"
PUS5,2026-10-04,10756195,PUS5[tiab] で検索。ミトコンドリア 21S rRNA の Ψ2819 を作る酵素と同定した論文だけで、ほかの遺伝子（タンパク質）との関係はない
TRM10,2026-10-04,38071471,"""Trm10[tiab] AND cerevisiae"" で検索。tRNA の m1G9 修飾の論文が中心。trm10Δmet22Δ で tRNATrp が戻るのは遺伝学的な相互作用だけで、ほかの遺伝子への作用・TRM10 を制御する転写因子は書かれていない"
YHR212W-A,2026-10-04,,YHR212W-A で検索。フロキュリンに似た偽遺伝子の断片で、関係を書いた論文はない
HNT2,2026-10-04,25432955;12028594,"""Hnt2 AND yeast""・""(Hnt2 OR Aph1) AND cerevisiae"" で検索。ジヌクレオシドポリリン酸・キャップの分解酵素としての論文だけで、ほかの遺伝子との関係はない（Aph1 のヒットの多くはヒトの γ-セクレターゼ）"
KTR7,2026-10-04,28774774,KTR7[tiab] で検索。C. albicans の変異株を相補させた論文だけで、出芽酵母の遺伝子との関係・転写因子は書かれていない
MRPS9,2026-10-04,8536310,"""(Mrps9 OR YBR146W) AND cerevisiae"" で検索。遺伝子の同定と破壊株の呼吸欠損だけで、ほかの遺伝子との関係はない"
PHA2,2026-10-04,,"""PHA2[tiab] AND (yeast OR cerevisiae)""・""YNL316C"" で検索。代謝工学の論文だけで、PHA2 を名指しした制御・相互作用（候補の CMK1 によるリン酸化を含む）の原著はない"
RRT7,2026-10-04,10487931,RRT7[tiab]・YLL030C で検索。染色体 XII の ORF の破壊（表現型なし）の論文だけ
VHC1,2026-10-04,23022132;24251329,"Vhc1[tiab]・""Vhc1 AND (potassium OR Nhx1)"" で検索。液胞の K+-Cl- 共輸送体としての論文だけで、ほかの遺伝子との関係（AP-3 経路での輸送・候補の TOS8 による転写を含む）は要旨に書かれていない"
YOR131C,2026-10-04,,YOR131C で検索。論文が見つからない
DBP1,2026-10-04,31299079;39675003,"""Dbp1 AND (Ded1 OR eIF4F OR translation) AND cerevisiae"" で検索。パラログ Ded1 と重なって翻訳開始を助けるという論文だけで、ほかの遺伝子への作用・DBP1 を制御する因子を名指しした記述はない"
MRP21,2026-10-04,9528754,MRP21[tiab] で検索。COX2・COX3 mRNA の 5' リーダー変異を抑圧する（mRNA との遺伝学的な関係）論文だけで、遺伝子（タンパク質）どうしの関係はない
YDR444W,2026-10-04,,YDR444W で検索。論文が見つからない
YLR124W,2026-10-04,11054824,YLR124W で検索。Dubious ORF で、ORF の破壊の論文だけ
ASP3-2,2026-10-04,36040324;20817754;12489124;9170245,"""ASP3""[tiab] AND (yeast OR cerevisiae)・ASP3 AND (Gln3 OR Gat1 OR GATA)。GLN3・NIL1(GAT1)・URE2 による制御は「ASP3」として書かれているが、S288C には同じ ASP3 が 4 コピーあり、ASP3-2 を名指しした論文はない。写しの代用はしない"
FMN1,2026-10-04,10887197;29902190,"""FMN1""[tiab] AND (yeast OR cerevisiae)・""riboflavin kinase"" AND cerevisiae。酵素活性・局在の論文だけで、ほかの遺伝子との関係は書かれていない"
MRPL8,2026-10-04,,"(""MRPL8""[tiab] OR ""NAM9""[tiab]) AND cerevisiae。MRPL8 を扱う論文は配列決定の古いものだけで、ほかの遺伝子との関係や発現を制御する転写因子の記述はない"
NAM9,2026-10-04,9360714;1729612,同上の検索。発現が炭素源（グルコース／ガラクトース）で変わる記述はあるが、制御する転写因子やほかの遺伝子との関係は書かれていない
PWP1,2026-10-04,24636992;16855292,"""PWP1""[tiab] AND cerevisiae・Pwp1 AND (histone OR rDNA OR Nop12)。要旨は「A3 因子」「ヒストン H4 の尾部」など総称だけで、ほかの遺伝子名を挙げた関係がない"
SAM4,2026-10-04,20421295;17264075;11013242,"(""SAM4""[tiab] OR Mht1) AND cerevisiae。Mht1 と Sam4 は同じ働きをもつ酵素として並べて書かれるだけで、互いへの作用やほかの遺伝子からの制御は書かれていない"
YHR213W,2026-10-04,,"""YHR213W"" で 0 件。偽遺伝子の断片"
YSR3,2026-10-04,10477278;11102354;9419344;10563329,"(""YSR3""[tiab] OR ""LBP2""[tiab]) AND cerevisiae。DHS-1-P ホスファターゼとしての働き・欠失の表現型だけで、ほかの遺伝子との関係（制御・結合）は書かれていない（パラログ LCB3 と重複して働く記述のみ）"
MSE1,2026-10-04,7607232,"""MSE1""[tiab] AND (yeast OR cerevisiae OR glutamyl)。ミトコンドリアのグルタミル tRNA 合成酵素の遺伝子の同定だけ"
PHS1,2026-10-04,18272525;23416297,"(""PHS1""[tiab] OR Phs1p) AND cerevisiae・Phs1 AND (Tsc13 OR Elo2 OR Elo3 OR Ifa38)（0 件）。酵素の残基・膜トポロジーの論文だけで、ほかの遺伝子との関係は要旨にない"
YPL205C,2026-10-04,,"""YPL205C"" で 0 件。機能不明"
BUD16,2026-10-04,17696614,"(""BUD16""[tiab] OR ""YEL029C"")。ピリドキサールキナーゼとしてゲノム安定性に要るという論文だけで、ほかの遺伝子との関係は書かれていない"
MRPL1,2026-10-04,12392552,"(""MRPL1""[tiab] OR ""YDR116C"") AND cerevisiae。ミトコンドリアリボソームの構成要素としての同定だけ"
PSY1,2026-10-04,15173006,"""PSY1""[tiab] AND cerevisiae。Dubious ORF。網羅的スクリーニングに名前が出るだけ"
RSM23,2026-10-04,11278769;11983181,"""RSM23""[tiab] AND cerevisiae（0 件）・(Rsm23 OR YGL129C) AND (Mca1 OR apoptosis)。リボソームタンパク質としての同定とアポトーシスの記述だけで、遺伝子どうしの関係として書かれたものはない"
TMA64,2026-10-04,30146315;34016977,"""TMA64""[tiab] AND cerevisiae。Tma64・Tma20・Tma22 が並んで 40S のリサイクルに働くという記述で、互いへの作用は書かれていない"
YFL066C,2026-10-04,,"""YFL066C"" で 0 件。Y' 要素のヘリカーゼ様タンパク質"
YLR379W-A,2026-10-04,,"""YLR379W-A"" で 0 件。パンゲノム解析で見つかった ORF"
ASP3-4,2026-10-04,12489124;9170245;20817754;36040324,"検索: ""ASP3""[tiab] AND (yeast OR cerevisiae)・ASP3 AND (Gln3 OR Gat1 OR nitrogen)。GLN3・NIL1（GAT1）・URE2 による制御は「ASP3」として書かれ、S288C の 4 つの写し（ASP3-1〜4）を区別していないので ASP3-4 には当てない。候補の ABF1・CBF1 を名指しした論文はない"
BUD25,2026-10-04,16820445,"検索: ""BUD25""[tiab]・YER014C-A。微小重力での発現の 1 報のみで、ほかの遺伝子との関係の記述なし"
HFA1,2026-10-04,14761959;25503745,"検索: ""Hfa1""[tiab] AND yeast・Hfa1 AND (transcription OR Hap1)。ACC1 と機能が重ならないこと（相補しない）と非典型の開始コドンのみで、ほかの遺伝子からの制御・相手の記述なし。候補 HAP1・REB1 を名指しした論文はない"
MRPS5,2026-10-04,,"検索: ""Mrps5""[tiab] AND yeast・YBR251W OR (Mrps5 AND cerevisiae)。出芽酵母の論文は見つからない（ヒト・マウスの MRPS5 の論文のみ）"
QNS1,2026-10-04,12898714;12771147;33749726,検索: Qns1 AND (yeast OR cerevisiae)。酵素の性質と、Hsp90 と働くシャペロン作用（Hsp90 の遺伝子名なし）のみ。候補の PHO85 によるリン酸化・STE12 の転写制御を名指しした論文はない
TED1,2026-10-04,30265296;34965437;35508142,"検索: ""Ted1""[tiab] AND yeast・Ted1 AND (Pmt1 OR Emp24 OR Erv25)。Pmt1 との結合は他論文の引用、DCR2・PMT1 とは遺伝学的な相互作用（寿命・合成致死）のみで、向きのある関係が言えない"
TSC10,2026-10-04,20208441,"検索: ""Tsc10""[tiab]・Tsc10 AND (Ypk1 OR Ksp1 OR phosphorylation OR Lcb1)。酵素の過剰発現の論文のみで、候補の KSP1・XBP1 を名指しした論文はない"
AAN1,2026-10-04,35577788,"検索: ""Aan1""[tiab] AND yeast。分枝鎖アミノ酸代謝・アクチンケーブルへの作用はあるが、ほかの遺伝子を名指しした関係の記述なし。候補 SKO1 の論文なし"
COQ1,2026-10-04,24056878;25631044,"検索: ""Coq1""[tiab] AND yeast・Coq1 AND (Coq2 OR complex OR hexaprenyl)。ERG9 との二重破壊の代謝工学と CoQ 合成複合体の論文（Coq1 は構成要素として書かれていない）のみ。候補 DAL82 の論文なし"
MAP2,2026-10-04,11811952;15547949,"検索: ""Map2""[tiab] AND (methionine aminopeptidase) AND yeast。MAP1 と重複する酵素の基質特異性のみで、遺伝子間の制御関係の記述なし"
RSM24,2026-10-04,11921101,検索: (Rsm24 OR YDR175C) AND yeast。挿入変異の網羅的な論文のみ
SPR1,2026-10-04,8419289,検索: Spr1 AND (glucanase OR sporulation) AND cerevisiae。胞子形成後期に転写されるとあるが転写因子（候補 NDT80）の名指しなし。EXG1 とは配列が似るだけ
YPR003C,2026-10-04,,検索: YPR003C。PubMed に論文なし
ISM1,2026-10-04,7607232,検索: (Ism1 OR YPL040C) AND (yeast OR cerevisiae)。ミトコンドリアと細胞質の tRNA 合成酵素が別遺伝子であることのみ
MRPL50,2026-10-04,12392552,検索: (Mrpl50 OR YNR022C) AND yeast。ミトコンドリアリボソームの質量分析での同定のみ
Q0010,2026-10-04,,検索: Q0010 AND yeast。Dubious ORF で論文なし
SCEI,2026-10-04,1551570;8391397;7664749,検索: (I-SceI OR SCEI) AND (omega OR intron) AND mitochondria AND cerevisiae。I-SceI の切断部位での組換え（RAD52 は切断後の修復に関わる）のみで遺伝子間の制御関係なし。8391397・7664749 は別の酵素 Endo.SceI（ENS2/SSC1）の論文なので使わない
TMN3,2026-10-04,,検索: (Tmn3 OR YER113C) AND (yeast OR cerevisiae)。酵母の Tmn3 の論文が見つからない
YGR016C-A,2026-10-04,37927910,検索: YGR016C-A OR YGR016C。小胞体への局在の 1 報のみで、ほかの遺伝子との関係なし
YMR008C-A,2026-10-04,,検索: YMR008C-A。PubMed に論文なし
FOL3,2026-10-04,11731153;10799479,検索: FOL3[tiab] AND (yeast OR cerevisiae)（8 件）。葉酸合成の欠損株の研究だけで、ほかの遺伝子との関係を書いた論文がない。候補の FKH1・TOS8 からの転写も名指しの論文なし
MRX11,2026-10-04,,検索: MRX11[tiab] OR YPL041C（関係のない 2 件だけ）。候補の KSP1・SKN7 を組み合わせた検索も 0 件
QRI1,2026-10-04,9867860;11180460,検索: (QRI1 OR UAP1 OR YDL103C) AND yeast。UDP-GlcNAc 合成の酵素として Gna1・Agm1 と同じ経路にあるだけで、遺伝子どうしの調節の関係は書かれていない。候補の PHO85 も 0 件
YBR220C,2026-10-04,,検索: YBR220C（1 件、SCRaMbLE の研究で関係の記述なし）
YLF2,2026-10-04,,検索: YLF2[tiab] OR YHL014C（0 件）
ABZ2,2026-10-04,17873082;27230236,検索: ABZ2[tiab] AND yeast。pABA 合成の酵素で ABZ1 と同じ経路にあるだけで、遺伝子どうしの関係は書かれていない。候補の FKH1 も 0 件
CPR3,2026-10-04,30031690;33530556;7603990,検索: CPR3[tiab] AND yeast。透過性遷移孔やタンパク質の折りたたみ（マウス DHFR の融合タンパク質）の研究で、酵母の遺伝子との関係は書かれていない。候補の TOS8 も 0 件
MNC1,2026-10-04,37239347;28128390,検索: MNC1[tiab] OR YBR056W-A。重金属で発現が上がる記述だけで、ほかの遺伝子との関係がない。候補の STE12 も 0 件
VPS70,2026-10-04,40804252,検索: VPS70[tiab] OR YJR126C。翻訳の正確さと寿命の QTL の研究だけで、ほかの遺伝子との関係がない。候補の MSN2 も 0 件
YPR071W,2026-10-04,,検索: YPR071W（0 件）。候補の CBF1 も 0 件
ISN1,2026-10-04,19846558;38362806;12735798,検索: ISN1[tiab] AND yeast。基質（IMP・NMN）や阻害物質（イノシン・ATP）、ニコチン酸とグルコースによる発現の調節だけで、遺伝子を名指しした調節の関係がない
MRPS8,2026-10-04,12392552,検索: MRPS8[tiab] OR YMR158W（1 件。ミトリボソームの構成要素の同定だけ）
TVP38,2026-10-04,17178117,検索: TVP38[tiab] OR YKR088C。Tlg2 のある区画に局在する記述だけで、結合などの関係は Tvp23・Tvp18・Tvp15 で示され Tvp38 にはない
Q0017,2026-10-04,,検索: Q0017（0 件）。疑わしい ORF
YHL046W-A,2026-10-04,22370347,検索: YHL046W-A（1 件、関係の記述なし）。疑わしい ORF
DTD1,2026-10-04,10766779,"""DTD1""[tiab] AND (yeast OR cerevisiae)・Dtd1 AND yeast。D-Tyr-tRNA 脱アシル化酵素の性質の論文だけで、ほかの遺伝子との関係（候補の KSP1・XBP1 も）を書いた論文なし"
FYV4,2026-10-04,15082542,"""FYV4""・YHR059W で 2 件。DST1 との合成生育欠損（遺伝学的相互作用）だけで、制御の関係を書いた論文なし"
LSO2,2026-10-04,30208026;26450372;24895027;32687489,"""LSO2""[tiab]・LSO2 AND (INO2 OR INO4 OR Aft1)。リボソームと rRNA への結合、LSO1 との重複の記述のみ。LSO2 は鉄に関わらず構成的に発現し Aft1 の標的ではない（26450372）。ほかの遺伝子との関係なし"
THI12,2026-10-04,12777485,"""THI12""[tiab]・(THI5 OR THI12) AND (Thi2 OR Thi3 OR Pdc2)。THI5 族の機能の重複を示す論文のみで、THI12 の発現を制御する因子を名指しした論文なし（候補 CBF1・HAP1 も見つからない）"
YBR242W,2026-10-04,29752939,"""YBR242W""[tiab]。YB92（YBR242W）の 5'-ヌクレオチダーゼ活性と二量体化のみ。ほかの遺伝子との関係なし（パラログ YGK1 の構造は代用しない）"
YLH47,2026-10-04,39082862;20197279;16476776,YLH47・YPR125W・Mdm38 AND Ylh47。別名 MRS7。Mrs7 の過剰発現が mdm38 欠損を抑圧するなど機能の重複だけで、制御の関係（候補の RSP5・MAC1 も）を書いた論文なし
ADK2,2026-10-04,15753074;1587477,"""ADK2""[tiab] AND (yeast OR cerevisiae)。酵素活性と C 末端の安定性の論文のみで、ほかの遺伝子との関係（候補 GCN4 も）なし"
MPA43,2026-10-04,9234673,"""MPA43""[tiab]。配列決定の論文 1 件のみ"
SAL1,2026-10-04,20141534;18431598;15238515;24073201,"""SAL1""[tiab]・Sal1 AND Aac2。AAC2 との機能の重複（合成致死・ヌクレオチド輸送）のみで、向きのある関係や候補 ABF1 の転写制御を書いた論文なし"
YRF1-8,2026-10-04,,YRF1 AND helicase AND yeast。YRF1 の写しの多くは区別されず、YRF1-8（YOR396W）を名指しした論文なし（YRF1-6 は別の写しなので代用しない）
CIR1,2026-10-04,21253464,"""CIR1""[tiab]・YGR207C・Cir1 AND (Yfh1 OR frataxin)。欠損変異の表現型（酸化還元状態）のみで、Yfh1 との相互作用を書いた要旨は見つからない"
LEC1,2026-10-04,36354737,"""LEC1""[tiab]・LEC1 AND ergosterol。膜接触部位の網羅的スクリーンで同定された論文のみで、ほかの遺伝子との関係なし"
MST1,2026-10-04,2999113;22773845,"""MST1""[tiab]・Mst1 AND threonyl-tRNA。ミトコンドリアのトレオニル tRNA 合成酵素の性質（tRNA・編集）のみで、ほかの遺伝子との関係なし"
Q0032,2026-10-04,,Q0032 で検索して 0 件。Dubious ORF で論文なし
YHL048C-A,2026-10-04,22370347,YHL048C-A で検索して 1 件。染色体分割で欠失した領域の遺伝子の一覧に名前が出るだけで、ほかの遺伝子との関係なし
YOR012W,2026-10-04,35418148;22370347,YOR012W で検索。多重ストレス耐性株づくりで候補遺伝子として選ばれた（35418148）・欠失領域の一覧（22370347）だけで、ほかの遺伝子との関係なし
AVT2,2026-10-04,27246536;11274162,"""AVT2""[tiab] AND (yeast OR cerevisiae) は 0 件。AVT 族の論文では AVT2 の輸送活性や他の遺伝子との関係は示されていない。候補の CIN5・FKH1 の転写制御を名指しした論文なし"
CCE1,2026-10-04,16337661;27908236;10825168,"""CCE1""[tiab] AND (yeast OR cerevisiae) ほか。Msh1 との機能の重複（遺伝学）と、Abf2p が Cce1p の DNA 結合・切断に影響しないという報告だけで、関係として書けるものなし。DAL81・TOS8 の転写制御の論文なし"
DUT1,2026-10-04,16617146;3020375;29738539,"""DUT1""[tiab] AND (yeast OR cerevisiae)。dut1-1 の表現型が ung1 で抑圧される遺伝学の関係のみ（制御の関係ではない）。転写は細胞周期で一定と報告され、FKH1・REB1 を名指しした論文なし"
GAS4,2026-10-04,17189486;21389112,"""GAS4"" AND (NDT80 OR SOK2 OR sporulation)。胞子形成期だけに発現し GAS2 と重複して胞子壁形成に働くが、制御する遺伝子（NDT80・SOK2 など）を名指しした記載なし"
MRX3,2026-10-04,42341887,"""MRX3""[tiab] OR ""YBL095W""。mrx3Δ が leu5Δ の呼吸欠損を一部回復する遺伝学の報告のみで、ほかの遺伝子への作用は示されていない"
YML082W,2026-10-04,33502852,"""YML082W"" OR (""STR2"" AND Upc2)。Upc2 による制御を実験で示した論文が見つからない"
ATX2,2026-10-04,8887660,"""ATX2""[tiab] AND (yeast OR cerevisiae)。Atx2p と Pmr1p がマンガンの恒常性を逆向きに制御するという遺伝学・表現型の報告のみ。MGA1 の転写制御の論文なし"
MCO32,2026-10-04,,"""MCO32"" OR ""YGR053C"" で酵母の論文なし（機能不明のタンパク質）"
MPH3,2026-10-04,12210897,"""MPH3""[tiab] OR (""MPH2"" AND ""MPH3"")。プロモーターの Malx3p・Mig1p 結合配列は配列解析だけで実験の確認なし。IXR1 の論文なし"
YBL083C,2026-10-04,20803478,"""YBL083C""。Dubious ORF。網羅的なスクリーニングのみ"
YSA1,2026-10-04,19251690,"""YSA1""[tiab]。ADP リボース／OAADPr を分解する酵素としての報告で、ほかの酵母の遺伝子名を挙げた関係なし。RFX1 の論文なし"
LLP1,2026-10-04,41020759,"""LLP1""[tiab] AND (yeast OR cerevisiae OR dolichol)。DLO ピロホスファターゼとしての同定のみで、ほかの遺伝子との関係は要旨にない"
MSY1,2026-10-04,,"(""MSY1""[tiab]) AND (tyrosyl OR yeast)。出芽酵母の MSY1（ミトコンドリアのチロシル tRNA 合成酵素）の論文なし（分裂酵母の別の Msy1 のみ）"
Q0092,2026-10-04,,"""Q0092"" で 0 件。Dubious ORF"
VPS65,2026-10-04,15388447,"""VPS65""[tiab] OR ""YLR322W""。Dubious ORF（SFH1 と重なる）。網羅的なスクリーニングのみ"
YHR052C-B,2026-10-04,29897761,"""YHR052C-B""。プロテオミクスで見つかった新しい ORF の報告のみ"
AVT5,2026-10-04,20699567;20388511,"""AVT5""[tiab]。見つかった論文は分裂酵母の Avt5 だけで、出芽酵母の AVT5 の関係を書いた論文なし"
HXT14,2026-10-04,18373847;26724683,"""HXT14""[tiab]。酸素で転写が変わる記述はあるが、制御する転写因子やほかの遺伝子との関係を名指しした要旨なし"
MCX1,2026-10-04,25957689;32091391;9827555,"""MCX1""[tiab]・Mcx1 AND Hem1・ClpX AND aminolevulinic。Mcx1 が Hem1（ALAS）を活性化する論文はあるが、要旨は mtClpX・ALAS のタンパク質名だけで遺伝子名がなく、PMC 本文（32091391）にも両方の名を含む結果の一文がない。25957689 は本文が取れない"
MRX8,2026-10-04,34432493,"""MRX8""[tiab]。Cox1 翻訳に要るが、Pet309・Mss51 とは代わりにならず Mss51 のリボソーム結合は Mrx8 に依らない、とあり関係として書けない"
OAR1,2026-10-04,9388293;23300157,"""OAR1""[tiab] AND yeast、Oar1 AND (Mct1 OR Htd2 OR Etr1 OR Acp1)。ほかの遺伝子との関係を書いた要旨なし"
RIB2,2026-10-04,15466869,"""RIB2""[tiab] AND yeast。Pus9 と別の区画で同じ位置を修飾するとあるだけで、遺伝子どうしの作用はない"
SDD3,2026-10-04,10028187,SDD3 OR YOL098C。欠損の表現型の論文だけ
YDL057W,2026-10-04,10487928,"""YDL057W""。欠損の解析だけ"
YMR027W,2026-10-04,27322068,"""YMR027W""。酵素活性と構造の論文だけで、ほかの遺伝子との関係なし"
AI1,2026-10-04,15925309;1701209,AI1 AND COX1 AND intron AND reverse transcriptase。ai1 の逆転写酵素がイントロン欠失に働くとあるが、遺伝子どうしの関係として書ける一文なし
CTR86,2026-10-04,2204248,Ctr86 OR YCR054C。染色体領域の配列解析だけ
FAD1,2026-10-04,7799934;20359485,Fad1 AND FAD synthetase AND cerevisiae。クローニングと構造だけで、ほかの遺伝子との関係なし
NTA1,2026-10-04,7744855;27791147,Nta1 AND N-end rule、Nta1 AND (Ate1 OR Ubr1)。N 末端則の部品どうしの関係を「示唆」とだけ書き、相手の遺伝子を名指ししていない
PUS7,2026-10-04,41997936;21131909,Pus7 AND cerevisiae。基質は RNA で、ほかの遺伝子（タンパク質）との関係を書いた要旨なし
YCL012C,2026-10-04,12794934,"""YCL012C""。遺伝子の確認の論文だけ"
GEP4,2026-10-04,20485265,Gep4 AND cardiolipin。Tam41 と同じ合成経路に置いたとあるが、Gep4 と相手の作用の一文なし。本文は PMC で取れない
MDL1,2026-10-04,12875842;15247210,Mdl1 AND (ABC OR Atm1)。ATM1 の多コピー抑圧と、ATP 合成酵素（複合体名だけ）との結合で、遺伝子名どうしの直接の関係として書けない
Q0142,2026-10-04,,"""Q0142""。論文なし（Dubious ORF）"
WRS1,2026-10-04,12423761;9046085,Wrs1 AND cerevisiae。遺伝子の同定とヒト遺伝子での相補だけ
YHR054C-B,2026-10-04,29897761,YHR054C-B OR YPR074W-A。プロテオミクスでの同定だけ
YPR074W-A,2026-10-04,29897761,YHR054C-B OR YPR074W-A。論文はプロテオミクスの同定だけ（YPR074W-A の関係なし）
DBP3,2026-10-04,9032262;33721027;16449635,検索: DBP3[tiab] AND (yeast OR cerevisiae)。要旨は rRNA の A3 部位の切断・snoRNP の解離・rRNA の 2'-O-メチル化への関わりで、相手の遺伝子への作用は書かれていない（dbp3 dbp7 の増殖の相加は遺伝学だけ）。候補の FKH1・NDT80 の転写制御を名指しした論文もない
ECM1,2026-10-04,20348449,検索: ECM1[tiab] AND (yeast OR cerevisiae)。要旨は Arx1 と重複する働き・Mex67 の過剰発現での一部回復（遺伝学）と、名前のないヌクレオポリンとの結合だけ。本文は PMC で取れない。候補の ADR1・TOS8 の論文もない
IAH1,2026-10-04,9758847;10855721,検索: IAH1[tiab] AND (yeast OR cerevisiae)。ATF1 とのつり合いは酵素の活性の比（酢酸イソアミルの量）で、遺伝子どうしの作用ではない。候補の INO4・TEC1 の転写制御を名指しした論文もない
MDE1,2026-10-04,18625006;23773701,検索: MDE1[tiab] AND (yeast OR cerevisiae)。メチオニン回収経路の酵素の同定（MRI1 の次の段）と酒の香りの前駆体の研究だけで、タンパク質どうしの作用はない。候補の FKH1・STB5 の論文もない
ORA1,2026-10-04,12535615;33845171,検索: ORA1[tiab]・YMR226C[tiab] AND (yeast OR cerevisiae)。酵素の性質と物質生産の研究だけで、相手の遺伝子との関係や SKO1・XBP1 による転写制御の記述がない
PRM6,2026-10-04,23204190;24142703;28810704,検索: PRM6[tiab]・KCH2[tiab] AND (yeast OR cerevisiae)。Kch2（Prm6）は K+ の取り込みと HACS の活性化に必要だが、HACS（CCH1・MID1）やカルシニューリンの遺伝子名が要旨になく、フェロモンでの誘導も転写因子を名指ししていない。23204190 の本文は PMC で要旨だけ
RIM2,2026-10-04,30660752;23800229;21777202,検索: RIM2[tiab] AND (yeast OR cerevisiae)。RIM2 の過剰発現が mrs3 mrs4 を補う・欠損で mrs3/4Δ の Fe-S 成熟の欠陥が強まる（重複する輸送体の遺伝学）だけで、遺伝子どうしの作用ではない。候補の FKH2・STP2 の論文もない
YMR031W-A,2026-10-04,14656964,検索: YMR031W-A[tiab] AND (yeast OR cerevisiae)。Dubious ORF で、1 件は網羅的な遺伝子網の論文
AIM33,2026-10-04,,検索: AIM33[tiab]・YML087C AND (yeast OR cerevisiae) で該当なし（Putative の働き）
SAY1,2026-10-04,18034159,検索: SAY1[tiab] AND (yeast OR cerevisiae)。ATF2 によるステロールのアセチル化と SAY1 による脱アセチル化の回路（基質を通じた逆の反応）で、遺伝子どうしの直接の作用ではない。候補の FKH1 の論文もない
YDR250C,2026-10-04,11921101,検索: YDR250C AND (yeast OR cerevisiae)。Dubious ORF で、1 件は挿入変異の方法の論文
Q0143,2026-10-04,,検索: Q0143 で酵母の論文なし（Dubious ORF）
GEP7,2026-10-04,39502242,検索: GEP7[tiab]・YGL057C。phb1・gem1 との合成相互作用（網羅的な遺伝学）しかなく、1 件は無関係
MET7,2026-10-04,31647103;10799479,検索: MET7[tiab] AND cerevisiae。葉酸のポリグルタミル化とゲノム安定性・dNTP の研究で、相手の遺伝子への作用が書かれていない
XYL2,2026-10-04,18425613,検索: (XYL2[tiab] OR YLR070C) AND cerevisiae AND (induc* OR regulat*)。ほとんどが Pichia stipitis の XYL2 を入れた代謝工学で、出芽酵母自身の XYL2 と他の遺伝子の関係は見つからない
YIL060W,2026-10-04,24360837,検索: YIL060W。網羅的な化学遺伝学の論文 1 件だけ
OPI10,2026-10-04,16582425,検索: (Opi10 OR YOL032W) AND cerevisiae。網羅的な Opi- 表現型の解析だけで、候補の SKO1 の転写制御を名指しした論文もない
ECM14,2026-10-04,33256608,"""ECM14""[tiab] で 3 件。生化学と合成致死の網羅的な探索で、合成致死になる単一の遺伝子はほぼ無く、ほかの遺伝子との関係は書かれていない"
IAT4,2026-10-04,40344241,"""IAT4""[tiab] OR ""YDR391C"" で酵母の論文は 1 件。基質（セロトニンなど）の N-アセチル化だけで、ほかの遺伝子との関係は書かれていない"
MSD1,2026-10-04,10710420,"""MSD1""[tiab] AND (yeast OR aspartyl)。ミトコンドリア tRNA(Asp) 変異の抑圧だけ。候補の KSP1・TPK1 によるリン酸化を名指しした論文は見つからない"
OSW2,2026-10-04,29211891,"""OSW2""[tiab]。CHS3・BIG1 との合成的な胞子形成の欠損（遺伝的相互作用）だけで、制御の関係は書かれていない。候補の NDT80 を名指しした論文は見つからない"
PRM9,2026-10-04,,"""PRM9""[tiab]・DUP240 AND (PRM8 OR PRM9 OR COPII) で 0 件"
SET6,2026-10-04,31685550,"""SET6""[tiab] AND yeast・""YPL165C"" で 1 件（Set5 の論文）。Set6 とほかの遺伝子との関係は書かれていない"
SRL4,2026-10-04,18337697,"""SRL4""[tiab] OR ""YPL033C""・SRL4 AND Kar4。srl4Δ が rad53・lcd1 の致死を抑圧する（遺伝的）と、リボヌクレオチド還元酵素の負の調節因子らしいという推測だけ"
UBP16,2026-10-04,12914939,"""UBP16""[tiab]。ミトコンドリア外膜への局在だけで、基質やほかの遺伝子との関係は書かれていない"
YMR209C,2026-10-04,,"""YMR209C"" で 0 件"
AIM4,2026-10-04,10407271,"""AIM4""[tiab] OR ""YBR194W""。欠失で表現型なしの報告だけ。候補の TOS8 を名指しした論文は見つからない"
JIP3,2026-10-04,,"""JIP3""[tiab] AND cerevisiae で 0 件。MID2 と重なる機能不明の ORF"
OPI11,2026-10-04,7050628,"""OPI11""[tiab] OR ""YPR044C"" で 1 件（1982 年の opi 変異の論文で、この ORF との関係は書かれていない）。Dubious ORF"
TDA5,2026-10-04,42201967,"""TDA5""[tiab] OR ""YLR426W""。ドリコール合成で DHRSX の相同遺伝子として働く（DHRSX で補えるが DFG10 では補えない）だけで、酵母のほかの遺伝子との関係は書かれていない"
YDR521W,2026-10-04,,"""YDR521W"" で 0 件。Dubious ORF"
AI3,2026-10-04,7797552;16339141,"""I-SceIII"" OR (aI3 AND intron AND COX1 AND yeast)。aI3 のスプライシングと I-SceIII のエンドヌクレアーゼ活性の論文で、AI3 の産物とほかの遺伝子との関係は書かれていない"
NRP1,2026-10-04,11180460,"""NRP1""[tiab] AND (yeast OR cerevisiae)。破壊で表現型なしの報告だけ"
Q0182,2026-10-04,22292080,"""Q0182"" で 1 件。Q0182 の座位と RSM7 の座位の DNA どうしの接触（ゲノムの立体構造）だけで、遺伝子の産物の関係ではない。Dubious ORF"
YIL082W,2026-10-04,,"""YIL082W"" で 0 件（""YPR170W-B"" OR ""YIL082W"" の検索で 37814909 が出るが S. pastorianus の比較ゲノム）。ほかの Ty の写しの論文で代用しない"
YPR170W-B,2026-10-04,,"""YPR170W-B"" で酵母の機能の論文は見つからない（37814909 は S. pastorianus の比較ゲノム）"
ECM27,2026-10-04,27242146,"""ECM27""[tiab] AND (yeast OR cerevisiae)・ECM27 OR YJR106W で 1 件。要旨はカルシウム恒常性・トレハロースで、ほかの遺伝子との関係が書かれていない"
MSH1,2026-10-04,19056520;15611870;22114710,MSH1[tiab] AND cerevisiae AND mitochondrial・Msh1 AND Mip1。OGG1・APN1・MIP1 との遺伝的な相互作用（変異率）だけで、作用の向きのある関係は書かれていない
URA5,2026-10-04,2182197;2679804,URA5[tiab] AND cerevisiae・URA5 AND (PPR1 OR transcription)。URA10 との重複と、URA5 は PPR1 で誘導されないという記述だけで、NDT80・INO2 などの転写因子との関係は見つからない
YGL024W,2026-10-04,,YGL024W OR YOL118C で YGL024W の論文なし（Dubious ORF）
YOL118C,2026-10-04,10407273,YGL024W OR YOL118C。破壊株で表現型なしという記述だけ
DDE1,2026-10-04,17954932;12684380,DDE1[tiab]・YHR045W・Dap1 AND ergosterol AND DNA damage。DDE1（YHR045W）を名指しした関係の論文が無い（網羅的な解析のみ）
FYV7,2026-10-04,,YLR068W OR FYV7 で 0 件
MRPL33,2026-10-04,2061283,MRPL33[tiab] AND (yeast OR cerevisiae)。遺伝子のクローニングと破壊の論文だけで、ほかの遺伝子との関係・CIN5 による転写制御は書かれていない
YGL176C,2026-10-04,31276593,YGL176C で 1 件（QTL 解析）。関係の記述なし
AI4,2026-10-04,7588637;1310149,I-SceII OR (aI4 AND intron AND cerevisiae)。aI4 の成熟酵素・エンドヌクレアーゼの働きと bI4 成熟酵素がイントロンのスプライシングを制御するという記述はあるが、イントロン RNA が相手で、タンパク質どうしの作用として向きを決められない
CRS1,2026-10-04,31350340,Crs1[tiab] AND cysteinyl-tRNA。転写開始点を Hap 複合体が決めるとあるが、要旨は複合体名だけで HAP 遺伝子名が無く、本文は PMC から取れなかった
MFI2,2026-10-04,41530540;41789122,Mfi2[tiab] AND mitophagy。Mfi2 は Dnm1 と独立に分裂を促し、atg44Δ を一部補うという記述だけで、ほかの遺伝子への作用は書かれていない（41789122 は総説的な解説）
Q0255,2026-10-04,,Q0255 OR (bI4 maturase)。Q0255 そのものを調べた論文が無い（bI4 などほかの成熟酵素の論文で代用しない）
YBR072C-A,2026-10-04,,YBR072C-A OR YJL064W で YBR072C-A の論文なし
YJL064W,2026-10-04,,YBR072C-A OR YJL064W で YJL064W の論文なし（Dubious ORF）
ARO7,2026-10-05,2277632,GCN4 は試験管内で ARO7 のプロモーターに結合するが、生体内では転写を制御しない（reject として記録）。ほかの関係は見つからず
HUR1,2026-10-05,,TPK1 → HUR1 は遺伝的エピスタシスだけでリン酸化は調べていない（flag として記録）。ほかの関係は見つからず
ATE1,2026-10-05,32366662,酵母の文は「arginyltransferase」としか書かず ATE1 を名指ししない（タンパク質名だけ。後の見直しの候補）
HFD1,2026-10-05,,要旨は Hog1 がスフィンゴ脂質分解の経路を誘導するとだけ書き、HFD1 を名指ししない（経路全体の記述の当てはめになるので外した）
UPS3,2026-10-05,20622808,要旨は「Ups proteins」とまとめて書き、UPS3 だけの結果か分からない
HPA2,2026-10-05,23775086;16537921;34920742,名前の見直し（複合体名・タンパク質名を使っても）: 再検索 (Hpa2[tiab] OR Hpa3[tiab]) AND (yeast OR cerevisiae)。相手は「small basic proteins」と書かれるだけで複合体名・タンパク質名でもない。ヒストンは試験管内だけ。16537921・34920742 は欠失の表現型だけ
YNL338W,2026-10-05,,名前の見直し（複合体名・タンパク質名を使っても）: YNL338W で再検索して 0 件（Dubious ORF）
YGR035C,2026-10-05,,名前の見直し（複合体名・タンパク質名を使っても）: YGR035C で再検索して 2 件（薬剤・総説）。(YGR035C OR Yrm1 OR Yrr1) AND cerevisiae でも YGR035C を名指しした制御の要旨はない
NNK1,2026-10-05,11595789,名前の見直し（複合体名・タンパク質名を使っても）: (Nnk1[tiab] OR YKL171W[tiab]) で再検索。11595789 は YKL171W が「プロテアソームの働き」に関わるとする欠失株の表現型だけで、プロテアソームとの結合を書いていない（プロテアソームは表にもない）
BDH1,2026-10-05,19966022;20738406;41171461,名前の見直し（複合体名・タンパク質名を使っても）: (Bdh1[tiab] OR butanediol dehydrogenase) AND cerevisiae AND (regulat* OR transcription)。BDH1 を制御する遺伝子・複合体の名指しはない（20738406 は NADPH-ブタンジオール脱水素酵素の過剰発現で STB5 過剰の生育不良が戻る遺伝学だけ）
RPL36A,2026-10-05,29158977;25119672,名前の見直し（複合体名・タンパク質名を使っても）: (RPL36A[tiab] OR Rpl36a[tiab]) AND yeast。25119672 の Ebp2 との two-hybrid は L36a/b を区別しない（A/B の写しは今回書かない）。29158977 は表現型だけ
YJL225C,2026-10-05,,名前の見直し（複合体名・タンパク質名を使っても）: YJL225C で再検索して 0 件
GND2,2026-10-05,19712762;42651715;16914749,名前の見直し（複合体名・タンパク質名を使っても）: (GND2[tiab]) AND yeast。Stb5 の標的はペントースリン酸経路の遺伝子という経路の書き方だけ。16914749 の本文は PMC でも本文が取れない。42651715 は発現の変化だけ
PKH3,2026-10-05,26391581;22326914,名前の見直し（複合体名・タンパク質名を使っても）: (Pkh3[tiab]) AND yeast。Pkh3 を名指しした基質・制御の原著はない（37623558 は総説）
GLC3,2026-10-05,7961723,名前の見直し（複合体名・タンパク質名を使っても）: (GLC3[tiab] OR glycogen branching enzyme) AND cerevisiae。7961723 は GLC3 が cAMP 経路の負の制御を受けるに違いないと推定するだけで（経路名だけ、PKA としての実験はない）
APS2,2026-10-05,24460703;25346786,名前の見直し（複合体名・タンパク質名を使っても）: (Aps2[tiab] OR AP-2 complex) AND yeast。24460703 は AP-2 が Mid2 に結合すると書く（直接の結合は Apm4 の μ ドメイン）。AP-2 複合体は表にないので行は書かず、提案に AP-2 complex を出した
COS10,2026-10-05,,名前の見直し（複合体名・タンパク質名を使っても）: COS10[tiab] AND yeast で 0 件。Cos タンパク質群（家族の書き方）は今回も書かない
ACO2,2026-10-05,30834327,名前の見直し（複合体名・タンパク質名を使っても）: (ACO2[tiab]) AND (cerevisiae OR yeast)。30834327 は発酵中に発現しグルコース制限で有利とするだけで制御因子の名指しなし。aconitase は ACO1 と共通の名で 1 つに決まらない
RPL17B,2026-10-05,7668045,名前の見直し（複合体名・タンパク質名を使っても）: (RPL17B[tiab] OR RPL17A[tiab])。配列解析の論文だけ。rpL17 として A/B を区別しない論文は今回書かない
MRP13,2026-10-05,3065621,名前の見直し（複合体名・タンパク質名を使っても）: (MRP13[tiab]) AND (mitochondrial ribosom* OR yeast)。3065621 はグルコース抑制と呼吸能に応じた転写制御だけで、制御する遺伝子・複合体の名指しなし
RPL34A,2026-10-05,15645503;25119672,名前の見直し（複合体名・タンパク質名を使っても）: (RPL34A[tiab] OR RPL34B[tiab])。網羅的な欠失解析のみ。25119672 は L34a/b を区別しない
SVS1,2026-10-05,7489911;17512223,名前の見直し（複合体名・タンパク質名を使っても）: (SVS1[tiab]) AND yeast で 4 件。カルシニューリン（calcineurin）とは別経路とあるだけで、calcineurin が SVS1 に作用するとは書かれていない。17512223 は本文なし
YGL114W,2026-10-05,19767828,名前の見直し（複合体名・タンパク質名を使っても）: YGL114W で 1 件（OPT2 の論文）。名指しの関係なし
PMT6,2026-10-05,,名前の見直し（複合体名・タンパク質名を使っても）: (Pmt6[tiab]) AND cerevisiae・Pmt6 AND mannosyltransferase。出芽酵母の Pmt6 の論文はなく Candida などだけ。Complex Portal の PMT 複合体（CPX-3036・CPX-3037）にも PMT6 は入っていない
YNL040W,2026-10-05,38869066,名前の見直し（複合体名・タンパク質名を使っても）: (YNL040W OR AlaX) AND yeast。38869066 は AlaX 欠失の表現型が alanyl-/threonyl-tRNA synthetase の過剰発現で戻るという遺伝学の救済だけ（threonyl-tRNA synthetase は THS1・MST1 の 2 つで 1 つに決まらない）
YBR284W,2026-10-05,,名前の見直し（複合体名・タンパク質名を使っても）: YBR284W で 0 件（以前の 19635936 も関係なし）
MCO10,2026-10-05,36882574,名前の見直し（複合体名・タンパク質名を使っても）: (Mco10[tiab] OR ATP synthase subunit l) AND yeast。36882574 は Mco10 が ATP 合成酵素と結びつく補助サブユニットとするが、ATP 合成酵素は表にない。結合の実験を要旨が示しておらず（以前の報告として触れるだけ）、提案も出さなかった
SCL1,2026-10-05,1872882;25747386;18832351,名前の見直し（複合体名・タンパク質名を使っても）: (SCL1 OR PRS2) AND proteasome。Rpn4 がプロテアソームのサブユニットの発現をまとめて制御すると書く論文（25747386）はプロテアソームの名でだけ書く。プロテアソームは表にないので行は書かず、提案に 26S proteasome を出した
NPP2,2026-10-05,,名前の見直し（複合体名・タンパク質名を使っても）: (Npp2[tiab]) AND yeast で 1 件（工学の論文）。制御する遺伝子の名指しなし
THI20,2026-10-05,15967475;18028398,名前の見直し（複合体名・タンパク質名を使っても）: THI20[tiab]。酵素活性の論文だけ。THI 遺伝子群（家族の書き方）は今回も書かない
THI73,2026-10-05,10869563,名前の見直し（複合体名・タンパク質名を使っても）: (THI73[tiab] OR YLR004C[tiab]) で 1 件。チアミンが無いと転写が増えるとあるだけで転写因子の名指しなし
AFG1,2026-10-05,30301782;32579605,名前の見直し（複合体名・タンパク質名を使っても）: Afg1[tiab] AND yeast・Afg1 AND (Cox1 OR Cox2 OR Cox3 OR cytochrome c oxidase)。相手は「ミトコンドリアにコードされる呼吸鎖複合体のサブユニット」という書き方で、1 つの遺伝子にも表の複合体にも決まらない。32579605 の Oxa1 との結合はトリパノソーマ
YPR172W,2026-10-05,26327315,名前の見直し（複合体名・タンパク質名を使っても）: YPR172W[tiab] で 1 件（酵素活性の論文）。関係なし
PAU2,2026-10-05,21467572;21336256;28363963,名前の見直し（複合体名・タンパク質名を使っても）: (PAU2[tiab] OR seripauperin) AND cerevisiae。どれも PAU 遺伝子群（家族の書き方）としてしか書かず、PAU2 を名指ししない
YHL050C,2026-10-05,22370347,名前の見直し（複合体名・タンパク質名を使っても）: YHL050C で再検索（2 件）。エタノール耐性株の作製だけ
YDR415C,2026-10-05,22535436,名前の見直し（複合体名・タンパク質名を使っても）: YDR415C で再検索。網羅的な発現解析に名前が出るだけ
DCW1,2026-10-05,39194851,名前の見直し（複合体名・タンパク質名を使っても）: (Dcw1[tiab] OR YKL046C)。出芽酵母の新しい原著なし（39194851 は Candida）
YIL163C,2026-10-05,40376465,名前の見直し（複合体名・タンパク質名を使っても）: YIL163C で 1 件（40376465）。過剰発現で mec1Δ sml1Δ・rad53Δ sml1Δ の致死を救う遺伝学と、Mec1-Rad53 の下流かもしれないという推測だけ
THI5,2026-10-05,12271461;30498136,名前の見直し（複合体名・タンパク質名を使っても）: (THI5[tiab] OR Thi5p) AND cerevisiae。Snz2/3 が「Thi5 protein family」と結合（家族の書き方）、30498136 は推測だけ
TSC10,2026-10-05,9804843;19141869,名前の見直し（複合体名・タンパク質名を使っても）: (Tsc10[tiab] OR 3-ketosphinganine reductase) AND yeast。csg2Δ の抑圧など遺伝学・酵素の論文だけで、ほかの遺伝子からの制御の名指しなし
DUT1,2026-10-05,16617146;29738539,名前の見直し（複合体名・タンパク質名を使っても）: (DUT1[tiab] OR dUTPase) AND cerevisiae。ung1 などとの遺伝学の関係と遺伝子量の効果だけで、制御の関係の名指しなし
OPI10,2026-10-05,16582425,名前の見直し（複合体名・タンパク質名を使っても）: (Opi10[tiab] OR YOL032W) で出芽酵母は網羅的な Opi- 表現型の解析だけ
URA2,2026-10-05,1977585,"名前の見直し（複合体名・タンパク質名を使っても）: 複合体名・タンパク質名で再検索: ""URA2""[tiab] AND (TORC1 OR TORC2 OR calcineurin OR casein kinase OR CK2 OR protein kinase A OR PKA OR cAMP-dependent protein kinase OR origin recognition complex OR Hap complex OR Snf1 complex OR rapamycin) AND (yeast OR cerevisiae)。1 件（1977585）だけ。論文は「cAMP-dependent protein kinase」と書くが、精製した触媒サブユニットの由来を書かず（酵母の PKA と言えない）、試験管内でリン酸化しても活性も UTP 感受性も変わらないとある。PKA → URA2 は書かない"
YCR025C,2026-10-05,,"名前の見直し（複合体名・タンパク質名を使っても）: 複合体名・タンパク質名で再検索: ""YCR025C""[tiab] AND (TORC1 OR TORC2 OR calcineurin OR casein kinase OR CK2 OR protein kinase A OR PKA OR cAMP-dependent protein kinase OR origin recognition complex OR Hap complex OR Snf1 complex OR rapamycin) AND (yeast OR cerevisiae)。0 件。機能不明で論文がない"
LPX2,2026-10-05,,"名前の見直し（複合体名・タンパク質名を使っても）: 複合体名・タンパク質名で再検索: ""LPX2""[tiab] AND (TORC1 OR TORC2 OR calcineurin OR casein kinase OR CK2 OR protein kinase A OR PKA OR cAMP-dependent protein kinase OR origin recognition complex OR Hap complex OR Snf1 complex OR rapamycin) AND (yeast OR cerevisiae)・YKL050C でも。0 件。複合体名・タンパク質名で書かれた相手もない"
AGE1,2026-10-05,,"名前の見直し（複合体名・タンパク質名を使っても）: 複合体名・タンパク質名で再検索: ""AGE1""[tiab] AND (TORC1 OR TORC2 OR calcineurin OR casein kinase OR CK2 OR protein kinase A OR PKA OR cAMP-dependent protein kinase OR origin recognition complex OR Hap complex OR Snf1 complex OR rapamycin) AND (yeast OR cerevisiae)。0 件。相手は「Arf」（ARF1/ARF2 の 2 つにまたがる）とホスホリパーゼ D で、1 つの遺伝子に決まらない"
PST1,2026-10-05,,"名前の見直し（複合体名・タンパク質名を使っても）: 複合体名・タンパク質名で再検索: ""PST1""[tiab] AND (TORC1 OR TORC2 OR calcineurin OR casein kinase OR CK2 OR protein kinase A OR PKA OR cAMP-dependent protein kinase OR origin recognition complex OR Hap complex OR Snf1 complex OR rapamycin) AND (yeast OR cerevisiae)。0 件"
YKR075C,2026-10-05,,"名前の見直し（複合体名・タンパク質名を使っても）: 複合体名・タンパク質名で再検索: ""YKR075C""[tiab] AND (TORC1 OR TORC2 OR calcineurin OR casein kinase OR CK2 OR protein kinase A OR PKA OR cAMP-dependent protein kinase OR origin recognition complex OR Hap complex OR Snf1 complex OR rapamycin) AND (yeast OR cerevisiae)。0 件"
MUP3,2026-10-05,,"名前の見直し（複合体名・タンパク質名を使っても）: 複合体名・タンパク質名で再検索: ""MUP3""[tiab] AND (TORC1 OR TORC2 OR calcineurin OR casein kinase OR CK2 OR protein kinase A OR PKA OR cAMP-dependent protein kinase OR origin recognition complex OR Hap complex OR Snf1 complex OR rapamycin) AND (yeast OR cerevisiae)。0 件"
NDI1,2026-10-05,11370674,"名前の見直し（複合体名・タンパク質名を使っても）: 複合体名・タンパク質名で再検索: ""NDI1""[tiab] AND (TORC1 OR TORC2 OR calcineurin OR casein kinase OR CK2 OR protein kinase A OR PKA OR cAMP-dependent protein kinase OR origin recognition complex OR Hap complex OR Snf1 complex OR rapamycin) AND (yeast OR cerevisiae)。11370674 は酵素の性質（rotenone 非感受性 NADH 脱水素酵素）で、ほかの遺伝子との関係なし"
DCV1,2026-10-05,,"名前の見直し（複合体名・タンパク質名を使っても）: 複合体名・タンパク質名で再検索: ""DCV1""[tiab] AND (TORC1 OR TORC2 OR calcineurin OR casein kinase OR CK2 OR protein kinase A OR PKA OR cAMP-dependent protein kinase OR origin recognition complex OR Hap complex OR Snf1 complex OR rapamycin) AND (yeast OR cerevisiae)。0 件"
TES1,2026-10-05,,"名前の見直し（複合体名・タンパク質名を使っても）: 複合体名・タンパク質名で再検索: ""TES1""[tiab] AND (TORC1 OR TORC2 OR calcineurin OR casein kinase OR CK2 OR protein kinase A OR PKA OR cAMP-dependent protein kinase OR origin recognition complex OR Hap complex OR Snf1 complex OR rapamycin) AND (yeast OR cerevisiae)。0 件"
FIG1,2026-10-05,12878605;11779794;16738305;28031257,名前の見直し（複合体名・タンパク質名を使っても）: Fig1[tiab] AND (calcineurin OR Crz1 OR PKA OR TORC1)、(LACS OR low affinity Ca2+ influx OR Fig1) AND calcineurin AND (pheromone OR mating)。LACS は calcineurin に感受性がない（11779794）、calcineurin が抑えるのは Cch1-Mid1（HACS）で Fig1 ではない（12878605）。Fig1 と calcineurin の関係は書かれていない
YRF1-4,2026-10-05,,"名前の見直し（複合体名・タンパク質名を使っても）: 複合体名・タンパク質名で再検索: ""YRF1""[tiab] AND (TORC1 OR TORC2 OR calcineurin OR casein kinase OR CK2 OR protein kinase A OR PKA OR cAMP-dependent protein kinase OR origin recognition complex OR Hap complex OR Snf1 complex OR rapamycin) AND (yeast OR cerevisiae)。0 件"
GAG1,2026-10-05,,名前の見直し（複合体名・タンパク質名を使っても）: (Gag1 OR YLR407W) AND (casein kinase OR CK2)。0 件。CK2 との関係を書いた論文がない
YDR061W,2026-10-05,,"名前の見直し（複合体名・タンパク質名を使っても）: 複合体名・タンパク質名で再検索: ""YDR061W""[tiab] AND (TORC1 OR TORC2 OR calcineurin OR casein kinase OR CK2 OR protein kinase A OR PKA OR cAMP-dependent protein kinase OR origin recognition complex OR Hap complex OR Snf1 complex OR rapamycin) AND (yeast OR cerevisiae)。0 件"
STF2,2026-10-05,2172220;2140357;2907329;12176055,名前の見直し（複合体名・タンパク質名を使っても）: (stabilizing factor OR 9K protein OR STF2) AND (ATPase inhibitor OR inhibitor protein) AND mitochondri* AND yeast。2172220・2140357 は「15K protein」が F0 に結合し ATPase inhibitor（INH1）と 9K protein を F1F0-ATPase に保つと書く。SGD の説明（F0 に結合、Inh1p・Stf1p の働きを調節）から 15K protein は STF2 と思われるが、「15K protein」は 1 つの遺伝子に決まる名前ではなく別名にもないので書かない。2907329 の 9 kDa の安定化因子は INH1 に似た STF1 側（以前のメモの「9 kDa stabilizing factor」は STF2 ではない可能性）。12176055 は配列解析だけ
PST2,2026-10-05,22216232,"名前の見直し（複合体名・タンパク質名を使っても）: 複合体名・タンパク質名で再検索: ""PST2""[tiab] AND (TORC1 OR TORC2 OR calcineurin OR casein kinase OR CK2 OR protein kinase A OR PKA OR cAMP-dependent protein kinase OR origin recognition complex OR Hap complex OR Snf1 complex OR rapamycin) AND (yeast OR cerevisiae)。22216232 はネットワーク解析で欠失が寿命を延ばすとあるだけ"
BPT1,2026-10-05,22751784,"名前の見直し（複合体名・タンパク質名を使っても）: 複合体名・タンパク質名で再検索: ""BPT1""[tiab] AND (TORC1 OR TORC2 OR calcineurin OR casein kinase OR CK2 OR protein kinase A OR PKA OR cAMP-dependent protein kinase OR origin recognition complex OR Hap complex OR Snf1 complex OR rapamycin) AND (yeast OR cerevisiae)。22751784 は BPT1 を含む輸送体がシクロスポリンの作用に関わらないと書くだけ"
GAS2,2026-10-05,,"名前の見直し（複合体名・タンパク質名を使っても）: 複合体名・タンパク質名で再検索: ""GAS2""[tiab] AND (TORC1 OR TORC2 OR calcineurin OR casein kinase OR CK2 OR protein kinase A OR PKA OR cAMP-dependent protein kinase OR origin recognition complex OR Hap complex OR Snf1 complex OR rapamycin) AND (yeast OR cerevisiae)。0 件"
PRE5,2026-10-05,,"名前の見直し（複合体名・タンパク質名を使っても）: 複合体名・タンパク質名で再検索: ""PRE5""[tiab] AND (TORC1 OR TORC2 OR calcineurin OR casein kinase OR CK2 OR protein kinase A OR PKA OR cAMP-dependent protein kinase OR origin recognition complex OR Hap complex OR Snf1 complex OR rapamycin) AND (yeast OR cerevisiae)。0 件。プロテアソーム（複合体の表にない）としての記述しかない"
RIB7,2026-10-05,,"名前の見直し（複合体名・タンパク質名を使っても）: 複合体名・タンパク質名で再検索: ""RIB7""[tiab] AND (TORC1 OR TORC2 OR calcineurin OR casein kinase OR CK2 OR protein kinase A OR PKA OR cAMP-dependent protein kinase OR origin recognition complex OR Hap complex OR Snf1 complex OR rapamycin) AND (yeast OR cerevisiae)。0 件"
RBK1,2026-10-05,,"名前の見直し（複合体名・タンパク質名を使っても）: 複合体名・タンパク質名で再検索: ""RBK1""[tiab] AND (TORC1 OR TORC2 OR calcineurin OR casein kinase OR CK2 OR protein kinase A OR PKA OR cAMP-dependent protein kinase OR origin recognition complex OR Hap complex OR Snf1 complex OR rapamycin) AND (yeast OR cerevisiae)。0 件"
ATP4,2026-10-05,,名前の見直し（複合体名・タンパク質名を使っても）: (ATP4 OR subunit b OR subunit 4) AND ATP synthase AND yeast（27 件の題名）。相手は「subunit d」「OSCP」「subunit 6」「subunit f」など ATP 合成酵素のサブユニット記号でしか書かれず、表の名前にも SGD の別名（F1F0 ATP synthase subunit d など）にも当たらないので照合できない
AST2,2026-10-05,,"名前の見直し（複合体名・タンパク質名を使っても）: 複合体名・タンパク質名で再検索: ""AST2""[tiab] AND (TORC1 OR TORC2 OR calcineurin OR casein kinase OR CK2 OR protein kinase A OR PKA OR cAMP-dependent protein kinase OR origin recognition complex OR Hap complex OR Snf1 complex OR rapamycin) AND (yeast OR cerevisiae)。0 件"
CTP1,2026-10-05,33836577;20421724,"名前の見直し（複合体名・タンパク質名を使っても）: 複合体名・タンパク質名で再検索: ""CTP1""[tiab] AND (TORC1 OR TORC2 OR calcineurin OR casein kinase OR CK2 OR protein kinase A OR PKA OR cAMP-dependent protein kinase OR origin recognition complex OR Hap complex OR Snf1 complex OR rapamycin) AND (yeast OR cerevisiae)。当たった 2 件は分裂酵母の Ctp1（CtIP）で別の遺伝子"
YPS6,2026-10-05,,"名前の見直し（複合体名・タンパク質名を使っても）: 複合体名・タンパク質名で再検索: ""YPS6""[tiab] AND (TORC1 OR TORC2 OR calcineurin OR casein kinase OR CK2 OR protein kinase A OR PKA OR cAMP-dependent protein kinase OR origin recognition complex OR Hap complex OR Snf1 complex OR rapamycin) AND (yeast OR cerevisiae)。0 件"
PZF1,2026-10-05,8496187;17626045;9418889,名前の見直し（複合体名・タンパク質名を使っても）: (TFIIIA OR Pzf1) AND (TFIIIC OR tau131 OR tau95 OR Tfc4 OR Tfc1 OR Tfc3)。TFIIIA が TFIIIC を 5S RNA 遺伝子の上に呼び込む（8496187・17626045）が、相手は複合体名 TFIIIC で表にないので行は書かず、提案に TFIIIC を出した
TDA10,2026-10-05,,"名前の見直し（複合体名・タンパク質名を使っても）: 複合体名・タンパク質名で再検索: ""TDA10""[tiab] AND (TORC1 OR TORC2 OR calcineurin OR casein kinase OR CK2 OR protein kinase A OR PKA OR cAMP-dependent protein kinase OR origin recognition complex OR Hap complex OR Snf1 complex OR rapamycin) AND (yeast OR cerevisiae)。0 件"
PPX1,2026-10-05,35862758,"名前の見直し（複合体名・タンパク質名を使っても）: 複合体名・タンパク質名で再検索: ""PPX1""[tiab] AND (TORC1 OR TORC2 OR calcineurin OR casein kinase OR CK2 OR protein kinase A OR PKA OR cAMP-dependent protein kinase OR origin recognition complex OR Hap complex OR Snf1 complex OR rapamycin) AND (yeast OR cerevisiae)。35862758 は Ddp1 と Ppx1 がポリリン酸を分解し、ストレス応答（Hog1・Yak1・Msn2/4・PKA）を打ち消すと書くが、PKA が Ppx1 に作用する（または逆の）関係ではない"
HCS1,2026-10-05,9341217;9341218,名前の見直し（複合体名・タンパク質名を使っても）: (Hcs1 OR DNA helicase A) AND cerevisiae。ヘリカーゼ A（ykl017c）の活性が酵母の RPA で促進され（9341217・9341218）、pol α 複合体と共精製される（9341217）が、相手は複合体名（RPA・polymerase alpha complex）で表にないので行は書かず、提案に出した
YTP1,2026-10-05,,"名前の見直し（複合体名・タンパク質名を使っても）: 複合体名・タンパク質名で再検索: ""YTP1""[tiab] AND (TORC1 OR TORC2 OR calcineurin OR casein kinase OR CK2 OR protein kinase A OR PKA OR cAMP-dependent protein kinase OR origin recognition complex OR Hap complex OR Snf1 complex OR rapamycin) AND (yeast OR cerevisiae)。0 件"
MRPL38,2026-10-05,,"名前の見直し（複合体名・タンパク質名を使っても）: 複合体名・タンパク質名で再検索: ""MRPL38""[tiab] AND (TORC1 OR TORC2 OR calcineurin OR casein kinase OR CK2 OR protein kinase A OR PKA OR cAMP-dependent protein kinase OR origin recognition complex OR Hap complex OR Snf1 complex OR rapamycin) AND (yeast OR cerevisiae)。0 件"
YGR259C,2026-10-05,,"名前の見直し（複合体名・タンパク質名を使っても）: 複合体名・タンパク質名で再検索: ""YGR259C""[tiab] AND (TORC1 OR TORC2 OR calcineurin OR casein kinase OR CK2 OR protein kinase A OR PKA OR cAMP-dependent protein kinase OR origin recognition complex OR Hap complex OR Snf1 complex OR rapamycin) AND (yeast OR cerevisiae)。0 件"
PET191,2026-10-05,,"名前の見直し（複合体名・タンパク質名を使っても）: 複合体名・タンパク質名で再検索: ""PET191""[tiab] AND (TORC1 OR TORC2 OR calcineurin OR casein kinase OR CK2 OR protein kinase A OR PKA OR cAMP-dependent protein kinase OR origin recognition complex OR Hap complex OR Snf1 complex OR rapamycin) AND (yeast OR cerevisiae)。0 件。相手は「シトクロム c 酸化酵素」（複合体の表にない）としての記述だけ"
AAN1,2026-10-05,,"名前の見直し（複合体名・タンパク質名を使っても）: 複合体名・タンパク質名で再検索: ""AAN1""[tiab] AND (TORC1 OR TORC2 OR calcineurin OR casein kinase OR CK2 OR protein kinase A OR PKA OR cAMP-dependent protein kinase OR origin recognition complex OR Hap complex OR Snf1 complex OR rapamycin) AND (yeast OR cerevisiae)。0 件"
GAS4,2026-10-05,,"名前の見直し（複合体名・タンパク質名を使っても）: 複合体名・タンパク質名で再検索: ""GAS4""[tiab] AND (TORC1 OR TORC2 OR calcineurin OR casein kinase OR CK2 OR protein kinase A OR PKA OR cAMP-dependent protein kinase OR origin recognition complex OR Hap complex OR Snf1 complex OR rapamycin) AND (yeast OR cerevisiae)。0 件"
MSD1,2026-10-05,,"名前の見直し（複合体名・タンパク質名を使っても）: 複合体名・タンパク質名で再検索: ""MSD1""[tiab] AND (TORC1 OR TORC2 OR calcineurin OR casein kinase OR CK2 OR protein kinase A OR PKA OR cAMP-dependent protein kinase OR origin recognition complex OR Hap complex OR Snf1 complex OR rapamycin) AND (yeast OR cerevisiae)・(Msd1 OR aspartyl-tRNA synthetase) AND mitochondri* AND (PKA OR protein kinase A OR phosphorylat*)。0 件"
COX1,2026-10-05,17430883;30301782;32579605,名前の見直し（複合体名・タンパク質名を使っても）: 外した関係 AFG1 → COX1 を確認: (Afg1 OR YEL052W) AND mitochondri*。17430883 の要旨は Afg1 が「CcO mitochondrially encoded subunits」（COX1・COX2・COX3 の群）の分解を促すと書き、Cox1 を名指ししない（群の書き方なので書かない）。30301782 は本文が取れず、要旨に Cox1 なし。32579605 はトリパノソーマ
GPT2,2026-10-05,31421179,名前の見直し（複合体名・タンパク質名を使っても）: (Gpt2 OR glycerol-3-phosphate acyltransferase) AND phosphorylation AND yeast・(Gpt2 OR Gat1) AND (Ypk1 OR TORC2 OR Pho85 OR kinase)。31421179 は保存されたモチーフのリン酸化で Gpt2 の活性が抑えられるとするがキナーゼを名指ししない（PMC なし）。glycerol-3-phosphate acyltransferase は SCT1 と GPT2 の 2 つなので名前でも決まらない
PRY1,2026-10-05,23027975;24598142;28365570,名前の見直し（複合体名・タンパク質名を使っても）: (Pry1 ...) AND (interacts OR binds) AND cerevisiae。ステロール・脂肪酸の結合と排出だけで、ほかの遺伝子との作用の関係はない（PRY1・PRY2 の二重欠失の表現型のみ）
IMA3,2026-10-05,,名前の見直し（複合体名・タンパク質名を使っても）: 以前の検索と同じ。isomaltase は IMA1〜5 の複数の遺伝子なので名前でも 1 つに決まらない（群の書き方は今回書かない）
PMP2,2026-10-05,8063750;37700284,名前の見直し（複合体名・タンパク質名を使っても）: (Pmp1 OR Pmp2) AND (Pma1 OR H+-ATPase)。8063750 は「plasma membrane H(+)-ATPase」としか書かず、細胞膜の H+-ATPase は PMA1・PMA2 の 2 つなので名前で 1 つに決まらない。37700284 は PMP1 と PMA1 で PMP2 は出てこない
BER1,2026-10-05,,名前の見直し（複合体名・タンパク質名を使っても）: 以前の検索（BER1[tiab] AND yeast）で 2 件のみ。複合体名・タンパク質名で書かれた相手もない（N 末端アセチル化は推測だけ）
CIT3,2026-10-05,,名前の見直し（複合体名・タンパク質名を使っても）: citrate synthase・methylcitrate synthase は CIT1〜3 の複数の遺伝子なので名前で決まらない。CIT3 を名指しした制御の論文なし
RPS0B,2026-10-05,,名前の見直し（複合体名・タンパク質名を使っても）: RPS0A/B を区別しない Rps0 の論文だけ。A・B の写しは今回書かない決まり
YMR1,2026-10-05,22771041;38154617;34534458,名前の見直し（複合体名・タンパク質名を使っても）: (Ymr1 OR myotubularin) AND (Vps34 OR Atg OR Sjl3 OR Inp53)。22771041 は「Atg proteins」が自食作用胞から外れないという群の書き方だけ（PMC 本文なし）。38154617・34534458 は Sjl2/3・Inp53 との重複と PI3P を介した関係で、特定の遺伝子への作用は書かれていない
MAL33,2026-10-05,,名前の見直し（複合体名・タンパク質名を使っても）: 以前の検索と同じ。MAL 遺伝子群の書き方だけで、複合体名・タンパク質名で書かれた相手もない
RPL37B,2026-10-05,,名前の見直し（複合体名・タンパク質名を使っても）: RPL37A/B を区別しない rpL37 の論文だけ。A・B の写しは今回書かない決まり
HXT8,2026-10-05,,名前の見直し（複合体名・タンパク質名を使っても）: 以前の検索と同じ。グルコース濃度による発現の記述だけで、複合体名で書かれた制御因子もない
FMP25,2026-10-05,21168530,名前の見直し（複合体名・タンパク質名を使っても）: (Fmp25 OR Bca1 OR YLR077W) AND cerevisiae（2 件）。21168530 は Bca1 が complex III の組み立ての初期を制御するとするが、相手は「complex III」という複合体名だけ。complex III は表にないので提案のファイルに書いた（PMC なし）
RPS27A,2026-10-05,,名前の見直し（複合体名・タンパク質名を使っても）: Rps27 の A/B を区別しない論文だけ。A・B の写しは今回書かない決まり
AAD15,2026-10-05,,名前の見直し（複合体名・タンパク質名を使っても）: AAD 遺伝子群（aryl-alcohol dehydrogenase）の書き方は群で今回書かない。AAD15 は偽遺伝子とされる
HEM4,2026-10-05,7597845,名前の見直し（複合体名・タンパク質名を使っても）: (HEM4 OR uroporphyrinogen III synthase) AND heme AND (Hap1 OR regulation)：0 件。uroporphyrinogen III synthase の名前でも単離の論文（7597845）だけで、相手の遺伝子・複合体はない
RPL13A,2026-10-05,,名前の見直し（複合体名・タンパク質名を使っても）: RPL13A/B を区別しない Rpl13 の論文だけ。A・B の写しは今回書かない決まり
ASF2,2026-10-05,9290207;30668669,名前の見直し（複合体名・タンパク質名を使っても）: Asf2[tiab] AND (yeast OR cerevisiae OR silencing)（5 件）。過剰発現で HM 遺伝子座の抑制が外れることと S 期の転写だけで、相手の遺伝子・複合体の名指しがない
SNZ3,2026-10-05,,名前の見直し（複合体名・タンパク質名を使っても）: SNZ2 と SNZ3 は同じ配列で名前で 1 つに決まらない。THI 遺伝子群の書き方は今回書かない
BIO3,2026-10-05,,名前の見直し（複合体名・タンパク質名を使っても）: 以前の検索と同じ。DAPA aminotransferase（BIO3 だけ）の名前でも、制御する因子・相手を書いた論文がない
LYS12,2026-10-05,3131025,名前の見直し（複合体名・タンパク質名を使っても）: homoisocitrate dehydrogenase AND (regulation OR Lys14 OR expression) AND cerevisiae（1 件、lys9 の論文で LYS12 の制御は書かれていない）
YNL058C,2026-10-05,,名前の見直し（複合体名・タンパク質名を使っても）: 以前の検索と同じ。複合体名・タンパク質名でも相手が見つからない
ARA1,2026-10-05,19966022;17151466,名前の見直し（複合体名・タンパク質名を使っても）: (Ara1[tiab] OR D-arabinose dehydrogenase) AND cerevisiae。酵素の性質・アセトインの代謝（BDH1 と並ぶ酵素）だけで、遺伝子どうしの作用の関係はない
NPY1,2026-10-05,11361135;33139726,名前の見直し（複合体名・タンパク質名を使っても）: (Npy1 OR NADH pyrophosphatase OR NADH diphosphatase) AND yeast（7 件）。ペルオキシソーム局在と、Rai1・Dxo1 と重なる NAD キャップの除去だけ
AIM45,2026-10-05,15961414;31081204,名前の見直し（複合体名・タンパク質名を使っても）: (Aim45 OR electron transfer flavoprotein) AND cerevisiae。15961414 は Yfh1 と「ETFalpha」の結合、31081204 は Dld2 から「yETF」への電子の受け渡しで、AIM45 の名が要旨・本文に出ない。ETF の複合体名と ETFalpha の名前を提案のファイルに書いた
JID1,2026-10-05,19682992,名前の見直し（複合体名・タンパク質名を使っても）: 以前の検索と同じ。マトリックスの J タンパク質という局在の論文で相手の名指しがない
AAD14,2026-10-05,,名前の見直し（複合体名・タンパク質名を使っても）: AAD 遺伝子群の書き方は群で今回書かない。AAD14 を名指しした制御の論文なし
RIB4,2026-10-05,10860731,名前の見直し（複合体名・タンパク質名を使っても）: lumazine synthase AND cerevisiae（9 件）。構造・反応機構の論文だけで、相手の遺伝子や転写因子の名指しがない
LDH1,2026-10-05,40569450,名前の見直し（複合体名・タンパク質名を使っても）: (Ldh1[tiab] OR lipid droplet hydrolase) AND yeast。レブリン酸ストレスの欠失株の解析だけで名指しの相手はない
DPI35,2026-10-05,,名前の見直し（複合体名・タンパク質名を使っても）: 以前の検索と同じ。SIR2〜4 との遺伝的なつながりだけで作用の向きがない。複合体名でも書かれていない
SER2,2026-10-05,1326413,名前の見直し（複合体名・タンパク質名を使っても）: phosphoserine phosphatase AND yeast（12 件）。1326413 は ser2 がホスホセリンホスファターゼの変異とするだけで、SER2 を制御する因子は書かれていない
YPR147C,2026-10-05,34393428,名前の見直し（複合体名・タンパク質名を使っても）: 以前の検索と同じ。リパーゼの活性と構造予測だけ
HBN1,2026-10-05,,名前の見直し（複合体名・タンパク質名を使っても）: 以前の検索と同じ。出芽酵母の HBN1 を調べた論文がない
COQ1,2026-10-05,25631044;24406904,名前の見直し（複合体名・タンパク質名を使っても）: (Coq1[tiab]) AND (Coq2 OR synthome OR complex OR interact)（17 件）。CoQ synthome の論文は Coq3〜Coq9・Coq11 が対象で、Coq1 を構成要素としての相手に挙げていない。hexaprenyl diphosphate synthase の名前でも制御因子は見つからない
HXT14,2026-10-05,,名前の見直し（複合体名・タンパク質名を使っても）: 以前の検索と同じ。酸素で転写が変わる記述だけで制御因子の名指しなし
OSW2,2026-10-05,29211891,名前の見直し（複合体名・タンパク質名を使っても）: (Osw2 ...) AND cerevisiae。CHS3・BIG1 との合成的な胞子形成の欠損（遺伝的相互作用）だけで、作用の向きがない
PEX31,2026-10-05,41132095;34402813,名前の見直し（複合体名・タンパク質名を使っても）: Pex31[tiab] AND (Pex30 OR Pex28 OR Pex29 OR Pex32 OR binding)。34402813 は Pex30 が Pex28・Pex32、Pex29 と組むとするが Pex31 の結合相手は名指ししない。41132095 は NVJ での局在・グルコースによる変化だけ。複合体・タンパク質名で書ける関係もない
YNL146W,2026-10-05,,名前の見直し（複合体名・タンパク質名を使っても）: 機能不明。前回 0 件。複合体名・タンパク質名で書かれる余地もないので再検索せず
FCY2,2026-10-05,9092500,名前の見直し（複合体名・タンパク質名を使っても）: (FCY2[tiab] OR purine-cytosine permease) AND (TORC1 OR PKA OR Rsp5 OR Npr1 OR ubiquitin OR endocytosis)。9092500 は変異体の輸送の解析だけ。表の複合体・タンパク質名で書かれた制御も見つからない
IMA2,2026-10-05,,名前の見直し（複合体名・タンパク質名を使っても）: isomaltase は IMA1〜5 の群の名前で 1 つの遺伝子に決まらないので使えない。前回の理由のまま
MET2,2026-10-05,1789001;24727477,名前の見直し（複合体名・タンパク質名を使っても）: (MET2 OR homoserine O-acetyltransferase OR homoserine transacetylase) AND (Met4 OR Cbf1 OR Met31 OR Met32 OR TORC1 OR PKA OR Gcn4)。1789001 はメチオニンによる抑制だけ。24727477 は誘導された MET2 への Swi/Snf の結合（表にない複合体で、MET2 への作用の向きも書かれない）
SPO24,2026-10-05,,名前の見直し（複合体名・タンパク質名を使っても）: Ndt80 を名指しした要旨がない（前回の理由のまま）。複合体・タンパク質名で書ける記述もない
PUP2,2026-10-05,40427576;24996173;1544471,名前の見直し（複合体名・タンパク質名を使っても）: (Pup2[tiab] OR alpha5) AND proteasome AND cerevisiae。40427576 は Pba3-Pba4 が α5 に結合して組み立てを始めるとするが、要旨は α5 というサブユニット名だけで遺伝子名がなく表にもない（提案に記載）
BNA4,2026-10-05,,名前の見直し（複合体名・タンパク質名を使っても）: Hst1/Sum1 の論文は BNA 遺伝子群（群の名前）だけで BNA4 を名指ししない。群の書き方は今回も書かない
DIA1,2026-10-05,11063681,名前の見直し（複合体名・タンパク質名を使っても）: Dia1[tiab] AND cerevisiae（Sdd2・Aim4・Rtc6 と合わせて）。11063681 の要旨は FLO11 との関係を書かない（前回のまま）
PAU20,2026-10-05,,名前の見直し（複合体名・タンパク質名を使っても）: PAU 遺伝子群（群の名前）としての記述だけ。群の書き方は今回も書かない
PAU13,2026-10-05,,名前の見直し（複合体名・タンパク質名を使っても）: PAU 遺伝子群（群の名前）としての記述だけ。群の書き方は今回も書かない
YNL190W,2026-10-05,,名前の見直し（複合体名・タンパク質名を使っても）: 転写因子・上流の遺伝子の名指しなし（前回のまま）。複合体・タンパク質名での記述もない
PHM6,2026-10-05,,名前の見直し（複合体名・タンパク質名を使っても）: PHM1–PHM8 をまとめた書き方だけ（群の名前）。今回も書かない
PAN6,2026-10-05,,名前の見直し（複合体名・タンパク質名を使っても）: (Tpo5 OR Vba5 OR Pan6 OR Ppm2) AND cerevisiae AND (TORC1 OR PKA OR SNF1 OR CK2 OR calcineurin OR Crz1 OR Msn2) で 0 件。パントテン酸要求の記述だけ
YLR046C,2026-10-05,,名前の見直し（複合体名・タンパク質名を使っても）: LTE ファミリー（群の名前）としての記述だけ（前回のまま）
YHL042W,2026-10-05,,名前の見直し（複合体名・タンパク質名を使っても）: DUP380 ファミリーの解析だけ（前回のまま）
COS7,2026-10-05,,名前の見直し（複合体名・タンパク質名を使っても）: Cos タンパク質群（群の名前）としての記述だけ。群の書き方は今回も書かない
VBA5,2026-10-05,,名前の見直し（複合体名・タンパク質名を使っても）: 表の複合体（TORC1・PKA など）と合わせた検索で 0 件。ほかの遺伝子との関係の記述なし
PPM2,2026-10-05,,名前の見直し（複合体名・タンパク質名を使っても）: 表の複合体と合わせた検索で 0 件。Ppm2 を名指しした出芽酵母の実験の要旨がない（前回のまま）
GLG2,2026-10-05,,名前の見直し（複合体名・タンパク質名を使っても）: glycogen synthase は GSY1・GSY2 の 2 つに当たり 1 つの遺伝子に決まらないので使えない（前回のまま）
DFP1,2026-10-05,,名前の見直し（複合体名・タンパク質名を使っても）: DUP240 ファミリーの解析だけ（前回のまま）
SPR2,2026-10-05,,名前の見直し（複合体名・タンパク質名を使っても）: (Spr1 OR Spr2 OR Mrpl37) AND (Ndt80 OR Sum1) AND cerevisiae で 0 件。転写因子の名指しなし
PAU1,2026-10-05,,名前の見直し（複合体名・タンパク質名を使っても）: PAU 遺伝子群（群の名前）としての記述だけ。群の書き方は今回も書かない
CCT8,2026-10-05,18680526,名前の見直し（複合体名・タンパク質名を使っても）: Cct8[tiab] AND (yeast OR cerevisiae)。18680526 は CCT 複合体をまとめて扱い、多コピー抑圧は cct4-1 などで CCT8 は名指しされない。CCT 複合体は表にない（提案に記載）
MRPL37,2026-10-05,,名前の見直し（複合体名・タンパク質名を使っても）: (Spr1 OR Spr2 OR Mrpl37) AND (Ndt80 OR Sum1) AND cerevisiae で 0 件
RET3,2026-10-05,8617224;9058184;11409905;10921873,名前の見直し（複合体名・タンパク質名を使っても）: Ret3 OR zeta-COP。8617224 で RET3 が zeta-COP をコードすると示されるが、関係を書いた要旨（10921873 の two-hybrid・11409905 の three-hybrid）は zeta-COP・gamma-COP などサブユニット名だけで、表にない名前（提案に記載）。11409905 は動物のサブユニットの可能性もある
SDD2,2026-10-05,,名前の見直し（複合体名・タンパク質名を使っても）: MCA1 への作用は言えない（前回のまま）。複合体・タンパク質名での記述もない
SNO2,2026-10-05,,名前の見直し（複合体名・タンパク質名を使っても）: SNZ/SNO 遺伝子群の記述と転写因子の名指しなし（前回のまま）
RTC6,2026-10-05,41702737,名前の見直し（複合体名・タンパク質名を使っても）: Rtc6 AND cerevisiae。41702737 は欠失でミトコンドリアゲノムにコードされたシトクロム c 酸化酵素サブユニットの合成が下がるとするが、サブユニットをまとめた書き方で遺伝子名（COX1 など）がない
ERP6,2026-10-05,,名前の見直し（複合体名・タンパク質名を使っても）: p24 の群の名前だけ（前回のまま）
TPP1,2026-10-05,,名前の見直し（複合体名・タンパク質名を使っても）: Apn1・Apn2 との重複の表現型だけ（前回のまま）
TPO5,2026-10-05,,名前の見直し（複合体名・タンパク質名を使っても）: 表の複合体と合わせた検索で 0 件。ポリアミン排出の報告だけ
PHA2,2026-10-05,21388819,名前の見直し（複合体名・タンパク質名を使っても）: (PHA2 OR prephenate dehydratase) AND cerevisiae。代謝工学・植物の酵素での相補の論文だけで、PHA2 とほかの酵母遺伝子との関係はない
SPR1,2026-10-05,,名前の見直し（複合体名・タンパク質名を使っても）: (Spr1 OR Spr2 OR Mrpl37) AND (Ndt80 OR Sum1) AND cerevisiae で 0 件
AIM4,2026-10-05,,名前の見直し（複合体名・タンパク質名を使っても）: Aim4 AND cerevisiae で関係の記述なし（前回のまま）
ACO1,2026-10-05,20889970,名前の見直し（複合体名・タンパク質名を使っても）: pos5 AND aconitase。20889970 は Δpos5 のミトコンドリアで内在のアコニターゼへの Fe-S クラスターの組み込みが落ちるとするが、要旨は aconitase と書くだけ。aconitase は ACO1・ACO2 に当たり 1 つに決まらないので書かない
YDR544C,2026-10-05,,名前の見直し（複合体名・タンパク質名を使っても）: Dubious open reading frame。YDR544C[tiab] で 0 件（前回と同じ）。複合体名・タンパク質名で書ける余地もない
RSO55,2026-10-05,33686140,名前の見直し（複合体名・タンパク質名を使っても）: 本文も確認。Pth3（Rso55）と Pth4 の合成致死（機能の重複）と、テトラサイクリン下でミトコンドリアの翻訳を支えることだけで、向きのある遺伝子どうしの関係はない
FUI1,2026-10-05,14657252,名前の見直し（複合体名・タンパク質名を使っても）: uridine permease AND cerevisiae・Fui1 AND (Rsp5 OR arrestin OR TORC1 OR ubiquitin) で検索。14657252 は Fur4 の話で Fui1 への作用は書かれていない。ほかは輸送の性質だけ
PUG1,2026-10-05,18326586;39380497,名前の見直し（複合体名・タンパク質名を使っても）: PUG1[tiab] AND cerevisiae（3 件）。輸送の働きと代謝工学（過剰発現でヘム量が上がる）だけで、ほかの遺伝子との関係はない
PRM5,2026-10-05,,名前の見直し（複合体名・タンパク質名を使っても）: Prm5[tiab] AND (yeast OR cerevisiae OR Rlm1 OR Slt2) で酵母の論文は 1 件（鉛ナノ粒子、要旨に PRM5 なし）。名指しした論文がない
ARO5,2026-10-05,,名前の見直し（複合体名・タンパク質名を使っても）: 前回の検索（ARO5[tiab]・YGL117W）を引き継ぐ。複合体名・タンパク質名で書ける記述は見つからない
IMD4,2026-10-05,20097157,名前の見直し（複合体名・タンパク質名を使っても）: Imd4[tiab] AND cerevisiae（9 件）。20097157 は IMPDH（IMD1〜4 の総称）が Ctk1 による Pol II CTD の Ser2 リン酸化で呼ばれると書くが、総称で IMD4 に決まらない（同じ働きの遺伝子が複数なので protein_names の対象外）
RPS16B,2026-10-05,,名前の見直し（複合体名・タンパク質名を使っても）: RPS16 の A/B を区別しない記述しかない。A/B の写しは今回は書かない決まり
YHR214W,2026-10-05,11050096,名前の見直し（複合体名・タンパク質名を使っても）: YHR214W OR YAR068W で 2 件。アルカリでの誘導が Rim101 に依存するかはこの遺伝子について書かれていない
RPL17A,2026-10-05,,名前の見直し（複合体名・タンパク質名を使っても）: rpL17（A/B を区別しない）と A3 因子（因子の名指しなし）の記述だけ。A/B の写しは今回は書かない決まり
ATP16,2026-10-05,9183023;16608846,"名前の見直し（複合体名・タンパク質名を使っても）: ""ATP synthase"" AND ""delta subunit"" AND cerevisiae。delta サブユニット（ATP16）がないと F1 が集合しない、Δatp4 と組むと mtDNA が安定になる（遺伝学的な抑圧）とあるが、F1 は表にない複合体で、ATP4 との関係も向きのある作用ではない。タンパク質名は提案に回した"
IML2,2026-10-05,26004510,名前の見直し（複合体名・タンパク質名を使っても）: Iml2[tiab]・Iml2 AND (yeast OR lipid droplet)。脂肪滴のタンパク質と強く結合するとあるが相手を名指ししない。本文は PMC になし
INM2,2026-10-05,,名前の見直し（複合体名・タンパク質名を使っても）: Inm2[tiab] AND cerevisiae（3 件、どれも INM2 を名指しした関係なし）。inositol monophosphatase は INM1・INM2 の 2 つなのでタンパク質名でも決まらない
KTD1,2026-10-05,40557545;36800387,名前の見直し（複合体名・タンパク質名を使っても）: 40557545 は COG 複合体のローブ B のサブユニット全部が K28 耐性に要り、Ktd1 の輸送に要ると書くが、要旨は複合体名だけで、COG は表にない。複合体を提案に回した。36800387 の本文にも遺伝子どうしの関係なし
COS2,2026-10-05,,名前の見直し（複合体名・タンパク質名を使っても）: COS2[tiab] AND cerevisiae で 0 件。Cos タンパク質群としての記述だけ（群の書き方は今回も書かない）
PAU11,2026-10-05,,名前の見直し（複合体名・タンパク質名を使っても）: PAU 遺伝子群としての記述だけ（群の書き方は今回も書かない）
IMG2,2026-10-05,12392552,名前の見直し（複合体名・タンパク質名を使っても）: Img2[tiab] AND (yeast OR mitochondri*)。ミトリボソームの構成要素の同定だけで、ほかの遺伝子との関係はない
BIT2,2026-10-05,16002396,名前の見直し（複合体名・タンパク質名を使っても）: Bit2[tiab] AND (yeast OR cerevisiae) で 0 件、(Bit61 OR Bit2) AND TORC2 で 4 件。TORC2 の要旨は BIT61 だけを名指しする。BIT2 を TORC2 と結んだ論文は見つからない
ERG13,2026-10-05,12697649,"名前の見直し（複合体名・タンパク質名を使っても）: ERG13 AND (Upc2 OR Ecm22 OR Hap1 OR Rox1 OR Mot3 OR sterol)・""HMG-CoA synthase"" AND (transcription OR promoter ...)。12697649 は網羅的な発現比較（アゾール耐性株で下がる）だけで制御因子の名指しなし"
BIO4,2026-10-05,10333520,"名前の見直し（複合体名・タンパク質名を使っても）: (Bio4 OR ""dethiobiotin synthetase"") AND cerevisiae で 2 件。遺伝子群の同定だけ"
YEL077C,2026-10-05,,名前の見直し（複合体名・タンパク質名を使っても）: 前回と同じ。Y' ヘリカーゼは群（YRF1 群）の書き方で、YEL077C を名指しした論文はない
ULI1,2026-10-05,42807480,名前の見直し（複合体名・タンパク質名を使っても）: ULI1 OR YFR026C で 1 件。オミクスで Ehrlich 経路を強めるとあるが、経路の名前だけで遺伝子を名指ししない。HAC1 による誘導も要旨にない
THI13,2026-10-05,,名前の見直し（複合体名・タンパク質名を使っても）: 前回と同じ。THI5 ファミリーとしての重複だけ（群の書き方は書かない）
HEM14,2026-10-05,8948097;10220893,"名前の見直し（複合体名・タンパク質名を使っても）: ""protoporphyrinogen oxidase"" AND (yeast OR cerevisiae)。酵素の同定だけ。10220893 は HemK 相同遺伝子 YNL063W がこの酵素活性に関わらないという否定の結果で、関係として書けない"
AI5_ALPHA,2026-10-05,,名前の見直し（複合体名・タンパク質名を使っても）: 前回と同じ。イントロンの移動とエンドヌクレアーゼ活性の論文で、遺伝子の名指しがない
KRE9,2026-10-05,,"名前の見直し（複合体名・タンパク質名を使っても）: Kre9[tiab]（15 件）。β-1,6-グルカン合成の遺伝学（KRE 群・KNH1 との相同）だけで、向きのある関係はない"
DBP1,2026-10-05,31299079;39675003,名前の見直し（複合体名・タンパク質名を使っても）: Dbp1[tiab] AND cerevisiae。Ded1 と重複して翻訳開始を助ける・Ded1 の方が強い、という機能比較だけ。eIF4F は表にない複合体で、DBP1 と結合する実験も示されていない
NTA1,2026-10-05,7744855;32366662;27791147,名前の見直し（複合体名・タンパク質名を使っても）: 32366662 の要旨は酵母でも Nt-amidase・arginyltransferase・UBR1 が標的化複合体を作ると書くが、NTA1 は「Nt-amidase」とだけ書かれ表にない。本文は PMC になし。タンパク質名を提案に回した（ATE1–UBR1 は書いた）
DDE1,2026-10-05,,名前の見直し（複合体名・タンパク質名を使っても）: Dde1[tiab] AND cerevisiae で 0 件。前回と同じ
RDS1,2026-10-05,,"名前の見直し（複合体名・タンパク質名を使っても）: 今回 ""RDS1""[tiab] AND (cerevisiae OR yeast) AND 2020:2026 も検索。複合体名・タンパク質名で相手を書く論文はなく、前回と同じく相手の遺伝子の名指しがない"
ACH1,2026-10-05,1970569;8841387,"名前の見直し（複合体名・タンパク質名を使っても）: ""acetyl-CoA hydrolase"" AND cerevisiae で再検索。グルコースで抑えられる・胞子形成で多く発現するとあるだけで、制御する遺伝子・複合体の名指しはない（cAMP は書かれるが PKA とは書かれない）"
YAP3,2026-10-05,9372930,名前の見直し（複合体名・タンパク質名を使っても）: 9372930 は『Yap-dependent transcription is abolished in strains containing high levels of protein kinase A』と書き、PKA は表の名前になったが、作用を受けるのは Yap 群（Yap1・2・3・5）をまとめた書き方で Yap3 個別ではない（群の書き方は今回も書かない）。本文は PMC で取れない
PMA2,2026-10-05,,"名前の見直し（複合体名・タンパク質名を使っても）: 今回 ""PMA2""[tiab] AND (cerevisiae OR yeast) AND 2020:2026 で再検索。出てくる PMA2 はタバコの H+-ATPase（33637787）で出芽酵母の PMA2 ではない。名前の問題ではなく、制御する遺伝子の名指しがない"
ATP3,2026-10-05,16339725;17492370;33093184,"名前の見直し（複合体名・タンパク質名を使っても）: ""ATP3""[tiab] で再検索。γ サブユニットを欠いても α3β3 ができる・ATP1-111 や afo1 の抑圧など遺伝学の記述だけで、関係として書けない。F1 gamma subunit → ATP3 を提案のファイルに書いた"
PRY2,2026-10-05,,"名前の見直し（複合体名・タンパク質名を使っても）: ""PRY2""[tiab] AND 2020:2026 で再検索（哺乳類の CRISP2 の論文のみ）。名前の問題ではない"
YPR127W,2026-10-05,,名前の見直し（複合体名・タンパク質名を使っても）: 再検索でも in silico のプロモーター解析だけ。名前の問題ではない
THI4,2026-10-05,37285346,名前の見直し（複合体名・タンパク質名を使っても）: Pdc2・Thi2・Thi3 による制御は「THI genes」と群で書かれ THI4 を名指ししない（群の書き方は今回も書かない）
RPL37A,2026-10-05,,名前の見直し（複合体名・タンパク質名を使っても）: rpL37 は A/B の写し（RPL37A・RPL37B）を区別しない書き方で、今回は書かない決まり。A3 因子も群の書き方
FMP23,2026-10-05,,名前の見直し（複合体名・タンパク質名を使っても）: FMP23 OR YBR047W・2020 年以降も 0 件。名前の問題ではない
COS4,2026-10-05,,名前の見直し（複合体名・タンパク質名を使っても）: Cos タンパク質群をまとめた書き方（ファミリー）で、今回も書かない。COS4 を名指しした論文はない
KCH1,2026-10-05,23204190;24142703;28810704,名前の見直し（複合体名・タンパク質名を使っても）: Kch1 は HACS の活性化に要り、HACS は calcineurin を活性化すると要旨にあるが、HACS は表にない複合体名（Cch1・Mid1）。HACS（CCH1;MID1）を提案のファイルに書いた。本文は PMC で取れない（要旨のみ）
PRD1,2026-10-05,15772085;38906862,名前の見直し（複合体名・タンパク質名を使っても）: saccharolysin・proteinase yscD でも検索。膜間腔でのペプチド分解・α-シヌクレインの分解（ヒト由来）だけで、酵母の遺伝子を名指しした相手はない
ADH5,2026-10-05,,"名前の見直し（複合体名・タンパク質名を使っても）: ""ADH5""[tiab] AND 2020:2026 で再検索。発現量の測定・代謝工学ばかりで、制御因子の名指しはない"
AIM46,2026-10-05,,名前の見直し（複合体名・タンパク質名を使っても）: YHR199C OR Aim46・2020 年以降も 0 件
TYR1,2026-10-05,,"名前の見直し（複合体名・タンパク質名を使っても）: ""prephenate dehydrogenase"" AND cerevisiae でも検索。代謝工学の論文が多く、TYR1 を制御する遺伝子の名指しはない"
NOP12,2026-10-05,21811236;24636992,名前の見直し（複合体名・タンパク質名を使っても）: A3 群（Cic1・Erb1・Nop7・Nop12・Nop15）は互いに依存して pre-rRNA に結合し、Rat1 による A3 からの加工に要るとあるが、群の書き方でどれがどれに作用するかは言えない。Complex Portal にも複合体としてはない
ADE6,2026-10-05,,"名前の見直し（複合体名・タンパク質名を使っても）: ""ADE6"" AND (Bas1 OR Bas2 OR Pho2) は 0 件。プリン合成の酵素群をまとめた書き方（群）で ADE6 の名指しがない。2020 年以降はほぼ分裂酵母の ade6"
YOR343C,2026-10-05,,名前の見直し（複合体名・タンパク質名を使っても）: 2020 年以降も 0 件。名前の問題ではない
GUF1,2026-10-05,,名前の見直し（複合体名・タンパク質名を使っても）: 2020 年以降 0 件。相手はミトコンドリアのリボソーム（大きな複合体名）と oxa1 との合成的な表現型だけで、作用として書けない
FBP26,2026-10-05,,"名前の見直し（複合体名・タンパク質名を使っても）: (FBP26 OR fructose-2,6-bisphosphatase) AND cerevisiae AND (phosphorylation OR cAMP OR protein kinase OR expression)。酵素活性の原著だけで、PKA などによる制御を FBP26（Fru-2,6-P2 ホスファターゼ）について書く論文はない（PKA のリン酸化は PFK26 の話）"
CDC8,2026-10-05,8341263;11738942;12417725,名前の見直し（複合体名・タンパク質名を使っても）: CDC8[tiab] AND (DSC1 OR MCB OR MBF)。8341263 は CDC8 などの周期的発現を担う MCB-DSC1 (MBF) 系を背景として書くだけで、MBF が CDC8 を制御することを示した実験ではない。MBF（MBP1;SWI6）は提案のファイルに書いた
MIS1,2026-10-05,,名前の見直し（複合体名・タンパク質名を使っても）: 2020 年以降 0 件。C1-THF 合成酵素は ADE3 と MIS1 の 2 つあり、タンパク質名からは 1 つに決まらない
ART10,2026-10-05,,名前の見直し（複合体名・タンパク質名を使っても）: 2020 年以降 0 件。名前の問題ではない
GUD1,2026-10-05,,"名前の見直し（複合体名・タンパク質名を使っても）: ""guanine deaminase"" AND cerevisiae でも検索。定常期への移行で活性が上がることだけで、制御する遺伝子の名指しはない"
AAD10,2026-10-05,,名前の見直し（複合体名・タンパク質名を使っても）: 2020 年以降の AAD10 は無関係な論文（プロバイオティクスの製品名）のみ。名前の問題ではない
JLP1,2026-10-05,17884808,名前の見直し（複合体名・タンパク質名を使っても）: SDH を欠くとたまるコハク酸が Jlp1 を阻害するが、要旨は SDHB と書き SDH2 の名がない（本文は PMC にない）。SDHB → SDH2 を提案のファイルに書いた
YMD8,2026-10-05,27883263,名前の見直し（複合体名・タンパク質名を使っても）: Ymd8 の細胞質ドメインがレトロマー依存の選別を起こすとあるが、レトロマーは表にない複合体名。retromer（CPX-1653）を提案のファイルに書いた。本文は PMC にない
PRM8,2026-10-05,,名前の見直し（複合体名・タンパク質名を使っても）: 2020 年以降はラッカーゼ生産のスクリーニングだけ。名前の問題ではない
MNP1,2026-10-05,,名前の見直し（複合体名・タンパク質名を使っても）: 2020 年以降はプロテオーム解析だけ。名前の問題ではない
CPR5,2026-10-05,,名前の見直し（複合体名・タンパク質名を使っても）: 2020 年以降、出芽酵母の Cpr5 の原著はない
SHM1,2026-10-05,,名前の見直し（複合体名・タンパク質名を使っても）: 2020 年以降は代謝工学の論文だけ。serine hydroxymethyltransferase は SHM1・SHM2 の 2 つあり名前から 1 つに決まらない
ASP3-2,2026-10-05,,名前の見直し（複合体名・タンパク質名を使っても）: ASP3 は S288C に 4 コピー（ASP3-1〜4）あり、写しを区別しない書き方は今回は書かない決まり
ISN1,2026-10-05,,"名前の見直し（複合体名・タンパク質名を使っても）: ""IMP 5'-nucleotidase"" でも検索。構造・協同性・阻害剤の論文だけで、制御する遺伝子の名指しはない"
MDL1,2026-10-05,15247210;16403607,名前の見直し（複合体名・タンパク質名を使っても）: Mdl1 は F1F0-ATP synthase に ATP が少ないとき結合するが、相手は複合体名だけ。F1F0-ATP synthase（CPX-3281）を提案のファイルに書いた。ATM1 の多コピー抑圧は遺伝学だけ
UTR5,2026-10-05,8411151,"名前の見直し（複合体名・タンパク質名を使っても）: 前回の検索（""UTR5""[tiab] AND cerevisiae で 1 件）の結果を確認。複合体名・タンパク質名で書かれた関係もない"
YDR442W,2026-10-05,,名前の見直し（複合体名・タンパク質名を使っても）: Dubious open reading frame。前回の検索で 0 件。複合体名・タンパク質名で書ける関係もない
UBX6,2026-10-05,18407841,名前の見直し（複合体名・タンパク質名を使っても）: 前回の検索の通り Ubx6 を名指しした関係がない。表の複合体名・タンパク質名にも当たらない
SDH9,2026-10-05,,名前の見直し（複合体名・タンパク質名を使っても）: 前回の検索の通り SDH1b の相補と発現量だけ。表の名前で書ける関係もない
TMA10,2026-10-05,,名前の見直し（複合体名・タンパク質名を使っても）: 前回の検索の通りバニリンでの誘導の網羅解析だけで、複合体名・タンパク質名での相手も書かれていない
DAP2,2026-10-05,,名前の見直し（複合体名・タンパク質名を使っても）: 前回の検索の通り。表の名前で書ける関係なし
IDI1,2026-10-05,,名前の見直し（複合体名・タンパク質名を使っても）: 前回の検索の通り代謝工学の論文が中心で、複合体名・タンパク質名で書かれた制御もない
DFP3,2026-10-05,,名前の見直し（複合体名・タンパク質名を使っても）: 前回の検索で 0 件。DUP240 ファミリーの機能不明タンパク質
PAU3,2026-10-05,21467572,名前の見直し（複合体名・タンパク質名を使っても）: PAU 遺伝子群としての制御だけ（群の書き方はまだ書かない決まり）。PAU3 単独の関係なし
APP1,2026-10-05,15802519,名前の見直し（複合体名・タンパク質名を使っても）: 前回の検索の通り。エンドサイトーシスのタンパク質との相互作用は相手が名指しされず、表の名前にも当たらない
PLP1,2026-10-05,10749875;14573467;16415341,"名前の見直し（複合体名・タンパク質名を使っても）: 検索: (Plp1[tiab] OR ""phosducin-like"") AND (cerevisiae OR yeast)。10749875 は Plp1 が Gbetagamma に結合、14573467 は plp1Δ が β チューブリンの毒性を抑えヘテロ二量体を減らすと書くが、Gβγ・beta-tubulin は表にない名前（提案のファイルに STE4;STE18・TUB2 として記載）。16415341 は PhLP3 と書き PLP1 を名指ししない。本文は PMC で取れない"
URC2,2026-10-05,18550080;21656919;19652468,名前の見直し（複合体名・タンパク質名を使っても）: 前回の検索の通り名指しの標的なし
YPR1,2026-10-05,,名前の見直し（複合体名・タンパク質名を使っても）: 前回の検索の通り誘導する転写因子・相手の名指しなし
LUG1,2026-10-05,,名前の見直し（複合体名・タンパク質名を使っても）: 前回の検索の通り ure2・[URE3] との遺伝学的な関係と HAP4 過剰発現での回復だけ（HAP4 単独の過剰発現で、HAP complex としての作用でもない）。結合相手・基質なし
SNO3,2026-10-05,,名前の見直し（複合体名・タンパク質名を使っても）: 前回の検索の通り誘導の記述だけで転写因子・相手の名指しなし
YLR177W,2026-10-05,,名前の見直し（複合体名・タンパク質名を使っても）: 前回の検索の通り。Dbf2-Mob1 の網羅的なチップ実験の要旨は YLR177W を名指ししない
GAS3,2026-10-05,,名前の見直し（複合体名・タンパク質名を使っても）: 前回の検索の通り制御する遺伝子の名指しなし
ARG7,2026-10-05,9428669,名前の見直し（複合体名・タンパク質名を使っても）: 前回の検索の通り。表の名前で書ける関係もない
MAL32,2026-10-05,,名前の見直し（複合体名・タンパク質名を使っても）: 前回の検索の通り MAL32 を制御する遺伝子を名指しした実験なし
DFP4,2026-10-05,12101299,名前の見直し（複合体名・タンパク質名を使っても）: 前回の検索の通り特定の遺伝子との関係なし
MIY2,2026-10-05,42265305,名前の見直し（複合体名・タンパク質名を使っても）: 前回の検索の通り出芽酵母の Miy2 を名指しした原著なし
CDA1,2026-10-05,,名前の見直し（複合体名・タンパク質名を使っても）: 前回の検索の通り CDA2 との重複だけで、ほかの遺伝子との関係・転写因子の名指しなし
JJJ3,2026-10-05,,名前の見直し（複合体名・タンパク質名を使っても）: 前回の検索の通り。ジフタミドの標的 eEF2 は EFT1・EFT2 の 2 つに当たり 1 つの遺伝子に決まらないので使えない
YLR126C,2026-10-05,14534306,名前の見直し（複合体名・タンパク質名を使っても）: 前回の検索の通り制御因子の名指しなし
MRPL32,2026-10-05,16239145;21610694;29343666;9707443,名前の見直し（複合体名・タンパク質名を使っても）: 検索: MrpL32 AND (m-AAA OR Yta10 OR Yta12 OR Afg3 OR Rca1)。MrpL32 は m-AAA protease で切断されて成熟しリボソームに組み込まれる（16239145・21610694）が、要旨は複合体名 m-AAA protease だけで、表にない複合体。提案のファイルに m-AAA protease = AFG3;YTA12 を記載。21610694 の本文（PMC3155303）は取れない
POP8,2026-10-05,16998185;27156450;15916546,名前の見直し（複合体名・タンパク質名を使っても）: 検索: Pop8[tiab] AND (yeast OR cerevisiae)・(Pop8 OR Pop6 OR Pop7) AND RNase MRP/P。Pop8 が RNase P・MRP の共通サブユニットであることと相同性の解析だけで、Pop8 がほかのサブユニットや基質に働く一文はない（複合体名を表に足しても書ける関係がない）
DET1,2026-10-05,,名前の見直し（複合体名・タンパク質名を使っても）: 前回の検索の通り。ほかの遺伝子との関係なし
MPM1,2026-10-05,,名前の見直し（複合体名・タンパク質名を使っても）: 前回の検索の通り名指しの関係なし
ASP3-4,2026-10-05,,名前の見直し（複合体名・タンパク質名を使っても）: ASP3-1〜4 の写しを区別しない書き方は今回は書かない決まり（別の見直しで扱う）
THI12,2026-10-05,,名前の見直し（複合体名・タンパク質名を使っても）: 前回の検索の通り THI5 族の重複だけで、発現を制御する因子の名指しなし
DBP3,2026-10-05,,名前の見直し（複合体名・タンパク質名を使っても）: 前回の検索の通り相手の遺伝子への作用なし
STP4,2026-10-05,,名前の見直し（複合体名・タンパク質名を使っても）: 検索: STP4[tiab] AND (TORC1 OR Ypk1 OR sphingolipid)・STP4[tiab] AND 複合体名。28152593 だけで（以前に読んだもの）、複合体名・タンパク質名で書かれた相手もない
YNR014W,2026-10-05,,名前の見直し（複合体名・タンパク質名を使っても）: 検索: YNR014W[tiab]・Ynr014w AND yeast、複合体名つき。0 件で、名前の見直しでも書ける関係なし
HXT17,2026-10-05,16397765;18671860;18373847,名前の見直し（複合体名・タンパク質名を使っても）: 検索: HXT17 AND cerevisiae・HXT17 AND (Hap complex など)。18671860 は Hap 複合体・Cat8・Mig1 の結合部位を配列から数えただけ（HXT17 を名指しした実験ではない）
YRF1-3,2026-10-05,,名前の見直し（複合体名・タンパク質名を使っても）: Y' ヘリカーゼの写しは区別されず、YRF1-3 を名指しした関係は無い（写しを区別しない書き方なので今回も書かない）
POP3,2026-10-05,9029160;16998185,名前の見直し（複合体名・タンパク質名を使っても）: 検索: Pop3[tiab] AND (Pop1/4-8/Rpp1) AND cerevisiae。Pop3 は RNase MRP・RNase P の共通の構成要素（RNA と共沈）。複合体の構成を示すだけで、ほかの遺伝子との作用は書かれていない
ENA5,2026-10-05,,名前の見直し（複合体名・タンパク質名を使っても）: 検索: ENA5[tiab] AND 複合体名（calcineurin・PKA・Snf1 など）。0 件。ENA1 の制御の論文は ENA5 を名指ししない
GRS2,2026-10-05,22438917;28482005,名前の見直し（複合体名・タンパク質名を使っても）: 検索: (Grs2 OR glycyl-tRNA synthetase) AND cerevisiae。glycyl-tRNA synthetase は GRS1 と GRS2 の 2 つで 1 つに決まらない。ストレスで誘導されるが制御因子は名指しされていない
RPS17A,2026-10-05,,名前の見直し（複合体名・タンパク質名を使っても）: RPS17A/RPS17B（rp51）の A/B の写しを区別しない書き方は今回の対象外（rules_names）。RP51A を名指しした関係は見つからない
ENB1,2026-10-05,9413431,名前の見直し（複合体名・タンパク質名を使っても）: 検索: ENB1[tiab] AND 複合体名。9413431 は Crv4/Ttp1 の論文で ENB1 との関係はない。鉄欠乏で発現する以外、制御因子を名指しした要旨なし
TNA1,2026-10-05,21349851,名前の見直し（複合体名・タンパク質名を使っても）: 検索: (nicotinic acid permease OR Tna1) AND cerevisiae。21349851 は PHO 経路と NAD+ 代謝の論文で TNA1 を名指ししない。経路名だけなので書かない
EHT1,2026-10-05,35484971;33919724,名前の見直し（複合体名・タンパク質名を使っても）: 検索: (Ehd3 OR Eht1) AND acyltransferase AND (regulat* OR transcription)。エステル生産の発現量の論文だけで、EHT1 を制御する遺伝子・複合体を名指ししない
VSB1,2026-10-05,42114997;32776922;33704406,名前の見直し（複合体名・タンパク質名を使っても）: 検索: Vsb1 AND yeast・Vsb1 AND TORC1。窒素飢餓で Vsb1 の活性が抑えられると書くが、TORC1 など抑える因子は名指しされていない。Ypq1/Ypq2 は逆向きの輸送を担う別の輸送体で作用関係ではない
ARO1,2026-10-05,,名前の見直し（複合体名・タンパク質名を使っても）: 検索: (AROM OR pentafunctional OR Aro1) AND cerevisiae AND (Gcn4 OR regulation)。「general control」は経路の名前で、GCN4 を名指しした要旨は見つからない
STF1,2026-10-05,12809520;12176055;12186878;2907329;35401495,名前の見直し（複合体名・タンパク質名を使っても）: 検索: Stf1 AND (ATP synthase OR F1)・(Stf1 OR stabilizing factor) AND (Inh1 OR ATPase inhibitor)。12809520 は STF1 が F0F1-ATP 合成酵素の ATP 加水分解を抑えると示すが、相手は複合体全体（ATP synthase）で表にないため提案に回した（names_proposals_part8）
MRP4,2026-10-05,,名前の見直し（複合体名・タンパク質名を使っても）: ミトコンドリアのリボソーム小サブユニットの構成要素とする論文のみ。複合体名（mitoribosome）は表になく、作用関係もない
HIS2,2026-10-05,,名前の見直し（複合体名・タンパク質名を使っても）: 検索: (histidinol phosphatase OR His2) AND cerevisiae・HIS2[tiab] AND 複合体名。出芽酵母の HIS2 の制御を名指しした論文なし
MAL11,2026-10-05,,名前の見直し（複合体名・タンパク質名を使っても）: 検索: MAL11[tiab]・AGT1[tiab] AND 複合体名。0 件。「MAL activator」は MAL13・MAL33・MAL63 など複数で 1 つに決まらないので使わない
CDA2,2026-10-05,,名前の見直し（複合体名・タンパク質名を使っても）: 検索: CDA2[tiab] AND 複合体名。0 件。chitin deacetylase は CDA1・CDA2 の 2 つで 1 つに決まらない
MNT4,2026-10-05,,名前の見直し（複合体名・タンパク質名を使っても）: 検索: MNT4[tiab] AND 複合体名。0 件。Mnn1 ファミリー（群の書き方）でしか出てこない
EGO4,2026-10-05,,名前の見直し（複合体名・タンパク質名を使っても）: 検索: EGO4[tiab] AND 複合体名（TORC1・PKA・Snf1 など）。0 件。以前の記録どおり Msn2/Msn4 による制御は確かめられない
MRPL22,2026-10-05,,名前の見直し（複合体名・タンパク質名を使っても）: ミトコンドリアのリボソーム大サブユニットの構成要素とする論文のみ。作用関係なし
BSC4,2026-10-05,,名前の見直し（複合体名・タンパク質名を使っても）: de novo 遺伝子の進化・構造の論文のみ。複合体名・タンパク質名で書かれた関係もない
DOG1,2026-10-05,31481524;32673313,名前の見直し（複合体名・タンパク質名を使っても）: 検索: DOG1[tiab] AND (Snf1 など)。31481524 で Hog1・UPR・Slt2・Snf1 による誘導が示されたのは DOG2。32673313 は DOG1 も 2DG で上がるとだけで制御因子なし。2-DOG-6-P phosphatase は DOG1/DOG2 の 2 つで 1 つに決まらない
PUL4,2026-10-05,,名前の見直し（複合体名・タンパク質名を使っても）: 検索: PUL4[tiab] AND 複合体名。0 件。制御の相手を名指しした要旨なし
ERG8,2026-10-05,,名前の見直し（複合体名・タンパク質名を使っても）: 検索: ERG8[tiab] AND 複合体名・phosphomevalonate kinase。制御因子を名指しした論文なし
MNN14,2026-10-05,,名前の見直し（複合体名・タンパク質名を使っても）: 検索: MNN14[tiab] AND 複合体名。0 件
MOR1,2026-10-05,,名前の見直し（複合体名・タンパク質名を使っても）: 機能不明の遺伝子で、出芽酵母の MOR1（YDR366C）の関係を書いた論文なし
YAR068W,2026-10-05,,名前の見直し（複合体名・タンパク質名を使っても）: 検索: YAR068W[tiab] AND 複合体名。0 件。アルカリで誘導されることだけ
YHL008C,2026-10-05,,名前の見直し（複合体名・タンパク質名を使っても）: 検索: YHL008C[tiab] AND 複合体名。0 件
SNZ2,2026-10-05,,名前の見直し（複合体名・タンパク質名を使っても）: 検索: SNZ2[tiab] AND 複合体名。0 件。「Snz proteins」はファミリー（群）の書き方で今回も書かない
TPC1,2026-10-05,12411483,名前の見直し（複合体名・タンパク質名を使っても）: 12411483 の要旨は相手を acetolactate synthase（ILV2・ILV6 の複合体）と書くが、TPC1 自身を遺伝子名で書いておらず（「the gene for this carrier」）、本文も PMC から取れない（出版社の制限）ので書けない
ERP4,2026-10-05,24217251;19733569,"名前の見直し（複合体名・タンパク質名を使っても）: 24217251 の要旨は p24γ を「Erp2, -3, and -4」と書き、p24β（Emp24）・δ（Erv25）と結合するとする。Erp4 の名前で書かれず照合で数えられない。本文は PMC で全文が取れない"
HFA1,2026-10-05,14761959;25503745,名前の見直し（複合体名・タンパク質名を使っても）: 検索: (Hfa1 OR mitochondrial acetyl-CoA carboxylase) AND cerevisiae。ACC1 と相補しないこと・翻訳開始点だけで、ほかの遺伝子からの制御・相手の記述なし
YRF1-8,2026-10-05,,名前の見直し（複合体名・タンパク質名を使っても）: Y' ヘリカーゼの写し（YRF1-1〜8）は区別されず、YRF1-8 を名指しした論文なし
IAH1,2026-10-05,9758847;10855721;21069734;30261908,名前の見直し（複合体名・タンパク質名を使っても）: 検索: Iah1 AND (esterase OR isoamyl acetate) AND cerevisiae。ATF1 とのつり合いは酵素活性の比で遺伝子どうしの作用ではない。制御因子の名指しなし
PPN1,2026-10-04,15792812;28302909;31844018;29590613;21775424,名前の見直し（複合体名・タンパク質名を使っても）: (PPN1 OR PHM5 OR endopolyphosphatase) AND cerevisiae・Ppn1 AND (Pep4 OR Prb1 OR ESCRT OR Vtc OR Pho)。前駆体の活性化をするプロテアーゼは要旨で名指しされず（本文は PMC にない）、ほかは Ppn2 との重複など表現型だけ。複合体名・タンパク質名でも書ける関係はない
AAC1,2026-10-04,8774724;15766878,名前の見直し（複合体名・タンパク質名を使っても）: (AAC1 OR ADP/ATP carrier) AND (Hap OR HAP complex OR Rox1 OR heme)。8774724 は AAC1 の転写がヘム・ヘム依存の因子によらないとする。HAP complex などで AAC1 を制御するとした論文はない
PAU6,2026-10-04,10760143,名前の見直し（複合体名・タンパク質名を使っても）: 前回のまま。PAU 遺伝子群（群の書き方）でしか書かれておらず、今回の決まりでも群の書き方は使えない
PAU4,2026-10-04,21467572,名前の見直し（複合体名・タンパク質名を使っても）: 前回のまま。PAU 遺伝子群の低酸素誘導（Upc2・Hog1・SAGA）で、PAU4 の名指しがない。SAGA は表にない複合体で、群の書き方も使えない
PAU7,2026-10-04,,名前の見直し（複合体名・タンパク質名を使っても）: 前回のまま（PAU7[tiab] で論文なし）。群の書き方は使えない
YPR196W,2026-10-04,29894505,名前の見直し（複合体名・タンパク質名を使っても）: 前回のまま。MAL73 としてマルトース発酵を制御するが、制御される遺伝子の名指しがない。複合体名・タンパク質名で書ける相手もない
YRF1-7,2026-10-04,,名前の見直し（複合体名・タンパク質名を使っても）: 前回のまま。Y' ヘリカーゼは YRF1 の写しが多数あり 1 つの遺伝子に決まらない（タンパク質名として使えない）
IMA1,2026-10-04,20562106,名前の見直し（複合体名・タンパク質名を使っても）: (IMA1 OR isomaltase) AND (MAL63 OR MAL13 OR MAL33 OR Mig1) AND cerevisiae は関係する論文なし。Malx3p は MAL 活性化因子の群の書き方で 1 つに決まらない
CYB5,2026-10-04,8181746,名前の見直し（複合体名・タンパク質名を使っても）: (CYB5 OR cytochrome b5) AND cerevisiae AND (ERG11 OR P450 OR reductase OR desaturase OR Ole1)。8181746 は CYB5 の多コピーが NADPH-P-450 reductase（YRED＝NCP1）欠損のケトコナゾール過敏を抑えると書くが、向きのある関係ではなく、NADPH-P-450 reductase は protein_names.csv にないので提案のファイルに回した
TUF1,2026-10-04,,名前の見直し（複合体名・タンパク質名を使っても）: TUF1 AND (HAP OR Hap2 OR Hap4 OR CCAAT) AND cerevisiae は 0 件。HAP complex での制御も名指しされていない
RPL6A,2026-10-04,19116144,名前の見直し（複合体名・タンパク質名を使っても）: 19116144 は RPL6A を TFIIIC の条件変異の強い多コピー抑圧因子とするが、TFIIIC は complex_groups.csv にない（提案のファイルに TFIIIC を出した）。本文は PMC にない
RPL14A,2026-10-04,19116144;24312670,名前の見直し（複合体名・タンパク質名を使っても）: 前回のまま。A/B の写しの区別の問題（今回は扱わない）と、TFIIIC が表にない（提案に出した）ため書けない
COS9,2026-10-04,,名前の見直し（複合体名・タンパク質名を使っても）: 前回のまま。Cos proteins（群の書き方）でしか書かれていない
GEX2,2026-10-04,,名前の見直し（複合体名・タンパク質名を使っても）: 前回のまま。gex1 gex2 二重欠失で PKA・PKC の経路が変わるという経路の名前だけで、PKA 複合体への作用としては書かれていない
DCD1,2026-10-04,,名前の見直し（複合体名・タンパク質名を使っても）: 前回のまま。複合体名・タンパク質名で書ける相手もない
MRPS17,2026-10-04,15543521;12392552,名前の見直し（複合体名・タンパク質名を使っても）: MRPS17 AND cerevisiae（2 件）。胞子形成での誘導の転写因子は名指しされていない
PET100,2026-10-04,15507444;11498004;8702496,名前の見直し（複合体名・タンパク質名を使っても）: 15507444・11498004 は Pet100p が cytochrome c oxidase subunits VII・VIIa・VIII の部分複合体と結合しホロ酵素へ組み込むと書くが、サブユニット名（COX7・COX9・COX8）が protein_names.csv にないので提案のファイルに回した。本文は PMC にない
ESF1,2026-10-04,15056729,名前の見直し（複合体名・タンパク質名を使っても）: Esf1[tiab] AND (Saccharomyces OR yeast)。15056729 は「ribosomal proteins」「proteins involved in 18S rRNA biogenesis」と結合とするが相手の名前がなく、SSU processome の中心ではないと書く
YNL234W,2026-10-04,9988749;8896273,名前の見直し（複合体名・タンパク質名を使っても）: (YNL234W OR globin-like) AND cerevisiae。ヘム結合とストレス誘導だけ
UTP5,2026-10-04,20038530,名前の見直し（複合体名・タンパク質名を使っても）: Utp5[tiab] で出芽酵母の論文なし。20038530 は UTP-A（tUTP）を減らすと Rrp36 が取り込まれないと書く。UTP-A は表にないので提案のファイルに UTP-A complex（CPX-1409、UTP5 を含む）を出した
GLG1,2026-10-04,8524228;16004992,名前の見直し（複合体名・タンパク質名を使っても）: (GLG1 OR GLG2 OR glycogenin) AND (Gsy2 OR glycogen synthase)。glycogen synthase は GSY1・GSY2 の 2 つで 1 つに決まらない
MRX20,2026-10-04,10930523,名前の見直し（複合体名・タンパク質名を使っても）: 前回のまま
RFS1,2026-10-04,21442317;16782999,名前の見直し（複合体名・タンパク質名を使っても）: 前回のまま（rad55Δ の感受性を抑える遺伝学だけ）
GDA1,2026-10-04,7506254;7540172,名前の見直し（複合体名・タンパク質名を使っても）: (GDA1 OR guanosine diphosphatase) AND (GDP-mannose transporter OR Vrg4 OR mannosyltransferase)。GDP-マンノースの取り込みに要るが、輸送体・マンノース転移酵素の遺伝子を名指ししていない（マンノース転移酵素は多数で 1 つに決まらない）
COQ2,2026-10-04,,名前の見直し（複合体名・タンパク質名を使っても）: 前回のまま。Coq 複合体（CoQ synthome）は表になく、COQ2 はその構成要素でもない
SCY1,2026-10-04,,名前の見直し（複合体名・タンパク質名を使っても）: 前回のまま（出芽酵母の Scy1 の論文なし）
MRP35,2026-10-04,,名前の見直し（複合体名・タンパク質名を使っても）: 前回のまま
PTH1,2026-10-04,,名前の見直し（複合体名・タンパク質名を使っても）: 前回のまま
CPR2,2026-10-04,,名前の見直し（複合体名・タンパク質名を使っても）: 前回のまま
RRP36,2026-10-04,20038530,名前の見直し（複合体名・タンパク質名を使っても）: 20038530 は UTP-A・UTP-B のモジュールの構成要素を減らすと Rrp36p が取り込まれない（Rrp5p では起きない）と書くが、UTP-A・UTP-B は表にないので提案のファイルに出した。本文（PMC2820894）は取得できず
ECM23,2026-10-04,,名前の見直し（複合体名・タンパク質名を使っても）: 前回のまま
QNS1,2026-10-04,23335597;33749726,名前の見直し（複合体名・タンパク質名を使っても）: Qns1[tiab]。Qns1 が Hsp90 と働いてポリQ・α-synuclein の再折りたたみを助けるとあるが、Hsp90 は HSC82・HSP82 の 2 つで 1 つに決まらない。ほかの酵母遺伝子との関係は書かれていない
AVT2,2026-10-04,,名前の見直し（複合体名・タンパク質名を使っても）: 前回のまま
UPS3,2026-10-04,,名前の見直し（複合体名・タンパク質名を使っても）: 前回のまま。Ups proteins（群の書き方）でしか書かれていない
CYB5,2026-10-05,8181746;10622712;6163470,"名前の見直し 2 回目: 検索: (CYB5 OR ""cytochrome b5"") AND (ERG25 OR C-4 OR NCP1 OR P450 reductase OR sterol) AND cerevisiae。8181746 は CYB5 の多コピーが NADPH-P-450 reductase（NCP1）欠損のケトコナゾール過敏を抑える遺伝学だけで、向きのある関係は書かれない。10622712 は Candida の CYP51 を使った再構成、6163470 は「cytochrome b5」と酵素名なしの 4-脱メチル化で、相手の遺伝子が名指しされない。cytochrome b5 → CYB5 を提案に記載"
RPL14A,2026-10-05,19116144,名前の見直し 2 回目: TFIIIC は表に入ったが、19116144 は RPL14A/RPL14B（A/B の写し）を区別しない書き方の問題が残る（今回は扱わない決まり）。前回のまま
PRE5,2026-10-05,40427576;10671491;7918444;21878652,"名前の見直し 2 回目: 20S/26S プロテアソームの α6 サブユニット。(PRE5[tiab] OR Pre5p[tiab] OR alpha6 OR ""alpha 6"") AND proteasome AND (yeast OR cerevisiae)。40427576 は α5-α6-α7-Pba3-Pba4 複合体（Pba3-Pba4 に α5、次に α6 が入る）、10671491 は α6 が MAK3 で N 末端アセチル化されると書くが、どちらも「α6/alpha6」としか書かず PRE5 を名指ししない（40427576 の本文も α6。PRE5 は株・プラスミドの表だけ）。26S proteasome は表にあるが PRE5 自身が構成要素なので行にならない。α6 → PRE5 を提案のファイルに書いた"
MET2,2026-10-05,8264602;2025647;3542717;24727477;1789001,名前の見直し 2 回目: MET2[tiab] AND (promoter OR transcription OR expression)・(homoserine O-acetyltransferase OR Met2p)。8264602 は MCM1 が MET2 の上流に試験管内で結合する断片を拾っただけで「MCM1 による制御はまだ示されていない」と書く。2025647・3542717 はメチオニン・SAM による抑制と転写後の制御で、制御する遺伝子を名指ししない。24727477 は Swi/Snf（表にない）の結合だけ
ATP16,2026-10-05,9183023;14581615;16608846;42565728;8026496,名前の見直し 2 回目: (ATP16 OR Atp16p OR delta subunit) AND ATP synthase AND cerevisiae。ATP synthase は表に入ったが ATP16 自身が構成要素なので ATP16→ATP synthase は自分への行になる。読めたのは δ 欠損で F1 が組み立たない（9183023）・δ が c リングと γ を共役させる（14581615）・Δatp4 で Δδ の mtDNA 不安定が抑えられる（16608846、遺伝学）など、複合体の中の話か向きのない遺伝学だけ。42565728 の Atp16 S29 の AMP 化は Fmp40 依存か書かれない
DBP1,2026-10-05,39675003;38260653;38410469;36503721,名前の見直し 2 回目: Dbp1[tiab] AND cerevisiae（11 件）。39675003・38260653 は Ded1 と Dbp1 の機能比較（Dbp1 は性能の低い Ded1 の代わり。長期飢餓で Dbp1 が増え Ded1 が減る）、38410469 は dbp1Δ ded1-ts の合成増殖欠損、36503721 は欠失カセットによる隣の MRP51 の抑制。片方がもう一方に働く関係ではなく、eIF4F は表にない
CDC8,2026-10-05,8341263;11738942;1608450;2005980;12417725,名前の見直し 2 回目: CDC8[tiab] AND (MBF OR DSC1 OR Swi6 OR Mbp1 OR MCB)・DSC1/MBF の原著（1608450・2005980・1819484）。MBF は表に入ったが、MBF（DSC1・Swi6）が CDC8 を制御すると CDC8 を名指しした要旨はない（1608450 は「DNA synthesis genes」とまとめて書く＝群の書き方、8341263・11738942 は背景・プロモーターの配列解析だけ）。1819484 は要旨なし、PMC 本文なし
POP8,2026-10-05,9620854;16998185,名前の見直し 2 回目: Pop8[tiab] AND (yeast OR cerevisiae)（2 件）・(Pop6 OR Pop7 OR Pop8) AND interaction AND RNase P/MRP。9620854 は Pop8p が RNase P の RNA（RPR1）と共精製され RNase MRP と共通のサブユニットと書くだけ、16998185 は相同性解析。ほかのタンパク質・複合体に働く一文はない
PAU4,2026-10-05,40445397,名前の見直し 2 回目: (PAU4[tiab] OR YLR461W) AND (cerevisiae OR yeast)（1 件）。40445397 はロスマリン酸で発現が変わる遺伝子の 1 つとして挙げるだけ（RNA-seq）。PAU 遺伝子群の書き方は使えない
