source_protein,target_protein,searched_on,read_pmids,note
HOG1,MSN2,2026-10-04,21836634,KEGG の図の関係（2026-10-02 に探して見つからず）。BioGRID が挙げる 21836634 は Hog1 の持続的な活性化による細胞死の論文で、要旨に Msn2 のリン酸化はない
HOG1,MSN4,2026-10-02,,KEGG の図の関係。Hog1 が Msn4 を直接制御する原著が見つからなかった
GPR1,RAS1,2026-10-02,,KEGG の図の関係。Gpr1 は Gpa2 を介して Cyr1 に働く（Ras とは並行）。Ras への作用の原著は見つからなかった
GPR1,RAS2,2026-10-02,,同上
HOG1,CKA1,2026-10-02,,
HOG1,CKA2,2026-10-02,,
HOG1,CKB1,2026-10-02,,
HOG1,CKB2,2026-10-02,,
KOG1,GCD11,2026-10-02,,
LST8,GCD11,2026-10-02,,
PKC1,HOG1,2026-10-02,,
SCH9,SLT2,2026-10-02,,
SKO1,TUP1,2026-10-02,,
SLT2,TPK1,2026-10-02,,
SLT2,TPK2,2026-10-02,,
SLT2,TPK3,2026-10-02,,
TOR1,ATG1,2026-10-02,,
TOR1,GCD11,2026-10-02,,
TOR2,GCD11,2026-10-02,,
GCR2,GCR1,2026-10-02,,
HAP4,QCR10,2026-10-02,,
PKH1,GCN2,2026-10-04,22326914,試験管内でリン酸化するが、Pkh1 を止めても eIF2α S51 のリン酸化・GCN4 の翻訳は変わらない。向きは決められない
SAK1,MIG1,2026-10-04,16201971,要旨は Sak1 などによる Snf1 の活性化だけで、Mig1 への作用は書かれていない（Sak1 → Snf1 ⊣ Mig1 は別に記録あり）
SNF1,GLN3,2026-10-04,11809814;17439949;16487345,グルコースは Snf1 を介して Gln3 のリン酸化と局在を変える（11809814）が、Gln3 のリン酸化の量は局在・転写と対応しない（16487345）。向きは決められない
TPK1,IRA2,2026-10-04,25065647,要旨は Bcy1（PKA の調節サブユニット）と Ira2 の結合。リン酸化の作用は書かれていない
TPK2,IRA2,2026-10-04,25065647,同上
TPK3,IRA2,2026-10-04,25065647,同上
YAK1,IFH1,2026-10-04,21480437,試験管内のリン酸化だけ（キナーゼの基質の配列を調べる方法の論文）
HOG1,SLN1,2026-10-04,25734609,要旨は Hog1 が上流の複数の因子をリン酸化するとだけあり、Sln1 の名はない（Ssk2 へのフィードバックは verified_round10 に記録）
SLT2,MKK1,2026-10-04,17711850,Slt2 が上流の Mkk1・Mkk2 をリン酸化し返す（フィードバック）。作用の向きは要旨に書かれていない
SLT2,MKK2,2026-10-04,17711850,同上（部位 S50）
PHO85,PHO81,2026-10-04,15057567;16319894,Pho85 のリン酸化が CDK 阻害因子としての Pho81 の働きを変える「かもしれない」とだけある
TPK2,TPK3,2026-10-04,12024012;16319894,12024012 は Flo8・Sfl1 の論文で Tpk3 のリン酸化は要旨にない。16319894 はプロテインチップ
CKA1,PHO4,2026-10-04,12606059,CK2 の変異で PHO 遺伝子の発現が下がるが、Pho4 のリン酸化は要旨にない
CKA2,PHO4,2026-10-04,12606059,同上
PHO80,PHO81,2026-10-04,16330754,Pho85-Pcl1 の基質の候補を網羅的に探した論文。作用は書かれていない
PHO85,REG1,2026-10-04,16330754,同上
PHO85,ROM2,2026-10-04,16330754,同上
PHO85,SFB3,2026-10-04,16330754,同上
CKA2,GPI12,2026-10-04,21177495,キナーゼ・ホスファターゼ破壊株の網羅的なリン酸化プロテオーム（Bodenmiller 2010）。直接か・向きは分からない
PPH22,IGO2,2026-10-04,21177495,同上
SNF1,RAS2,2026-10-04,21177495,同上
YPK1,PHO84,2026-10-04,21177495,同上
TPK1,ADR1,2026-10-04,1917932;1549108,PKA は試験管内で Adr1 の S230 をリン酸化するが、PKA による ADH2 の抑制は S230 によらない（1549108）
TPK2,ADR1,2026-10-04,1549108,同上
TPK3,ADR1,2026-10-04,1549108,同上
SFP1,GCN4,2026-10-04,,PubMed の検索（Sfp1 GCN4）で該当なし。YEASTRACT+ に両方の向きの報告があり、破壊株データからの推定だけ
TUP1,HXK2,2026-10-04,1310793;10224244,検索で出た論文は Tup1 が Mig1 の抑制に要ることだけで、HXK2 の転写への作用は書かれていない
CKA1,MAF1,2026-10-04,21383183,21383183 は CK2 が Maf1 を外して Pol III を働かせるとするが、22810236 が否定しており食い違う
CKA1,ELF1,2026-10-04,16756761;21755460;36555405,試験管内のリン酸化だけ（S95・S117）。作用の向きは要旨に書かれていない
CKA1,FIP1,2026-10-04,16496213;16933028;21755460;36555405,試験管内のリン酸化だけ（S73・S77）。作用の向きは要旨に書かれていない
CKA2,FIP1,2026-10-04,16496213;16933028;21755460;36555405,試験管内のリン酸化だけ（S73・S77）。作用の向きは要旨に書かれていない
CKA1,SVF1,2026-10-04,18265947;21755460;36555405,試験管内のリン酸化だけ。作用の向きは要旨に書かれていない
CKA2,ELF1,2026-10-04,16756761;21755460;36555405,試験管内のリン酸化だけ（S95・S117）。作用の向きは要旨に書かれていない
CKA2,SVF1,2026-10-04,18265947;21755460;36555405,試験管内のリン酸化だけ。作用の向きは要旨に書かれていない
ATG1,ATG18,2026-10-04,16319894;34798055;24440502,16319894 はプロテインチップの試験管内のリン酸化。34798055・24440502 の要旨には Atg18 のリン酸化の作用は書かれていない
ATG1,ATG19,2026-10-04,28821724;24968893,24968893 の要旨では Atg19 をリン酸化して活性化するのは Hrr25。28821724 は Atg4 の論文。Atg1 による Atg19 のリン酸化の作用は要旨に書かれていない
ATG1,ATG8,2026-10-04,16319894;34798055,16319894 はプロテインチップの試験管内のリン酸化。34798055 の要旨では Atg8-PE が Atg1 を活性化し、Atg1 は Atg8 の E2・E3 を抑えて Atg8-PE の量を調節する（Atg8 そのものへの作用ではない）
ATG1,MSP1,2026-10-04,16319894;24440502,試験管内のリン酸化だけ（プロテインチップ・ペプチドアレイ）。作用の向きは要旨に書かれていない
ATG1,WHI5,2026-10-04,16319894;40365021,40365021 の要旨では Atg1 は Whi5 の S78・S149 をリン酸化し Atg1 の点状構造の形成を調節するとあるが、Whi5 の働きを上げるか下げるかは書かれていない
CKA1,HHF1,2026-10-04,16135807;32064518,CK2 はヒストン H4 の S1 をリン酸化し、NuA4 によるアセチル化を下げる（16135807）。ヒストンの修飾で、H4 そのものの働きの向きは決められない
CKA1,HHT1,2026-10-04,16135807;29938647,H3 T11 のリン酸化は Sch9 と CK2 が栄養ストレス下で行い、寿命に関わる（29938647）。ヒストンの修飾で、作用の向きは決められない
CKA1,SIC1,2026-10-04,16168390;14756785;16777072;27571477,生体内で S201 がリン酸化される（16777072）。阻害が強まるのは試験管内で哺乳類 Cdk2/サイクリン A を使った結果だけ（16168390）で、S201A・S201E 変異の細胞の大きさの結果（14756785）とは向きが合わない
CKA2,RPP2B,2026-10-04,39468350,39468350 は P-stalk のリン酸化が翻訳に要ることを示すが、要旨に CK2 の名はなく CK2 は試験管内で使っているだけ
PHO85,GLC8,2026-10-04,12407105,向きは遺伝学（glc7-R121K と pho85 欠失の合成致死）からの推定だけで、要旨に作用は書かれていない（12407105）
CKA2,HHF1,2026-10-04,16135807;32064518,H4 S1 のリン酸化は NuA4 による H4 アセチル化を下げるが、H4 自体の働きへの向きは決められない。32064518 は CK2 の記載なし
ELM1,BNI5,2026-10-04,26351911;41196235,Bni5 は試験管内で Elm1 の基質になるだけ。41196235 では Bni5 をリン酸化して首から外すのは Gin4
HOG1,RPO21,2026-10-04,25411400;29220656,Hog1 は試験管内で CTD をリン酸化し生体内の修飾に要るが、Pol II の働きへの向きは書かれていない。29220656 は Tyr1 を Hog1 はリン酸化しないと報告
PHO85,ALY2,2026-10-04,12098764;16319894;20739461;35454122,試験管内のリン酸化だけ。Aly の働きへの Pho85 の作用は要旨に書かれていない
PHO85,CRZ1,2026-10-04,16319894;16455487,Crz1 が Pho85 の基質と同定されたことだけが要旨にあり、作用の向きは書かれていない（全文は PMC にない）
PKC1,SPO7,2026-10-04,28154205;31501244,Spo7 のリン酸化は Nem1-Spo7 の活性に影響しない（31501244）
SLT2,RPO21,2026-10-04,29220656;19450536,Slt2 は CTD Tyr1 をリン酸化し遺伝子ごとの転写を調節するが、Pol II の働きを上げるか下げるかは決められない。19450536 は Kin28 の論文
SNF1,GLO3,2026-10-04,16319894;31331965,Snf1 は Glo3 S389 をリン酸化し働きを調節するが、本文でも活性化か抑制かは書かれていない（Arf1 の膜からの解離は増え、COPI 輸送は弱まる）
TDA1,HXK2,2026-10-04,25593311;40275108,Tda1 は Hxk2 S15 をリン酸化するが、S15 のリン酸化が Hxk2 の働きをどちらに変えるかは論文間で解釈が分かれる
TOR2,CDC33,2026-10-04,22496512;22445487,要旨にも PMC 本文にも Cdc33（eIF4E）の記載が見当たらない
TPK1,PYK2,2026-10-04,12063246;20639203,Pyk2 は試験管内でリン酸化されるだけ。活性が上がるのは Pyk1 の結果で、Pyk2 の作用は書かれていない
YCK1,ELM1,2026-10-04,16319894;40464802,Yck1/2 は Elm1 の正常なリン酸化に要るが、Elm1 の活性・局在への作用はなく、向きは決められない（40464802 本文）
ATG1,ALG14,2026-10-04,24440502,ペプチドアレイと試験管内のリン酸化だけ。要旨で働きを調べたのは Atg9 のみで、この標的への作用の向きは書かれていない
ATG1,ALY1,2026-10-04,24440502,ペプチドアレイと試験管内のリン酸化だけ。要旨で働きを調べたのは Atg9 のみで、この標的への作用の向きは書かれていない
ATG1,CEP3,2026-10-04,24440502,ペプチドアレイと試験管内のリン酸化だけ。要旨で働きを調べたのは Atg9 のみで、この標的への作用の向きは書かれていない
ATG1,GAL10,2026-10-04,24440502,ペプチドアレイと試験管内のリン酸化だけ。要旨で働きを調べたのは Atg9 のみで、この標的への作用の向きは書かれていない
ATG1,HSL7,2026-10-04,24440502,ペプチドアレイと試験管内のリン酸化だけ。要旨で働きを調べたのは Atg9 のみで、この標的への作用の向きは書かれていない
ATG1,HXT1,2026-10-04,24440502,ペプチドアレイと試験管内のリン酸化だけ。要旨で働きを調べたのは Atg9 のみで、この標的への作用の向きは書かれていない
ATG1,IRC7,2026-10-04,24440502,ペプチドアレイと試験管内のリン酸化だけ。要旨で働きを調べたのは Atg9 のみで、この標的への作用の向きは書かれていない
ATG1,MLO127,2026-10-04,24440502,ペプチドアレイと試験管内のリン酸化だけ。要旨で働きを調べたのは Atg9 のみで、この標的への作用の向きは書かれていない
ATG1,MTC6,2026-10-04,24440502,ペプチドアレイと試験管内のリン酸化だけ。要旨で働きを調べたのは Atg9 のみで、この標的への作用の向きは書かれていない
ATG1,NDE2,2026-10-04,24440502,ペプチドアレイと試験管内のリン酸化だけ。要旨で働きを調べたのは Atg9 のみで、この標的への作用の向きは書かれていない
ATG1,PET130,2026-10-04,24440502,ペプチドアレイと試験管内のリン酸化だけ。要旨で働きを調べたのは Atg9 のみで、この標的への作用の向きは書かれていない
ATG1,PIG1,2026-10-04,24440502,ペプチドアレイと試験管内のリン酸化だけ。要旨で働きを調べたのは Atg9 のみで、この標的への作用の向きは書かれていない
ATG1,PLC1,2026-10-04,24440502,ペプチドアレイと試験管内のリン酸化だけ。要旨で働きを調べたのは Atg9 のみで、この標的への作用の向きは書かれていない
ATG1,QDR3,2026-10-04,24440502,ペプチドアレイと試験管内のリン酸化だけ。要旨で働きを調べたのは Atg9 のみで、この標的への作用の向きは書かれていない
ATG1,SGV1,2026-10-04,24440502,ペプチドアレイと試験管内のリン酸化だけ。要旨で働きを調べたのは Atg9 のみで、この標的への作用の向きは書かれていない
ATG1,SNU114,2026-10-04,24440502,ペプチドアレイと試験管内のリン酸化だけ。要旨で働きを調べたのは Atg9 のみで、この標的への作用の向きは書かれていない
ATG1,SNU56,2026-10-04,24440502,ペプチドアレイと試験管内のリン酸化だけ。要旨で働きを調べたのは Atg9 のみで、この標的への作用の向きは書かれていない
ATG1,SRO7,2026-10-04,24440502,ペプチドアレイと試験管内のリン酸化だけ。要旨で働きを調べたのは Atg9 のみで、この標的への作用の向きは書かれていない
ATG1,UBP12,2026-10-04,24440502,ペプチドアレイと試験管内のリン酸化だけ。要旨で働きを調べたのは Atg9 のみで、この標的への作用の向きは書かれていない
ATG1,YEL1,2026-10-04,24440502,ペプチドアレイと試験管内のリン酸化だけ。要旨で働きを調べたのは Atg9 のみで、この標的への作用の向きは書かれていない
ATG1,YPR084W,2026-10-04,24440502,ペプチドアレイと試験管内のリン酸化だけ。要旨で働きを調べたのは Atg9 のみで、この標的への作用の向きは書かれていない
ATG1,ATG5,2026-10-04,34798055,試験管内のリン酸化だけ。E3（Atg12–Atg5-Atg16）の阻害は本文では Atg12 のリン酸化によるとされ、この部分のリン酸化の働きは書かれていない
ATG1,ATG16,2026-10-04,34798055,試験管内のリン酸化だけ。E3（Atg12–Atg5-Atg16）の阻害は本文では Atg12 のリン酸化によるとされ、この部分のリン酸化の働きは書かれていない
ATG1,ATG38,2026-10-04,34798055,試験管内のリン酸化だけ。作用の向きは要旨・本文に書かれていない（Atg6 のリン酸化が要るという引用はほ乳類の研究）
ATG1,VPS15,2026-10-04,34798055,試験管内のリン酸化だけ。作用の向きは要旨・本文に書かれていない（Atg6 のリン酸化が要るという引用はほ乳類の研究）
ATG1,VPS30,2026-10-04,34798055,試験管内のリン酸化だけ。作用の向きは要旨・本文に書かれていない（Atg6 のリン酸化が要るという引用はほ乳類の研究）
ATG1,ATG31,2026-10-04,34798055;25773276,34798055 は試験管内のリン酸化だけ。25773276 は Atg31 の S174 のリン酸化が自食作用に要ると示すが、キナーゼは不明と本文に書かれている
ATG1,ATG34,2026-10-04,24968893,要旨では Atg34 を（Atg19 と同様に）リン酸化して活性化するのは Hrr25。本文は PMC で読めず、Atg1 による作用は確かめられない
CDC28,SWE1,2026-10-04,12388757;16096060;15920482;18558651;14574415,論文で向きが割れる。Cdk1 によるリン酸化は Swe1 を活性化する（16096060・18558651）一方、Cdc5 によるリン酸化と分解の下準備にもなる（15920482）。16096060 自身も Cdk1 が Swe1 を正負の両方で調節すると述べる
CDC28,PHO2,2026-10-04,10884387;12232617,S230 は CDC28 型のキナーゼの配列で、リン酸化を模した変異が活性を保つが、Cdc28 が生体内でリン酸化するとは示されていない（試験管内で CDC28 の免疫沈降物がリン酸化するだけ）。12232617 はキナーゼを未同定とする
CDC28,RAD53,2026-10-04,20046099;19801655,Cdc28 は M 期に Rad53 の S774 をリン酸化するが、リン酸化はチェックポイントでの Rad53 の活性化に影響しない（19801655）。部位の変異はチェックポイントからの適応を早めるだけ（20046099）で、Rad53 の働きの向きは決められない
CDC28,STE20,2026-10-04,9774429;10359756;21177495;22218487,Cln2-Cdc28 に依存した Ste20 のリン酸化（移動度の変化）は示されているが、それが Ste20 の働きを上げるか下げるかは要旨に書かれていない
CKA1,PAH1,2026-10-04,31645435;27044741,31645435 は CK1（Yck1）の論文で、CK2 については先に CK1 がリン酸化すると CK2 のリン酸化が進むとあるだけ。27044741 では CK2 でリン酸化された Pah1 が 20S プロテアソームで分解される一方、S705D を 7A と組み合わせると TAG が増え、働きの向きが決められない
CKA2,PAH1,2026-10-04,27044741;31645435,CK2 でリン酸化された Pah1 は試験管内で 20S プロテアソームに分解される一方、CK2 のリン酸化を模した S705D を 7A と組み合わせると TAG と脂肪滴が増える。全体として Pah1 の働きを上げるか下げるかは要旨から決められない
CKA2,SIC1,2026-10-04,16168390;14756785;16777072,CK2 による S201 のリン酸化で Sic1 がより強い阻害因子になるのは試験管内（しかも哺乳類の Cdk2/サイクリン A）の結果。生体内の S201A・S201E 変異の細胞の大きさの変化は向きを直接示さない
FPK1,ATG13,2026-10-04,29895620,Fpk1 の配列を含む 25 か所が試験管内でリン酸化されるという網羅的な結果のみ。本文（PMC6078453）でも Atg13 は TORC2 の遠い標的の候補として挙がるだけ
FPK1,MSN4,2026-10-04,29895620,Fpk1 の配列を含む 25 か所が試験管内でリン酸化されるという網羅的な結果のみで、Msn4 の働きへの影響は調べられていない
FPK1,SSO1,2026-10-04,29895620,Fpk1 の配列を含む 25 か所が試験管内でリン酸化されるという網羅的な結果のみで、Sso1 の働きへの影響は調べられていない
FUS3,CDC25,2026-10-04,12867033,Fus3・Kss1 の複合体が Cdc25 に結合してリン酸化し、Cdc25 が制御点らしいとするが、リン酸化が Cdc25 の働きを上げるか下げるかは示されていない（Fus3 の cAMP 抑制は Kss1 を介する部分もある）
NPR1,ATG9,2026-10-04,34965436,TORC1 の下流のキナーゼのリン酸化プロテオミクスで、要旨に Atg9 は出てこず、働きへの影響も書かれていない。他の論文も見つからない
PCL1,CDC19,2026-10-04,16330754,Pho85-Pcl1 の基質を細胞抽出液で探す網羅的な実験の候補のひとつ。要旨に Cdc19 は出てこず、働きへの影響も調べられていない
PCL1,FPK1,2026-10-04,16330754,Pho85-Pcl1 の基質を細胞抽出液で探す網羅的な実験の候補のひとつ。要旨に Fpk1 は出てこず、働きへの影響も調べられていない
PCL1,REG1,2026-10-04,16330754,Pho85-Pcl1 の基質を細胞抽出液で探す網羅的な実験の候補のひとつ。要旨に Reg1 は出てこず、働きへの影響も調べられていない
PCL1,ROM2,2026-10-04,16330754,Pho85-Pcl1 の基質を細胞抽出液で探す網羅的な実験の候補のひとつ。要旨に Rom2 は出てこず、働きへの影響も調べられていない
PCL1,SFB3,2026-10-04,16330754,Pho85-Pcl1 の基質を細胞抽出液で探す網羅的な実験の候補のひとつ。要旨に Sfb3 は出てこず、働きへの影響も調べられていない
PHO80,CRZ1,2026-10-04,16455487,過剰発現の網羅的な実験で Crz1 が Pho85 の基質と分かったとあるだけで、リン酸化が Crz1 の働きを上げるか下げるかは要旨に書かれていない。PubMed で他の酵母の論文は見つからない
PHO85,CDC19,2026-10-04,16330754;20639203;22902555,16330754 は全細胞抽出液で Pho85-Pcl1 の基質候補を探した網羅的なスクリーンで、Cdc19 の働きへの効果は書かれていない。Pho85 と Cdc19 を結ぶ別の論文は見つからなかった
PHO85,FPK1,2026-10-04,16330754;33282871,16330754 は基質候補を探した網羅的なスクリーンで、Fpk1 の働きへの効果は書かれていない。検索で出た 33282871 はヒト tau を発現させた酵母の論文で Fpk1 は関係ない
PHO85,MRC1,2026-10-04,29371596,29371596 では Pho85 は試験管内のキナーゼスクリーンで Mrc1 の N 末端をリン酸化した 6 つの一つ（図のみ）で、本文で生体内の働きを調べたのは Hog1・Mpk1・Psk1・Snf1。Pho85 についての記述は本文にない
STE20,MRC1,2026-10-04,29371596,29371596 では Ste20 は試験管内のキナーゼスクリーンの結果（図のみ）で、本文に生体内での働きの記述はない
TPK2,CDC19,2026-10-04,20639203;22902555;28846094,20639203 は試験管内で Tpk1・Tpk2 が Pyk1 をリン酸化する基質特異性の論文で、働きへの効果はない。22902555 は Cdc19 の活性がリン酸化ではなく FBP によるアロステリック制御でほぼ決まり、PKA の活性を変えても反応は変わらないとする
CDC28,ADR1,2026-10-04,19779198,19779198 は Cdk1 の阻害とリン酸化プロテオミクスで生体内の基質 308 個を挙げた網羅的な研究で、個々の基質の働きへの効果は書かれていない。PubMed で Cdc28（Cdk1）と Adr1 を組み合わせて探したが、働きへの効果を示す論文は見つからなかった
CDC28,AVO2,2026-10-04,19779198,19779198 は Cdk1 の阻害とリン酸化プロテオミクスで生体内の基質 308 個を挙げた網羅的な研究で、個々の基質の働きへの効果は書かれていない。PubMed で Cdc28（Cdk1）と Avo2 を組み合わせて探したが、働きへの効果を示す論文は見つからなかった
CDC28,BCK1,2026-10-04,19779198;8598209;7874496,19779198 は Cdk1 の阻害とリン酸化プロテオミクスで生体内の基質 308 個を挙げた網羅的な研究で、個々の基質の働きへの効果は書かれていない。8598209 は cdc28 変異で Slt2 の活性化が下がるとするが、Bck1 のリン酸化には触れない。PubMed で Cdc28（Cdk1）と Bck1 を組み合わせて探したが、働きへの効果を示す論文は見つからなかった
CDC28,BCY1,2026-10-04,19779198;34398936,19779198 は Cdk1 の阻害とリン酸化プロテオミクスで生体内の基質 308 個を挙げた網羅的な研究で、個々の基質の働きへの効果は書かれていない。34398936 は Candida albicans の論文。PubMed で Cdc28（Cdk1）と Bcy1 を組み合わせて探したが、働きへの効果を示す論文は見つからなかった
CDC28,BFR1,2026-10-04,19779198,19779198 は Cdk1 の阻害とリン酸化プロテオミクスで生体内の基質 308 個を挙げた網羅的な研究で、個々の基質の働きへの効果は書かれていない。PubMed で Cdc28（Cdk1）と Bfr1 を組み合わせて探したが、働きへの効果を示す論文は見つからなかった
CDC28,CDC19,2026-10-04,19779198;22902555,19779198 は Cdk1 の阻害とリン酸化プロテオミクスで生体内の基質 308 個を挙げた網羅的な研究で、個々の基質の働きへの効果は書かれていない。22902555 は Cdc19 の活性がリン酸化ではなく FBP でほぼ決まるとする。PubMed で Cdc28（Cdk1）と Cdc19 を組み合わせて探したが、働きへの効果を示す論文は見つからなかった
CDC28,DOT6,2026-10-04,19779198,19779198 は Cdk1 の阻害とリン酸化プロテオミクスで生体内の基質 308 個を挙げた網羅的な研究で、個々の基質の働きへの効果は書かれていない。PubMed で Cdc28（Cdk1）と Dot6 を組み合わせて探したが、働きへの効果を示す論文は見つからなかった
CDC28,GIS1,2026-10-04,19779198,19779198 は Cdk1 の阻害とリン酸化プロテオミクスで生体内の基質 308 個を挙げた網羅的な研究で、個々の基質の働きへの効果は書かれていない。PubMed で Cdc28（Cdk1）と Gis1 を組み合わせて探したが、働きへの効果を示す論文は見つからなかった
CDC28,HAP5,2026-10-04,19779198,19779198 は Cdk1 の阻害とリン酸化プロテオミクスで生体内の基質 308 個を挙げた網羅的な研究で、個々の基質の働きへの効果は書かれていない。PubMed で Cdc28（Cdk1）と Hap5 を組み合わせて探したが、働きへの効果を示す論文は見つからなかった
CDC28,IGO2,2026-10-04,19779198,19779198 は Cdk1 の阻害とリン酸化プロテオミクスで生体内の基質 308 個を挙げた網羅的な研究で、個々の基質の働きへの効果は書かれていない。PubMed で Cdc28（Cdk1）と Igo2 を組み合わせて探したが、働きへの効果を示す論文は見つからなかった
CDC28,MIG1,2026-10-04,19779198;10099331,19779198 は Cdk1 の阻害とリン酸化プロテオミクスで生体内の基質 308 個を挙げた網羅的な研究で、個々の基質の働きへの効果は書かれていない。10099331 は mig1 変異株の細胞周期の論文で、Cdc28 による Mig1 のリン酸化には触れない。PubMed で Cdc28（Cdk1）と Mig1 を組み合わせて探したが、働きへの効果を示す論文は見つからなかった
CDC28,MSN4,2026-10-04,19779198;10476026;28676626;24706810,19779198 は Cdk1 の阻害とリン酸化プロテオミクスで生体内の基質 308 個を挙げた網羅的な研究で、個々の基質の働きへの効果は書かれていない。検索で出た論文はいずれも Cdc28 による Msn4 のリン酸化の働きに触れない。PubMed で Cdc28（Cdk1）と Msn4 を組み合わせて探したが、働きへの効果を示す論文は見つからなかった
CDC28,MUK1,2026-10-04,19779198;20489023,19779198 は Cdk1 の阻害とリン酸化プロテオミクスで生体内の基質 308 個を挙げた網羅的な研究で、個々の基質の働きへの効果は書かれていない。20489023 も網羅的なキナーゼ・ホスファターゼの結合ネットワーク。PubMed で Cdc28（Cdk1）と Muk1 を組み合わせて探したが、働きへの効果を示す論文は見つからなかった
CDC28,PHO84,2026-10-04,19779198,19779198 は Cdk1 の阻害とリン酸化プロテオミクスで生体内の基質 308 個を挙げた網羅的な研究で、個々の基質の働きへの効果は書かれていない。PubMed で Cdc28（Cdk1）と Pho84 を組み合わせて探したが、働きへの効果を示す論文は見つからなかった
CDC28,PTP3,2026-10-04,19779198,19779198 は Cdk1 の阻害とリン酸化プロテオミクスで生体内の基質 308 個を挙げた網羅的な研究で、個々の基質の働きへの効果は書かれていない。PubMed で Cdc28（Cdk1）と Ptp3 を組み合わせて探したが、働きへの効果を示す論文は見つからなかった
CDC28,REG1,2026-10-04,19779198;28265048,19779198 は Cdk1 の阻害とリン酸化プロテオミクスで生体内の基質 308 個を挙げた網羅的な研究で、個々の基質の働きへの効果は書かれていない。28265048 で Reg1 の働きを変えると示された部位は Snf1 の部位で、Cdc28 によるものではない。PubMed で Cdc28（Cdk1）と Reg1 を組み合わせて探したが、働きへの効果を示す論文は見つからなかった
CDC28,ROM2,2026-10-04,19779198,19779198 は Cdk1 の阻害とリン酸化プロテオミクスで生体内の基質 308 個を挙げた網羅的な研究で、個々の基質の働きへの効果は書かれていない。PubMed で Cdc28（Cdk1）と Rom2 を組み合わせて探したが、働きへの効果を示す論文は見つからなかった
CDC28,SEC16,2026-10-04,19779198;31851588,19779198 は Cdk1 の基質部位を質量分析で網羅した論文で、Sec16 への作用は書かれていない。31851588 は既知のリン酸化部位をすべてアラニンにしても Sec16 の ER からの輸送とオートファジーの働きは変わらないとし、リン酸化は機能に必須でないとする
CDC28,SIR3,2026-10-04,19779198,19779198 は網羅的な部位の同定だけで、Sir3 の T454 のリン酸化の作用は書かれていない。Cdc28 と Sir3 の個別の論文は見つからなかった
CDC28,SKO1,2026-10-04,19779198,19779198 は網羅的な部位の同定だけで、Sko1 の S94 のリン酸化の作用は書かれていない。Cdc28 と Sko1 の個別の論文は見つからなかった
CDC28,SSK2,2026-10-04,19779198,19779198 は網羅的な部位の同定だけで、Ssk2 の S54・S57 のリン酸化の作用は書かれていない。Cdc28 と Ssk2 の個別の論文は見つからなかった
CDC28,YSP2,2026-10-04,19779198;33255682;29927351,19779198 は網羅的な部位の同定だけ。Ysp2（Lam2）の機能を抑えるリン酸化の論文（33255682・29927351）は Ypk1 によるもので、Cdc28 ではない
CKA1,CDC28,2026-10-04,10998356;11827161,CK2 は Cdc28 の S46 を生体内・試験管内でリン酸化し、S46A で細胞が小さくなる（10998356）。S46E は試験管内で Cdc28/サイクリン A の H1 キナーゼ活性を 2 倍にするが細胞の大きさへの影響は小さい（11827161）。活性への作用は試験管内の擬似リン酸化だけで、向きは決められない。Cka1 と Cka2 も区別されていない
CKA2,CDC28,2026-10-04,10998356;11827161,CKA1 と同じ論文。S46E が試験管内で活性を上げる（11827161）だけで生体内の向きは示されておらず、Cka2 に限った実験もない
RAD53,PHO81,2026-10-04,20190278,20190278 は DNA 損傷応答のキナーゼ基質の質量分析による網羅解析で、Pho81 への作用は書かれていない。Rad53 と Pho81 の個別の論文は見つからなかった
SNF1,STE20,2026-10-04,21177495,21177495 はキナーゼ・ホスファターゼ欠損でのリン酸化の網羅解析で、直接のリン酸化も Ste20 への作用も書かれていない。Snf1 と Ste20 の個別の論文は見つからなかった
SNF1,YSP2,2026-10-04,21177495,21177495 は網羅解析で、Ysp2 への作用は書かれていない。Snf1 と Ysp2（Lam2）の個別の論文は見つからなかった
CDC28,HHO1,2026-10-04,21658602;21954289;24019491;23751495;10871278;31821952,BioGRID の論文の要旨に Hho1 は出てこない。H1 キナーゼ活性の測定でヒストン H1 を基質に使ったことを記録した可能性がある。Hho1 のリン酸化部位を調べた 31821952 もキナーゼを特定していない
CDC28,STB1,2026-10-04,10409718;12832490;18794370;19745812,Stb1 は Cln-Cdc28 にリン酸化される（10409718）が、18794370 はリン酸化が転写の不活性化に関わらないとし、Cln/CDK による不活性化という以前の報告と食い違う。19745812 は Stb1 を SBF の抑制因子とするが、Cdc28 が解除するのは Whi5 と書いている
RSP5,SNA3,2026-10-04,17551511;22212814;17645729;17182850,Sna3 は Rsp5 にユビキチン化される MVB の積み荷だが、ユビキチン化が液胞への輸送に要るとする論文（22212814・17645729）と要らないとする論文（17182850）が食い違う。Sna3 は Rsp5 のアダプターとしても働き、機能への作用の向きを決められない
CDC28,APC9,2026-10-04,10871279;23751495;39401078;40341598,APC のリン酸化の論文（10871279）が部位を調べたのは Cdc16・Cdc23・Cdc27 で、Apc9 は要旨に出てこない。39401078・40341598 にも Apc9 のリン酸化の作用は書かれていない
CDC28,BOP3,2026-10-04,14574415;21658602;24186061;34502421,いずれも Cdk1 の基質を網羅的に調べた論文で、Bop3 への作用は書かれていない。Bop3 のリン酸化の個別の論文は見つからなかった
CDH1,PDS1,2026-10-04,26252546,26252546 は Pds1 を APC-Cdh1 の基質とするが、9334304 では cdh1Δ でも Pds1 の分解は損なわれない（主に Cdc20）。食い違うため決めない
CDC28,STE7,2026-10-04,34502421;9148934,34502421 は G1 サイクリン（Cln1/2）に特有の K/R ドッキングモチーフが Ste7 にあることを示す論文で、Ste7 のリン酸化が働きをどう変えるかは要旨にも PMC 本文にも書かれていない。9148934 は CLN2 の過剰発現が Ste11 の段階で接合経路を抑えるとする
CDC4,STE7,2026-10-04,23645675;12668671;11864977,食い違う: SCF-Cdc4 は Ste7 を直接ユビキチン化し Fus3 の正しい活性化に要る（23645675）一方、SCF（Cdc34・Cdc53）は Ste7 のユビキチン化と分解を促し、周期への復帰を助けるとする（12668671）。ユビキチン化型の蓄積は応答を強める（11864977）
GLC7,RPO21,2026-10-04,24413056,CPF の Glc7 は CTD の Tyr1 を脱リン酸化し、終結因子 Pcf11・Rtt103 の呼び込みと正常な転写終結に要る（24413056）。終結を進めることを Pol II の働きの促進・抑制のどちらとみるか決められない
PPH21,CDC13,2026-10-04,25387524,要旨では Cdc13 を脱リン酸化する PP2A の触媒サブユニットとして Pph22 だけが出てくる。PMC 本文はなく、Pph21 も働くかは確かめられない。PPH22 ⊣ CDC13 は採用
MEC1,GLC7,2026-10-04,20190278,20190278 は Mec1/Tel1 などの基質を質量分析で網羅的に探した論文で、Glc7 の S3 のリン酸化の作用は書かれていない。ほかに Mec1 と Glc7 のリン酸化の論文は見つからなかった
MEC1,HSP12,2026-10-04,17563356;20190278,どちらも DNA 損傷チェックポイントのキナーゼの基質を網羅的に探したリン酸化プロテオミクスで、Hsp12 の S21 のリン酸化の作用は書かれていない
MEC1,NDD1,2026-10-04,20190278;24324010;25894965,20190278 は網羅的な解析。DNA 損傷での Ndd1 の抑制は Rad53 に依存するリン酸化による（24324010）か、Mec1/Tel1 と Swe1 による Cdk1 の抑制を介した安定化（25894965）で、Mec1 による Ndd1 の S525 のリン酸化の作用は分からない
MEC1,SLT2,2026-10-04,19805511,カフェインで Mpk1（Slt2）の S423・S428 がリン酸化され、これは Mec1/Tel1 と Rad53 に依存する。S423 のリン酸化は Swi4 との結合を妨げて SBF の活性化を止めるが、S428 の作用と Mec1 による直接のリン酸化かどうかは書かれていない
MEC1,RFA2,2026-10-04,14642562;12967660;16118184;18922789;23355394,Mec1 は Rfa2 を体内でも試験管内でもリン酸化する（16118184 は S122）。リン酸化を模した変異は減数分裂の交叉の分布を変える（16118184）一方、SQ 部位をなくしてもテロメア長や DNA 損傷感受性は変わらない（12967660）。Rfa2 の働きを促すか抑えるかは決められない。18922789・23355394 は Mec1 の活性化因子の論文
CDC28,HCM1,2026-10-04,26269584;24714560,24714560: C 末端のリン酸化は働きに要るが、N 末端のリン酸化は分解を促す。部位によって効き方が逆なので決めない
CDC28,SFI1,2026-10-04,24954044;25340401,Cdk1 のリン酸化は SPB の複製を抑える一方、橋の切断（SPB の分離）は促す。時期によって効き方が逆なので決めない
CDC28,FIR1,2026-10-04,14574415;21658602;24186061;31101497;30455324,BioGRID の論文はプロテオームの試験管内スクリーニングとドッキングの解析のみ。Fir1 の論文（30455324）にも CDK による調節の記載はない
CDC28,XBP1,2026-10-04,14574415;21658602;24186061;34502421;34694336,34502421 は G1-Cdk1 が K/R モチーフで Xbp1 をリン酸化すると示すが働きへの影響はない。Xbp1 の論文を探しても Cdk1 によるリン酸化の作用は見つからない
CDC28,BNI1,2026-10-04,14574415;27068241;31101497;24133141,27068241 は Bni1 ではなくフィンブリン（Sac6）の論文。24133141 は Cdk1 活性がアクチンケーブル形成に必要と示すが Bni1 のリン酸化の作用ではない
CDC28,BUD3,2026-10-04,14574415;24319056;31101497;22185758,24319056 は Cdc14 による Bud3 の脱リン酸化の論文で、Cdk1 によるリン酸化の作用は述べない。22185758 は Cdk1 が Bud4 を調節する論文
CDC28,MPS2,2026-10-04,15744308;14574415;21700874,SPB のリン酸化プロテオームと試験管内スクリーニングのみ。Mps2 の Cdk1 リン酸化の作用を述べる論文は見つからない
CDC28,MSA1,2026-10-04,14574415;21658602;34648313;19520826;18948746;18160399,34648313 は Msa1 ではなく Rpb1 の論文（BioGRID の記録の誤りの可能性）。19520826 は CDK1 が Msa1 の核内移行を制御すると述べるが、要旨では向きが分からず、PMC 本文は取得できない
CDC28,PLM2,2026-10-04,14574415;21658602;24186061,試験管内スクリーニングと特異性の解析のみ。Plm2 の Cdk1 リン酸化の作用を述べる論文は見つからない
CDC28,TOS4,2026-10-04,14574415;21658602;24714560;32553169;33713703,24714560 は Tos4 を含む転写因子 4 つの分解に Cdk1 のリン酸化が必要と述べるが、Tos4 の働きへの影響は要旨にない（抑制因子として名指しされるのは Yox1・Yhp1）
MEC1,RFA1,2026-10-04,14642562;12967660;18922789;23355394;36996117,14642562 では Mec1 部位 S178 の変異はチェックポイント応答に影響しないとし、36996117 では S178 のリン酸化が Mec1-Ddc2 の動員を強めるとする。食い違うため決めない
MEC1,LCD1,2026-10-04,10950868;26798134;42441399;31340146;36996117,10950868 は Mec1 依存の Ddc2 のリン酸化のみ。36996117・31340146 は Ddc2 のリン酸化が損傷部位への動員を調節すると述べるが、そのリン酸化を Mec1 によるものと示していない
FUS3,DIG2,2026-10-04,11525741;9094309;16319894;17963515,9094309 はリン酸化による Ste12 の解放を「may」と推測するのみ。11525741 は Far1 の論文、16319894 はプロテインチップの網羅的な試験管内実験
SSU72,RPO21,2026-10-04,24413056;15960978;22020438;25339178,Ssu72 は Ser5 の脱リン酸化酵素だが、Pol II の働きを上げるか下げるかは要旨から決められない。24413056 は Glc7、22020438 は Cdc14 による脱リン酸化の論文
CDC28,APC1,2026-10-04,23751495;39401078;10871279,23751495 は Cdk1 による APC のリン酸化が APC-Cdc20 を活性化するとし、PMC 本文で Apc1 にも Cdk1 依存のリン酸化があると述べるが、機能を確かめた 12 部位は Cdc16・Cdc23・Cdc27 のもの。10871279 も TPR サブユニットのみ。39401078 は構造論文で、出芽酵母では Apc1 のリン酸化で外れる自己抑制部分の証拠がないとする。Apc1 自体の作用は決められない
CDC28,APC5,2026-10-04,16319894;39401078;10871279,16319894 はプロテインチップの試験管内の網羅的解析。39401078 は構造論文で Apc5 のリン酸化の作用は書かれない。10871279 の機能部位は Cdc16・Cdc23・Cdc27 のみ
CDC28,BUD6,2026-10-04,14574415;40341598;11071900,40341598 は Clb2 のリン酸結合ポケットの変異で Bud6 の多部位リン酸化が試験管内で減ることのみ。14574415 は網羅的スクリーニング。Bud6 の働きへの作用を書いた論文は見つからなかった
CDC28,CLB2,2026-10-04,18558651;26715668,18558651 は Clb2-Cdc28 による Swe1 のリン酸化、26715668 は Cdk1 Y19 の脱リン酸化の論文で、要旨に Cdc28 が Clb2 をリン酸化する記述がない。探しても見つからなかった
CDC28,DDC1,2026-10-04,15744308;14574415;18541674,15744308・14574415 は Cdk1 基質の網羅的解析。18541674 は Ddc1 T602 のリン酸化が Dpb11 の働きに要ることを示すが、そのリン酸化を Cdk1 によるものとは書いていない
CDC28,DPB2,2026-10-04,14747467;14574415,14747467 は Cdc28 が Dpb2 S144 をリン酸化することを示すが、Pol2 との結合や Pol ε の活性を助けると「示唆」するのみ（CDK 部位変異は pol2-11 と合成表現型）。直接の作用は示されていない
CDC28,GIC2,2026-10-04,25049391;34502421,25049391 は Clb5-Cdc28 による Cdc14 S429 のリン酸化、34502421 は G1 サイクリンの K/R 結合モチーフの論文で、どちらの要旨にも Gic2 が出てこない。追加の検索でも見つからなかった
CDC28,MIH1,2026-10-04,14574415;18316413,18316413 は Cdk1 が Mih1 を直接リン酸化しているようで、分裂期に入るときの Mih1 の脱リン酸化の開始に要るとするのみ。Cdk1 による Cdc25 の活性化は他の生物での先行研究として触れられるだけ
CDC28,NRM1,2026-10-04,24186061;34502421;40883509,24186061・34502421 の要旨に Nrm1 が出てこない。40883509 は CDK1 による Nrm1 のリン酸化がクロマチンからの解離を起こすと示すが分裂酵母の論文
CDC28,ORC1,2026-10-04,14574415;21289063,21289063 で CDK による ORC の抑制を担うのは Orc2 と Orc6 のリン酸化。Orc1 は試験管内で高濃度の Clb5-Cdk1 でリン酸化されるのみ（BioGRID 注記）
CDC28,PXL1,2026-10-04,14574415;21658602;34133210,14574415・21658602 は網羅的解析。34133210 は Cdk1 による Pxl1 のリン酸化が収縮環への局在を抑えると示すが分裂酵母の論文
CDC28,RTT109,2026-10-04,21658602;34502421,どちらの要旨にも Rtt109 が出てこない（21658602 はサイクリン特異性の網羅的解析）。検索でも Cdk1 による Rtt109 の調節は見つからなかった
CDC28,SEN1,2026-10-04,14574415;32553169,32553169 は Clb3-Cdk1 による Csa1（Ypr174c）のリン酸化の論文で、要旨に Sen1 が出てこない。検索でも見つからなかった
CDC28,SPA2,2026-10-04,14574415;40341598;27061942,40341598 は Spa2 の多部位リン酸化が試験管内で減ることのみ。27061942 は Cdc28 によるリン酸化が Spa2 の局在を保つと示すが Candida albicans の論文
CDC28,SPC29,2026-10-04,21700874;34502421;30044722,30044722 で機能に決定的なのは Mps1 部位（T18・T240）で、Cdk1 部位の変異は MPS1 変異があるときだけ大きな影響を示す。21700874 は中心体のリン酸化プロテオーム、34502421 は試験管内の結合モチーフの論文
CDC28,TGL5,2026-10-04,14574415;32553169,32553169 の要旨に Tgl5 が出てこない。14574415 は網羅的スクリーニング。検索でも見つからなかった
CDC28,YML119W,2026-10-04,14574415;21658602,どちらも Cdk1 基質の網羅的解析で、YML119W の働きへの作用は書かれていない
CDC28,YTA7,2026-10-04,14574415;34471130;22156209,34471130 は S-CDK のリン酸化が Yta7 の ATP 加水分解を高めると試験管内の再構成で示す（活性化）。22156209 は Cdk1 と CK2 による過剰リン酸化が Yta7 を HTA1 のクロマチンから外し境界の働きを解くと示す（抑制）。向きが論文で分かれる
CDC5,RAD53,2026-10-04,20126259;20046099;20962588,20126259・20962588 は Cdc5 の過剰発現で Rad53 の過剰リン酸化と活性が失われ適応が起こるとするが、直接のリン酸化は示さない。20046099 は Cdc5 と Cdc28 が Rad53 を試験管内でリン酸化し、その部位を失うと適応が早まる（リン酸化は適応を遅らせる側）とする。向きが論文で分かれる
CDH1,ACM1,2026-10-04,18498748;21460798;18596038;25072887,18498748 は APC-Cdh1 も Acm1 の分解を促すとするが、21460798 と 18596038 は Acm1 は APC-Cdh1 の基質ではない（野生型は試験管内でポリユビキチン化されない）とし、25072887 は G1 の Acm1 分解は APC に依存しないとする。論文で食い違う。なお Acm1 は Cdh1 を抑える側
IPL1,SLI15,2026-10-04,24558497;21727193,生体内ではリン酸化で Sli15 が微小管に結合しにくくなる（24558497・21727193）が、23814063 は Ipl1 の活性化に要るとする。働きの面によって逆なので決めない
CDC14,LTE1,2026-10-04,12432084;12498684;21149565,Cdc14 は Lte1 を脱リン酸化し（試験管内でも直接）、終期に Lte1 を芽の表層から外す（12432084・12498684）。Lte1 の表層での働き（分裂期の終了の促進・Ras/Bud1 の抑制、21149565）が脱リン酸化で止まるとは書かれておらず、局在の変化だけなので向きを決めない
CDC14,RIM4,2026-10-04,37659077,Cdc14 は Rim4 の Bmh1/2 結合部位を脱リン酸化する。本文では前期 I には核の Cdc14 が Rim4-mRNA 複合体の形成を助け、減数分裂の後期には細胞質の Cdc14 が Bmh1/2 を外して Rim4 の自食作用による分解を促すとあり、時期で作用が逆になるので向きを決めない
CDC14,SLD2,2026-10-04,17116692,Cdc14 を核小体にとどめないと Sld2・Dpb2 が効率よく脱リン酸化され、Clb5 がないと複製に欠陥が出る。Sld2 の働きが脱リン酸化で変わるとは要旨に書かれていない（遺伝学的な推論）ので向きを決めない
CDC5,DBF4,2026-10-04,8943332;21036905;19478884,8943332 は Cdc5 と Dbf4 の結合と遺伝学的相互作用の論文で、要旨に Cdc5 による Dbf4 のリン酸化は出てこない。21036905 は Dbf4 が Cdc5 を阻害する逆向きの関係。Cdc5 が Dbf4 の働きを変えるという論文は見つからなかった
CDC5,FKH2,2026-10-04,17122856,要旨では Cdc5 は Ndd1 をリン酸化する。本文で Fkh2 は Cdc5 と結合するが Cdc5 には弱くしかリン酸化されないとあり、Fkh2 の働きへの作用は調べていない
CKA1,SPT23,2026-10-04,19597489,BioGRID の 19597489 は Ess1（Pin1）が Spt23 のユビキチン化の程度を決める論文で、要旨に CK2 は出てこない（PMC の本文なし）。Spt23 と CK2 を合わせた検索でも他の論文なし
CKA2,SPT23,2026-10-04,19597489,BioGRID の 19597489 は Ess1（Pin1）が Spt23 のユビキチン化の程度を決める論文で、要旨に CK2 は出てこない（PMC の本文なし）。Spt23 と CK2 を合わせた検索でも他の論文なし
CLB2,ORC6,2026-10-04,22078879;21289063;15744308,22078879 の要旨に Orc6 は出てこない。CDK による Orc6 のリン酸化が Cdt1 との結合と MCM の装着を抑える（21289063）のは試験管内の再構成で、サイクリンも特定しない。15744308 では Orc6 は Clb5 を好む基質で、Clb2 に特有の作用は示されていない
IPL1,FIN1,2026-10-04,19948764;37405742;34033659,19948764 は Fin1 が PP1 の調節サブユニットで、リン酸化と 14-3-3 の結合で調節されるとするだけで、Ipl1 のリン酸化の作用は書かれていない。37405742・34033659 は Fin1 を脱リン酸化するのは Cdc14 とし、Ipl1 の作用は書かれていない
MEC1,DUN1,2026-10-04,12967660;17114794,12967660: Dun1 は試験管内で Mec1・Tel1 の基質だが、SQ 部位をなくした Dun1 変異はテロメア長にも DNA 損傷感受性にも影響しない。17114794: Dun1 を活性化するのは Rad53 による T380 のリン酸化。Mec1 の直接のリン酸化の作用は示されていない
PHO85,SWI5,2026-10-04,10692159;9593297,10692159: Swi5 は試験管内で Pho80-Pho85 にリン酸化され、pho85 欠失で Swi5 の標的遺伝子の一部の発現が乱れるが、作用の向きは示されていない（「基質の候補」とする）。9593297 は Swi5 が PCL9 を活性化する論文
PKC1,FKH2,2026-10-04,22966207,22966207 の要旨では Pkc1 がリン酸化して抑えるのは Ndd1 で、Fkh2 のリン酸化（BioGRID の注記では弱いリン酸化）の作用は書かれていない（PMC の本文は取得できず）
PPH22,TOM6,2026-10-04,40891445,40891445: 合成のトラップペプチドで PP2A（Cdc55）と PP4 が Tom6 に結合し、PP2A は試験管内で Tom6 の S16 を脱リン酸化する。生体内での作用（TOM の形成や輸入への影響）は示されていない
SSN3,SNF1,2026-10-04,27524664,27524664 の本文: Ssn3 は試験管内で Snf1 サブユニットを弱くリン酸化するが、抑制に働く S214 は Ssn3 の部位ではない。S214 をリン酸化するキナーゼは不明とされ、Ssn3 による Snf1 の働きへの作用は示されていない
SWE1,ECO1,2026-10-04,36693376,36693376 の本文: Eco1 は Swe1 の標的（Y164、図 S1A）と確認したが、Swe1 の部位を変えた Eco1 も生育を支え、Smc3 のアセチル化の量と時期は野生型と同じ。作用は示されていない
CDC28,CBK1,2026-10-04,19779198;21135117;20573982,19779198 は大規模なリン酸化プロテオミクス。21135117 は Cbk1 が細胞質分裂の前に「おそらく CDK のリン酸化で」負に制御されると推測するのみ。20573982 は Cdc28 が Ace2 の CDK 部位をリン酸化するとし、Cbk1 への作用は書かれていない
CTK1,ASH1,2026-10-04,21177495,21177495 は 97 のキナーゼを欠いた株の大規模なリン酸化プロテオミクスで、個別の作用の記述はない。Ctk1 と Ash1 を合わせた検索でも論文なし
CTK1,GPD1,2026-10-04,21177495,21177495 は 97 のキナーゼを欠いた株の大規模なリン酸化プロテオミクスで、個別の作用の記述はない。Ctk1 と Gpd1 を合わせた検索でも論文なし
CTK1,MSN4,2026-10-04,21177495,21177495 は 97 のキナーゼを欠いた株の大規模なリン酸化プロテオミクスで、個別の作用の記述はない。Ctk1 と Msn4 を合わせた検索でも論文なし
CTK1,SEC16,2026-10-04,21177495,21177495 は 97 のキナーゼを欠いた株の大規模なリン酸化プロテオミクスで、個別の作用の記述はない。Ctk1 と Sec16 を合わせた検索でも論文なし
CTK1,STE20,2026-10-04,21177495,根拠は大規模リン酸化プロテオミクス（キナーゼ欠損での変化）のみ。PubMed で Ctk1 と Ste20 を併せて探した論文（37958899 は相互作用の解析）にリン酸化の作用はない
CTK1,YPK1,2026-10-04,21177495,根拠は大規模リン酸化プロテオミクスのみ。Ctk1 と Ypk1 を併せた論文は見つからない
MEC1,DNA2,2026-10-04,20190278;22682245;26019182,根拠は質量分析による大規模な基質探索のみ。22682245 は分裂酵母の Cds1 による Dna2 S220 の論文で出芽酵母の Mec1 ではない。26019182 はカフェインによる Dna2 の減少で Mec1 とは独立
RAD53,NET1,2026-10-04,17563356,根拠は大規模リン酸化プロテオミクスのみ。Rad53 と Net1 を併せた論文は見つからない
SSN3,GIN4,2026-10-04,21177495,根拠は大規模リン酸化プロテオミクスのみ。Ssn3（Srb10/Cdk8）と Gin4 を併せた論文は見つからない
SSN3,PHO84,2026-10-04,21177495,根拠は大規模リン酸化プロテオミクスのみ。Ssn3（Srb10/Cdk8）と Pho84 を併せた論文は見つからない
IPL1,HHT1,2026-10-04,10975519;11498592;19605555;21393511,Ipl1 は分裂期のヒストン H3 S10 のリン酸化を担う（10975519）が、リン酸化と染色体分離の因果は示されていないと要旨に明記。21393511 は後期の凝縮に Ipl1 と H3 S10 が関わるとするが、ヒストンの働きの促進・抑制とは書けない。11498592 は Snf1 の論文
CDC5,NUD1,2026-10-04,17967947;18178775;40601630;27159239,18178775 では Cdc28 と Cdc5 が Nud1 などのリン酸化に要り試験管内でもリン酸化するが、作用は「示唆」のみ。40601630 では Nud1 は Cdc5 を SPB に呼ぶ側（向きが逆）
CDC5,SPC72,2026-10-04,17967947;18022565;33135999;27159239,18022565 で Cdc5 が Spc72 をリン酸化（試験管内と生体内）。33135999 では Cdc5 が Spc72 の SPB への呼び込みの時期を決めるが、本文に「リン酸化の調節の働きはまだ明らかでない」と明記
CDC7,MCM3,2026-10-04,9407029;10508166;35296675,Cdc7-Dbf4 は試験管内で Mcm2-7 の複数のサブユニット（Mcm3 を含む）をリン酸化する（10508166）。作用が示されているのは Mcm2（9407029）と Mcm4（35296675）で、Mcm3 の働きへの作用は書かれていない
DBF2,CDC13,2026-10-04,16319894;16242037,根拠はプロテインチップ（試験管内）のみ。Dbf2 と Cdc13 を併せた論文は見つからない
DBF2,FPK1,2026-10-04,16319894;16242037,根拠はプロテインチップ（試験管内）のみ。Dbf2 と Fpk1 を併せた論文は見つからない
DBF2,PAH1,2026-10-04,16319894;16242037,根拠はプロテインチップ（試験管内）のみ。Dbf2 と Pah1 を併せた論文は見つからない
FCP1,RPO21,2026-10-04,16301539;11904169;11751637,Fcp1 は CTD のリン酸化セリンを外す（16301539）。Ser2 のリン酸化に Ctk1 と逆向きに働く（11751637）が、Pol II の働きを促すか抑えるかは転写の段階で異なり、要旨からは決められない
CKA1,DAM1,2026-10-04,21633108,要旨は CK2 による Mif2・Ndc10 のリン酸化。本文では Dam1 複合体も CK2 で試験管内リン酸化されるが、体内での働きへの効果は書かれていない。PubMed で CK2 と Dam1 を検索しても他の論文なし
CKA1,MIH1,2026-10-04,18316413,本文の試験管内スクリーニングで Cka1/2 は Mih1 を部分的に過リン酸化するが、Cka1/2 を止めても体内の Mih1 のリン酸化は変わらない（本文）。体内の主なキナーゼはカゼインキナーゼ 1（Yck1/2）。働きへの効果は不明
CKA2,DAM1,2026-10-04,21633108,CKA1→DAM1 と同じ。試験管内でのリン酸化のみ
CKA2,MIH1,2026-10-04,18316413,CKA1→MIH1 と同じ。試験管内のみで体内では影響なし
ESA1,ABP140,2026-10-04,19303850,タンパク質チップでの網羅解析のみ。本文の検証候補にも入らない。PubMed で Abp140 のアセチル化を検索しても他の論文なし
ESA1,CDC34,2026-10-04,19303850,タンパク質チップで見つかり、本文で試験管内と体内のアセチル化は確認されたが、Cdc34 の働きへの効果は書かれていない。PubMed で他の論文なし
ESA1,GSY2,2026-10-04,19303850,タンパク質チップで見つかった候補。本文の試験管内検証では確認された 13 個に入らない。働きへの効果の記述なし
ESA1,TAP42,2026-10-04,19303850,タンパク質チップで見つかり体内のアセチル化も確認されたが、Tap42 の働きへの効果は考察で推測されるのみ。PubMed で他の論文なし
ESA1,WHI5,2026-10-04,19303850,タンパク質チップでの網羅解析のみ。PubMed で Whi5 のアセチル化を検索しても該当する論文なし
PPH21,MIH1,2026-10-04,18316413,PP2A-Cdc55 が Mih1 を脱リン酸化する。本文の考察では cdc55Δ からは過リン酸化型の活性が低く、yck 変異からは脱リン酸化型の活性が低いと読め、著者自身が向きを結論できないとしている
PPH22,MIH1,2026-10-04,18316413,PPH21→MIH1 と同じ。脱リン酸化の働きへの効果は著者も結論を保留
SGV1,MIH1,2026-10-04,18316413,本文の試験管内スクリーニングで Sgv1 は Mih1 を部分的に過リン酸化するが、Sgv1 を止めても体内の Mih1 のリン酸化は変わらない。働きへの効果は不明
CDC28,AKL1,2026-10-04,19779198,Cdk1 基質の網羅的リン酸化プロテオミクスのみ。PubMed で Akl1 のリン酸化を検索しても Cdk1 によるものはない（Akl1 は Fpk1 に抑えられる、28069741）
CDC28,GAL4,2026-10-04,19779198,網羅的リン酸化プロテオミクスのみ。PubMed で Gal4 と Cdc28 のリン酸化を検索しても該当なし
CDC28,UBR1,2026-10-04,19779198;19033468,網羅的プロテオミクスのみ。19033468 では Ubr1 の S300 は Yck1/2、S296 は Mck1 がリン酸化するとしており、Cdc28 とは食い違う
KIN28,GAL4,2026-10-04,10360183,要旨は Srb10 による Gal4 S699 のリン酸化で、Kin28 や S837 の記述はない。PMC に全文がなく確認できない
MEC1,MCD1,2026-10-04,20190278;18614046,20190278 は網羅的リン酸化プロテオミクス。18614046 は Mec1 の下流で Chk1 が Mcd1 の S83 をリン酸化して損傷誘導の接着を促すとするが、Mec1 による S307 の直接リン酸化の働きは書かれていない
RAD53,MCD1,2026-10-04,17563356;18614046,17563356 は網羅的リン酸化プロテオミクス。Rad53 による T119 のリン酸化の働きを書いた論文は見つからない（18614046 は Chk1 による S83）
ULP2,SMT3,2026-10-04,20516210;25833950;27631802;29903909,25833950・27631802 は試験管内の SUMO 鎖の分解、20516210 は Wss1 の論文、29903909 は Ulp2 の基質特異性。SUMO 自体の働きを上げるか下げるかは書かれていない
DIA2,CTF4,2026-10-04,19910927;32804080;34700328;35011329,19910927 は SCF(Dia2) が Ctf4 を体内・試験管内でユビキチン化すると示すが、働きへの効果は書かれていない。35011329 では dia2Δ で Ctf4 のクロマチン結合が長引くが、細胞周期の延長と区別されていない。32804080・34700328 は Mcm7 の論文
ESA1,HTA1,2026-10-04,10082517;20810648;26420880;25841019;42103225,H2A のアセチル化が H2A 自体の働きをどう変えるかは書かれていない（25841019 は NuA4 と Htz1 の取り込み、42103225 は Sfp1 のアセチル化）
ESA1,HHT1,2026-10-04,10082517;20810648;27550811;26420880,26420880 は Piccolo NuA4 が試験管内で H3K14 もアセチル化することを示すのみ。H3 の働きへの効果の記述なし
ESA1,HHT2,2026-10-04,10082517;20810648;26420880,ESA1→HHT1 と同じ。試験管内の部位解析のみ
ESA1,HTA2,2026-10-04,10082517;26420880;25841019,Esa1/NuA4 が H2A をアセチル化するという記述のみで、H2A のアセチル化が H2A の働きを高めるか下げるかを明記した要旨はない（Esa1 AND H2A で検索）
DBF2,ADD37,2026-10-04,16319894;16242037,どちらもプロテインチップによる試験管内の網羅解析のみ。Dbf2/Mob1/分裂終期ネットワークと ADD37 の論文は PubMed で 0 件
DBF2,ADK1,2026-10-04,16319894;16242037,どちらもプロテインチップによる試験管内の網羅解析のみ。Dbf2/Mob1/分裂終期ネットワークと ADK1 の論文は PubMed で 0 件
DBF2,AIM3,2026-10-04,16319894;16242037,どちらもプロテインチップによる試験管内の網羅解析のみ。Dbf2/Mob1/分裂終期ネットワークと AIM3 の論文は PubMed で 0 件
DBF2,AVT4,2026-10-04,16319894;16242037,どちらもプロテインチップによる試験管内の網羅解析のみ。Dbf2/Mob1/分裂終期ネットワークと AVT4 の論文は PubMed で 0 件
DBF2,CUZ1,2026-10-04,16319894;16242037,どちらもプロテインチップによる試験管内の網羅解析のみ。Dbf2/Mob1/分裂終期ネットワークと CUZ1 の論文は PubMed で 0 件
DBF2,HAB1,2026-10-04,16319894;16242037,どちらもプロテインチップによる試験管内の網羅解析のみ。Dbf2/Mob1/分裂終期ネットワークと HAB1 の論文は PubMed で 0 件
DBF2,KKQ8,2026-10-04,16319894;16242037,どちらもプロテインチップによる試験管内の網羅解析のみ。Dbf2/Mob1/分裂終期ネットワークと KKQ8 の論文は PubMed で 0 件
DBF2,NVJ2,2026-10-04,16319894;16242037,どちらもプロテインチップによる試験管内の網羅解析のみ。Dbf2/Mob1/分裂終期ネットワークと NVJ2 の論文は PubMed で 0 件
DBF2,OSH2,2026-10-04,16319894;16242037,どちらもプロテインチップによる試験管内の網羅解析のみ。Dbf2/Mob1/分裂終期ネットワークと OSH2 の論文は PubMed で 0 件
DBF2,PRE10,2026-10-04,16319894;16242037,どちらもプロテインチップによる試験管内の網羅解析のみ。Dbf2/Mob1/分裂終期ネットワークと PRE10 の論文は PubMed で 0 件
DBF2,PRM10,2026-10-04,16319894;16242037,どちらもプロテインチップによる試験管内の網羅解析のみ。Dbf2/Mob1/分裂終期ネットワークと PRM10 の論文は PubMed で 0 件
DBF2,RNT1,2026-10-04,16319894;16242037,どちらもプロテインチップによる試験管内の網羅解析のみ。Dbf2/Mob1/分裂終期ネットワークと RNT1 の論文は PubMed で 0 件
DBF2,RRP5,2026-10-04,16319894;16242037,どちらもプロテインチップによる試験管内の網羅解析のみ。Dbf2/Mob1/分裂終期ネットワークと RRP5 の論文は PubMed で 0 件
DBF2,TEF2,2026-10-04,16319894;16242037,どちらもプロテインチップによる試験管内の網羅解析のみ。Dbf2/Mob1/分裂終期ネットワークと TEF2 の論文は PubMed で 0 件
DBF2,VHS2,2026-10-04,16319894;16242037,どちらもプロテインチップによる試験管内の網羅解析のみ。Dbf2/Mob1/分裂終期ネットワークと VHS2 の論文は PubMed で 0 件
DBF2,VPS27,2026-10-04,16319894;16242037,どちらもプロテインチップによる試験管内の網羅解析のみ。Dbf2/Mob1/分裂終期ネットワークと VPS27 の論文は PubMed で 0 件
DBF2,YBR138C,2026-10-04,16319894;16242037,どちらもプロテインチップによる試験管内の網羅解析のみ。Dbf2/Mob1/分裂終期ネットワークと YBR138C の論文は PubMed で 0 件
DBF2,YPL150W,2026-10-04,16319894;16242037,どちらもプロテインチップによる試験管内の網羅解析のみ。Dbf2/Mob1/分裂終期ネットワークと YPL150W の論文は PubMed で 0 件
FUS3,DIG1,2026-10-04,11525741;9094309;8918885;9860980;17963515;14734536,Dig1 は Fus3 免疫複合体の基質だが、リン酸化による Ste12 の放出は「may」の推測にとどまり、リン酸化が Dig1 の働きに与える効果を明記した要旨はない
FUS3,STE12,2026-10-04,8334305;11525741;2026326;9860980;9744865,8334305 は試験管内キナーゼ反応から「FUS3 が STE12 を直接活性化するモデル」を提案するのみ。2026326 はフェロモン依存のリン酸化と転写活性化の相関でキナーゼ名がない。体内で Fus3 のリン酸化が Ste12 を活性化すると明記した要旨は見つからず
FUS3,STE5,2026-10-04,8314085;15322134;30726174;29719261;29547722;20400943,論文により向きが逆。15322134 はフィードバックのリン酸化が Ste5 を増やし経路を強めるとする一方、30726174・29547722・29719261 は Fus3 による Ste5 のリン酸化を負のフィードバックとし、20400943 はリン酸化で Fus3 が Ste5 から離れるスイッチとする
GIN4,SHS1,2026-10-04,12058072;16319894;12636916,Gin4 依存の Shs1 のリン酸化と「重要な標的」という遺伝学的示唆、セプチンの固定化が Gin4 に依存するという記述のみ。リン酸化が Shs1 の働きをどちらに変えるかは明記されていない
HOS1,SMC3,2026-10-04,20832720;20797861,Hos1 は分裂後期に Smc3 を脱アセチル化し、非アセチル化 Smc3 が次の周期の接着確立に必要とされる一方、アセチル化は接着の確立を促し Hos1 の過剰発現は接着の欠陥を起こす。周期によって効果が逆なので向きは決めない
HSL1,HSL7,2026-10-04,11408575;19211841;23042131,Hsl7 は免疫複合体のキナーゼ反応で Hsl1 にリン酸化されるが、働きに必要なのは Hsl1 との結合で、リン酸化の効果は要旨にない
IPL1,ASK1,2026-10-04,19158380;28191870;11799062,19158380 は Nbl1 の論文、28191870 は Ndc80 複合体と Dam1 環の論文で、Ask1 のリン酸化の効果は要旨にない。11799062 は Ipl1 が Dam1 のリン酸化を調節するとするのみ
IPL1,CBF2,2026-10-04,10072382;21633108;22870406,10072382 は Ipl1 が試験管内で Ndc10 をリン酸化し動原体の働きを調節する「と提案」するのみ。21633108 は CK2 との相互作用（協調）を述べ、Aurora B によるリン酸化自体の効果の向きは書かれていない
IPL1,MIF2,2026-10-04,21633108;36736323;14581449,14581449 は Mif2 が Ipl1 の重要な体内標的とするのみ。36736323 は Mif2-PEST のリン酸化が内側動原体の形成を促すがキナーゼ名が要旨にない。21633108 は CK2 と拮抗するとするのみで向きは不明
IPL1,SPC34,2026-10-04,19158380;28191870;11799062;11756468,Spc34 のリン酸化の効果を述べる要旨は見つからず（Ipl1 AND Spc34、Spc34 phosphorylation で検索）
MEC1,RAD55,2026-10-04,16793401;20061370;27001511,Mec1 が Rad55 の S378 を直接リン酸化し、Mec1 活性化の目印（センチネル）になるという記述のみで、Rad55 の働きへの効果は要旨にない
MMS21,SGS1,2026-10-04,33446573;35654140;27298337;27373152;27664093;32540865,27298337・27373152 は Mms21（Smc5/6）による Sgs1 の SUMO 化が Sgs1 の働きに必要とするが、32540865 はその表現型の多くが HA タグによるもので、タグなしの SUMO 部位変異体はほぼ野生型と報告し矛盾する。BioGRID の 33446573・35654140 は Esc2 や DNA による SUMO 化の促進の論文
PPH3,RAD53,2026-10-04,17517611;22333918;18441009;18628397,論文が食い違う。17517611 は Pph3-Psy2 が活性化した Rad53 を脱リン酸化しフォーク再開に必要と述べ、18628397 は pph3Δ で Rad53 が過剰に働くとするが、18441009 は pph3Δ でも MMS のあと Rad53 のキナーゼ活性は過剰リン酸化のまま失われると述べる。22333918 は Maf1 の論文
RAD53,RAD55,2026-10-04,16966380;20061370;16793401,16966380 は Rad55 の S2・S8・S14 のリン酸化が組換え修復を活性化すると述べるが、要旨に Rad53 によるとは書かれておらず PMC 本文もない。20061370 は Mec1 の S378、16793401 は Rad53 については試験管内の方法のみ
RIM11,PAH1,2026-10-04,16319894;35780834,16319894 はプロテインチップの網羅解析。35780834 で Rim11 のリン酸化は試験管内で PA ホスファターゼ活性を下げるが、同じ部位が Nem1-Spo7 による膜への局在（働きに必要）に必要とも述べ、向きが決まらない
RSP5,BSC5,2026-10-04,17551511;22307975,17551511 はプロテインアレイの網羅解析。22307975 は Bul3（BSC5）が Rsp5 のアダプターと示すが、Rsp5 によるユビキチン化が Bul3 の働きにどう効くかは書かれていない
RSP5,BSD2,2026-10-04,17429078;23443663;14988731,いずれもアダプター Bsd2 が Rsp5 を基質へ呼び込む仕組みの論文で、Bsd2 自身のユビキチン化の働きへの効果は書かれていない。23443663 は Rsp5 の SUMO 化の論文
RSP5,BUL1,2026-10-04,17551511;22307975,17551511 はプロテインアレイの網羅解析。22307975 は Bul 群がアダプターとして拮抗的に働くと述べるが、Bul1 のユビキチン化の効果は書かれていない
RSP5,CPS1,2026-10-04,17429078;19744925;14988731,Cps1 のユビキチン化は多胞体経路で液胞内腔へ運ぶ目印（17429078・14988731）。Rsp5 と Cps1 の結合様式（19744925）。酵素としての働きを促すか抑えるかは書かれていない
RSP5,ECM21,2026-10-04,17028178;18953286,17028178 は Rsp5 が Ecm21 を K63 鎖でポリユビキチン化し Ubp2 が外すと示す。18953286 は Ecm21 が Smf1 のユビキチン化のアダプターと示す。Ecm21 のユビキチン化の効果は書かれていない
RSP5,LDB19,2026-10-04,24820415;29130884;18976803,24820415 は Ldb19 が PPXY で Rsp5 を Ste2 へ呼び込むと示し、18976803 は Rsp5 が ART も修飾すると述べるが、そのユビキチン化の効果は書かれていない（PMC 本文にもない）。29130884 はユビキチン S57 リン酸化の論文
RSP5,PAL1,2026-10-04,33667410;37561636,33667410 は OUT 法で Pal1 を Rsp5 の基質と同定し、試験管内と体内でユビキチン化を確認（PMC 本文）したが、Pal1 の働きや量への効果は書かれていない。37561636 は方法の論文
RSP5,ROG3,2026-10-04,17551511;24820415,17551511 はプロテインアレイの網羅解析。24820415 は Rog3 は N 末端のアレスチン領域だけで適応を促すと述べ、Rog3 のユビキチン化の効果は書かれていない
RSP5,RVS167,2026-10-04,17551511;28069708;14761940;33201982,14761940 は Rsp5 が Rvs167 の K481 をモノユビキチン化するが、このユビキチン化は Rvs167 の一般の働きに必要なく、SH3 を負に調節するかもしれないという推測にとどまる。28069708・33201982 も効果は書かれていない
RSP5,TRE1,2026-10-04,17551511;17429078;16456538,17429078 は Bsd2 を介した Tre1 の修飾を試験管内で再構成したもの。16456538 は Tre1 が Smf1 の分解のアダプターと示すが、Tre1 自身のユビキチン化の効果は書かれていない
RTR1,RPO21,2026-10-04,19394294;24951832,19394294 は Rtr1 が S5 から S2 リン酸化への移行に必須の CTD ホスファターゼで、欠失で転写が減り終結の異常も出ると述べ、24951832 は Rtr1 が転写から終結への移行を促すと述べる（BioGRID の注記ではクルイベロミセス・ラクティスの Rtr1）。伸長の促進と終結の促進のどちらとして Pol II の働きに効くかが決まらない
YCK1,PAH1,2026-10-04,16319894;31645435,16319894 はプロテインチップの網羅解析。31645435 で Yck1 のリン酸化は PA ホスファターゼ活性を高めるが、試験管内のみ
CBK1,FIR1,2026-10-04,30455324,Fir1 が Cbk1 を抑える（逆向き）。Cbk1 は試験管内で Fir1 をリン酸化するが、PMC 本文はそのリン酸化が Fir1 の働きを強めるか弱めるかは今後の課題と述べる
CBK1,SEC2,2026-10-04,18843045,Cbk1 は Sec2 に結合しリン酸化し、Sec4 依存のエキソサイトーシスを調節すると推測するのみ（PMC 本文も同じ）
CDC14,BUD3,2026-10-04,24319056,Cdc14 による Bud3 の脱リン酸化が正しい細胞質分裂に必須と述べるが、Bud3 の働きを促すか抑えるかは要旨に書かれておらず、PMC 本文からも読み取れない
CDC15,MOB1,2026-10-04,11404483,Cdc15 は Mob1 と結合した Dbf2 を活性化し、Mob1 は Dbf2 の S374・T544 のリン酸化を可能にする。Cdc15 による Mob1 のリン酸化の効果は要旨にも PMC 本文にも書かれていない
CDC15,RPO21,2026-10-04,28202544,Cdc15 は分裂期に CTD の Ser2・Ser5 をリン酸化する「候補のキナーゼ」とされ、不活性化で CTD のリン酸化が減り分裂期の遺伝子の発現に「影響する」とのみ述べ、Pol II の働きへの向きが明示されていない
CDC19,HHT1,2026-10-04,26527276,Pyk1（CDC19）を含む SESAME 複合体が H3T11 をリン酸化し、H3K4 メチル化とのクロストークと PYK1 の発現の自己調節にかかわると述べるが、ヒストンの働きを促すか抑えるかは書かれていない
MPS1,NDC80,2026-10-04,34647959,部位によって働きが逆（34647959 は微小管結合を弱める、40184422 は Dam1 との結合を促す）なので決めない
HRR25,SFB3,2026-10-04,23864707,脱リン酸化まで ER に戻れないという記述は COPII 被覆全体についてで、Sfb3（Lst1）に特定されていない
RAD53,MCK1,2026-10-04,31381575,Rad53 による Mck1 のリン酸化は試験管内だけで、活性化は考察のモデルの記述だけ
CKA1,HHF2,2026-10-04,16135807;15823538,CK2 は H4 S1 を試験管内でリン酸化し、損傷での誘導に必要。S1 リン酸化は NuA4 のアセチル化を下げ、NHEJ に「役割をもつ」とあるが H4 の働きへの向きは明記なし
CKA2,HHF2,2026-10-04,16135807;15823538,CKA1 と同じ。H4 の働きに対する向きが明記されていない
CLB2,RAD9,2026-10-04,23593009,Clb2 による Rad9 のリン酸化は試験管内のみ（体内は Clb1-6）。CDK 部位は Chk1 活性化に必要だが T125 は Rad9-Chk1 結合を妨げ、部位で効果が逆
HOG1,SPT5,2026-10-04,29155810,本文では Hog1 が試験管内で Spt5 もリン酸化したが、機能を追ったのは Spt4 のみ。Spt5 への効果は不明
HRR25,RPO21,2026-10-04,25411400,Hrr25 は試験管内で Rpb1 CTD の Ser5 をリン酸化するのみ。体内の機能の記述なし
HRR25,SWI6,2026-10-04,9012827,Hrr25 による Swi6 のリン酸化は試験管内のみ。遺伝学的な関係のみで向きは明記されない
HRR25,TOM22,2026-10-04,21215441;24093680,21215441 の要旨では Tom22 をリン酸化するのは CK2。24093680 の CK1 は要旨でアイソフォームが不明で、どちらも PMC 本文なし。Hrr25 を確かめられない
IME2,MCM3,2026-10-04,29388912,Ime2 による Mcm2-7 のリン酸化が装填を抑えるのは試験管内の再構成のみ。どのサブユニットかも本文で特定されない
IME2,MCM7,2026-10-04,29388912,MCM3 と同じ。試験管内の再構成のみでサブユニットは特定されない
IME2,ORC2,2026-10-04,29388912,Ime2 による ORC のリン酸化は試験管内で装填を約 50% 下げるのみ。体内の ORC 抑制は CDK によると本文が述べる
IME2,ORC6,2026-10-04,29388912,ORC2 と同じ
MCK1,MIH1,2026-10-04,18316413,mck1Δ で Mih1 の過剰リン酸化は減るが、Mck1 は試験管内で Mih1 を過剰リン酸化できず間接的とされる。Mih1 のリン酸化の機能も不明
MPS1,MOB1,2026-10-04,9436989,Mps1 による Mob1 のリン酸化は試験管内のみ。機能への効果の記述なし
TOR1,SSD1,2026-10-04,33566094,TORC1 による Ssd1 のリン酸化は試験管内のみ。機能を追ったのは Scd6 で、Ssd1 は「下流の可能性」にとどまる
UBP3,STE7,2026-10-04,11864977,ubp3Δ でポリユビキチン化 Ste7 が増え応答が強まるが、Ste7 の脱ユビキチン化が直接か、Ste7 の働きへの向きは明記されない
GCN5,HHF1,2026-10-04,8805705;9733731;19218239;21749977;24298021,Gcn5 による H4 のアセチル化は試験管内のみ。H4 の働きへの効果の記述なし（24298021 は Ume6 の論文、21749977 は H3 の論文）
GCN5,HHF2,2026-10-04,9733731;19218239;21749977;24298021,HHF1 と同じ。試験管内のみで H4 の働きへの効果は明記されない
HMT1,HHF1,2026-10-04,24068969;17158743,向きを示すのは 24068969 の考察のモデルの記述だけで、ほかは相関
HMT1,HHF2,2026-10-04,24068969;17158743,向きを示すのは 24068969 の考察のモデルの記述だけで、ほかは相関
SET5,HHF1,2026-10-04,22343720;22688645;31685550;27911222;24442241,Set5 は H4 の K5・K8・K12 をモノメチル化し、Set1 と共にテロメアや Ty の抑制・ストレス応答に働く。ただし H4 のメチル化そのものが H4 の働きをどう変えるかは書かれていない
ARK1,SLA1,2026-10-04,16319894;17978096;11739778;22825870;17178891,16319894 はタンパク質チップ。11739778 は免疫沈降した Sla1 に ARK1 依存のキナーゼ活性があると述べるだけ。Ark1 による Sla1 のリン酸化の機能的な効果を示す記述は見つからない（Sla1 の SR 反復の制御は Prk1 について書かれる）
SMK1,ISC10,2026-10-04,36063999;42054203,Smk1 は Isc10 の S97 をリン酸化し、リン酸化モチーフが Smk1 の活性部位を阻むとするが、細菌の共発現系と試験管内のみ。本文では S97A/D が自己リン酸化の阻害に影響しない。42054203 は Rps5 の論文で Isc10 に触れない
SMK1,SSP2,2026-10-04,36063999;42054203;28223369;26246597,Ssp2 は Smk1 の活性化因子だが、Smk1 が Ssp2 をリン酸化しその働きを変えるという記述は要旨・36063999 本文にない（42054203 は PMC 本文なし）
ASR1,CMD1,2026-10-04,21726536,Asr1 が Ca2+ 依存でカルモジュリンをユビキチン化することは試験管内で示されるが、カルモジュリンの働きへの効果は書かれていない。PubMed で他の論文なし
CDC28,APC11,2026-10-04,39401078,酵母と人の APC/C のクライオ電顕構造の比較。リン酸化型 APC/C の構造はあるが、Apc11 のリン酸化がその働きをどう変えるかは書かれていない
CDC28,APC2,2026-10-04,39401078,構造の論文。Apc2 個別のリン酸化の効果は書かれていない
CDC28,APC4,2026-10-04,39401078,構造の論文。Apc4 個別のリン酸化の効果は書かれていない
CDC28,CDC26,2026-10-04,39401078,構造の論文。Cdc26 個別のリン酸化の効果は書かれていない
CDC28,DOC1,2026-10-04,39401078,構造の論文。Doc1 個別のリン酸化の効果は書かれていない
CDC28,BOI1,2026-10-04,32553169;19779198,本文で Boi1 は PxF モチーフをもち Clb3-Cdk1 に試験管内で効率よくリン酸化されるとあるのみ。機能への効果なし。19779198 は網羅的なリン酸化部位の解析。PubMed で Boi1 と Cdk1 の他の論文なし
CDC28,CDC7,2026-10-04,8382976;9077449,Cdc7 のキナーゼ活性はリン酸化に依存し、cdc28 変異株の抽出液でリン酸化が温度感受性になるとあるが、Cdc28 が Cdc7 を活性化するとは明言されない（Cdc28 部位の変異はリン酸化パターンの変化のみ）。9077449 は cdc28-1N での Cdc7 T281A の遺伝学的相互作用から「Cdc28 がリン酸化で Cdc7 を活性化するという考えと矛盾しない」とする推測にとどまる
CDC28,CRN1,2026-10-04,27068241,本文で Cdk1 はコロニン Crn1 を試験管内でリン酸化する（補足図）。機能の解析は fimbrin（Sac6）についてで、Crn1 への効果は書かれていない
CDC28,HOF1,2026-10-04,21498574;35230542,21498574 は Cdc5 と Dbf2-Mob1 による Hof1 のリン酸化の論文で、Clb2/Cdk1 は試験管内でリン酸化するのみ（BioGRID 注記）。35230542 も Cdk1 による Hof1 のリン酸化の効果は書かない
CDC28,RAD30,2026-10-04,33033113,Cdc28 によるリン酸化は試験管内だけで、向きは推定部位の変異の表現型から
CDC28,SHS1,2026-10-04,18431499,リン酸化部位の変異で Gin4 との結合が損なわれるという間接の根拠だけ
CDC5,MIF2,2026-10-04,36736323,Cdc5 によるリン酸化の特定は試験管内が中心で、機能はリン酸化部位の変異からの推定
CDC5,POL32,2026-10-04,41951601,Cdc5 によるリン酸化の特定は試験管内が中心で、機能はリン酸化部位の変異からの推定
CDC28,MND2,2026-10-04,39401078;17459880,要旨と本文: 39401078 は APC/C の構造論文で Mnd2 のリン酸化部位は構造に見えないとするのみ。17459880 は Mnd2 の分裂期のリン酸化が減数第一分裂の進行に要るとするが、キナーゼは特定されていない
CDC28,MPS3,2026-10-04,34586062,本文: Cdc28-Clb5 は試験管内で Mps3 断片をリン酸化するが、著者は内腔側の部位は体内では CDK・DDK に直接リン酸化されないと結論しており、CDK の働きは間接
CDC28,MRE11,2026-10-04,24553123,要旨: MRX の分裂期のリン酸化は Cdc28 に依存し、リン酸化できないと NHEJ が優先されるとするのみで、Mre11 の働きを高めるか下げるかは書かれていない（PMC 本文なし）
CDC28,OKP1,2026-10-04,34308839,本文: Clb5-Cdk1 は試験管内で Okp1 の S26 をリン酸化するが、機能の解析は Ame1 のホスホデグロンが中心で、Okp1 自身のリン酸化の効果は示されていない
CDC28,PSY4,2026-10-04,35977012,要旨: Psy4 などを基にした合成生物学のセンサーで核と細胞質の移行の動態を調べた論文で、Psy4 本来の働きへの効果は書かれていない
CDC28,RTT106,2026-10-04,25602519;22156209,要旨: 25602519 は Cdc28 による Cac1 のリン酸化の論文で Rtt106 は出てこない（PMC 本文なし）。22156209 は Yta7 のリン酸化の論文で Rtt106 は位置決めされる側として出てくるのみ
CDC28,SWM1,2026-10-04,39401078,要旨と本文: APC/C の構造論文で、Swm1 のリン酸化とその効果は書かれていない
CDC28,TUB4,2026-10-04,24019491;21700874,要旨: 24019491 は Clb3-Cdk1 による γ-チューブリンのリン酸化を示し紡錘体形成の時期を決めるとするが向きは書かれていない。21700874 は Tub4-S360D で分裂の遅れと後期紡錘体伸長の異常を示すが、Tub4 の働きへの向きは書かれていない
CDC28,XRS2,2026-10-04,24553123,要旨: MRX の分裂期のリン酸化は Cdc28 に依存し、リン酸化できないと NHEJ が優先されるとするのみで、Xrs2 の働きを高めるか下げるかは書かれていない（PMC 本文なし）
CDC28,ZDS1,2026-10-04,21119008;30927017,要旨: 21119008 は Zds1 が周期依存的にリン酸化されるとするのみ。30927017 は Cdk1 による Cdc55 のリン酸化の論文で Zds1 のリン酸化は扱わない
CDC34,CBF2,2026-10-04,7651401,要旨: Cdc34 は試験管内で Cbf2 をモノユビキチン化し、キネトコアの働きを調節すると推測するのみで向きは書かれていない
CDC4,HST4,2026-10-04,16338374;24648511,要旨: 16338374 は SCF 基質の網羅的探索法の総説で Hst4 は出てこない。24648511 は Hst3 の論文で Hst4 の分解は扱わない
CDC4,LPX2,2026-10-04,16338374,要旨: SCF 基質の網羅的探索法の総説で Lpx2 は出てこない。PubMed 検索でも酵母の Lpx2 と Cdc4 の論文は見つからない
CDC5,APC9,2026-10-04,10871279,本文: Cdc5 は試験管内で Apc9 をリン酸化するが、要旨では Cdc5 の試験管内のリン酸化は体内の部位では起きないとされ、Apc9 への効果は示されていない
CDC5,POL1,2026-10-04,10871279,要旨と本文: APC のリン酸化の論文で、Pol1 は出てこない
CDC5,REC8,2026-10-04,16269332;20230747,要旨: 16269332 は Cdc5 によるコヒーシンのリン酸化がその除去を「おそらく」促すとするのみ。20230747 は Rec8 の切断に要るリン酸化を CK1 と DDK によるものとし、Cdc5 を挙げていない。食い違うので決めない
CDC5,SLK19,2026-10-04,18178775,要旨: Cdc28 と Cdc5 は体内の Slk19 の修飾に要り試験管内でリン酸化するが、紡錘体の働きに重要とするのみで向きは書かれていない
CDC5,STU2,2026-10-04,18178775;40576560,要旨: 40576560 では Cdc5 による T866 のリン酸化が Stu2 をキネトコアから離して紡錘体微小管へ移す（キネトコアでの働きは下げ、後期紡錘体では要る）。18178775 は向きを示さない。場所によって効果が逆なので決めない
CDC28,PAH1,2026-10-04,21081492;22865862;15889145,Cdc28 がリン酸化する部位（S602・T723・S744）と、リン酸化で膜への結合が減り働きが抑えられること（inhibit のまま）は確かめられた。相手は「Cdc28-cyclin B」とだけあり特定のサイクリンでない（22865862）。時期は要旨に書かれていない（本文は取れず）
CDC28,SLT2,2026-10-04,8598209,Slt2 は出芽（極性成長）の時期に活性化され、その活性化は cdc28ts で減る（部分的に CDC28 に依存）。間接の関係で、Cdc28 がリン酸化するとは書かれていない。サイクリンも時期の言葉（G1 期など）もない
CDC28,KIN2,2026-10-04,20489023,キナーゼ・ホスファターゼの結合網（20489023）の要旨・本文に Cdc28 による Kin2 のリン酸化の記述が見つからない。検索でも個別の論文なし
CDC28,ZIP1,2026-10-04,20825495,20825495 の要旨は Clb5/Clb6-Cdc28 が減数分裂で対合複合体の形成を促すとするが、Zip1 のリン酸化は書かれていない（本文は取れず）。検索でも Cdc28 による Zip1 のリン酸化の論文なし
CDC28,NUP60,2026-10-04,17563356,一覧の論文は DNA 損傷チェックポイント（Mec1・Tel1・Rad53）の基質の網羅で、Cdc28 によるリン酸化は書かれていない。PubMed でも Nup60 の Cdk1 リン酸化の個別の論文は見つからない
CDC28,MLP2,2026-10-04,21700874;16027220,中心体のリン酸化プロテオームの要旨に Mlp2 の記述なし（本文は取得できず）。サイクリン・時期は分からない
CDC28,CNM67,2026-10-04,21700874,中心体のリン酸化プロテオームの要旨に Cnm67 の記述なし（本文は取得できず）
CDC28,HHF1,2026-10-04,32064518,ヒストン H4 の S47・T30 を制御するのは Cla4・Ste20・Ste11 で、Cdc28 の記述なし
CDC28,DSN1,2026-10-04,20923974,要旨は Cdc14 が中期に Dsn1 を脱リン酸化すると述べるだけで、Cdk1 が Dsn1 をリン酸化することは明記されていない（本文は取得できず）
CDC28,MIF2,2026-10-04,7628703;36736323,7628703 は p34cdc2 の推定部位の配列上の指摘だけ。36736323 は Mif2-PEST の多部位リン酸化を示すがキナーゼを要旨で特定していない
CDC28,NUP159,2026-10-04,20489023,キナーゼ・ホスファターゼの相互作用網（質量分析）で、リン酸化の実験・サイクリン・時期は書かれていない
CDH1,SGO1,2026-10-04,25236599,要旨は Sgo1 が APC/C の基質で分裂期に分解されるとするが、活性化因子（Cdc20 か Cdh1 か）を書いていない。本文は PMC になく確かめられない
PHO85,CLB6,2026-10-04,26994663,要旨は APC(Cdh1) と SCF(Cdc4) による Clb6 の分解で、Pho85 は出てこない（CDK のリン酸化部位の話はある）。本文は PMC になく確かめられない
CDC5,CDC15,2026-10-04,16319894,個別の論文がなく、網羅的なスクリーニング（16319894、プロテインチップ）だけ。時期・相手・作用を書いた論文が見つからない（Cdc5 と Cdc15 の論文は MEN の働きの話で、Cdc5 による Cdc15 の直接のリン酸化の一文は見つからない）
CDC5,CMR3,2026-10-04,16319894,個別の論文がなく、網羅的なスクリーニング（16319894、プロテインチップ）だけ。時期・相手・作用を書いた論文が見つからない
CDC5,YPL150W,2026-10-04,16319894,個別の論文がなく、網羅的なスクリーニング（16319894、プロテインチップ）だけ。時期・相手・作用を書いた論文が見つからない
CDC5,PTC1,2026-10-04,16319894,個別の論文がなく、網羅的なスクリーニング（16319894、プロテインチップ）だけ。時期・相手・作用を書いた論文が見つからない
CDC5,SWC5,2026-10-04,16319894,個別の論文がなく、網羅的なスクリーニング（16319894、プロテインチップ）だけ。時期・相手・作用を書いた論文が見つからない
CDC5,IRC8,2026-10-04,16319894,個別の論文がなく、網羅的なスクリーニング（16319894、プロテインチップ）だけ。時期・相手・作用を書いた論文が見つからない
CDC5,RGC1,2026-10-04,16319894,個別の論文がなく、網羅的なスクリーニング（16319894、プロテインチップ）だけ。時期・相手・作用を書いた論文が見つからない
CDC5,YMC1,2026-10-04,16319894,個別の論文がなく、網羅的なスクリーニング（16319894、プロテインチップ）だけ。時期・相手・作用を書いた論文が見つからない
CDC5,ISA2,2026-10-04,16319894,個別の論文がなく、網羅的なスクリーニング（16319894、プロテインチップ）だけ。時期・相手・作用を書いた論文が見つからない
RLM1,IME2,2026-10-04,26743103,要旨は Rlm1 が栄養細胞（feeder cell）の転写因子であることのみで IME2 の発現には触れない
TUP1,TEC1,2026-10-04,,検索で出たのはカンジダなど別の生物の論文のみ。出芽酵母での Tup1 による TEC1 の制御の論文は見つからない
GCR2,CDC19,2026-10-04,2247062;1508187;11333224,GCR2 は「ほとんどの解糖系遺伝子」の発現に関わると書かれるが、CDC19（ピルビン酸キナーゼ）の名前はない
GLN3,APE1,2026-10-04,,PubMed（両遺伝子名＋出芽酵母、題名・要旨と全項目で検索）で両者を扱う論文が見つからない。網羅的な解析の補足資料にしか出ないと思われる
GLN3,ARG4,2026-10-04,,PubMed（両遺伝子名＋出芽酵母、題名・要旨と全項目で検索）で両者を扱う論文が見つからない。網羅的な解析の補足資料にしか出ないと思われる
GLN3,CAR2,2026-10-04,,PubMed（両遺伝子名＋出芽酵母、題名・要旨と全項目で検索）で両者を扱う論文が見つからない。網羅的な解析の補足資料にしか出ないと思われる
GLN3,CTT1,2026-10-04,,PubMed（両遺伝子名＋出芽酵母、題名・要旨と全項目で検索）で両者を扱う論文が見つからない。網羅的な解析の補足資料にしか出ないと思われる
GLN3,HOR7,2026-10-04,,PubMed（両遺伝子名＋出芽酵母、題名・要旨と全項目で検索）で両者を扱う論文が見つからない。網羅的な解析の補足資料にしか出ないと思われる
GLN3,NCE102,2026-10-04,,PubMed（両遺伝子名＋出芽酵母、題名・要旨と全項目で検索）で両者を扱う論文が見つからない。網羅的な解析の補足資料にしか出ないと思われる
GLN3,PHM8,2026-10-04,,PubMed（両遺伝子名＋出芽酵母、題名・要旨と全項目で検索）で両者を扱う論文が見つからない。網羅的な解析の補足資料にしか出ないと思われる
GLN3,UGP1,2026-10-04,,PubMed（両遺伝子名＋出芽酵母、題名・要旨と全項目で検索）で両者を扱う論文が見つからない。網羅的な解析の補足資料にしか出ないと思われる
GLN3,YBR085C-A,2026-10-04,,PubMed（両遺伝子名＋出芽酵母、題名・要旨と全項目で検索）で両者を扱う論文が見つからない。網羅的な解析の補足資料にしか出ないと思われる
HAP1,YLR255C,2026-10-04,,PubMed（両遺伝子名＋出芽酵母、題名・要旨と全項目で検索）で両者を扱う論文が見つからない。網羅的な解析の補足資料にしか出ないと思われる
INO2,FPR2,2026-10-04,,PubMed（両遺伝子名＋出芽酵母、題名・要旨と全項目で検索）で両者を扱う論文が見つからない。網羅的な解析の補足資料にしか出ないと思われる
INO2,GPD1,2026-10-04,,PubMed（両遺伝子名＋出芽酵母、題名・要旨と全項目で検索）で両者を扱う論文が見つからない。網羅的な解析の補足資料にしか出ないと思われる
INO2,GSY2,2026-10-04,,PubMed（両遺伝子名＋出芽酵母、題名・要旨と全項目で検索）で両者を扱う論文が見つからない。網羅的な解析の補足資料にしか出ないと思われる
INO2,PDI1,2026-10-04,,PubMed（両遺伝子名＋出芽酵母、題名・要旨と全項目で検索）で両者を扱う論文が見つからない。網羅的な解析の補足資料にしか出ないと思われる
INO4,FPR2,2026-10-04,,PubMed（両遺伝子名＋出芽酵母、題名・要旨と全項目で検索）で両者を扱う論文が見つからない。網羅的な解析の補足資料にしか出ないと思われる
INO4,GSY2,2026-10-04,,PubMed（両遺伝子名＋出芽酵母、題名・要旨と全項目で検索）で両者を扱う論文が見つからない。網羅的な解析の補足資料にしか出ないと思われる
INO4,MPD1,2026-10-04,,PubMed（両遺伝子名＋出芽酵母、題名・要旨と全項目で検索）で両者を扱う論文が見つからない。網羅的な解析の補足資料にしか出ないと思われる
INO4,PDI1,2026-10-04,,PubMed（両遺伝子名＋出芽酵母、題名・要旨と全項目で検索）で両者を扱う論文が見つからない。網羅的な解析の補足資料にしか出ないと思われる
INO4,SSA1,2026-10-04,,PubMed（両遺伝子名＋出芽酵母、題名・要旨と全項目で検索）で両者を扱う論文が見つからない。網羅的な解析の補足資料にしか出ないと思われる
MIG1,HXT9,2026-10-04,,PubMed（両遺伝子名＋出芽酵母、題名・要旨と全項目で検索）で両者を扱う論文が見つからない。網羅的な解析の補足資料にしか出ないと思われる
RTG3,BAT2,2026-10-04,,PubMed（両遺伝子名＋出芽酵母、題名・要旨と全項目で検索）で両者を扱う論文が見つからない。網羅的な解析の補足資料にしか出ないと思われる
RTG3,YNL134C,2026-10-04,,PubMed（両遺伝子名＋出芽酵母、題名・要旨と全項目で検索）で両者を扱う論文が見つからない。網羅的な解析の補足資料にしか出ないと思われる
SFP1,ADH2,2026-10-04,,PubMed（両遺伝子名＋出芽酵母、題名・要旨と全項目で検索）で両者を扱う論文が見つからない。網羅的な解析の補足資料にしか出ないと思われる
SFP1,CSM2,2026-10-04,,PubMed（両遺伝子名＋出芽酵母、題名・要旨と全項目で検索）で両者を扱う論文が見つからない。網羅的な解析の補足資料にしか出ないと思われる
SFP1,CYT1,2026-10-04,,PubMed（両遺伝子名＋出芽酵母、題名・要旨と全項目で検索）で両者を扱う論文が見つからない。網羅的な解析の補足資料にしか出ないと思われる
SFP1,DUG2,2026-10-04,,PubMed（両遺伝子名＋出芽酵母、題名・要旨と全項目で検索）で両者を扱う論文が見つからない。網羅的な解析の補足資料にしか出ないと思われる
SFP1,GAT2,2026-10-04,,PubMed（両遺伝子名＋出芽酵母、題名・要旨と全項目で検索）で両者を扱う論文が見つからない。網羅的な解析の補足資料にしか出ないと思われる
SFP1,HMS1,2026-10-04,,PubMed（両遺伝子名＋出芽酵母、題名・要旨と全項目で検索）で両者を扱う論文が見つからない。網羅的な解析の補足資料にしか出ないと思われる
SFP1,PMP1,2026-10-04,,PubMed（両遺伝子名＋出芽酵母、題名・要旨と全項目で検索）で両者を扱う論文が見つからない。網羅的な解析の補足資料にしか出ないと思われる
SFP1,RPN4,2026-10-04,30578832,Hsp31 欠損での Sfp1 と Rpn4 の関与は書かれるが、Sfp1 が RPN4 の発現を変えるとは書かれていない
SFP1,SNA2,2026-10-04,,PubMed（両遺伝子名＋出芽酵母、題名・要旨と全項目で検索）で両者を扱う論文が見つからない。網羅的な解析の補足資料にしか出ないと思われる
SFP1,TIP1,2026-10-04,,PubMed（両遺伝子名＋出芽酵母、題名・要旨と全項目で検索）で両者を扱う論文が見つからない。網羅的な解析の補足資料にしか出ないと思われる
SFP1,YNG1,2026-10-04,,PubMed（両遺伝子名＋出芽酵母、題名・要旨と全項目で検索）で両者を扱う論文が見つからない。網羅的な解析の補足資料にしか出ないと思われる
STB5,YET2,2026-10-04,,PubMed（両遺伝子名＋出芽酵母、題名・要旨と全項目で検索）で両者を扱う論文が見つからない。網羅的な解析の補足資料にしか出ないと思われる
SWI4,AGA1,2026-10-04,,PubMed（両遺伝子名＋出芽酵母、題名・要旨と全項目で検索）で両者を扱う論文が見つからない。網羅的な解析の補足資料にしか出ないと思われる
SWI4,EXG1,2026-10-04,,PubMed（両遺伝子名＋出芽酵母、題名・要旨と全項目で検索）で両者を扱う論文が見つからない。網羅的な解析の補足資料にしか出ないと思われる
SWI4,MNN1,2026-10-04,,PubMed（両遺伝子名＋出芽酵母、題名・要旨と全項目で検索）で両者を扱う論文が見つからない。網羅的な解析の補足資料にしか出ないと思われる
SWI4,NRM1,2026-10-04,23593391;22333912,NRM1 は MBF の補抑制因子として出てくるが、Swi4 による NRM1 の発現制御は書かれていない
SWI4,PDR11,2026-10-04,,PubMed（両遺伝子名＋出芽酵母、題名・要旨と全項目で検索）で両者を扱う論文が見つからない。網羅的な解析の補足資料にしか出ないと思われる
SWI4,PLB2,2026-10-04,,PubMed（両遺伝子名＋出芽酵母、題名・要旨と全項目で検索）で両者を扱う論文が見つからない。網羅的な解析の補足資料にしか出ないと思われる
SWI4,PRY2,2026-10-04,20641022,Mpk1-SBF による細胞壁ストレスでの誘導遺伝子として FKS2・CHA1 などのみ挙げ、PRY2 はない
SWI4,SED1,2026-10-04,,PubMed（両遺伝子名＋出芽酵母、題名・要旨と全項目で検索）で両者を扱う論文が見つからない。網羅的な解析の補足資料にしか出ないと思われる
SWI4,SRL1,2026-10-04,,PubMed（両遺伝子名＋出芽酵母、題名・要旨と全項目で検索）で両者を扱う論文が見つからない。網羅的な解析の補足資料にしか出ないと思われる
SWI4,SVS1,2026-10-04,,PubMed（両遺伝子名＋出芽酵母、題名・要旨と全項目で検索）で両者を扱う論文が見つからない。網羅的な解析の補足資料にしか出ないと思われる
SWI4,TOS6,2026-10-04,,PubMed（両遺伝子名＋出芽酵母、題名・要旨と全項目で検索）で両者を扱う論文が見つからない。網羅的な解析の補足資料にしか出ないと思われる
SWI4,YGR153W,2026-10-04,,PubMed（両遺伝子名＋出芽酵母、題名・要旨と全項目で検索）で両者を扱う論文が見つからない。網羅的な解析の補足資料にしか出ないと思われる
SWI4,YIL177C,2026-10-04,,PubMed（両遺伝子名＋出芽酵母、題名・要旨と全項目で検索）で両者を扱う論文が見つからない。網羅的な解析の補足資料にしか出ないと思われる
SWI4,YRF1-5,2026-10-04,,PubMed（両遺伝子名＋出芽酵母、題名・要旨と全項目で検索）で両者を扱う論文が見つからない。網羅的な解析の補足資料にしか出ないと思われる
SWI4,YRF1-7,2026-10-04,,PubMed（両遺伝子名＋出芽酵母、題名・要旨と全項目で検索）で両者を扱う論文が見つからない。網羅的な解析の補足資料にしか出ないと思われる
TEC1,NDJ1,2026-10-04,,PubMed（両遺伝子名＋出芽酵母、題名・要旨と全項目で検索）で両者を扱う論文が見つからない。網羅的な解析の補足資料にしか出ないと思われる
TEC1,YCL021W-A,2026-10-04,,PubMed（両遺伝子名＋出芽酵母、題名・要旨と全項目で検索）で両者を扱う論文が見つからない。網羅的な解析の補足資料にしか出ないと思われる
TEC1,YER138W-A,2026-10-04,,PubMed（両遺伝子名＋出芽酵母、題名・要旨と全項目で検索）で両者を扱う論文が見つからない。網羅的な解析の補足資料にしか出ないと思われる
TUP1,ACH1,2026-10-04,,PubMed（両遺伝子名＋出芽酵母、題名・要旨と全項目で検索）で両者を扱う論文が見つからない。網羅的な解析の補足資料にしか出ないと思われる
TUP1,AMN1,2026-10-04,,PubMed（両遺伝子名＋出芽酵母、題名・要旨と全項目で検索）で両者を扱う論文が見つからない。網羅的な解析の補足資料にしか出ないと思われる
TUP1,ATG39,2026-10-04,,PubMed（両遺伝子名＋出芽酵母、題名・要旨と全項目で検索）で両者を扱う論文が見つからない。網羅的な解析の補足資料にしか出ないと思われる
TUP1,ATR1,2026-10-04,,PubMed（両遺伝子名＋出芽酵母、題名・要旨と全項目で検索）で両者を扱う論文が見つからない。網羅的な解析の補足資料にしか出ないと思われる
TUP1,DIP5,2026-10-04,,PubMed（両遺伝子名＋出芽酵母、題名・要旨と全項目で検索）で両者を扱う論文が見つからない。網羅的な解析の補足資料にしか出ないと思われる
TUP1,DLD3,2026-10-04,,PubMed（両遺伝子名＋出芽酵母、題名・要旨と全項目で検索）で両者を扱う論文が見つからない。網羅的な解析の補足資料にしか出ないと思われる
TUP1,EDS1,2026-10-04,,PubMed（両遺伝子名＋出芽酵母、題名・要旨と全項目で検索）で両者を扱う論文が見つからない。網羅的な解析の補足資料にしか出ないと思われる
TUP1,EFB1,2026-10-04,,PubMed（両遺伝子名＋出芽酵母、題名・要旨と全項目で検索）で両者を扱う論文が見つからない。網羅的な解析の補足資料にしか出ないと思われる
TUP1,ENB1,2026-10-04,,PubMed（両遺伝子名＋出芽酵母、題名・要旨と全項目で検索）で両者を扱う論文が見つからない。網羅的な解析の補足資料にしか出ないと思われる
TUP1,ERG1,2026-10-04,,PubMed（両遺伝子名＋出芽酵母、題名・要旨と全項目で検索）で両者を扱う論文が見つからない。網羅的な解析の補足資料にしか出ないと思われる
TUP1,FAA1,2026-10-04,,PubMed（両遺伝子名＋出芽酵母、題名・要旨と全項目で検索）で両者を扱う論文が見つからない。網羅的な解析の補足資料にしか出ないと思われる
TUP1,FLO10,2026-10-04,7597847,tup1・ssn6 の変異で FLO1 などの凝集遺伝子が発現するとあるが、FLO10 は名指しされていない
TUP1,GAL3,2026-10-04,,PubMed で転写因子と標的の組を検索（別名 Cyc8・Ssn6 を含む）したが、この組の発現の調節を示す出芽酵母の論文が見つからない。網羅的なデータ（YEASTRACT+・Deleteome）以外の根拠なし
TUP1,GAT2,2026-10-04,,PubMed で転写因子と標的の組を検索（別名 Cyc8・Ssn6 を含む）したが、この組の発現の調節を示す出芽酵母の論文が見つからない。網羅的なデータ（YEASTRACT+・Deleteome）以外の根拠なし
TUP1,GDH1,2026-10-04,,PubMed で転写因子と標的の組を検索（別名 Cyc8・Ssn6 を含む）したが、この組の発現の調節を示す出芽酵母の論文が見つからない。網羅的なデータ（YEASTRACT+・Deleteome）以外の根拠なし
TUP1,HMS2,2026-10-04,,PubMed で転写因子と標的の組を検索（別名 Cyc8・Ssn6 を含む）したが、この組の発現の調節を示す出芽酵母の論文が見つからない。網羅的なデータ（YEASTRACT+・Deleteome）以外の根拠なし
TUP1,HPA3,2026-10-04,,PubMed で転写因子と標的の組を検索（別名 Cyc8・Ssn6 を含む）したが、この組の発現の調節を示す出芽酵母の論文が見つからない。網羅的なデータ（YEASTRACT+・Deleteome）以外の根拠なし
TUP1,HXT6,2026-10-04,,PubMed で転写因子と標的の組を検索（別名 Cyc8・Ssn6 を含む）したが、この組の発現の調節を示す出芽酵母の論文が見つからない。網羅的なデータ（YEASTRACT+・Deleteome）以外の根拠なし
TUP1,ICS2,2026-10-04,,PubMed で転写因子と標的の組を検索（別名 Cyc8・Ssn6 を含む）したが、この組の発現の調節を示す出芽酵母の論文が見つからない。網羅的なデータ（YEASTRACT+・Deleteome）以外の根拠なし
TUP1,ICY1,2026-10-04,,PubMed で転写因子と標的の組を検索（別名 Cyc8・Ssn6 を含む）したが、この組の発現の調節を示す出芽酵母の論文が見つからない。網羅的なデータ（YEASTRACT+・Deleteome）以外の根拠なし
TUP1,INO1,2026-10-04,10224244;28175933,tup1・ssn6 の変異が TBP 変異株のイノシトール要求性を抑圧するが、INO1 の転写量の変化は要旨に書かれていない（10224244）。Cyc8 が INO1 プロモーターにいる（Ino2 が呼ぶ）ことのみ（28175933）。向きを決められない
TUP1,MGA1,2026-10-04,,PubMed で転写因子と標的の組を検索（別名 Cyc8・Ssn6 を含む）したが、この組の発現の調節を示す出芽酵母の論文が見つからない。網羅的なデータ（YEASTRACT+・Deleteome）以外の根拠なし
TUP1,MPC3,2026-10-04,,PubMed で転写因子と標的の組を検索（別名 Cyc8・Ssn6 を含む）したが、この組の発現の調節を示す出芽酵母の論文が見つからない。網羅的なデータ（YEASTRACT+・Deleteome）以外の根拠なし
TUP1,NCE102,2026-10-04,,PubMed で転写因子と標的の組を検索（別名 Cyc8・Ssn6 を含む）したが、この組の発現の調節を示す出芽酵母の論文が見つからない。網羅的なデータ（YEASTRACT+・Deleteome）以外の根拠なし
TUP1,NDE1,2026-10-04,,PubMed で転写因子と標的の組を検索（別名 Cyc8・Ssn6 を含む）したが、この組の発現の調節を示す出芽酵母の論文が見つからない。網羅的なデータ（YEASTRACT+・Deleteome）以外の根拠なし
TUP1,PCL5,2026-10-04,,PubMed で転写因子と標的の組を検索（別名 Cyc8・Ssn6 を含む）したが、この組の発現の調節を示す出芽酵母の論文が見つからない。網羅的なデータ（YEASTRACT+・Deleteome）以外の根拠なし
TUP1,PHM8,2026-10-04,,PubMed で転写因子と標的の組を検索（別名 Cyc8・Ssn6 を含む）したが、この組の発現の調節を示す出芽酵母の論文が見つからない。網羅的なデータ（YEASTRACT+・Deleteome）以外の根拠なし
TUP1,PHO3,2026-10-04,,PubMed で転写因子と標的の組を検索（別名 Cyc8・Ssn6 を含む）したが、この組の発現の調節を示す出芽酵母の論文が見つからない。網羅的なデータ（YEASTRACT+・Deleteome）以外の根拠なし
TUP1,PHO89,2026-10-04,,PubMed で転写因子と標的の組を検索（別名 Cyc8・Ssn6 を含む）したが、この組の発現の調節を示す出芽酵母の論文が見つからない。網羅的なデータ（YEASTRACT+・Deleteome）以外の根拠なし
TUP1,PNS1,2026-10-04,,PubMed で転写因子と標的の組を検索（別名 Cyc8・Ssn6 を含む）したが、この組の発現の調節を示す出芽酵母の論文が見つからない。網羅的なデータ（YEASTRACT+・Deleteome）以外の根拠なし
TUP1,PRX1,2026-10-04,,PubMed で転写因子と標的の組を検索（別名 Cyc8・Ssn6 を含む）したが、この組の発現の調節を示す出芽酵母の論文が見つからない。網羅的なデータ（YEASTRACT+・Deleteome）以外の根拠なし
TUP1,PTK1,2026-10-04,,PubMed で転写因子と標的の組を検索（別名 Cyc8・Ssn6 を含む）したが、この組の発現の調節を示す出芽酵母の論文が見つからない。網羅的なデータ（YEASTRACT+・Deleteome）以外の根拠なし
TUP1,RGM1,2026-10-04,,PubMed で転写因子と標的の組を検索（別名 Cyc8・Ssn6 を含む）したが、この組の発現の調節を示す出芽酵母の論文が見つからない。網羅的なデータ（YEASTRACT+・Deleteome）以外の根拠なし
TUP1,RPS17B,2026-10-04,,PubMed で転写因子と標的の組を検索（別名 Cyc8・Ssn6 を含む）したが、この組の発現の調節を示す出芽酵母の論文が見つからない。網羅的なデータ（YEASTRACT+・Deleteome）以外の根拠なし
TUP1,SPO73,2026-10-04,,PubMed で転写因子と標的の組を検索（別名 Cyc8・Ssn6 を含む）したが、この組の発現の調節を示す出芽酵母の論文が見つからない。網羅的なデータ（YEASTRACT+・Deleteome）以外の根拠なし
TUP1,STL1,2026-10-04,,PubMed で転写因子と標的の組を検索（別名 Cyc8・Ssn6 を含む）したが、この組の発現の調節を示す出芽酵母の論文が見つからない。網羅的なデータ（YEASTRACT+・Deleteome）以外の根拠なし
TUP1,THI7,2026-10-04,,PubMed で転写因子と標的の組を検索（別名 Cyc8・Ssn6 を含む）したが、この組の発現の調節を示す出芽酵母の論文が見つからない。網羅的なデータ（YEASTRACT+・Deleteome）以外の根拠なし
TUP1,UTR2,2026-10-04,,PubMed で転写因子と標的の組を検索（別名 Cyc8・Ssn6 を含む）したが、この組の発現の調節を示す出芽酵母の論文が見つからない。網羅的なデータ（YEASTRACT+・Deleteome）以外の根拠なし
TUP1,YAL064W,2026-10-04,,PubMed で転写因子と標的の組を検索（別名 Cyc8・Ssn6 を含む）したが、この組の発現の調節を示す出芽酵母の論文が見つからない。網羅的なデータ（YEASTRACT+・Deleteome）以外の根拠なし
TUP1,YAT1,2026-10-04,,PubMed で転写因子と標的の組を検索（別名 Cyc8・Ssn6 を含む）したが、この組の発現の調節を示す出芽酵母の論文が見つからない。網羅的なデータ（YEASTRACT+・Deleteome）以外の根拠なし
TUP1,YGR067C,2026-10-04,,PubMed で転写因子と標的の組を検索（別名 Cyc8・Ssn6 を含む）したが、この組の発現の調節を示す出芽酵母の論文が見つからない。網羅的なデータ（YEASTRACT+・Deleteome）以外の根拠なし
TUP1,YIL055C,2026-10-04,,PubMed で転写因子と標的の組を検索（別名 Cyc8・Ssn6 を含む）したが、この組の発現の調節を示す出芽酵母の論文が見つからない。網羅的なデータ（YEASTRACT+・Deleteome）以外の根拠なし
TUP1,YLR297W,2026-10-04,,PubMed で転写因子と標的の組を検索（別名 Cyc8・Ssn6 を含む）したが、この組の発現の調節を示す出芽酵母の論文が見つからない。網羅的なデータ（YEASTRACT+・Deleteome）以外の根拠なし
TUP1,YMR103C,2026-10-04,,PubMed で転写因子と標的の組を検索（別名 Cyc8・Ssn6 を含む）したが、この組の発現の調節を示す出芽酵母の論文が見つからない。網羅的なデータ（YEASTRACT+・Deleteome）以外の根拠なし
TUP1,YPR196W,2026-10-04,,PubMed で転写因子と標的の組を検索（別名 Cyc8・Ssn6 を含む）したが、この組の発現の調節を示す出芽酵母の論文が見つからない。網羅的なデータ（YEASTRACT+・Deleteome）以外の根拠なし
TUP1,ZNF1,2026-10-04,34170419,tup1 破壊株などのキシロース発酵の研究で、ZNF1 の発現への Tup1 の作用は書かれていない
CBF1,BOP2,2026-10-04,,PubMed で転写因子と標的の組を検索したが、この組の発現の調節を示す出芽酵母の論文が見つからない。網羅的なデータ（YEASTRACT+・Deleteome）以外の根拠なし
CBF1,CAR2,2026-10-04,,PubMed で転写因子と標的の組を検索したが、この組の発現の調節を示す出芽酵母の論文が見つからない。網羅的なデータ（YEASTRACT+・Deleteome）以外の根拠なし
CBF1,CLD1,2026-10-04,,PubMed で転写因子と標的の組を検索したが、この組の発現の調節を示す出芽酵母の論文が見つからない。網羅的なデータ（YEASTRACT+・Deleteome）以外の根拠なし
CBF1,HIS5,2026-10-04,,PubMed で転写因子と標的の組を検索したが、この組の発現の調節を示す出芽酵母の論文が見つからない。網羅的なデータ（YEASTRACT+・Deleteome）以外の根拠なし
CBF1,MET28,2026-10-04,8665859;9171357;19940020,Cbf1 は Met4・Met28 と複合体を作り硫黄代謝の遺伝子を活性化する。MET28 の発現には Met4 が要るとあるが、Cbf1 の MET28 への作用（向き）は書かれていない。Deleteome の増加（抑制の推定）とは逆の機能の記述が多く、決められない
CBF1,STR3,2026-10-04,,PubMed で転写因子と標的の組を検索したが、この組の発現の調節を示す出芽酵母の論文が見つからない。網羅的なデータ（YEASTRACT+・Deleteome）以外の根拠なし
CBF1,YCL042W,2026-10-04,,PubMed で転写因子と標的の組を検索したが、この組の発現の調節を示す出芽酵母の論文が見つからない。網羅的なデータ（YEASTRACT+・Deleteome）以外の根拠なし
CBF1,YCT1,2026-10-04,,PubMed で転写因子と標的の組を検索したが、この組の発現の調節を示す出芽酵母の論文が見つからない。網羅的なデータ（YEASTRACT+・Deleteome）以外の根拠なし
CST6,FAT3,2026-10-04,27143390,Cst6 のゲノム全体の結合部位の論文で、要旨に FAT3 は出てこない
DAL81,TAT1,2026-10-04,,PubMed で転写因子と標的の組を検索したが、この組の発現の調節を示す出芽酵母の論文が見つからない。網羅的なデータ（YEASTRACT+・Deleteome）以外の根拠なし
DAL81,VHR2,2026-10-04,,PubMed で転写因子と標的の組を検索したが、この組の発現の調節を示す出芽酵母の論文が見つからない。網羅的なデータ（YEASTRACT+・Deleteome）以外の根拠なし
GCR2,PYC1,2026-10-04,15645478;33842449,gcr2 変異株の発現解析で、要旨に PYC1 は出てこない（解糖系の遺伝子が下がる・TCA などが上がるとだけある）
INO2,ALD4,2026-10-04,,PubMed で転写因子と標的の組を検索したが、この組の発現の調節を示す出芽酵母の論文が見つからない。網羅的なデータ（YEASTRACT+・Deleteome）以外の根拠なし
INO2,BAT2,2026-10-04,,PubMed で転写因子と標的の組を検索したが、この組の発現の調節を示す出芽酵母の論文が見つからない。網羅的なデータ（YEASTRACT+・Deleteome）以外の根拠なし
INO2,BNA2,2026-10-04,,PubMed で転写因子と標的の組を検索したが、この組の発現の調節を示す出芽酵母の論文が見つからない。網羅的なデータ（YEASTRACT+・Deleteome）以外の根拠なし
INO2,CPR1,2026-10-04,,PubMed で転写因子と標的の組を検索したが、この組の発現の調節を示す出芽酵母の論文が見つからない。網羅的なデータ（YEASTRACT+・Deleteome）以外の根拠なし
INO2,CTT1,2026-10-04,,PubMed で転写因子と標的の組を検索したが、この組の発現の調節を示す出芽酵母の論文が見つからない。網羅的なデータ（YEASTRACT+・Deleteome）以外の根拠なし
INO2,CWP1,2026-10-04,,PubMed で転写因子と標的の組を検索したが、この組の発現の調節を示す出芽酵母の論文が見つからない。網羅的なデータ（YEASTRACT+・Deleteome）以外の根拠なし
INO2,CWP2,2026-10-04,,PubMed で転写因子と標的の組を検索したが、この組の発現の調節を示す出芽酵母の論文が見つからない。網羅的なデータ（YEASTRACT+・Deleteome）以外の根拠なし
INO2,CYB2,2026-10-04,,PubMed で転写因子と標的の組を検索したが、この組の発現の調節を示す出芽酵母の論文が見つからない。網羅的なデータ（YEASTRACT+・Deleteome）以外の根拠なし
INO2,EDC2,2026-10-04,,PubMed で転写因子と標的の組を検索したが、この組の発現の調節を示す出芽酵母の論文が見つからない。網羅的なデータ（YEASTRACT+・Deleteome）以外の根拠なし
INO2,FMP33,2026-10-04,,PubMed で転写因子と標的の組を検索したが、この組の発現の調節を示す出芽酵母の論文が見つからない。網羅的なデータ（YEASTRACT+・Deleteome）以外の根拠なし
INO2,FOL1,2026-10-04,,PubMed で転写因子と標的の組を検索したが、この組の発現の調節を示す出芽酵母の論文が見つからない。網羅的なデータ（YEASTRACT+・Deleteome）以外の根拠なし
INO2,GPP2,2026-10-04,,PubMed で転写因子と標的の組を検索したが、この組の発現の調節を示す出芽酵母の論文が見つからない。網羅的なデータ（YEASTRACT+・Deleteome）以外の根拠なし
INO2,GRE1,2026-10-04,,PubMed で転写因子と標的の組を検索したが、この組の発現の調節を示す出芽酵母の論文が見つからない。網羅的なデータ（YEASTRACT+・Deleteome）以外の根拠なし
INO2,GRE3,2026-10-04,,PubMed で転写因子と標的の組を検索したが、この組の発現の調節を示す出芽酵母の論文が見つからない。網羅的なデータ（YEASTRACT+・Deleteome）以外の根拠なし
INO2,GSC2,2026-10-04,,PubMed で転写因子と標的の組を検索したが、この組の発現の調節を示す出芽酵母の論文が見つからない。網羅的なデータ（YEASTRACT+・Deleteome）以外の根拠なし
INO2,GUT2,2026-10-04,,PubMed で転写因子と標的の組を検索したが、この組の発現の調節を示す出芽酵母の論文が見つからない。網羅的なデータ（YEASTRACT+・Deleteome）以外の根拠なし
INO2,HNM1,2026-10-04,8264542;12871953,HNM1 の発現にはデカマー（INO1・CHO1 と同じ配列）が必須で、ino2 変異株ではイノシトール・コリンによる調節が見られないが、Ino2 の作用の向きは要旨に明記されていない
INO2,HOR7,2026-10-04,,PubMed で転写因子と標的の組を検索したが、この組の発現の調節を示す出芽酵母の論文が見つからない。網羅的なデータ（YEASTRACT+・Deleteome）以外の根拠なし
INO2,HSC82,2026-10-04,,PubMed で転写因子と標的の組を検索したが、この組の発現の調節を示す出芽酵母の論文が見つからない。網羅的なデータ（YEASTRACT+・Deleteome）以外の根拠なし
INO2,HSP10,2026-10-04,,PubMed で転写因子と標的の組を検索したが、この組の発現の調節を示す出芽酵母の論文が見つからない。網羅的なデータ（YEASTRACT+・Deleteome）以外の根拠なし
INO2,HSP82,2026-10-04,,PubMed で転写因子と標的の組を検索したが、この組の発現の調節を示す出芽酵母の論文が見つからない。網羅的なデータ（YEASTRACT+・Deleteome）以外の根拠なし
INO2,ICT1,2026-10-04,,PubMed で転写因子と標的の組を検索したが、この組の発現の調節を示す出芽酵母の論文が見つからない。網羅的なデータ（YEASTRACT+・Deleteome）以外の根拠なし
INO2,IMD2,2026-10-04,,PubMed で転写因子と標的の組を検索したが、この組の発現の調節を示す出芽酵母の論文が見つからない。網羅的なデータ（YEASTRACT+・Deleteome）以外の根拠なし
INO2,KRE33,2026-10-04,15611057;24456840,PubMed で組の論文なし（Europe PMC 本文検索でも網羅的な解析・無関係の論文のみ）。網羅的解析 15611057（要旨）・24456840（本文）に記述なし。YEASTRACT+ の網羅的データ以外の根拠を見つけられない
INO2,MDJ1,2026-10-04,15611057;24456840,PubMed で組の論文なし（Europe PMC 本文検索でも網羅的な解析・無関係の論文のみ）。網羅的解析 15611057（要旨）・24456840（本文）に記述なし。YEASTRACT+ の網羅的データ以外の根拠を見つけられない
INO2,MET13,2026-10-04,15611057,組の検索で網羅的な発現解析（15611057、要旨のみ・本文は取得できず）だけ。要旨に MET13 の記述なし
INO2,MET14,2026-10-04,24456840;37331602,本文: MET14 は UASINO を持ち、opi1Δ（高 INO 株）で上がる（24456840）。INO2 の破壊での変化は書かれておらず、向き（Deleteome は抑制と推定）を決められない
INO2,MOG1,2026-10-04,15611057;24456840,PubMed で組の論文なし（Europe PMC 本文検索でも網羅的な解析・無関係の論文のみ）。網羅的解析 15611057（要旨）・24456840（本文）に記述なし。YEASTRACT+ の網羅的データ以外の根拠を見つけられない
INO2,NCE102,2026-10-04,15611057;24456840,PubMed で組の論文なし（Europe PMC 本文検索でも網羅的な解析・無関係の論文のみ）。網羅的解析 15611057（要旨）・24456840（本文）に記述なし。YEASTRACT+ の網羅的データ以外の根拠を見つけられない
INO2,NOP13,2026-10-04,15611057;24456840,PubMed で組の論文なし（Europe PMC 本文検索でも網羅的な解析・無関係の論文のみ）。網羅的解析 15611057（要旨）・24456840（本文）に記述なし。YEASTRACT+ の網羅的データ以外の根拠を見つけられない
INO2,OM14,2026-10-04,15611057;24456840,PubMed で組の論文なし（Europe PMC 本文検索でも網羅的な解析・無関係の論文のみ）。網羅的解析 15611057（要旨）・24456840（本文）に記述なし。YEASTRACT+ の網羅的データ以外の根拠を見つけられない
INO2,OM45,2026-10-04,15611057;24456840,PubMed で組の論文なし（Europe PMC 本文検索でも網羅的な解析・無関係の論文のみ）。網羅的解析 15611057（要旨）・24456840（本文）に記述なし。YEASTRACT+ の網羅的データ以外の根拠を見つけられない
INO2,PAL2,2026-10-04,15611057;24456840,PubMed で組の論文なし（Europe PMC 本文検索でも網羅的な解析・無関係の論文のみ）。網羅的解析 15611057（要旨）・24456840（本文）に記述なし。YEASTRACT+ の網羅的データ以外の根拠を見つけられない
INO2,PDR15,2026-10-04,15611057;24456840,PubMed で組の論文なし（Europe PMC 本文検索でも網羅的な解析・無関係の論文のみ）。網羅的解析 15611057（要旨）・24456840（本文）に記述なし。YEASTRACT+ の網羅的データ以外の根拠を見つけられない
INO2,PHM7,2026-10-04,15611057;24456840,PubMed で組の論文なし（Europe PMC 本文検索でも網羅的な解析・無関係の論文のみ）。網羅的解析 15611057（要旨）・24456840（本文）に記述なし。YEASTRACT+ の網羅的データ以外の根拠を見つけられない
INO2,PHM8,2026-10-04,15611057;24456840,PubMed で組の論文なし（Europe PMC 本文検索でも網羅的な解析・無関係の論文のみ）。網羅的解析 15611057（要旨）・24456840（本文）に記述なし。YEASTRACT+ の網羅的データ以外の根拠を見つけられない
INO2,PRB1,2026-10-04,15611057;24456840,PubMed で組の論文なし（Europe PMC 本文検索でも網羅的な解析・無関係の論文のみ）。網羅的解析 15611057（要旨）・24456840（本文）に記述なし。YEASTRACT+ の網羅的データ以外の根拠を見つけられない
INO2,PRY1,2026-10-04,15611057;24456840,PubMed で組の論文なし（Europe PMC 本文検索でも網羅的な解析・無関係の論文のみ）。網羅的解析 15611057（要旨）・24456840（本文）に記述なし。YEASTRACT+ の網羅的データ以外の根拠を見つけられない
INO2,PUN1,2026-10-04,15611057;24456840,PubMed で組の論文なし（Europe PMC 本文検索でも網羅的な解析・無関係の論文のみ）。網羅的解析 15611057（要旨）・24456840（本文）に記述なし。YEASTRACT+ の網羅的データ以外の根拠を見つけられない
INO2,RKI1,2026-10-04,15611057;24456840,PubMed で組の論文なし（Europe PMC 本文検索でも網羅的な解析・無関係の論文のみ）。網羅的解析 15611057（要旨）・24456840（本文）に記述なし。YEASTRACT+ の網羅的データ以外の根拠を見つけられない
INO2,RPL24B,2026-10-04,15611057;24456840,PubMed で組の論文なし（Europe PMC 本文検索でも網羅的な解析・無関係の論文のみ）。網羅的解析 15611057（要旨）・24456840（本文）に記述なし。YEASTRACT+ の網羅的データ以外の根拠を見つけられない
INO2,RTS3,2026-10-04,15611057;24456840,PubMed で組の論文なし（Europe PMC 本文検索でも網羅的な解析・無関係の論文のみ）。網羅的解析 15611057（要旨）・24456840（本文）に記述なし。YEASTRACT+ の網羅的データ以外の根拠を見つけられない
INO2,SAM3,2026-10-04,21900497,本文: SAM3 は opi1Δ で上がる（21900497）が、INO2 の破壊での変化は書かれていない
INO2,SED1,2026-10-04,15611057;24456840,PubMed で組の論文なし（Europe PMC 本文検索でも網羅的な解析・無関係の論文のみ）。網羅的解析 15611057（要旨）・24456840（本文）に記述なし。YEASTRACT+ の網羅的データ以外の根拠を見つけられない
INO2,SHM2,2026-10-04,15611057;24456840,PubMed で組の論文なし（Europe PMC 本文検索でも網羅的な解析・無関係の論文のみ）。網羅的解析 15611057（要旨）・24456840（本文）に記述なし。YEASTRACT+ の網羅的データ以外の根拠を見つけられない
INO2,SNO4,2026-10-04,15611057;24456840,PubMed で組の論文なし（Europe PMC 本文検索でも網羅的な解析・無関係の論文のみ）。網羅的解析 15611057（要旨）・24456840（本文）に記述なし。YEASTRACT+ の網羅的データ以外の根拠を見つけられない
INO2,STF2,2026-10-04,15611057;24456840,PubMed で組の論文なし（Europe PMC 本文検索でも網羅的な解析・無関係の論文のみ）。網羅的解析 15611057（要旨）・24456840（本文）に記述なし。YEASTRACT+ の網羅的データ以外の根拠を見つけられない
INO2,TDH1,2026-10-04,15611057;24456840,PubMed で組の論文なし（Europe PMC 本文検索でも網羅的な解析・無関係の論文のみ）。網羅的解析 15611057（要旨）・24456840（本文）に記述なし。YEASTRACT+ の網羅的データ以外の根拠を見つけられない
INO2,TEF4,2026-10-04,15611057;24456840,PubMed で組の論文なし（Europe PMC 本文検索でも網羅的な解析・無関係の論文のみ）。網羅的解析 15611057（要旨）・24456840（本文）に記述なし。YEASTRACT+ の網羅的データ以外の根拠を見つけられない
INO2,TMA10,2026-10-04,15611057;24456840,PubMed で組の論文なし（Europe PMC 本文検索でも網羅的な解析・無関係の論文のみ）。網羅的解析 15611057（要旨）・24456840（本文）に記述なし。YEASTRACT+ の網羅的データ以外の根拠を見つけられない
INO2,UTR2,2026-10-04,15611057;24456840,PubMed で組の論文なし（Europe PMC 本文検索でも網羅的な解析・無関係の論文のみ）。網羅的解析 15611057（要旨）・24456840（本文）に記述なし。YEASTRACT+ の網羅的データ以外の根拠を見つけられない
INO2,YBR053C,2026-10-04,15611057;24456840,PubMed で組の論文なし（Europe PMC 本文検索でも網羅的な解析・無関係の論文のみ）。網羅的解析 15611057（要旨）・24456840（本文）に記述なし。YEASTRACT+ の網羅的データ以外の根拠を見つけられない
INO2,YDL124W,2026-10-04,15611057;24456840,PubMed で組の論文なし（Europe PMC 本文検索でも網羅的な解析・無関係の論文のみ）。網羅的解析 15611057（要旨）・24456840（本文）に記述なし。YEASTRACT+ の網羅的データ以外の根拠を見つけられない
INO2,YHB1,2026-10-04,15611057;24456840,PubMed で組の論文なし（Europe PMC 本文検索でも網羅的な解析・無関係の論文のみ）。網羅的解析 15611057（要旨）・24456840（本文）に記述なし。YEASTRACT+ の網羅的データ以外の根拠を見つけられない
INO2,YNL194C,2026-10-04,15611057;24456840,PubMed で組の論文なし（Europe PMC 本文検索でも網羅的な解析・無関係の論文のみ）。網羅的解析 15611057（要旨）・24456840（本文）に記述なし。YEASTRACT+ の網羅的データ以外の根拠を見つけられない
INO2,YNL208W,2026-10-04,15611057;24456840,PubMed で組の論文なし（Europe PMC 本文検索でも網羅的な解析・無関係の論文のみ）。網羅的解析 15611057（要旨）・24456840（本文）に記述なし。YEASTRACT+ の網羅的データ以外の根拠を見つけられない
INO2,YNR014W,2026-10-04,15611057;24456840,PubMed で組の論文なし（Europe PMC 本文検索でも網羅的な解析・無関係の論文のみ）。網羅的解析 15611057（要旨）・24456840（本文）に記述なし。YEASTRACT+ の網羅的データ以外の根拠を見つけられない
INO2,YOR062C,2026-10-04,15611057;24456840,PubMed で組の論文なし（Europe PMC 本文検索でも網羅的な解析・無関係の論文のみ）。網羅的解析 15611057（要旨）・24456840（本文）に記述なし。YEASTRACT+ の網羅的データ以外の根拠を見つけられない
INO4,AAC3,2026-10-04,15611057;24456840,PubMed で組の論文なし（Europe PMC 本文検索でも網羅的な解析・無関係の論文のみ）。網羅的解析 15611057（要旨）・24456840（本文）に記述なし。YEASTRACT+ の網羅的データ以外の根拠を見つけられない
INO4,AAH1,2026-10-04,15611057;24456840,PubMed で組の論文なし（Europe PMC 本文検索でも網羅的な解析・無関係の論文のみ）。網羅的解析 15611057（要旨）・24456840（本文）に記述なし。YEASTRACT+ の網羅的データ以外の根拠を見つけられない
INO4,ALD4,2026-10-04,15611057;24456840,PubMed で組の論文なし（Europe PMC 本文検索でも網羅的な解析・無関係の論文のみ）。網羅的解析 15611057（要旨）・24456840（本文）に記述なし。YEASTRACT+ の網羅的データ以外の根拠を見つけられない
INO4,ARO2,2026-10-04,15611057;24456840,PubMed で組の論文なし（Europe PMC 本文検索でも網羅的な解析・無関係の論文のみ）。網羅的解析 15611057（要旨）・24456840（本文）に記述なし。YEASTRACT+ の網羅的データ以外の根拠を見つけられない
INO4,ARX1,2026-10-04,15611057;24456840,PubMed で組の論文なし（Europe PMC 本文検索でも網羅的な解析・無関係の論文のみ）。網羅的解析 15611057（要旨）・24456840（本文）に記述なし。YEASTRACT+ の網羅的データ以外の根拠を見つけられない
INO4,ATG39,2026-10-04,15611057;24456840,PubMed で組の論文なし（Europe PMC 本文検索でも網羅的な解析・無関係の論文のみ）。網羅的解析 15611057（要旨）・24456840（本文）に記述なし。YEASTRACT+ の網羅的データ以外の根拠を見つけられない
INO4,CAR2,2026-10-04,15611057;24456840,PubMed で組の論文なし（Europe PMC 本文検索でも網羅的な解析・無関係の論文のみ）。網羅的解析 15611057（要旨）・24456840（本文）に記述なし。YEASTRACT+ の網羅的データ以外の根拠を見つけられない
INO4,CDS1,2026-10-04,9111022;8557688;21829381;16854618;37938929;21900497,CDS1 はイノシトールで INO2 と一緒に抑えられる（9111022）、opi1 で脱抑制（21900497 本文）とあるが、INO4 の破壊・結合で CDS1 の発現が変わることを示した記述は読んだ範囲になし
INO4,CUR1,2026-10-04,15611057;24456840,PubMed で組の論文なし（Europe PMC 本文検索でも網羅的な解析・無関係の論文のみ）。網羅的解析 15611057（要旨）・24456840（本文）に記述なし。YEASTRACT+ の網羅的データ以外の根拠を見つけられない
INO4,DHR2,2026-10-04,15611057;24456840,PubMed で組の論文なし（Europe PMC 本文検索でも網羅的な解析・無関係の論文のみ）。網羅的解析 15611057（要旨）・24456840（本文）に記述なし。YEASTRACT+ の網羅的データ以外の根拠を見つけられない
INO4,EDC2,2026-10-04,15611057;24456840,PubMed で組の論文なし（Europe PMC 本文検索でも網羅的な解析・無関係の論文のみ）。網羅的解析 15611057（要旨）・24456840（本文）に記述なし。YEASTRACT+ の網羅的データ以外の根拠を見つけられない
INO4,EHT1,2026-10-04,37938929,本文の表に EHT1 が出る（Rim11 の解析）が、INO4 との関係は書かれていない
INO4,FMP48,2026-10-04,15611057;24456840,PubMed で組の論文なし（Europe PMC 本文検索でも網羅的な解析・無関係の論文のみ）。網羅的解析 15611057（要旨）・24456840（本文）に記述なし。YEASTRACT+ の網羅的データ以外の根拠を見つけられない
INO4,GSC2,2026-10-04,15611057;24456840,PubMed で組の論文なし（Europe PMC 本文検索でも網羅的な解析・無関係の論文のみ）。網羅的解析 15611057（要旨）・24456840（本文）に記述なし。YEASTRACT+ の網羅的データ以外の根拠を見つけられない
INO4,GUT2,2026-10-04,15611057;24456840,PubMed で組の論文なし（Europe PMC 本文検索でも網羅的な解析・無関係の論文のみ）。網羅的解析 15611057（要旨）・24456840（本文）に記述なし。YEASTRACT+ の網羅的データ以外の根拠を見つけられない
INO4,HSC82,2026-10-04,15611057;24456840,PubMed で組の論文なし（Europe PMC 本文検索でも網羅的な解析・無関係の論文のみ）。網羅的解析 15611057（要旨）・24456840（本文）に記述なし。YEASTRACT+ の網羅的データ以外の根拠を見つけられない
INO4,HXT5,2026-10-04,15611057;24456840,PubMed で組の論文なし（Europe PMC 本文検索でも網羅的な解析・無関係の論文のみ）。網羅的解析 15611057（要旨）・24456840（本文）に記述なし。YEASTRACT+ の網羅的データ以外の根拠を見つけられない
INO4,IAT4,2026-10-04,15611057;24456840,PubMed で組の論文なし（Europe PMC 本文検索でも網羅的な解析・無関係の論文のみ）。網羅的解析 15611057（要旨）・24456840（本文）に記述なし。YEASTRACT+ の網羅的データ以外の根拠を見つけられない
INO4,IGD1,2026-10-04,15611057;24456840,PubMed で組の論文なし（Europe PMC 本文検索でも網羅的な解析・無関係の論文のみ）。網羅的解析 15611057（要旨）・24456840（本文）に記述なし。YEASTRACT+ の網羅的データ以外の根拠を見つけられない
INO4,KRE33,2026-10-04,15611057;24456840,PubMed で組の論文なし（Europe PMC 本文検索でも網羅的な解析・無関係の論文のみ）。網羅的解析 15611057（要旨）・24456840（本文）に記述なし。YEASTRACT+ の網羅的データ以外の根拠を見つけられない
INO4,MET13,2026-10-04,15611057,組の検索で網羅的な発現解析（15611057、要旨のみ）だけ。要旨に MET13 の記述なし
INO4,NCA3,2026-10-04,15611057;24456840,PubMed で組の論文なし（Europe PMC 本文検索でも網羅的な解析・無関係の論文のみ）。網羅的解析 15611057（要旨）・24456840（本文）に記述なし。YEASTRACT+ の網羅的データ以外の根拠を見つけられない
INO4,NOP13,2026-10-04,15611057;24456840,PubMed で組の論文なし（Europe PMC 本文検索でも網羅的な解析・無関係の論文のみ）。網羅的解析 15611057（要旨）・24456840（本文）に記述なし。YEASTRACT+ の網羅的データ以外の根拠を見つけられない
INO4,PHM7,2026-10-04,15611057;24456840,PubMed で組の論文なし（Europe PMC 本文検索でも網羅的な解析・無関係の論文のみ）。網羅的解析 15611057（要旨）・24456840（本文）に記述なし。YEASTRACT+ の網羅的データ以外の根拠を見つけられない
INO4,PHM8,2026-10-04,15611057;24456840,PubMed で組の論文なし（Europe PMC 本文検索でも網羅的な解析・無関係の論文のみ）。網羅的解析 15611057（要旨）・24456840（本文）に記述なし。YEASTRACT+ の網羅的データ以外の根拠を見つけられない
INO4,PIC2,2026-10-04,15611057;24456840,PubMed で組の論文なし（Europe PMC 本文検索でも網羅的な解析・無関係の論文のみ）。網羅的解析 15611057（要旨）・24456840（本文）に記述なし。YEASTRACT+ の網羅的データ以外の根拠を見つけられない
INO4,PPT1,2026-10-04,15611057;24456840,PubMed で組の論文なし（Europe PMC 本文検索でも網羅的な解析・無関係の論文のみ）。網羅的解析 15611057（要旨）・24456840（本文）に記述なし。YEASTRACT+ の網羅的データ以外の根拠を見つけられない
INO4,PRB1,2026-10-04,15611057;24456840,PubMed で組の論文なし（Europe PMC 本文検索でも網羅的な解析・無関係の論文のみ）。網羅的解析 15611057（要旨）・24456840（本文）に記述なし。YEASTRACT+ の網羅的データ以外の根拠を見つけられない
INO4,PWP2,2026-10-04,15611057;24456840,PubMed で組の論文なし（Europe PMC 本文検索でも網羅的な解析・無関係の論文のみ）。網羅的解析 15611057（要旨）・24456840（本文）に記述なし。YEASTRACT+ の網羅的データ以外の根拠を見つけられない
INO4,ROK1,2026-10-04,15611057;24456840,PubMed で組の論文なし（Europe PMC 本文検索でも網羅的な解析・無関係の論文のみ）。網羅的解析 15611057（要旨）・24456840（本文）に記述なし。YEASTRACT+ の網羅的データ以外の根拠を見つけられない
INO4,RPA34,2026-10-04,15611057;24456840,PubMed で組の論文なし（Europe PMC 本文検索でも網羅的な解析・無関係の論文のみ）。網羅的解析 15611057（要旨）・24456840（本文）に記述なし。YEASTRACT+ の網羅的データ以外の根拠を見つけられない
INO4,RTS3,2026-10-04,15611057;24456840,PubMed で組の論文なし（Europe PMC 本文検索でも網羅的な解析・無関係の論文のみ）。網羅的解析 15611057（要旨）・24456840（本文）に記述なし。YEASTRACT+ の網羅的データ以外の根拠を見つけられない
INO4,SAM3,2026-10-04,21900497,本文: SAM3 は opi1Δ で上がる（21900497）が、INO4 の破壊での変化は書かれていない
INO4,SPG4,2026-10-04,15611057;24456840,PubMed で組の論文なし（Europe PMC 本文検索でも網羅的な解析・無関係の論文のみ）。網羅的解析 15611057（要旨）・24456840（本文）に記述なし。YEASTRACT+ の網羅的データ以外の根拠を見つけられない
INO4,TEF4,2026-10-04,15611057;24456840,PubMed で組の論文なし（Europe PMC 本文検索でも網羅的な解析・無関係の論文のみ）。網羅的解析 15611057（要旨）・24456840（本文）に記述なし。YEASTRACT+ の網羅的データ以外の根拠を見つけられない
INO4,USV1,2026-10-04,15611057;24456840,PubMed で組の論文なし（Europe PMC 本文検索でも網羅的な解析・無関係の論文のみ）。網羅的解析 15611057（要旨）・24456840（本文）に記述なし。YEASTRACT+ の網羅的データ以外の根拠を見つけられない
INO4,UTP23,2026-10-04,15611057;24456840,PubMed で組の論文なし（Europe PMC 本文検索でも網羅的な解析・無関係の論文のみ）。網羅的解析 15611057（要旨）・24456840（本文）に記述なし。YEASTRACT+ の網羅的データ以外の根拠を見つけられない
INO4,YCL042W,2026-10-04,15611057;24456840,PubMed で組の論文なし（Europe PMC 本文検索でも網羅的な解析・無関係の論文のみ）。網羅的解析 15611057（要旨）・24456840（本文）に記述なし。YEASTRACT+ の網羅的データ以外の根拠を見つけられない
INO4,YNL208W,2026-10-04,15611057;24456840,PubMed で組の論文なし（Europe PMC 本文検索でも網羅的な解析・無関係の論文のみ）。網羅的解析 15611057（要旨）・24456840（本文）に記述なし。YEASTRACT+ の網羅的データ以外の根拠を見つけられない
IXR1,ECM4,2026-10-04,29449612;22189861,本文: Ixr1 は ChIP で ECM4 の上流に結合する（29449612）が、発現が上がるか下がるかは本文・要旨に書かれていない
IXR1,HXT11,2026-10-04,22189861,組の論文なし。Ixr1 の低酸素応答の論文 22189861 の要旨に HXT11 の記述はなく、本文は取れなかった
IXR1,MPH2,2026-10-04,22189861;27871851,組の論文なし。Ixr1 の論文の要旨に MPH2 の記述はなく、本文は取れなかった
MBP1,RNR1,2026-10-04,23593391;15965243;16916637,Mbp1 が RNR1 プロモーターに結合すること（23593391）、MBF は G1 期の終わりに活性化し G1 期の外では Nrm1 と抑えること（16916637）、Mbp1 の破壊で増える遺伝子もあること（15965243）は書かれているが、RNR1 の向きを直接示す記述はない。時期で向きが変わる可能性
MET31,MET17,2026-10-04,9199298,MET25（MET17）の転写は Met31・Met32 を両方欠く細胞でも構成的に起こると書かれ、MET3・MET14 と違って Met31/32 への依存は示されない。単独破壊の向きは決められない
RIM101,MNN14,2026-10-04,19220866,組の論文なし。Rim101 の弱酸応答の論文（19220866）の要旨に MNN14 の記述はなく、本文は取れなかった
ROX1,YHK8,2026-10-04,12112237,Rox1 の標的の網羅的な探索（12112237）の要旨に YHK8 の記述はなく、本文は取れなかった
RPN4,BTN2,2026-10-04,33857305,rpn4Δ で過剰発現させた Btn2p の量が増えるとあるが、プロテアソームによる分解の違いとして論じられ、BTN2 の転写への作用ではない
RPN4,CSS1,2026-10-04,,PubMed で組の論文なし
RPN4,PDR5,2026-10-04,21106074,HMF 応答の網羅的な発現解析で鍵の制御因子として RPN4 が挙がるだけで、PDR5 への作用の向きは書かれていない
RTG1,HXT2,2026-10-04,,PubMed で組の論文なし
SEF1,IDH1,2026-10-04,9483797,出芽酵母の Sef1 の標的を調べた論文が見つからない（RPM2 の働きの迂回の論文のみ）
SEF1,IDH2,2026-10-04,9483797,同上
SFL1,CWP1,2026-10-04,17594096,Sfl1 は HSP30 の活性化因子（17594096）・凝集遺伝子の抑制因子の報告はあるが、CWP1 の記述は見つからない（17594096 は PMC 本文なし）
SFL1,SED1,2026-10-04,17594096,同上。SED1 の記述は見つからない
SOK2,ALD6,2026-10-04,15229222,Sok2 の破壊株のコロニーの網羅的な発現解析（15229222）の要旨に ALD6 の記述はない
SOK2,CTT1,2026-10-04,15229222,同上。CTT1 の記述はない
SOK2,FAA1,2026-10-04,15229222,同上
SOK2,HSP26,2026-10-04,10835355,HSP26 の誘導は Gis1 に依存すると書かれるが Sok2 の記述はない
SOK2,PNS1,2026-10-04,15229222,組の論文なし
SOK2,PRY1,2026-10-04,15229222,組の論文なし
SOK2,SHC1,2026-10-04,15229222,組の論文なし
SOK2,TPO3,2026-10-04,15229222,組の論文なし
SOK2,XBP1,2026-10-04,15229222,組の論文なし
SOK2,YCT1,2026-10-04,15229222,組の論文なし
SOK2,YOR062C,2026-10-04,15229222,組の論文なし
STB5,BNA1,2026-10-04,16914749;30107458;30924859,Stb5 の網羅的な論文（ChIP-chip・ChIP-exo・過剰発現）の要旨・取れた本文に BNA1 の記述はない
STB5,DDR48,2026-10-04,16914749;30107458;30924859,同上。DDR48 の記述はない
STB5,FAA1,2026-10-04,16914749;30924859;20851956,20851956 は脂肪酸で FAA1 が誘導され stb5 破壊株が感受性と書くが、Stb5 が FAA1 を制御するとは書かれていない。30924859 の FAA1 は株の材料としての記述のみ
STB5,FMP45,2026-10-04,16914749;30107458;30924859,記述なし
STB5,GPP2,2026-10-04,16914749;30924859,30924859 の GPP2 は酢酸の代謝の考察のみ。Stb5 による制御の記述なし
STB5,NQM1,2026-10-04,30924859,STB5 の過剰発現（エタノール期）で NQM1 が増えるとの記述はあるが、解糖系の遺伝子の変化など間接の影響と並べた網羅的な結果。Deleteome（破壊で大きく増加）と食い違うため決めない
STB5,OM14,2026-10-04,16914749;30107458;30924859,記述なし
STB5,PRM5,2026-10-04,16914749;30107458;30924859,記述なし
STB5,RTN2,2026-10-04,16914749;30107458;30924859,記述なし
STB5,SNZ1,2026-10-04,16914749;30107458;30924859,記述なし
STB5,SPG4,2026-10-04,16914749;30107458;30924859,記述なし
STB5,TYE7,2026-10-04,16914749;30107458;30924859,記述なし
STB5,YDL124W,2026-10-04,16914749;23334931,YDL124W は Yap2 の候補標的として報告（23334931）。Stb5 による制御の記述は見つからない
STB5,YHR112C,2026-10-04,16914749;30107458;30924859,記述なし
STE12,AFB1,2026-10-04,24121774,AFB1 は MATα 特異的な新しい遺伝子として報告（24121774）。Ste12 への依存は書かれていない
STE12,CSS1,2026-10-04,,PubMed で組の論文なし
STE12,KAR4,2026-10-04,8754797;17101777;41427393,Kar4 は Ste12 と組んで一部の標的を誘導する補助因子で、KAR4 自身がフェロモンで誘導されるとは書かれるが、その誘導が Ste12 に依存するとの記述は見つからない
STE12,MET17,2026-10-04,,PubMed で組の論文なし
STE12,NDJ1,2026-10-04,,PubMed で組の論文なし
STE12,SAG1,2026-10-04,,α-アグルチニン（SAG1）と Ste12 の論文を見つけられない
STE12,YER138W-A,2026-10-04,,組の論文なし（Ty 要素の領域）
STE12,YLR400W,2026-10-04,,組の論文なし
STE12,YMR158C-A,2026-10-04,,組の論文なし
STP1,CAR2,2026-10-04,,PubMed で組の論文なし
STP1,PHM8,2026-10-04,,PubMed で組の論文なし
SUM1,SPO74,2026-10-04,29066473;20716365;22390969;12612074;12832469,Sum1 の中期胞子形成遺伝子の抑制の論文の要旨・取れた本文に SPO74 の記述はない
YAP1,DDR48,2026-10-04,,PubMed で組の論文なし
YAP1,ERG11,2026-10-04,19175415,醸造の酸素供給の論文で、Yap1 による ERG11 の向きは書かれていない
YAP1,SOD1,2026-10-04,12859956;18439143;28418643,低温での SOD1 の増加は YAP1 に依存しない（12859956）。ヒ素での SOD1 の活性化は yap8 で書かれ Yap1 との関係は示されない（18439143）。決められない
YAP1,YMR173W-A,2026-10-04,,PubMed で組の論文なし（DDR48 と重なる ORF）
YAP1,YNL134C,2026-10-04,23334931,YNL134C は Yap2（CAD1）の候補標的として報告。Yap1 による制御の記述なし
ZAP1,CSS1,2026-10-04,,PubMed で組の論文なし
ZAP1,CTT1,2026-10-04,14976557;17139254,Zap1 の抑制の仕組みの論文（ZRT2・ADH1/ADH3）に CTT1 の記述はない
ZAP1,HPF1,2026-10-04,,PubMed で組の論文なし
ZAP1,HSP26,2026-10-04,24022485,亜鉛欠乏での Tsa1 の論文で、HSP26 は過剰発現で tsa1Δ を救うとの記述のみ。Zap1 による転写の向きは書かれていない
ZAP1,PRB1,2026-10-04,,PubMed で組の論文なし
ACE2,ERG11,2026-10-04,18390649,題名・要旨に両方が出る出芽酵母の論文なし（ヒットはカンジダの Upc2 の論文のみ）
GLN3,CPA2,2026-10-04,,CPA2 と Gln3・窒素カタボライト抑制を結ぶ論文が見つからない（CPA2 の制御はアルギニンの論文のみ、題名で確認）
HAP2,MIR1,2026-10-04,,PubMed で両方の名前（全フィールド・出芽酵母）で検索して 0 件。網羅的な解析（YEASTRACT+・破壊株データ）以外に向きを示す論文が見つからない
HAP2,UPS2,2026-10-04,,PubMed で両方の名前（全フィールド・出芽酵母）で検索して 0 件。網羅的な解析（YEASTRACT+・破壊株データ）以外に向きを示す論文が見つからない
HAP3,MIR1,2026-10-04,,PubMed で両方の名前（全フィールド・出芽酵母）で検索して 0 件。網羅的な解析（YEASTRACT+・破壊株データ）以外に向きを示す論文が見つからない
NDT80,IME1,2026-10-04,9660952;12192041;12722950;20543984;24358376,Ndt80 は中期の胞子形成遺伝子の活性化因子。IME1 の発現を Ndt80 が上げる・下げるという記述は要旨に見当たらない
NDT80,UBC11,2026-10-04,,PubMed で両方の名前（全フィールド・出芽酵母）で検索して 0 件。網羅的な解析（YEASTRACT+・破壊株データ）以外に向きを示す論文が見つからない
RTG3,ARG4,2026-10-04,,PubMed で両方の名前（全フィールド・出芽酵母）で検索して 0 件。網羅的な解析（YEASTRACT+・破壊株データ）以外に向きを示す論文が見つからない
RTG3,PDR5,2026-10-04,15896930;34753419,ρ0 での PDR5 の誘導は Pdr3（・Rpd3・Ume6・Lge1）による。Rtg3 の関与は要旨に出ない
SKO1,SOR2,2026-10-04,,PubMed で両方の名前（全フィールド・出芽酵母）で検索して 0 件。網羅的な解析（YEASTRACT+・破壊株データ）以外に向きを示す論文が見つからない
STP1,PCL1,2026-10-04,,PubMed で両方の名前（全フィールド・出芽酵母）で検索して 0 件。網羅的な解析（YEASTRACT+・破壊株データ）以外に向きを示す論文が見つからない
SUM1,ECM8,2026-10-04,,PubMed で両方の名前（全フィールド・出芽酵母）で検索して 0 件。網羅的な解析（YEASTRACT+・破壊株データ）以外に向きを示す論文が見つからない
TUP1,AGP3,2026-10-04,,PubMed で両方の名前（全フィールド・出芽酵母）で検索して 0 件。網羅的な解析（YEASTRACT+・破壊株データ）以外に向きを示す論文が見つからない
TUP1,JEN1,2026-10-04,,PubMed で両方の名前（全フィールド・出芽酵母）で検索して 0 件。網羅的な解析（YEASTRACT+・破壊株データ）以外に向きを示す論文が見つからない
TUP1,KTD1,2026-10-04,,PubMed で両方の名前（全フィールド・出芽酵母）で検索して 0 件。網羅的な解析（YEASTRACT+・破壊株データ）以外に向きを示す論文が見つからない
TUP1,RGI2,2026-10-04,,PubMed で両方の名前（全フィールド・出芽酵母）で検索して 0 件。網羅的な解析（YEASTRACT+・破壊株データ）以外に向きを示す論文が見つからない
TUP1,YAR064W,2026-10-04,,PubMed で両方の名前（全フィールド・出芽酵母）で検索して 0 件。網羅的な解析（YEASTRACT+・破壊株データ）以外に向きを示す論文が見つからない
TUP1,YHR214W,2026-10-04,,PubMed で両方の名前（全フィールド・出芽酵母）で検索して 0 件。網羅的な解析（YEASTRACT+・破壊株データ）以外に向きを示す論文が見つからない
TUP1,YLR400W,2026-10-04,,PubMed で両方の名前（全フィールド・出芽酵母）で検索して 0 件。網羅的な解析（YEASTRACT+・破壊株データ）以外に向きを示す論文が見つからない
AZF1,AQR1,2026-10-04,,PubMed で両方の名前（全フィールド・出芽酵母）で検索して 0 件。網羅的な解析（YEASTRACT+・破壊株データ）以外に向きを示す論文が見つからない
CBF1,GGC1,2026-10-04,,PubMed で両方の名前（全フィールド・出芽酵母）で検索して 0 件。網羅的な解析（YEASTRACT+・破壊株データ）以外に向きを示す論文が見つからない
CBF1,LEU4,2026-10-04,,PubMed で両方の名前（全フィールド・出芽酵母）で検索して 0 件。網羅的な解析（YEASTRACT+・破壊株データ）以外に向きを示す論文が見つからない
CBF1,LYS1,2026-10-04,,PubMed で両方の名前（全フィールド・出芽酵母）で検索して 0 件。網羅的な解析（YEASTRACT+・破壊株データ）以外に向きを示す論文が見つからない
CBF1,MNN4,2026-10-04,,PubMed で両方の名前（全フィールド・出芽酵母）で検索して 0 件。網羅的な解析（YEASTRACT+・破壊株データ）以外に向きを示す論文が見つからない
CBF1,PRS2,2026-10-04,,PubMed で両方の名前（全フィールド・出芽酵母）で検索して 0 件。網羅的な解析（YEASTRACT+・破壊株データ）以外に向きを示す論文が見つからない
FKH1,ADH4,2026-10-04,,PubMed で両方の名前（全フィールド・出芽酵母）で検索して 0 件。網羅的な解析（YEASTRACT+・破壊株データ）以外に向きを示す論文が見つからない
FKH1,CHA1,2026-10-04,,CHA1 の制御の論文は Cha4・RSC の話で Fkh1 の記述なし（題名のみ確認）
FKH1,GCV2,2026-10-04,,PubMed で両方の名前（全フィールド・出芽酵母）で検索して 0 件。網羅的な解析（YEASTRACT+・破壊株データ）以外に向きを示す論文が見つからない
HAL9,YNL134C,2026-10-04,,PubMed で両方の名前（全フィールド・出芽酵母）で検索して 0 件。網羅的な解析（YEASTRACT+・破壊株データ）以外に向きを示す論文が見つからない
INO4,ARF2,2026-10-04,,PubMed で両方の名前（全フィールド・出芽酵母）で検索して 0 件。網羅的な解析（YEASTRACT+・破壊株データ）以外に向きを示す論文が見つからない
INO4,ENO2,2026-10-04,,PubMed で両方の名前（全フィールド・出芽酵母）で検索して 0 件。網羅的な解析（YEASTRACT+・破壊株データ）以外に向きを示す論文が見つからない
INO4,FTR1,2026-10-04,,PubMed で両方の名前（全フィールド・出芽酵母）で検索して 0 件。網羅的な解析（YEASTRACT+・破壊株データ）以外に向きを示す論文が見つからない
INO4,GPP2,2026-10-04,,PubMed で両方の名前（全フィールド・出芽酵母）で検索して 0 件。網羅的な解析（YEASTRACT+・破壊株データ）以外に向きを示す論文が見つからない
INO4,HSP10,2026-10-04,,PubMed で両方の名前（全フィールド・出芽酵母）で検索して 0 件。網羅的な解析（YEASTRACT+・破壊株データ）以外に向きを示す論文が見つからない
INO4,RPS2,2026-10-04,,PubMed で両方の名前（全フィールド・出芽酵母）で検索して 0 件。網羅的な解析（YEASTRACT+・破壊株データ）以外に向きを示す論文が見つからない
INO4,SHM2,2026-10-04,,PubMed で両方の名前（全フィールド・出芽酵母）で検索して 0 件。網羅的な解析（YEASTRACT+・破壊株データ）以外に向きを示す論文が見つからない
INO4,YLR349W,2026-10-04,,PubMed で両方の名前（全フィールド・出芽酵母）で検索して 0 件。網羅的な解析（YEASTRACT+・破壊株データ）以外に向きを示す論文が見つからない
LYS14,LYS20,2026-10-04,10103047;8923736;9701810;31799324,Lys14 は LYS 遺伝子の活性化因子で、LYS20 は「リシンで強く抑制される」とあるが、LYS20 が Lys14 に依存するとは要旨に書かれていない
OPI1,FAS1,2026-10-04,9611229;16233438;27344573;1359536;1740101;9326360,FAS1 はイノシトールで抑制される UAS_INO を持つが、OPI1 破壊での FAS1 の発現の測定は要旨にない。1740101 は完全な FAS プロモーターはイノシトール・コリンにほとんど影響されないとする。向きを決められない
OPI1,FAS2,2026-10-04,16233438;27344573;1359536;1740101,FAS1 と同じ。OPI1 と FAS2 の発現の関係を直接示した要旨なし
RGT1,MIG3,2026-10-04,19087243;23275883,Mig3 の論文は Mig3 の標的（SIR2）を扱い、Rgt1 による MIG3 の発現制御の記述なし
RTG1,NDE1,2026-10-04,,PubMed で両方の名前（全フィールド・出芽酵母）で検索して 0 件。網羅的な解析（YEASTRACT+・破壊株データ）以外に向きを示す論文が見つからない
STB5,BDH1,2026-10-04,16914749;30107458;37345792;30924859,Stb5 は活性化と抑制の両方の働きを持つ（16914749）。BDH1 は要旨・読める本文に名前が出ない（標的の表は補足資料）
STB5,EGO4,2026-10-04,16914749;30107458;37345792;30924859,同上。EGO4 は要旨・本文に出ない
STB5,SDH6,2026-10-04,16914749;30107458;37345792;30924859,同上。SDH6 は要旨・本文に出ない
STE12,SDH6,2026-10-04,,PubMed で両方の名前（全フィールド・出芽酵母）で検索して 0 件。網羅的な解析（YEASTRACT+・破壊株データ）以外に向きを示す論文が見つからない
STE12,YBL107W-A,2026-10-04,,PubMed で両方の名前（全フィールド・出芽酵母）で検索して 0 件。網羅的な解析（YEASTRACT+・破壊株データ）以外に向きを示す論文が見つからない
STP1,CIN5,2026-10-04,30577873,染色体間の相互作用の計算の論文で、Stp1 による CIN5 の発現制御の記述なし
SUM1,CSS1,2026-10-04,,PubMed で両方の名前（全フィールド・出芽酵母）で検索して 0 件。網羅的な解析（YEASTRACT+・破壊株データ）以外に向きを示す論文が見つからない
GLN3,HSP26,2026-10-04,16879428,上流と下流の名前で PubMed に該当なし。Gln3 の標的の要旨に HSP26 は出てこない
HAP2,INH1,2026-10-04,,上流と下流の名前で PubMed を検索して出芽酵母でこの組を調べた論文が見つからない（網羅的な発現・結合のデータのみと考えられる）
HAP3,INH1,2026-10-04,,上流と下流の名前で PubMed を検索して出芽酵母でこの組を調べた論文が見つからない（網羅的な発現・結合のデータのみと考えられる）
HAP3,YHB1,2026-10-04,,上流と下流の名前で PubMed を検索して出芽酵母でこの組を調べた論文が見つからない（網羅的な発現・結合のデータのみと考えられる）
HAP5,INH1,2026-10-04,,上流と下流の名前で PubMed を検索して出芽酵母でこの組を調べた論文が見つからない（網羅的な発現・結合のデータのみと考えられる）
INO4,GPD1,2026-10-04,12871953;15611057,Ino2・Ino4 は多くの遺伝子に促進と抑制の両方の働きを持つと要旨にある（12871953）が、この下流遺伝子は要旨に出てこない。本文は読めず
SFP1,HAP4,2026-10-04,,上流と下流の名前で PubMed を検索して出芽酵母でこの組を調べた論文が見つからない（網羅的な発現・結合のデータのみと考えられる）
SKO1,MSC1,2026-10-04,11401713,Sko1 は抑制と（浸透圧で）誘導の両方に関わると要旨にあるが、MSC1 は要旨に出てこない
TUP1,IRC15,2026-10-04,,上流と下流の名前で PubMed を検索して出芽酵母でこの組を調べた論文が見つからない（網羅的な発現・結合のデータのみと考えられる）
CBF1,ARO9,2026-10-04,10207060;23651256,ARO9 の制御の論文（Aro80・GATA 因子）に Cbf1 は出てこない。CBF1 と ARO9 の組は PubMed に該当なし
CST6,FAA1,2026-10-04,27143390,Cst6 の ChIP（エタノールで 59 遺伝子に結合）の本文に FAA1 は出てこない
DAL81,BAT2,2026-10-04,26457198,Dal81 の本文（AGP1・BAP2・UGA4・DAL7）に BAT2 は出てこない
FKH1,HSP26,2026-10-04,10747051,FKH1 と下流の名前で PubMed に該当なし（Fkh1 の論文は細胞周期・サイレンシングの遺伝子が中心）
FKH1,SED1,2026-10-04,10747051,FKH1 と下流の名前で PubMed に該当なし（Fkh1 の論文は細胞周期・サイレンシングの遺伝子が中心）
FKH1,SER3,2026-10-04,10747051,FKH1 と下流の名前で PubMed に該当なし（Fkh1 の論文は細胞周期・サイレンシングの遺伝子が中心）
FKH1,YGP1,2026-10-04,10747051,FKH1 と下流の名前で PubMed に該当なし（Fkh1 の論文は細胞周期・サイレンシングの遺伝子が中心）
INO2,DDR48,2026-10-04,12871953;15611057,Ino2・Ino4 は多くの遺伝子に促進と抑制の両方の働きを持つと要旨にある（12871953）が、この下流遺伝子は要旨に出てこない。本文は読めず
INO2,FAF1,2026-10-04,12871953;15611057,Ino2・Ino4 は多くの遺伝子に促進と抑制の両方の働きを持つと要旨にある（12871953）が、この下流遺伝子は要旨に出てこない。本文は読めず
INO2,PBI2,2026-10-04,12871953;15611057,Ino2・Ino4 は多くの遺伝子に促進と抑制の両方の働きを持つと要旨にある（12871953）が、この下流遺伝子は要旨に出てこない。本文は読めず
INO2,PIC2,2026-10-04,12871953;15611057,Ino2・Ino4 は多くの遺伝子に促進と抑制の両方の働きを持つと要旨にある（12871953）が、この下流遺伝子は要旨に出てこない。本文は読めず
INO2,USV1,2026-10-04,12871953;15611057,Ino2・Ino4 は多くの遺伝子に促進と抑制の両方の働きを持つと要旨にある（12871953）が、この下流遺伝子は要旨に出てこない。本文は読めず
INO2,YBR085C-A,2026-10-04,12871953;15611057,Ino2・Ino4 は多くの遺伝子に促進と抑制の両方の働きを持つと要旨にある（12871953）が、この下流遺伝子は要旨に出てこない。本文は読めず
INO2,YMR173W-A,2026-10-04,12871953;15611057,Ino2・Ino4 は多くの遺伝子に促進と抑制の両方の働きを持つと要旨にある（12871953）が、この下流遺伝子は要旨に出てこない。本文は読めず
INO4,CTT1,2026-10-04,12871953;15611057,Ino2・Ino4 は多くの遺伝子に促進と抑制の両方の働きを持つと要旨にある（12871953）が、この下流遺伝子は要旨に出てこない。本文は読めず
INO4,CWP1,2026-10-04,12871953;15611057,Ino2・Ino4 は多くの遺伝子に促進と抑制の両方の働きを持つと要旨にある（12871953）が、この下流遺伝子は要旨に出てこない。本文は読めず
INO4,FAF1,2026-10-04,12871953;15611057,Ino2・Ino4 は多くの遺伝子に促進と抑制の両方の働きを持つと要旨にある（12871953）が、この下流遺伝子は要旨に出てこない。本文は読めず
INO4,GRE3,2026-10-04,12871953;15611057,Ino2・Ino4 は多くの遺伝子に促進と抑制の両方の働きを持つと要旨にある（12871953）が、この下流遺伝子は要旨に出てこない。本文は読めず
INO4,HMS2,2026-10-04,12871953;15611057,Ino2・Ino4 は多くの遺伝子に促進と抑制の両方の働きを持つと要旨にある（12871953）が、この下流遺伝子は要旨に出てこない。本文は読めず
INO4,MDJ1,2026-10-04,12871953;15611057,Ino2・Ino4 は多くの遺伝子に促進と抑制の両方の働きを持つと要旨にある（12871953）が、この下流遺伝子は要旨に出てこない。本文は読めず
INO4,NCE102,2026-10-04,12871953;15611057,Ino2・Ino4 は多くの遺伝子に促進と抑制の両方の働きを持つと要旨にある（12871953）が、この下流遺伝子は要旨に出てこない。本文は読めず
INO4,PBI2,2026-10-04,12871953;15611057,Ino2・Ino4 は多くの遺伝子に促進と抑制の両方の働きを持つと要旨にある（12871953）が、この下流遺伝子は要旨に出てこない。本文は読めず
INO4,RKI1,2026-10-04,12871953;15611057,Ino2・Ino4 は多くの遺伝子に促進と抑制の両方の働きを持つと要旨にある（12871953）が、この下流遺伝子は要旨に出てこない。本文は読めず
INO4,SED1,2026-10-04,12871953;15611057,Ino2・Ino4 は多くの遺伝子に促進と抑制の両方の働きを持つと要旨にある（12871953）が、この下流遺伝子は要旨に出てこない。本文は読めず
INO4,SNO4,2026-10-04,12871953;15611057,Ino2・Ino4 は多くの遺伝子に促進と抑制の両方の働きを持つと要旨にある（12871953）が、この下流遺伝子は要旨に出てこない。本文は読めず
INO4,TMA10,2026-10-04,12871953;15611057,Ino2・Ino4 は多くの遺伝子に促進と抑制の両方の働きを持つと要旨にある（12871953）が、この下流遺伝子は要旨に出てこない。本文は読めず
INO4,VID24,2026-10-04,12871953;15611057,Ino2・Ino4 は多くの遺伝子に促進と抑制の両方の働きを持つと要旨にある（12871953）が、この下流遺伝子は要旨に出てこない。本文は読めず
INO4,YBR085C-A,2026-10-04,12871953;15611057,Ino2・Ino4 は多くの遺伝子に促進と抑制の両方の働きを持つと要旨にある（12871953）が、この下流遺伝子は要旨に出てこない。本文は読めず
INO4,YHB1,2026-10-04,12871953;15611057,Ino2・Ino4 は多くの遺伝子に促進と抑制の両方の働きを持つと要旨にある（12871953）が、この下流遺伝子は要旨に出てこない。本文は読めず
INO4,YHR033W,2026-10-04,12871953;15611057,Ino2・Ino4 は多くの遺伝子に促進と抑制の両方の働きを持つと要旨にある（12871953）が、この下流遺伝子は要旨に出てこない。本文は読めず
INO4,YOR062C,2026-10-04,12871953;15611057,Ino2・Ino4 は多くの遺伝子に促進と抑制の両方の働きを持つと要旨にある（12871953）が、この下流遺伝子は要旨に出てこない。本文は読めず
INO4,YOR289W,2026-10-04,12871953;15611057,Ino2・Ino4 は多くの遺伝子に促進と抑制の両方の働きを持つと要旨にある（12871953）が、この下流遺伝子は要旨に出てこない。本文は読めず
STB5,GCY1,2026-10-04,16914749;30107458;37345792;30924859;20738406,Stb5 は酸化ストレス下で活性化と抑制の両方をすると要旨にある（16914749）。標的として挙がるのは PP 経路・NADPH 生成の遺伝子で、この下流遺伝子は要旨に出てこない。本文は読めず（オープンアクセスでない）
STB5,HSP26,2026-10-04,16914749;30107458;37345792;30924859;20738406,Stb5 は酸化ストレス下で活性化と抑制の両方をすると要旨にある（16914749）。標的として挙がるのは PP 経路・NADPH 生成の遺伝子で、この下流遺伝子は要旨に出てこない。本文は読めず（オープンアクセスでない）
STB5,UGA1,2026-10-04,16914749;30107458;37345792;30924859;20738406,Stb5 は酸化ストレス下で活性化と抑制の両方をすると要旨にある（16914749）。標的として挙がるのは PP 経路・NADPH 生成の遺伝子で、この下流遺伝子は要旨に出てこない。本文は読めず（オープンアクセスでない）
STB5,UIP4,2026-10-04,16914749;30107458;37345792;30924859;20738406,Stb5 は酸化ストレス下で活性化と抑制の両方をすると要旨にある（16914749）。標的として挙がるのは PP 経路・NADPH 生成の遺伝子で、この下流遺伝子は要旨に出てこない。本文は読めず（オープンアクセスでない）
STB5,YBR085C-A,2026-10-04,16914749;30107458;37345792;30924859;20738406,Stb5 は酸化ストレス下で活性化と抑制の両方をすると要旨にある（16914749）。標的として挙がるのは PP 経路・NADPH 生成の遺伝子で、この下流遺伝子は要旨に出てこない。本文は読めず（オープンアクセスでない）
STP1,BTN2,2026-10-04,,STP1 と下流の名前で PubMed に該当なし（Stp1 の標的はアミノ酸パーミアーゼが中心）
STP1,CWP1,2026-10-04,,STP1 と下流の名前で PubMed に該当なし（Stp1 の標的はアミノ酸パーミアーゼが中心）
SUM1,DIT1,2026-10-04,10562556;12832469;20716365,Sum1 は中期胞子形成遺伝子（MSE を持つもの）を体細胞分裂中に抑える抑制因子と要旨にあるが、DIT1 を名指しした論文は見つからない（DIT1 の要旨は Ssn6-Tup1・Rim101 による NRE を介した抑制）。抑制の可能性が高いが DIT1 について書いた一文がないため決めない
CLA4,CDC15,2026-10-04,16319894,プロテインチップの網羅的な試験管内リン酸化だけ。PubMed で Cla4 と Cdc15 の個別の論文が見つからない
DUN1,CDC15,2026-10-04,16319894,プロテインチップの網羅的な試験管内リン酸化だけ。PubMed で「Dun1 Cdc15」は 0 件
HSL1,BIR1,2026-10-04,16319894,プロテインチップの網羅的な試験管内リン酸化だけ。PubMed で「Hsl1 Bir1」は 0 件
KIN4,CDC15,2026-10-04,16319894;35883622;28117323;27826865,プロテインチップの網羅的な試験管内リン酸化だけ。Kin4 と Cdc15 の論文（題名で確認）は Kin4 が Bfa1 を介して MEN を抑える話で、Kin4 による Cdc15 のリン酸化は見つからない
MPS1,CDC15,2026-10-04,16319894;9436989;16825537,プロテインチップの網羅的な試験管内リン酸化だけ。9436989 は Mps1 が Mob1 をリン酸化する話で Cdc15 のリン酸化は書かれていない
RAD53,CLA4,2026-10-04,16319894,プロテインチップの網羅的な試験管内リン酸化だけ。個別の論文が見つからない
CLA4,RAD53,2026-10-04,20020052;30454561,20020052 は Ste20 の基質の網羅（539 タンパク質）で、要旨に Cla4 も Rad53 も出てこない。PubMed の「Cla4 Rad53」は H4T80 の論文 1 件だけで Cla4 による Rad53 のリン酸化は書かれていない
ELM1,KCC4,2026-10-04,16861226;10725226;42713960,16861226 は Elm1 が Gin4 を直接リン酸化・活性化する話で、要旨に Kcc4 は出てこない（本文は PMC になし）。10725226・42713960 は Elm1 と Kcc4 が並行して働くとするだけ
MEC1,BIR1,2026-10-04,20190278,DNA 損傷の網羅的な質量分析（20190278）だけで、Bir1 S751 の記述は補足の表にしかなく本文も取得できない。個別の論文がない
TEL1,BIR1,2026-10-04,20190278,DNA 損傷の網羅的な質量分析だけ。Bir1 の記述は要旨・取得できた本文にない。PubMed で個別の論文が見つからない
TEL1,MCD1,2026-10-04,20190278,網羅的な質量分析だけ。Scc1/Mcd1 の記述は要旨・取得できた本文にない。個別の論文が見つからない
TEL1,MEC1,2026-10-04,17563356;20190278,網羅的な質量分析だけで、Mec1 S38 の記述は要旨・取得できた本文にない。Tel1 が Mec1 をリン酸化する個別の論文を見つけられなかった
TEL1,MRC1,2026-10-04,12865299;20190278;42779751,12865299 は Mec1 が停止フォークで Mrc1 をリン酸化する話で Tel1 は書かれていない。42779751 は Mec1 のない細胞での Mrc1 の働きが Mec1/Tel1 の部位に依存しないとするだけ
MSN2,RPL15B,2026-10-04,41813847;42239353;24598258;11102521,"RP 遺伝子全体は Msn2/4 に依存して塩ストレスで抑えられる（41813847）が、この遺伝子は同じ論文の Dataset EV4 で 0.7 M NaCl 20・30 分の log2 変化（野生型, msn2Δmsn4Δ）が (1.23, 0.95) で、塩で抑えられていない（または抑制がごく小さい）。全体の記述を当てはめられず、個別の論文も見つからない"
MSN2,RPL41A,2026-10-04,41813847;42239353;24598258;11102521,"RP 遺伝子全体は Msn2/4 に依存して塩ストレスで抑えられる（41813847）が、この遺伝子は同じ論文の Dataset EV4 で 0.7 M NaCl 20・30 分の log2 変化（野生型, msn2Δmsn4Δ）が (-0.45, -0.22) で、塩で抑えられていない（または抑制がごく小さい）。全体の記述を当てはめられず、個別の論文も見つからない"
MSN2,RPL43A,2026-10-04,41813847;42239353;24598258;11102521,"RP 遺伝子全体は Msn2/4 に依存して塩ストレスで抑えられる（41813847）が、この遺伝子は同じ論文の Dataset EV4 で 0.7 M NaCl 20・30 分の log2 変化（野生型, msn2Δmsn4Δ）が (1.15, 1.64) で、塩で抑えられていない（または抑制がごく小さい）。全体の記述を当てはめられず、個別の論文も見つからない"
MSN4,RPL15B,2026-10-04,41813847;42239353;24598258;11102521,"RP 遺伝子全体は Msn2/4 に依存して塩ストレスで抑えられる（41813847）が、この遺伝子は同じ論文の Dataset EV4 で 0.7 M NaCl 20・30 分の log2 変化（野生型, msn2Δmsn4Δ）が (1.23, 0.95) で、塩で抑えられていない（または抑制がごく小さい）。全体の記述を当てはめられず、個別の論文も見つからない"
FUS3,BNI1,2026-10-04,15067022,論文がモデルとして述べている段階
CLA4,CDC3,2026-10-04,14993234;20020052,Cla4 は Cdc3 を試験管内でリン酸化し結合するが、体内での働きの検証は Cdc10（S256・S312）だけで Cdc3 への作用は書かれていない。20020052 は Ste20 の基質スクリーニング
CDC7,MCM7,2026-10-04,10508166,Cdc7-Dbf4 が Mcm タンパク質 5 つをリン酸化するのは試験管内だけ。Mcm7 への作用は書かれていない（本文は読めず）
CDC7,MIF2,2026-10-04,36736323,DDK は Cdc5 とともに Mif2-PEST を試験管内でリン酸化し、再構成系で内側動原体の結合を強めるが、試験管内だけ。体内で DDK に依存することは示されていない
CDC7,POL32,2026-10-04,41951601,Cdc7 は Pol32 の T256・T257・S261 を試験管内でリン酸化する。リン酸化模倣は BIR を高めるが、Cdc7 に依存する作用は調べられていない
CKA1,HHT2,2026-10-04,16135807,要旨は CK2 がヒストン H4 の S1 をリン酸化すると書き、H3 の記述がない（本文は読めず）。BioGRID の記録の誤りの可能性
CKA1,MIF2,2026-10-04,21633108,CK2 は Mif2 の S325 を試験管内でリン酸化する。S325A・S325D は単独では増殖・量・局在に影響せず、Ipl1 部位の変異の背景でだけ安定性に効く（Ipl1 と拮抗）。単独の作用の向きが定まらない
CKA2,HHT1,2026-10-04,16135807,要旨は CK2 がヒストン H4 の S1 をリン酸化すると書き、H3 の記述がない（本文は読めず）。BioGRID の記録の誤りの可能性
CKA2,HHT2,2026-10-04,16135807,要旨は CK2 がヒストン H4 の S1 をリン酸化すると書き、H3 の記述がない（本文は読めず）。BioGRID の記録の誤りの可能性
CKA2,MIF2,2026-10-04,21633108,CK2 は Mif2 の S325 を試験管内でリン酸化する。S325A・S325D は単独では増殖・量・局在に影響せず、Ipl1 部位の変異の背景でだけ安定性に効く（Ipl1 と拮抗）。単独の作用の向きが定まらない
CKA2,POL32,2026-10-04,41951601,CK2（Cka2-TAP）は Pol32 の RBM を試験管内でリン酸化するだけ。体内での CK2 の作用は調べられていない
CLA4,STE11,2026-10-04,12588977;32064518,要旨に Ste11 のリン酸化・作用の記述がない（Ste20 と Cla4 の特異性の論文。本文は読めず）。32064518 はヒストンの網羅解析
CLB2,ASK1,2026-10-04,22078879;12695666,22078879 は脱リン酸化の順序のモデルで、本文は読めず Ask1 の記述を確かめられない。12695666 は Cdk による Ask1 のリン酸化が完全な働きに要ると書くがサイクリンを特定していない（CDC28→ASK1 は既にある）
CNA1,ALY2,2026-10-04,23824189;34562280,23824189 はカルシニューリンによる Aly1 の脱リン酸化の論文で、要旨に Aly2 の記述がない（本文は読めず）。34562280 もカルシニューリンが調節するのは Aly1 と書く
DMA2,SHS1,2026-10-04,23442799,Dma2 は Shs1 をユビキチン化し dma1Δ dma2Δ で Shs1 のユビキチン化が減るが、Shs1 の量・働きへの作用は書かれていない
ECO1,RAD30,2026-10-04,33033113,Eco1 による Pol η のアセチル化は試験管内だけ。アセチル化できない変異体は量・核への集積が減るが、体内で Eco1 に依存することは示されていない
ELM1,GPA1,2026-10-04,21521692;24003255,Elm1 は Gpa1（S200）をリン酸化し、G2/M のリン酸化は G1 のポリユビキチン化につながる。グルコース制限では Elm1・Sak1・Tos3 のリン酸化がフェロモン応答を弱めるが、Gpa1 自体の働きへの作用（強めるか弱めるか）は書かれていない
ESA1,CDC3,2026-10-04,21984913,NuA4 は Cdc3 を試験管内でアセチル化する（K316）が、体内で Esa1 に依存するのは Shs1 と Cdc10 だけで、Cdc3 への作用は書かれていない
FUS3,NUP53,2026-10-04,17461799,要旨は Nup53 をリン酸化するキナーゼとして Cdk1 と Hrr25 を挙げ、Fus3 の記述がない（本文は読めず。119 のキナーゼの試験管内スクリーニングの可能性）
KSS1,STE12,2026-10-04,9744865;9860980,活性化していない Kss1 は Ste12 を抑え、活性化した Kss1 は働かせる。状態によって効き方が逆なので決めない
FUS3,RVS167,2026-10-04,12857883,Fus3 は接合フェロモンのもとで Rvs167 を完全にリン酸化するのに要るが、作用は書かれていない。Las17 との結合を妨げるのは Pcl2-Pho85 の部位のリン酸化で試験管内だけ
GLC7,RED1,2026-10-04,10786836;8754819,Glc7 は Red1 と共沈・共局在し試験管内で脱リン酸化する。Red1 の働きへの作用は「推測する」とあるだけ（Glc7 が Mek1 の活性に拮抗することは別の関係として拾った）
GLC7,SEN1,2026-10-04,18342605,Glc7 は試験管内で Sen1 を脱リン酸化し、Sen1 断片による抑圧には Glc7 との結合が要るが、脱リン酸化が Sen1 の働きをどう変えるかは書かれていない
HOG1,GAL83,2026-10-04,27524664;28429799,本文: Hog1 は試験管内で Sip2・Gal83 の N 末端をリン酸化するだけ（論文の主題は Snf1 の S214）。体内の作用はない
HOG1,PAN1,2026-10-04,22890988,本文: Pan1 の T1225 は浸透圧ストレスで Hog1 に依存してリン酸化され、試験管内でも Hog1 の基質だが、Pan1 の働きへの作用は推測（「might be important」）だけ
HOG1,SIP2,2026-10-04,27524664;28429799,本文: Hog1 は試験管内で Sip2・Gal83 をリン酸化するだけ。体内の作用はない
HRR25,BMH1,2026-10-04,19860830,主に哺乳類の CK1α と 14-3-3 の論文。酵母の CK1（Hrr25）が Bmh1・Bmh2 の相当部位をリン酸化することを試験管内で示しただけ
HRR25,BMH2,2026-10-04,19860830,主に哺乳類の CK1α と 14-3-3 の論文。酵母の CK1（Hrr25）が Bmh1・Bmh2 の相当部位をリン酸化することを試験管内で示しただけ
HRR25,DSN1,2026-10-04,27491543;23861669,精製タンパク質で Hrr25 が Dsn1 をリン酸化することを示しただけで、作用は「示唆」。23861669 はモノポリンと Dsn1 の結合で Hrr25 の作用に触れない
HRR25,NUP53,2026-10-04,17461799,Hrr25 は体内で Nup53 をリン酸化し、リン酸化は Hrr25-Nup53 の結合を弱めるが、Nup53 の働きへの作用は書かれていない（チェックポイントの働きは Cdk1 の部位）
HRR25,SEC31,2026-10-04,23864707;21532587;26195667,本文: Hrr25 は試験管内で Sec31 をリン酸化するだけ（体内で示したのは Lst1）。COPII の被覆のリン酸化は小胞の融合に、脱リン酸化は出芽に要り、Sec31 への作用は決められない。21532587 は Sec31 は別のキナーゼがリン酸化するらしいとする
HRR25,TOM40,2026-10-04,21215441;22419819,要旨は CK2（Tom22・Mim1）と PKA（Tom70）の作用で、Hrr25 と Tom40 は出てこない。本文は PMC になく確かめられない
HST3,HHF1,2026-10-04,17977840,Hst3 の基質として示されたのは H3 K56。H4 は試験管内のペプチドだけで、本文は PMC になく確かめられない
HST3,HHF2,2026-10-04,17977840,Hst3 の基質として示されたのは H3 K56。H4 は試験管内のペプチドだけで、本文は PMC になく確かめられない
HST3,HHT1,2026-10-04,17977840;37811746;26748095,Hst3 は S 期のあとに H3 K56 を脱アセチル化する。K56 のアセチル化はチェックポイントと姉妹染色分体の接着に要る一方、持続すると複製起点の活性化を妨げ、ヒストン H3 の働きへの向きは過程で逆になり決められない
HST3,HHT2,2026-10-04,17977840;37811746;26748095,Hst3 は S 期のあとに H3 K56 を脱アセチル化する。K56 のアセチル化はチェックポイントと姉妹染色分体の接着に要る一方、持続すると複製起点の活性化を妨げ、ヒストン H3 の働きへの向きは過程で逆になり決められない
IPL1,CSE4,2026-10-04,23637466,Ipl1 は Cse4 のリン酸化に寄与し、リン酸化は欠陥のある動原体を不安定にして二方向性を促すと提案するが、Cse4 自身の働きを高めるか抑えるかは書かれていない
IPL1,HHT2,2026-10-04,19605555;10975519,19605555 は Ipl1 と Mcm21 の遺伝学で H3 に触れない。10975519 は Ipl1 と Glc7 が H3 S10 のリン酸化を決めるとするが、リン酸化と染色体分配の因果は示されていないと書く
KSS1,CDC25,2026-10-04,12867033,Kss1 と Fus3 の複合体が Cdc25 に結合しリン酸化し、Kss1 の活性化で cAMP が増えるが、Cdc25 が制御点だというのは「likely」の推論
MPS1,ASK1,2026-10-04,34313341,本文: Mps1 の作用は Dam1 の C 末端のリン酸化（Bim1 との結合）で、Ask1 は Cdk1 のリン酸化部位として出てくるだけ
PBS2,RGT1,2026-10-04,16844691,要旨は PKA（Tpk1-3）による Rgt1 のリン酸化で、Pbs2 は出てこない。本文は PMC になく、Pbs2 の記録を確かめられない（PKA の作用は別の関係として拾った）
PPH22,PSY4,2026-10-04,35977012,CDK の基質 Psy4 の断片を使った合成生物学のセンサーの論文。PP2A-Cdc55 による試験管内の脱リン酸化の速さを調べただけで、Psy4 の働きへの作用はない
PRB1,HHT1,2026-10-04,24587380,液胞のプロテアーゼ Prb1 は H3 の N 末端を切る活性に要り、試験管内で H3 を切るが、H3 の働きへの作用は書かれていない（定常期の遺伝子の活性化との関連は先行研究の話）
SNF1,HCM1,2026-10-04,23481038,リン酸化と局在の因果は著者のモデルの段階
TOR1,FAB1,2026-10-04,41191556;33157024,根拠の論文が「presumably」と書いており、推測の段階
PRK1,BNI1,2026-10-04,19220811,試験管内の結果だけ: 要旨は Prk1 による 3 つの部位のリン酸化が Bni1 の自己抑制を解くのに十分（活性化）と書くが、体内での確認が要旨にない。PMC 本文なし。PubMed で Prk1 Bni1 の別の論文は見つからない
RSP5,BNI1,2026-10-04,22727045,要旨は細胞の傷で PKC に依存して Bni1 と Sec3 が分解されると書くが、Rsp5 に触れていない（PMC 本文なし）。Rsp5 Bni1 で探した論文 2 件は無関係
RSP5,BUL2,2026-10-04,22307975,Bul2 は Rsp5 のアダプター。要旨は Bul タンパク質が基質ごとに拮抗的に働くとだけ書き、Rsp5 による Bul2 のユビキチン化の作用は書かれていない（PMC 本文なし）
RTT109,HHF1,2026-10-04,23036725,試験管内のアセチル化（Rtt109-Vps75 が H4 K12 をアセチル化）だけ。ヒストンの働きへの作用は書かれていない
RTT109,HHF2,2026-10-04,23036725,試験管内のアセチル化（Rtt109-Vps75 が H4 K12 をアセチル化）だけ。ヒストンの働きへの作用は書かれていない
SAK1,GAL83,2026-10-04,27524664;19897735,試験管内のリン酸化だけ（Sak1 標品が Gal83 をリン酸化。本文）。Gal83 のリン酸化部位の領域を除いても Snf1 の調節はほとんど変わらない（19897735）
SAK1,GPA1,2026-10-04,24003255,Sak1 は Gpa1 を直接リン酸化し、リン酸化はフェロモン応答を弱めるが、Gpa1 自体の働き（活性化か抑制か）への作用は書かれていない（本文も確認）
SAK1,SIP2,2026-10-04,27524664,試験管内のリン酸化だけ（Sak1 標品が Sip2 をリン酸化。本文）。働きへの作用なし
SCH9,HCM1,2026-10-04,23481038,試験管内で Sch9 は Hcm1 を弱くリン酸化するだけ。働きへの作用は書かれていない
SCH9,HHT1,2026-10-04,29938647,Sch9 と CK2 は H3 T11 をリン酸化し、その変異は寿命を延ばすが、ヒストンの働きへの向きは決められない
SIR2,IFH1,2026-10-04,23973296,Sir2 は Ifh1 を脱アセチル化し（試験管内・体内）、アセチル化は Ifh1 の転写活性化を制限するが、Sir2 が Ifh1 を活性化するとは書かれていない（本文の該当文は「likely」の推測）
SNF1,HHT1,2026-10-04,11498592,Snf1 は H3 S10 をリン酸化し Gcn5 と順に INO1 の転写を高めるが、ヒストン自体の働きへの向きは決められない
SSN3,GAL83,2026-10-04,27524664,試験管内のキナーゼのスクリーニングだけ（要旨・本文に作用なし）
SSN3,SIP2,2026-10-04,27524664,試験管内のキナーゼのスクリーニングだけ（要旨・本文に作用なし）
STE20,NUP53,2026-10-04,17461799,119 のキナーゼの試験管内スクリーニングだけ。要旨は Hrr25 と Cdk1 を扱い、Ste20 の作用は書かれていない
TEL1,DUN1,2026-10-04,12967660;17114794,Tel1 は試験管内で Dun1 をリン酸化するが、SQ 部位を除いても DNA 損傷感受性とテロメア長は変わらない（12967660）。BioGRID の部位の論文 17114794 は Rad53 による Dun1 の活性化で Tel1 ではない
TEL1,XRS2,2026-10-04,12967660,Tel1 は試験管内で Xrs2 をリン酸化するが、SQ/TQ 部位を全部除いてもテロメア長と DNA 損傷感受性は野生型と同じ。向きは決められない
TPK1,GAL83,2026-10-04,27524664,PKA（ウシ・酵母の PKA 標品）が試験管内で Gal83 の N 末端をリン酸化するだけ。Tpk1 個別ではなく働きへの作用もない
TPK1,NUP53,2026-10-04,17461799,119 のキナーゼの試験管内スクリーニングだけ。Tpk1 の作用は書かれていない
CKA1,GAL83,2026-10-04,19897735,β サブユニットのリン酸化は Snf1 と CK2 による。著者は「リン酸化の意味は不明」で、部位の領域を除いてもグルコース制限での調節はほとんど変わらない
CKA2,GAL83,2026-10-04,19897735,β サブユニットのリン酸化は Snf1 と CK2 による。著者は「リン酸化の意味は不明」で、部位の領域を除いてもグルコース制限での調節はほとんど変わらない
GLC7,HHT1,2026-10-04,10975519,Glc7 は Ipl1 と釣り合って分裂期の H3 S10 のリン酸化を決めるが、ヒストンの働きへの向きは決められない（著者も染色体分配との因果は示されていないと書く）
GLC7,HHT2,2026-10-04,10975519,Glc7 は Ipl1 と釣り合って分裂期の H3 S10 のリン酸化を決めるが、ヒストンの働きへの向きは決められない（著者も染色体分配との因果は示されていないと書く）
KSS1,DIG1,2026-10-04,8918885;9094309;9860980;28262771;14734536,Kss1 は Dig1 を免疫複合体内でリン酸化し（8918885）、活性化した Fus3/Kss1 が Dig1 から Ste12 を放すことは「may」と推測にとどまる（9094309）。不活性な Kss1 は Dig1/Dig2 と協力して Ste12 を抑え（9860980）、活性化するとその複合体がほどける（28262771）。Dig1 自体の働きを上げるか下げるかは状態で逆になり、明記がない
CKA1,RPP2B,2026-10-04,21755460;11080154,21755460 は精製した CK2 のアイソフォームの基質（P2B）への試験管内の性質だけ。11080154 は P2 のリン酸化が分解に関わらないこと（P1 は C 末端のリン酸化で分解）で、CK2 の作用の向きは書かれていない
HRR25,RPS3,2026-10-04,16738661,Hrr25 は pre-40S で Rps3 をリン酸化し、リン酸化された Rps3 は離れやすく、その後の脱リン酸化で 40S に安定に組み込まれる。一方 Hrr25 を枯渇させると Rps3 の結合が不安定な未熟 40S がたまる。リン酸化のサイクルとして働き、促進・抑制のどちらとも書かれていない
KSS1,DIG2,2026-10-04,11525741;9094309;9860980,11525741 は Fus3 と Kss1 の基質特異性（Far1）の論文で Dig2 の働きの向きはない。9094309 は Rst2（Dig2）の放出による Ste12 の活性化を「may」と推測。9860980 は不活性 Kss1 による抑制に Dig1/Dig2 が要ること。Dig2 自体への作用の向きは明記がない
MEK1,HHT1,2026-10-04,28986445,Mek1 は H3 の T11 を直接リン酸化するが、T11 を変えても通常の減数分裂に検出できる欠陥はなく「mostly dispensable」とされる。H3 の働きへの向きはない（Mek1 の活性の目印としては markers に入れた）
MEK1,RED1,2026-10-04,9832507;21173162,9832507 は Mek1 依存の Red1 のリン酸化が姉妹染色分体の接着に要るとするが、21173162 は Red1 のリン酸化は Mek1・Mec1/Tel1 に依存せず、リン酸化できない red1(14A) にも減数分裂の欠陥がないとし、食い違う
PKC1,RPS5,2026-10-04,29352143,Pkc1 と Ypk1 は uS7（Rps5）の S223 を試験管内でリン酸化する。S223A は 40S の成熟を損なうが、本文では S223D/E も同様に 18S を減らし「phosphorylation at this site may be important」「needs to be properly regulated」とあり、リン酸化の向きが決まらない
RSP5,RPS3,2026-10-04,30893611,uS3 の K212 の Mag2 によるモノユビキチン化に続く Hel2・Rsp5 による K63 鎖は、機能しない 18S rRNA の分解（サブユニットの解離）に要る。止まったリボソームを片づける目印で、uS3 の働きを上げる・下げるとは書かれていない
SMK1,RPS5,2026-10-04,42054203,Smk1 は胞子形成の初期に Rps5 の T21・T27 をリン酸化し、リン酸化された Rps5 は不活性な 80S にとどまる。翻訳の休止に偏らせるというのは「support a model」でモデルにとどまる
UBP3,RPS31,2026-10-04,1429680,Ubp3 は大腸菌内で共発現させたときにユビキチン融合タンパク質を切る（大腸菌の抽出液では不活性）。要旨に RPS31 の名はなく、融合前駆体のプロセシングで信号の向きではない
YPK1,RPS5,2026-10-04,29352143,Ypk1 は uS7（Rps5）の S223 を試験管内でリン酸化し、ypk1Δ と S223A は 40S の欠陥が似る。しかし S223D/E も 18S を減らし、本文は「may be important」「needs to be properly regulated」で、リン酸化の向きが決まらない
YPK2,RPS5,2026-10-04,29352143,本文では Ypk2 も試験管内で uS7 をリン酸化するが S223 ではない部位で、体内での働きは調べられていない
SNF1,GAL83,2026-10-04,19897735,β サブユニットは Snf1 と CK2 にリン酸化されるが、「The significance of the phosphorylation is unclear」とあり、部位を含む領域を除いても Snf1 の調節にほとんど影響がない
CDC7,MCM2,2026-10-04,9407029;19692334;21596784;22564307,19692334 は DDK による Mcm2 の S164・S170 のリン酸化が増殖に必要とするが、同じ研究室の 21596784 は必須でないとし、試験管内では Mcm2 のリン酸化がヘリカーゼ活性を下げ DNA 結合を上げる。複製ストレスでの働き（22564307）も「fine-tunes」で向きが一定しない
JHD2,HHT1,2026-10-04,17310254;17875926;23091032;36167807,Jhd2 は H3K4me3 の脱メチル化酵素で「テロメアのサイレンシングの調節に寄与する」、GAL1 では活性化と減衰の 2 つの役割があるとされ、H3 の働きへの向きは明記がない
HEL2,RPS20,2026-10-04,28757607;30609991;36627279,Hel2 による uS10 のユビキチン化は RQC と NGD に必要だが、衝突したリボソームを RQT 複合体に解離させる目印で、uS10 の働きを上げる・下げるとは書かれていない
YDJ1,SSA1,2026-10-04,8144572;9843586;11014801;12493732,Ydj1 が Ssa1 の ATPase を最大 10 倍高めるのは精製系（試験管内）だけ。体内の機能的な結合は 11014801 で「suggest」にとどまり、12493732 では Ydj1 は翻訳後移行に必須でない
CLA4,CDC24,2026-10-04,11113154;11106754;28304276;19668330,Cla4 による Cdc24 のリン酸化は Bem1 からの解離（11106754、may）や Bem1 による GEF の促進を外す（28304276）とされるが、19668330 はリン酸化部位をすべて変えても目立つ欠陥がないとし、食い違う
HEL2,RPS3,2026-10-04,29147007;30893611,Hel2 は uS3（Rps3）のユビキチン化（モノ・K63 ポリ）に働くが、ユビキチン化が uS3 自体の働きを上げるか下げるかは書かれていない（停止・非機能リボソームの品質管理・サブユニット解離の目印）。モノユビキチン化の担い手も Mag2 と Hel2 で論文によって異なる
HST2,HHT1,2026-10-04,22474337;35296687,22474337 は体内で H3 K79 のアセチル化を調節するのは Sir2 で Hst2 ではないと述べる。35296687 は Hst2 をヒストンのベンゾイル化の除去酵素とする。H3 への作用の向き（働きへの効果）は書かれていない
HST2,HHT2,2026-10-04,22474337;35296687,HHT1 と同じ（Hst2 による H3 の脱アセチル化の体内での働きの向きは不明。K79 は Sir2 による）
JHD2,HHT2,2026-10-04,17310254;17875926;30842216;27325136,Jhd2 は H3 K4 の脱メチル化酵素で、テロメアのサイレンシングや GAL1 の転写の減衰に寄与するが、転写を正にも負にも調節し（27325136）、Set1 と対抗せず協調するとする報告もある（30842216）。H3 の働きへの向きを一つに決められない
MSB3,SEC4,2026-10-04,10559187;10937877;16166638,Msb3 の Sec4 への GAP 活性は試験管内だけ。16166638 は「GAP 活性で分泌を直接調節する」と「示唆」するのみで、体内で Sec4 の働きを下げる記述がない
UBP15,PEX5,2026-10-04,21665945;30097517,Ubp15 は Pex5 の脱ユビキチン化を試験管内で示し、ubp15 欠損でストレス時の PTS1 輸送が下がるが、脱ユビキチン化が受容体の再利用の重要な段階で「ありうる（might）」とするにとどまる。PMC 本文なし
AKR1,LCB4,2026-10-04,16227572;17686782,Akr1 によるパルミトイル化で Lcb4 は膜に固定されるが、パルミトイル化は定常期の Lcb4 の分解（液胞への輸送）にも必要。キナーゼの働きを上げるか下げるかは書かれていない
ARK1,PAN1,2026-10-04,17978096;10087264;11739778,Pan1 のリン酸化による負の調節は Prk1 について示され（Prk1-Arp2 の結合が Pan1 の抑制に必要）、Ark1 は「関わるとされる」のみ。Ark1 による Pan1 への作用は書かれていない
BET2,VPS21,2026-10-04,29184002;8183917,29184002 は Mon1-Ccz1 とプレニル化 Ypt7 の再構成系の論文で、Bet2 による Vps21 の修飾の働きは要旨に書かれていない。8183917 は Ypt1・Sec4 についてのみ
BET4,VPS21,2026-10-04,29184002,BET2-VPS21 と同じ（Bet4 による Vps21 のプレニル化の働きは書かれていない）
CDC7,MCM5,2026-10-04,10508166;24875188,10508166 は試験管内で Cdc7-Dbf4 が Mcm タンパク質をリン酸化することのみ。mcm5-bob1 が DDK の必須の働きを不要にする遺伝学（24875188 の記述）はあるが、DDK による Mcm5 のリン酸化の向きは書かれていない
CDC7,REV7,2026-10-04,24875188,Rev7 は DDK のリン酸化で「調節されうる」とするのみで、リン酸化は試験管内だけ
CDC7,RTT106,2026-10-04,25602519,25602519 は CDC28・CDC7 による Cac1 のリン酸化の論文で、要旨に Rtt106 の記述がない（PMC 本文なし）。他の検索でも見つからない
CDC7,ZIP1,2026-10-04,26682552;28357344,DDK は Zip1 S816 を試験管内と増殖期の細胞で直接リン酸化し、Zip1 4S のリン酸化は ZMM 経路の交叉に必要。しかし減数分裂中は DDK を阻害してもリン酸化はわずかに減るだけで、別のキナーゼの可能性が残り、DDK が担うとするのは「好む仮説」にとどまる
CKA1,ABF1,2026-10-04,7608180,CKII が Abf1 S720 を試験管内・体内でリン酸化することのみで、Abf1 の働きへの効果は書かれていない
CKA1,CBF2,2026-10-04,21633108,CK2 は Ndc10（Cbf2）T104 を試験管内でリン酸化し、Ipl1 と協調して Ndc10 の局在を調節するが、リン酸化を模した変異も欠く変異もともに紡錘体の伸長を遅らせ、向きを決められない
CKA1,CTR9,2026-10-04,27143358,CKII は PAF 複合体の全サブユニットをリン酸化し、CKII を欠くと H2B K123 のモノユビキチン化が下がるが、リン酸化が PAF 複合体の働きを上げるとは書かれていない（「調節」のみ）
CKA1,FPR3,2026-10-04,9148902,CKII による Fpr3 の Tyr184・Ser186 のリン酸化のみで、Fpr3 の働きへの効果は書かれていない
CKA1,LEO1,2026-10-04,27143358,CTR9 と同じ（PAF 複合体のリン酸化の働きの向きは不明）
CKA1,NIP1,2026-10-04,21280672,CK2 は Nip1 の S98・S99・S103 をリン酸化し、3 つのアラニン置換で増殖が遅くなるが、リン酸化が Nip1（eIF3c）の働きを上げるとは書かれていない
CKA1,NPL3,2026-10-04,18818768,Cka1 は体内で Npl3 S411 のリン酸化に必要だが、リン酸化が Npl3 の RNAP II・RNA への結合と伸長促進を弱めることは試験管内の実験だけ（体内の作用は書かれていない）
CKA1,NRG1,2026-10-04,16607517,Nrg1 はストレスでリン酸化され、それに Cka1 が必要だが、リン酸化が Nrg1 の抑制の働きを上げるか下げるかは書かれていない
CKA1,PAF1,2026-10-04,27143358,CTR9 と同じ（PAF 複合体のリン酸化の働きの向きは不明）
CKA2,RIO1,2026-10-04,17725716,体内での作用は「suggests」だけで、同じリン酸化で活性は上がり量は減る（効き方が逆の面がある）xCKS1>HCM1=Cks1 の欠損の実験がなく、部位の変異からの推定0ESA1>HTZ1=酵素がアセチル化する記述とリシンが働きに要る記述をつないだ推論で、酵素を欠いた実験がない1GCN5>HTZ1=酵素がアセチル化する記述とリシンが働きに要る記述をつないだ推論で、酵素を欠いた実験がないxDCR2>IRE1=体内の根拠は過剰発現だけで「consistent with」の書き方0DCR2>SIC1=体内の根拠は過剰発現だけ1GRR1>PFK27=論文は「targets」とだけ書き、分解は文脈からの読み取りxGRR1>TYE7=論文は「targets」とだけ書き、分解は文脈からの読み取り0UCC1>CIT2=要旨は「citrate synthase」とだけ書き、Cit1〜3 のどれか特定できない（PMC の本文もない）1RPD3>NGG1=Ada3 のアセチル化が二量体化に要る記述と Tpk2 の記述をつないだ推論xTEL1>SLT2=S423・S428 のリン酸化は Mec1/Tel1 と Rad53 の両方に依存し、Tel1 の作用と特定できない
CKA1,POB3,2026-10-04,27143358,FACT と CK2 の結合と PAF 複合体のリン酸化の論文。Pob3 のリン酸化が働きをどちらに変えるかは書かれていない
CKA1,PRT1,2026-10-04,21280672,eIF3 の Prt1 のリン酸化部位（S22・T707）を質量分析で見ただけ。CK2 の働きは Nip1 についてで、Prt1 への作用の向きは書かれていない
CKA1,RTF1,2026-10-04,27143358,CK2 が PAF 複合体の 5 つのサブユニットをリン酸化し、CK2 が減ると H2B K123 のユビキチン化が減るが、Rtf1 の働きへの作用は明示されていない（本文は PMC で読めず）
CKA1,SPT16,2026-10-04,27143358,FACT は CK2 と結合し PAF 複合体のリン酸化を助けうる、とあるだけ。Spt16 のリン酸化の働きは書かれていない
CKA1,SRP1,2026-10-04,9258433,Srp1 S67 は CK2 部位だが、S67V・S67D は増殖に影響せず、NLS への結合もリン酸化に依存しない。向きは決まらない
CKA1,TOM20,2026-10-04,21215441;24093680,CK2 が働きを促すのは Tom22 と Mim1（既に記録あり）。Tom20 のリン酸化の働きは要旨に書かれていない（本文は PMC になし）
CKA2,CBF2,2026-10-04,21633108,CK2 は Ndc10 をリン酸化し、Aurora B のリン酸化と相乗的に働くとあるだけで、Ndc10 の働きへの向きは明示されていない
CKA2,FPR3,2026-10-04,9148902,CKII が Fpr3 の Y184・S186 をリン酸化する仕組みの論文。働きへの作用は書かれていない
CKA2,RPP0,2026-10-04,39468350,P-stalk は常にリン酸化された状態で翻訳を最適化するとあるが、CK2 は試験管内で使っただけで、キナーゼを欠いたときの作用は示されていない
CKA2,RPP1A,2026-10-04,39468350,P-stalk は常にリン酸化された状態で翻訳を最適化するとあるが、CK2 は試験管内で使っただけで、キナーゼを欠いたときの作用は示されていない
CKA2,TIF5,2026-10-04,25417541;16227438,eIF5 T191 は試験管内で CKII にリン酸化されるが、T191 の変異は野生型では翻訳の応答を妨げない。16227438 は哺乳類細胞の論文。向きは決まらない
CKA2,TOM20,2026-10-04,21215441;24093680,CK2 が働きを促すのは Tom22 と Mim1（既に記録あり）。Tom20 のリン酸化の働きは要旨に書かれていない
CLA4,CDC11,2026-10-04,14993234,本文: 組換え Cla4 は Cdc11・Cdc12 とほとんど結合せずリン酸化しない。酵母から取った Cla4 の免疫沈降での弱いリン酸化だけ。働きが示されたのは Cdc10（既に記録あり）
CLA4,CDC12,2026-10-04,14993234,本文: Cla4 は Cdc12 を「much lesser extent」でしかリン酸化せず、組換え Cla4 は Cdc12 と結合しない。働きが示されたのは Cdc10（既に記録あり）
CLB2,HHO1,2026-10-04,22078879,分裂期の終わりの Cdk 基質の脱リン酸化の順序の論文。Hho1 の働きへの作用は書かれていない
CLB5,ORC1,2026-10-04,21289063,CDK が働きを抑える標的は Orc2・Orc6（既に記録あり）。Orc1 は高濃度の Clb5-Cdk1 で試験管内でリン酸化されるだけ
CMK1,HSF1,2026-10-04,18793336,Yak1 が Hsf1 を活性化する論文。要旨に Cmk1 は出てこず、Cmk1 の作用は書かれていない（本文は PMC になし）。Cmk と Hsf1 の別の論文も見つからない
CMK2,HSF1,2026-10-04,18793336,Yak1 が Hsf1 を活性化する論文。要旨に Cmk2 は出てこず、Cmk2 の作用は書かれていない（本文は PMC になし）
CNA1,ATC1,2026-10-04,10102375,Lic4（Atc1）はカルシニューリンの試験管内の基質で、カルシニューリンを欠くと細胞質に多くなる。ただし著者は両者が並行する経路として働くとしており、Atc1 の働きへの向きは明示されていない
DBF2,CHS2,2026-10-04,22573892,S217 のリン酸化を欠く変異もまねる変異も細胞質分裂に欠陥を示し、リン酸化と脱リン酸化の両方が必要とされる。向きは決まらない
DBF2,HHO1,2026-10-04,22718910,減数分裂での MEN（Dbf20-Mob1）の論文で、Hho1 は要旨に出てこない。作用は書かれていない
DIA2,SIR4,2026-10-04,22844255,SCF-Dia2 は Sir4 を試験管内と体内でユビキチン化し、dia2Δ ではサイレント・クロマチンの Sir4 が増えるがサイレンシングは弱まる。ユビキチン化が Sir4 の働きをどちらに変えるかは「suggest」の推測にとどまる
ECO1,IRR1,2026-10-04,11864574,Eco1 が Scc3（IRR1）をアセチル化するのは試験管内だけで、働きへの影響は書かれていない
ECO1,PDS5,2026-10-04,11864574,Eco1 が Pds5 をアセチル化するのは試験管内だけで、働きへの影響は書かれていない
ECO1,POL30,2026-10-04,27916662,Eco1 は DNA 損傷で PCNA の K20 を体内でアセチル化し、アセチル化をまねると相同組換えが促される。ただしアセチル化は PCNA の滑りを変えて修復の経路を選ばせるもので、PCNA の働きを上げるか下げるかは書かれていない
ENV7,HHT1,2026-10-04,23166297,Env7 が液胞膜のキナーゼだと試験管内のキナーゼ活性で示しただけで、要旨に H3 は出てこず、H3 への働きは書かれていない（本文は PMC で取れず）
ERO1,TRX1,2026-10-04,20669236,Ero1 自身のジスルフィドによる調節の研究。Trx1 は試験管内の還元基質（BioGRID の注記: Redox of TRX(red)）として使われたもので、要旨に Trx1 は出てこず、体内で Trx1 の働きを変えるとは書かれていない
ESA1,CDC11,2026-10-04,28188860,Cdc11 のアセチル化-SUMO 化の切り替えが局在を決めると示すが、要旨に Esa1 は出てこない（本文は PMC で取れず）
ESA1,CDC12,2026-10-04,21984913,NuA4 は Cdc12 を試験管内でアセチル化するが、体内でアセチル化が減ると示されたのは Shs1 と Cdc10 で、Cdc12 の働きへの影響は書かれていない
ESA1,HTB1,2026-10-04,20810648,Lys20（ホモクエン酸合成酵素）が Esa1 と H2A.Z を介して DNA 損傷修復につながるという論文で、Esa1 による H2B のアセチル化とその働きは要旨に書かれていない
ESA1,RFA1,2026-10-04,37140030,NuA4 は DNA 損傷で RPA をアセチル化するが、アセチル化をまねても妨げても同じように変異が増え、適切なアセチル化と脱アセチル化の両方が要るとする。向きは決められない
ESC2,SGS1,2026-10-04,33446573;35654140,Esc2 は Sgs1 の SUMO 化を促す（体内・試験管内）。しかし SUMO 化が Sgs1 の働きをどちらに変えるかは書かれていない（「suggest」のみ）
FES1,SSA1,2026-10-04,18706386;12052876;31806703,Fes1 は Ssa1 からのヌクレオチド放出を促す一方、Ydj1 による Ssa1 の ATPase の活性化を抑える。Ssa1 の働きを上げるか下げるかは一つに決まらない
FPR4,HHT1,2026-10-04,23888048;16959570,Fpr4 は H3 の P30・P38 を異性化し、P38 の異性化は Set2 による H3K36 のメチル化を妨げる（体内で触媒不活性型では H3K36me が増える）。H3 そのものの働きを上げるか下げるかは書かれていない
FUS3,SST2,2026-10-04,15924435;10593933,Fus3 は Sst2 の S539 をリン酸化するが、部位の変異はフェロモン感受性を変えず、分解を遅くする「ようだ（appears）」にとどまる
GCN5,HTA1,2026-10-04,9733731,Gcn5-Ada 複合体が試験管内でヒストンをアセチル化するという論文で、H2A（Hta1）の働きへの影響は書かれていない
GCN5,HTA2,2026-10-04,9733731,Gcn5-Ada 複合体が試験管内でヒストンをアセチル化するという論文で、H2A（Hta2）の働きへの影響は書かれていない
GCN5,HTB1,2026-10-04,9733731,Gcn5-Ada 複合体が試験管内でヒストンをアセチル化するという論文で、H2B（Htb1）の働きへの影響は書かれていない
GCN5,HTB2,2026-10-04,9733731,Gcn5-Ada 複合体が試験管内でヒストンをアセチル化するという論文で、H2B（Htb2）の働きへの影響は書かれていない
GCN5,RSC4,2026-10-04,21673141,Gcn5 による Rsc4 K25 のアセチル化は複製ストレスへの耐性に要るが、同じ要旨で、このアセチル化は分子内で第 2 ブロモドメインのアセチル化 H3 への結合を妨げるとされ、一方で RSC の活性と認識は変えないとも書かれる。向きが層で食い違う
GCN5,SPT2,2026-10-04,30804216,合成の基質で Gcn5 とサーチュインの標的配列を調べた論文で、要旨に Spt2 は出てこず、Spt2 の働きへの影響は書かれていない
TEL1,SLT2,2026-10-04,19805511,S423・S428 のリン酸化は Mec1/Tel1 と Rad53 の両方に依存し、Tel1 の作用と特定できない
RPD3,NGG1,2026-10-04,35301489;40301306,Ada3 のアセチル化が二量体化に要る記述と Tpk2 の記述をつないだ推論
UCC1,CIT2,2026-10-04,25982115,要旨は「citrate synthase」とだけ書き、Cit1〜3 のどれか特定できない（PMC の本文もない）
CKS1,HCM1,2026-10-04,36658165,Cks1 の欠損の実験がなく、部位の変異からの推定
DCR2,IRE1,2026-10-04,16990850,体内の根拠は過剰発現だけで「consistent with」の書き方
DCR2,SIC1,2026-10-04,17673172,体内の根拠は過剰発現だけ
ESA1,HTZ1,2026-10-04,16543219;16543223,酵素がアセチル化する記述とリシンが働きに要る記述をつないだ推論で、酵素を欠いた実験がない
GCN5,HTZ1,2026-10-04,16543223,酵素がアセチル化する記述とリシンが働きに要る記述をつないだ推論で、酵素を欠いた実験がない
GRR1,PFK27,2026-10-04,17828247,論文は「targets」とだけ書き、分解は文脈からの読み取り
GRR1,TYE7,2026-10-04,17828247,論文は「targets」とだけ書き、分解は文脈からの読み取り
RPH1,HHT1,2026-10-04,17525156,ヒストンの修飾酵素の向きの決め方が揃っていない（SIR2 の脱アセチル化は促進）。決め方を見直すまで決めない
RPH1,HHT2,2026-10-04,17525156,ヒストンの修飾酵素の向きの決め方が揃っていない（SIR2 の脱アセチル化は促進）。決め方を見直すまで決めない
IME2,MCM4,2026-10-04,29388912,Mcm2–7 を抑える仕組みは試験管内で、体内は核外輸送の促進まで。Mcm4 に特定できない
IME2,MCM6,2026-10-04,29388912,Mcm2–7 を抑える仕組みは試験管内で、体内は核外輸送の促進まで。Mcm6 に特定できない
SEC63,KAR2,2026-10-04,9199165;20430885,ATPase の促進は試験管内（YDJ1 → SSA1 と同じ扱い）
HMT1,HHT1,2026-10-04,25715670;22953000;24068969,Hmt1 が H3 の R2 を非対称ジメチル化するのは試験管内だけ（25715670）。22953000 は Hmt1 がテロメアのサイレンシングを支えることを示すが、H4R3 などの話で H3R2 の体内での働きの向きはない
HMT1,HHT2,2026-10-04,25715670;22953000;24068969,HHT1 と同じ（H3R2 のメチル化は試験管内だけで、H3 の働きへの向きの記述がない）
HMT1,PHO4,2026-10-04,30206180,Pho4 の R241 のメチル化は試験管内だけで体内では確かめられず、hmt1Δ でも Pho4-GFP の局在は変わらない。リン酸の遺伝子の低下との関係は推測
HMT1,RPS2,2026-10-04,26081071;20035717;42641886,Rps2 のメチル化は Hmt1 に依存する（20035717）。メチル化は Pse1 との結合を「modestly」下げ、Hmt1 の欠損は rps2 変異体の翻訳の正確さの欠陥を強めるが、Rps2 の働きを上げる・下げるとは書かれていない（42641886）
HMT1,SNF2,2026-10-04,22997150,Snf2 は試験管内で Hmt1 の基質と確かめられただけで、体内での働きの記述はない
HMT1,NOP1,2026-10-04,12756332;26081071;31756331,12756332 は Nop1 の核小体への局在はメチル化に依らないとし、31756331 は hmt1 欠損で Nop1-GFP の局在が典型的な核小体でなくなるとし、食い違う。Nop56/58 との結合の低下は「suggested」にとどまる
HMT1,GAR1,2026-10-04,12756332;26081071,Gar1 は体内で Hmt1 にメチル化されるが、局在はメチル化に依らず、働きへの作用の記述はない
HMT1,NSR1,2026-10-04,12756332;26081071,Nsr1 は体内で Hmt1 にメチル化されるが、局在はメチル化に依らず、働きへの作用の記述はない
HOG1,DOT1,2026-10-04,38270553,Hog1 は Dot1 を試験管内・体内でリン酸化し、そのリン酸化が UV による DNA 損傷への応答に重要とされるが、Dot1 の活性（H3K79 のメチル化）を上げるか下げるかは要旨に書かれていない（PMC の本文なし）
HOG1,SPT6,2026-10-04,29155810,本文で Spt6 は Hog1 にリン酸化された因子の 1 つに挙がるだけで、以後は Spt4 だけを調べている。Spt6 への作用の向きはない
HRR25,ATG32,2026-10-04,25287303;23897086,本文: GST-Atg32 は試験管内で Hrr25 にわずかにリン酸化されるだけ（Atg19 と対照的）。Atg32 のリン酸化と Atg11 との結合は CK2 による（CKA1→ATG32 は登録済み）
MEK1,HOP1,2026-10-04,9832507;23047948;30289413,9832507 は Red1 のリン酸化の論文で、Hop1 のリン酸化は要旨に出てこない。23047948 では Mek1 は FHA ドメインで Hop1-T318 のリン酸化（Mec1/Tel1 による）を脱リン酸化から守る（キナーゼ活性に依らない）が、Mek1 が Hop1 の働きを上げると明記されたものではない
TPK1,FBP1,2026-10-04,2834362;3005313,PKA による Fbp1 の S11 のリン酸化は試験管内で、リン酸化型は AMP などの阻害に約 3 倍敏感になり「suggesting」体内で活性を下げる。3005313 も分解の目印と「presumably」で、推測にとどまる
MSB3,YPT6,2026-10-04,10559187;10937877,Msb3/Gyp3 が Ypt6 の GTPase を速めるのは試験管内だけ（10559187）。10937877 は Msb4 の論文。体内で Msb3 が Ypt6 に働くという記述はない
YCK2,SEC2,2026-10-04,26700316,Yck1/Yck2 は Sec2 をリン酸化し Sec15 との結合を促し Ypt32 との結合を妨げる（向きが相手で逆）。yck-ts では Bgl2 がたまるが、Sec2 のリン酸化部位の変異体では分泌の欠陥がなく、リン酸化を模した Sec2 も yck-ts を戻さない。Sec2 の働きを促すというのは「We propose」のモデル
HEL1,HHF2,2026-10-04,22570702,体内で分解を測ったのは H3 で、H4 は試験管内のユビキチン化だけ
HEL2,HHF2,2026-10-04,22570702,体内で分解を測ったのは H3 で、H4 は試験管内のユビキチン化だけ
BET2,YPT7,2026-10-04,29184002;32213587,論文はプレニル化した Ypt7（GDI 複合体）を融合の再構成に使っただけで、Bet2 が Ypt7 をプレニル化して働きを変えるという記述がない。PubMed で Bet2/GGTase と Ypt7 を探しても見つからない
COF1,ACT1,2026-10-04,23135996,BioGRID の「タンパク質分解」はコフィリンによるアクチン繊維の切断（Srv2 が促す）。切断は繊維の回転を速めるが、アクチンの働きを上げるか下げるかは決められない
ERF2,YGL108C,2026-10-04,19416974,要旨に YGL108C が出てこず、PMC の本文もない。Erf2 による YGL108C のパルミトイル化の意味を確かめられない
GID7,MDH2,2026-10-04,33905682,本文: 試験管内で Gid7 は Mdh2 のユビキチン化に複雑な効果（鎖は長くなるが消費される Mdh2 は減る）。体内では Gid7 を欠いて大きく安定化したのは Fbp1 だけで、Gid7 は GID による一部の基質の分解には要らないとする。向きを決められない
GID7,PCK1,2026-10-04,33905682,本文: Gid7 を加えたときの Pck1 のユビキチン化への効果はわずか。体内で Gid7 を欠いて大きく安定化したのは Fbp1 だけ。Gid7 が Pck1 を抑えるとは言えない
GIN4,STE50,2026-10-04,14555477,要旨は Ste50 の T42 をリン酸化するのはカゼインキナーゼ I だとし、Gin4 は出てこない。PMC の本文もなく、Gin4 による作用を確かめられない
GLC7,CFT1,2026-10-04,16137619,要旨は Glc7 による Pta1 の脱リン酸化とポリ A 付加を示すが、Cft1 の脱リン酸化の働きは書かれていない（本文は PMC にない）
GLC7,FIP1,2026-10-04,16137619,要旨は「リン酸化された CPF と Fip1 の結合が弱まる」とするだけで、Glc7 が Fip1 自身を脱リン酸化したときの働きは書かれていない
GLC7,YSH1,2026-10-04,16137619,要旨に Ysh1 の脱リン酸化の働きは書かれていない（本文は PMC にない）
GLC7,NOP1,2026-10-04,31756331,Glc7 が Nop1 の SRGG モチーフを脱リン酸化し、リン酸化はメチル化を妨げるとあるが、リン酸化そのものの働きは「まだ分からない」と書かれている。HMT1→NOP1 は副産物に入れた
GLC7,SCD5,2026-10-04,17898076,Scd5 は Glc7 を Pan1 に向ける調節サブユニットで、Prk1 にリン酸化される。Glc7 が Scd5 を脱リン酸化したときの働きは要旨に書かれていない（GLC7→PAN1 は登録済み）
GYP1,SEC4,2026-10-04,9452439;27427966,Gyp1 の Sec4 への GAP 活性は試験管内だけ。sec4-8 との組み合わせでの過剰発現の害は「おそらく GAP 活性の増加による」とするだけ。体内で Gyp1 が働く相手は主に Ypt1（GYP1→YPT1 は副産物に入れた）
HAL5,NUP53,2026-10-04,17461799,要旨は Nup53 をリン酸化するキナーゼとして Cdk1 と Hrr25 を挙げ（119 のキナーゼの試験管内の探索から Hrr25）、Hal5 は出てこない。PMC の本文もない
HAL5,RGT1,2026-10-04,16844691,要旨は Rgt1 をリン酸化するのは PKA だとし、Hal5 は出てこない。PMC の本文もない。PubMed で Hal5 と Rgt1 を探しても見つからない
HMT1,HRB1,2026-10-04,9499403,Hmt1 が Hrb1 をメチル化するとの記述は要旨になく、Hrb1 の核外輸送はメチル化がなくても変わらないとある。向きを決められない
HMT1,RPC31,2026-10-04,31160378,Rpc31 のメチル化は、増殖に適した条件では tRNA 遺伝子の転写を高め、ストレスでは Maf1 との結合を通して転写の抑制を強める。状態によって働きが逆なので向きを決められない
HMT1,SNP1,2026-10-04,20823272,Hmt1 は Snp1 をメチル化し、HMT1 の欠損で U1 snRNP の呼び込みが乱れ、Snp1 と Npl3 の結合が増え、一部の mRNA のスプライシング効率が上がる。Snp1 の働きを上げるか下げるかは書かれていない
HMT1,BRR1,2026-10-04,26572822,プロテオームアレイと試験管内・抽出液でのメチル化で Hmt1 の基質と確かめただけで、メチル化の働きは書かれていない。PubMed で Hmt1 とこの遺伝子の組を探しても他の論文が見つからない
HMT1,DIA4,2026-10-04,26572822,プロテオームアレイと試験管内・抽出液でのメチル化で Hmt1 の基質と確かめただけで、メチル化の働きは書かれていない。PubMed で Hmt1 とこの遺伝子の組を探しても他の論文が見つからない
HMT1,HTS1,2026-10-04,26572822,プロテオームアレイと試験管内・抽出液でのメチル化で Hmt1 の基質と確かめただけで、メチル化の働きは書かれていない。PubMed で Hmt1 とこの遺伝子の組を探しても他の論文が見つからない
HMT1,MPP10,2026-10-04,26572822,プロテオームアレイと試験管内・抽出液でのメチル化で Hmt1 の基質と確かめただけで、メチル化の働きは書かれていない。PubMed で Hmt1 とこの遺伝子の組を探しても他の論文が見つからない
HMT1,MRD1,2026-10-04,26572822,プロテオームアレイと試験管内・抽出液でのメチル化で Hmt1 の基質と確かめただけで、メチル化の働きは書かれていない。PubMed で Hmt1 とこの遺伝子の組を探しても他の論文が見つからない
HMT1,NUG1,2026-10-04,26572822,プロテオームアレイと試験管内・抽出液でのメチル化で Hmt1 の基質と確かめただけで、メチル化の働きは書かれていない。PubMed で Hmt1 とこの遺伝子の組を探しても他の論文が見つからない
HMT1,PRP43,2026-10-04,26572822,プロテオームアレイと試験管内・抽出液でのメチル化で Hmt1 の基質と確かめただけで、メチル化の働きは書かれていない。PubMed で Hmt1 とこの遺伝子の組を探しても他の論文が見つからない
HMT1,RPA43,2026-10-04,26572822,プロテオームアレイと試験管内・抽出液でのメチル化で Hmt1 の基質と確かめただけで、メチル化の働きは書かれていない。PubMed で Hmt1 とこの遺伝子の組を探しても他の論文が見つからない
HMT1,RRP43,2026-10-04,26572822,プロテオームアレイと試験管内・抽出液でのメチル化で Hmt1 の基質と確かめただけで、メチル化の働きは書かれていない。PubMed で Hmt1 とこの遺伝子の組を探しても他の論文が見つからない
HMT1,SPP381,2026-10-04,26572822,プロテオームアレイと試験管内・抽出液でのメチル化で Hmt1 の基質と確かめただけで、メチル化の働きは書かれていない。PubMed で Hmt1 とこの遺伝子の組を探しても他の論文が見つからない
HMT1,UTP4,2026-10-04,26572822,プロテオームアレイと試験管内・抽出液でのメチル化で Hmt1 の基質と確かめただけで、メチル化の働きは書かれていない。PubMed で Hmt1 とこの遺伝子の組を探しても他の論文が見つからない
HRR25,LTV1,2026-10-04,25778921,リン酸化で Ltv1 が pre-40S から外れ、40S の成熟が進む。抑制と読めるかが分かれる
IME2,MCM2,2026-10-04,29388912,Mcm2–7 を抑える仕組みは試験管内で、体内は CDK と Ime2 を両方止めた結果だけ
IME2,MCM5,2026-10-04,29388912,Mcm2–7 を抑える仕組みは試験管内で、体内は CDK と Ime2 を両方止めた結果だけ
HOG1,CIP1,2026-10-04,28676626,Hog1 が浸透圧ストレスで Cip1 の T65・T73 をリン酸化するが、それが Cip1 と Cdk1-G1 サイクリンの結合を強めるのは「may」「might」の推測にとどまる（本文も同じ）
HOG1,MSA1,2026-10-04,25733686,Hog1 による Whi5・Msa1 のリン酸化が G1 サイクリンの発現の抑制に必須とあるが、Msa1 自体の働きを上げるか下げるかは書かれていない（PMC は要旨のみ）
HOG1,NUP60,2026-10-04,23645671,Hog1 は Nup60 を直接リン酸化するが、リン酸化されない変異体の解析は Nup1・Nup2 だけで、Nup60 への作用は書かれていない
HOG1,STE50,2026-10-04,18854322;22242015;19218425,Ste50 のリン酸化が Kss1 の活性化を抑えるという報告（18854322・22242015）と、Ste50 の MAPK 部位は不要という反対の報告（19218425）があり、食い違う
HOG1,TOK1,2026-10-04,15294160,Hog1 が Tok1 をリン酸化するとだけあり、Tok1 の働きへの作用は書かれていない
HOS3,HHF1,2026-10-04,35623387;10535926,Hos3 の結晶構造と試験管内の脱アセチル化だけで、体内の H4 への作用は書かれていない
HRR25,ELP2,2026-10-04,40930532,Hrr25 の自己リン酸化と試験管内の基質の部位の解析で、Elp2 への作用の向きは書かれていない
HRR25,ELP3,2026-10-04,40930532,Hrr25 の自己リン酸化と試験管内の基質の部位の解析で、Elp3 への作用の向きは書かれていない
HRR25,ENP1,2026-10-04,16738661;25778921,リン酸化された Enp1 は pre-40S から外れやすく、脱リン酸化で成熟が進むとあるが、Enp1 の働きへの向きは書かれていない（塩による試験管内の解離）
HRR25,TIF6,2026-10-04,18256024;12917340,Hrr25 は Tif6 の S174 をリン酸化し、60S の合成に重要と「suggest」するにとどまる。12917340 は哺乳類のカゼインキナーゼ I で、S174 が核外輸送に要ると推測
HSL7,HTA1,2026-10-04,12925763;16426232,12925763 は形態形成チェックポイントで Hsl7 の H2A のメチル化に触れない。16426232 は仔牛の胸腺の H2A を使った試験管内の実験だけ
HSP42,TSL1,2026-10-04,24412193,システインのメチル基転移酵素（14 kDa）が TPS の活性を高めるとあるが、要旨は遺伝子名を示さず HSP42 と TSL1 の関係を確かめられない（全文なし）
HST2,RTT109,2026-10-04,21606491,サーチュインで脱アセチル化した Rtt109 は HAT 活性を失うという試験管内の実験だけで、体内の Hst2 の作用は書かれていない
IME2,HHO1,2026-10-04,30538140,引かれた論文（MECA の分解）に Hho1 の記述がない
IME2,ORC1,2026-10-04,29388912,Ime2 による ORC のリン酸化はヘリカーゼの積み込みを約半分に下げるが、試験管内だけ。主な標的は Mcm2–7
IME2,ORC3,2026-10-04,29388912,Ime2 による ORC のリン酸化はヘリカーゼの積み込みを約半分に下げるが、試験管内だけ。主な標的は Mcm2–7
IME2,ORC4,2026-10-04,29388912,Ime2 による ORC のリン酸化はヘリカーゼの積み込みを約半分に下げるが、試験管内だけ。主な標的は Mcm2–7
IME2,ORC5,2026-10-04,29388912,Ime2 による ORC のリン酸化はヘリカーゼの積み込みを約半分に下げるが、試験管内だけ。主な標的は Mcm2–7
IME2,TAH11,2026-10-04,29388912,Ime2 は Cdt1 を試験管内でリン酸化するが、積み込みへの影響はわずかで、体内の作用は書かれていない
IME2,RFA2,2026-10-04,14634024,Ime2 が RPA のリン酸化に要るとあるだけで、RPA の働きへの作用は書かれていない
IPL1,RGD1,2026-10-04,23454383,Ipl1 が Rgd1 をリン酸化し、Ipl1 を失うと一部の細胞で Rgd1 の分布が変わるとだけあり、向きは書かれていない
KIN28,MED4,2026-10-04,14749387;15126497,Kin28 が Med4 の T237 をリン酸化するが、T237A は通常の増殖に影響しないとあり、Med4 への作用は書かれていない
KIN28,RGR1,2026-10-04,14749387,Kin28 は PIC の中で Mediator の 2 つのサブユニットをリン酸化するとあるが、要旨ではサブユニット名も Rgr1 の働きへの作用も書かれていない（PMC 本文なし）。Kin28 Rgr1 で検索しても関係を述べる論文なし
LYS20,HHF1,2026-10-04,20810648;25628362,Lys20 は Esa1 との相互作用と INO80 の動員を介して DNA 損傷の修復に働き、HCS の触媒活性に依存しない。Lys20 が H4 をアセチル化するという記述はなく、本文（25628362）では lys20 の量を増やしても H4 のアセチル化全体は増えない
LYS20,HHF2,2026-10-04,20810648;25628362,HHF1 と同じ（H4 は HHF1・HHF2 が同じタンパク質をコードする）。Lys20 による H4 のアセチル化を示す記述なし
MAG2,RPS3,2026-10-04,30893611;40987586,Mag2 による uS3 の K212 のモノユビキチン化は Hel2・Rsp5 による K63 鎖の付加に先立ち、非機能的な 18S rRNA の分解（NRD）でのサブユニットの解離に必要。uS3 のユビキチン化はリボソームを分解に向ける目印で、Rps3 自身の働きを促すか抑えるかは書かれていない
MCK1,CBF2,2026-10-04,7854321,MCK1 の過剰発現が cbf2 の温度感受性を抑え、Mck1 は試験管内で Cbf2 をリン酸化する。体内のリン酸化による抑圧は「postulated」（推測）にとどまる
MCK1,RPC53,2026-10-04,22364741,要旨は Kns1 の前リン酸化のあとの Mck1 による Rpc53 のリン酸化が Pol III の働きを変え、Maf1 の脱リン酸化と合わせて Pol III 転写を抑えるとするが、本文では Rpc53 の Kns1・Mck1 の部位の変異は rapamycin による Pol III の抑制を弱めるのに十分でなく（S4A）、キナーゼは Rpc53 とは別にも働くとある。Rpc53 への作用の向きは確定できない
MDR1,SEC4,2026-10-04,10559187,Mdr1/Gyp2 は試験管内で Sec4・Ypt6 の GTP 加水分解を促す GAP。体内で Sec4 に働く証拠は見つからなかった（試験管内のみ）
MEC1,INO80,2026-10-04,26798134;17693258;25959398,Mec1-Ddc2 は INO80C のサブユニットをリン酸化し、本文では「部位が多く機能的な意味を確かめるのは難しい」とある。Ino80 サブユニットのリン酸化の作用は書かれていない（Mec1/Tel1 による Ies4 のリン酸化は別の関係）
MEC1,LEO1,2026-10-04,26798134,Leo1 のリン酸化は mec1-100 で減り、HU で Mec1 は PAF1C を転写中の遺伝子から除くが、リン酸化そのものの作用は「機能的な意味を確かめるのは難しい」とされる
MEC1,PAF1,2026-10-04,26798134,HU で Mec1 は PAF1C と RNAPII の除去を引き起こし、PAF1C 自身も RNAPII の除去に必要（協調して働く）。Paf1 のリン酸化の作用は書かれていない
MEC1,RTF1,2026-10-04,26798134,LEO1・PAF1 と同じ。Rtf1 のリン酸化の作用は書かれていない
MEK1,RRM3,2026-10-04,38979911;38826409,Rrm3 は RPAKR 配列で Mek1 の FHA ドメインに結合し、試験管内の Mek1 の基質。体内でのリン酸化の作用は書かれていない（試験管内のみ）
MPS1,BIM1,2026-10-04,34313341,本文: Mps1 は試験管内で Bim1 そのものもリン酸化するが、Bim1 と Dam1c の結合を促すのは Dam1 の C 末端のリン酸化による（MPS1→DAM1 は登録済み）。Bim1 のリン酸化の作用は今後の課題とされる
MPS1,DUO1,2026-10-04,34313341,本文: Duo1 は新しく見つかった Mps1 の試験管内の基質だが、部位の決定と体内での解析は今後の課題とされる
MPS1,HSP82,2026-10-04,26804907,Mps1 は酵母 Hsp90 の T101 をリン酸化し、リン酸化は ATP 加水分解を下げる一方でキナーゼの顧客（Mps1・Slt2）との結合を強める。シャペロンの働きへの作用が側面によって逆で、向きを決められない（論文の主題はヒトの腎がん）
MSB3,YPT31,2026-10-04,10559187,Msb3/Gyp3 は試験管内で Sec4・Ypt6・Ypt51・Ypt31/32・Ypt1 に GAP として働く（基質の選択性が低い）。Ypt31 に体内で働く証拠は見つからなかった
MSB4,SEC4,2026-10-04,10937877;16166638;16231214,Msb4/Gyp4 は試験管内で Sec4・Ypt6・Ypt7 の GAP。16166638 は Sec4 への GAP 活性で開口放出を直接調節すると「suggest」するのみで、体内で Sec4 を抑える証拠は見つからなかった
NAT4,HHF1,2026-10-04,12915400;19332560;24068969;27799288;39356727,Nat4 は H4 の N 末端をアセチル化する。N 末端アセチル化は rDNA のサイレンシング（H4R3 の非対称ジメチル化）を下げ、寿命を縮める一方、DNA 損傷のチェックポイント信号を支える。H4 の働きへの作用が場面によって逆で、向きを決められない
NFI1,CDC3,2026-10-04,12761287;17077124,Nfi1/Siz2 は試験管内で Cdc3 の SUMO 化を促す。体内の septin の SUMO 化は主に Siz1 の C 末端ドメインにより（17077124）、Cdc3 の働きへの作用は書かれていない
NFI1,DNA2,2026-10-04,31098407,Dna2 は主に Siz2 で SUMO 化される。試験管内の SUMO 化はヌクレアーゼ活性を下げるが、SUMO 化されない Dna2 は核への局在と損傷部位への動員が減り、末端の削り込みが遅くなる（体内では働きを支える）。作用が側面によって逆で、向きを決められない
NFI1,RAD1,2026-10-04,24753409,SUMO 化で DNA への親和性は下がり、修復の働きとしての促進とは面によって逆
NFI1,RFA1,2026-10-04,34585421;26253534;30591583,根拠は要旨の前置きの一文で、Mms21 による RPA の SUMO 化は逆向きの報告もある
NFI1,SAW1,2026-10-04,25263559,SUMO 化の主な担い手は Siz1 で、Siz2 は補うだけ
NFI1,SRS2,2026-10-04,22705796;40748045;28341648,NFI1 は Siz2。Srs2 の SUMO 化は Siz に助けられるが、SUMO 化は RPA への対抗（チェックポイントの終了）を助ける一方で PCNA との結合を弱め、ある背景では SDSA を妨げるとされ、働きによって向きが逆
NFI1,YEN1,2026-10-04,30479332,Siz1・Siz2 が損傷時に Yen1 を SUMO 化するが、SUMO 化が Yen1 の活性・局在に与える作用はまだ分からないと本文に書かれている（sumo-less 変異体が必要）
RSP5,NFI1,2026-10-04,23443663,Siz1・Siz2 が Rsp5 にユビキチン化されると書かれるが、活性が下がると示されたのは Siz1 だけ。PMC 本文なしで Siz2 の結果は確かめられない
SIZ1,CSE4,2026-10-04,26960795;29432128;32111629;38038247,Siz1・Siz2 による Cse4 の SUMO 化は、N 末端（K65）では Slx5 による分解に向ける一方、C 末端（K215/216）ではクロマチンへの取り込みを助け、部位によって向きが逆
SIZ1,RAD52,2026-10-04,17848550;26253534;33748714;27130983;32402281,17848550 は Hex3-Slx8 の論文で Rad52 の SUMO 化の作用の記述なし。損傷時の Rad52 の SUMO 化は Siz2 により Siz1 を欠いても変わらない（26253534）。Rad52 の SUMO 化は I 型・II 型の生存株の釣り合いを切り替えるもので、促進・抑制とは言えない
SIZ1,SRS2,2026-10-04,22705796;40748045;28341648,Srs2 の SUMO 化は RPA への対抗を助ける一方で PCNA との結合を弱め、ある背景では SDSA を妨げるとされ、働きによって向きが逆
SLT2,NAB2,2026-10-04,20823268,熱ショックで Slt2 が Nab2 の T178・S180 をリン酸化し、非熱ショック mRNA の核内保持に関わるが、リン酸化が Nab2 の働きを上げるか下げるかは要旨に書かれていない。PMC 本文なし
STE20,HTB1,2026-10-04,15652479,ヒストン（向きの決め方を見直し中）。H2B S10 のリン酸化（H2O2 による細胞死）
STE20,HTB2,2026-10-04,15652479,ヒストン（向きの決め方を見直し中）。H2B S10 のリン酸化（H2O2 による細胞死）
SWE1,HTB1,2026-10-04,22885324,ヒストン（向きの決め方を見直し中）。H2B Y37 のリン酸化でヒストン遺伝子の転写を抑える（主に哺乳類の WEE1 の論文）
SIZ1,POL30,2026-10-04,18155241;18701921;19748360;22382979;27509863;23395907,Siz1 による PCNA の SUMO 化は S 期に Srs2 を呼んで組換えと修復合成を抑える。PCNA の働きを別の経路に切り替えるもので、PCNA の働きを上げる・下げるとは書かれていない
RAD6,HTB1,2026-10-04,10642555;36715322;37794081;37923031,ヒストン（向きの決め方を見直し中）。H2B K123 のモノユビキチン化（Bre1 と組む）
RAD6,HTB2,2026-10-04,8576261;7836290;36715322,ヒストン（向きの決め方を見直し中）。H2B のユビキチン化
UBP10,HTB1,2026-10-04,26149687;30681413;29288197,ヒストン（向きの決め方を見直し中）。H2B の脱ユビキチン化
MOT2,RPS7A,2026-10-04,22243599;30609991;33184379;34469733,Not4 が Rps7A（eS7A）をモノユビキチン化し、翻訳の伸長・小胞体ストレスでの翻訳の調節・NGD に関わるが、Rps7A の働きを上げるか下げるかは書かれていない
UBP8,HTB1,2026-10-04,20434206;36965704,ヒストン（向きの決め方を見直し中）。SAGA の DUB モジュールによる H2B の脱ユビキチン化
UBP8,HTB2,2026-10-04,20434206;33115507,ヒストン（向きの決め方を見直し中）。SAGA の DUB モジュールによる H2B の脱ユビキチン化
BBC1,LAS17,2026-10-04,12814545,Bbc1 は Sla1 と協力して Las17 の Arp2/3 活性化を抑えるが、これは試験管内だけ。体内では共通の働き（アクチンの配置）に要ると書かれるのみ
BET4,YPT7,2026-10-04,29184002;32213587,29184002 は GEF Mon1-Ccz1 が膜上でプレニル化 Ypt7 を安定にするという論文で Bet4 の記述なし。Bet4（GGTase-II）が Ypt7 をプレニル化して働かせるという記述を見つけられなかった
MOT2,RPS7B,2026-10-04,30609991;22243599,22243599 は Not4 が Rps7A をユビキチン化するが Rps7B はしないと書く。30609991 は eS7 とだけ書き、Rps7B への作用の記述なし
NFI1,EXO1,2026-10-04,26083678,酵母の Siz1/Siz2 による EXO1 の SUMO 化は試験管内の再構成だけ。安定性・働きの作用はヒトの EXO1 で示されたもの
NFI1,KAP114,2026-10-04,22562154,Kap114 の SUMO 化は輸入に必要だが、主な E3 は Mms21 と書かれ、Siz2 の作用は要旨にない。PMC 本文なし
NFI1,POL30,2026-10-04,23395907,本文に Siz2 の記述なし（PCNA の SUMO 化は Siz1 による）。BioGRID の注記は試験管内の SUMO 化。PCNA の働きを上げる・下げるとも書かれていない
NOP1,HTA1,2026-10-04,24352239,ヒストン（向きの決め方を見直し中）。H2A Q105 のメチル化（rDNA、FACT の結合を妨げる）
NOP1,HTA2,2026-10-04,24352239,ヒストン（向きの決め方を見直し中）。H2A Q105 のメチル化（rDNA、FACT の結合を妨げる）
NPR1,RHO5,2026-10-04,18621925,Msi1 が Npr1 を介して活性型 Rho5 の信号を抑えると書かれるが、Npr1 が Rho5 を上げるか下げるかは要旨に書かれていない。PMC 本文なし
OSH3,SAC1,2026-10-04,21295699,Osh3 による Sac1 の活性化は試験管内の再構成と提案（propose）で、Osh3 単独の体内の作用は要旨にない。PMC 本文なし
OTU1,HRD1,2026-10-04,25215493,精製した成分での再構成（試験管内）だけ。Otu1 は Cdc48 に呼ばれてユビキチン鎖を切り詰めるが、Hrd1 の働きへの作用は書かれていない
PCL1,HMS1,2026-10-04,15082539,Pcl1-Pho85 が試験管内で Hms1 をリン酸化するだけ。作用の記述なし
PCL1,NCP1,2026-10-04,15082539,Pcl1-Pho85 が試験管内で Ncp1 をリン酸化するだけ。作用の記述なし
PCL1,NPA3,2026-10-04,15082539,Pcl1-Pho85 が試験管内で Epa1（Npa3）をリン酸化するだけ。作用の記述なし
PPT1,HSP82,2026-10-04,16407978,論文は「Hsp90」とだけ書き HSP82 と HSC82 のどちらか特定できない。「apparent」の書き方
PTC1,MKK1,2026-10-04,26546002,根拠の一文は「strongly suggest」の推測の書き方で、ほかは試験管内と遺伝学だけ
PCL2,PHO4,2026-10-04,10588725;7973731;12174300,10588725 は Cdk5 と Pho85 の相同性の論文で、Pcl2-Pho85 による Pho4 のリン酸化と作用の記述は要旨にない。Pho4 を調節するサイクリンは Pho80。Pcl2 は Pho85 のサイクリンで、上流としての向きは決められない
PEP5,HHF2,2026-10-04,22570702,ヒストン（向きの決め方を見直し中）。Pep5 は過剰なヒストンをユビキチン化して分解させる E3（22570702）
PFY1,ACT1,2026-10-04,18223293,試験管の生化学（プロフィリンとアクチンの結合と、ヌクレオチド交換の促進）だけで、体内での作用の向きは書かれていない
PKC1,CKI1,2026-10-04,28154205;15919656,28154205 の要旨は Pah1・Nem1・Spo7 についてで Cki1 の記述がない。15919656 は試験管でのリン酸化（活性 1.6 倍）と部位変異の体内の効果だが、使った PKC が酵母 Pkc1 と要旨から確認できず、体内で Pkc1 が働くことも示されていない
PKH1,LSP1,2026-10-04,15016821;18296441;18034155,試験管と体内でリン酸化されるが、Lsp1 の働きへの向きは書かれていない（Pil1 と Lsp1 は逆に Pkh を抑える側として記述）
PKH1,PIL1,2026-10-04,15016821;18296441;18034155;37387118,論文で向きが食い違う: 18034155 はリン酸化が過剰だとアイソソームが解体すると書き、18296441 はリン酸化がアイソソームの形成に必須と書く
PKH2,LSP1,2026-10-04,15016821;18296441,試験管と体内でリン酸化されるが、Lsp1 の働きへの向きは書かれていない
PKH2,PIL1,2026-10-04,15016821;18296441;18034155;37387118,論文で向きが食い違う（18034155: 過剰なリン酸化でアイソソームが解体／18296441: リン酸化はアイソソームの形成に必須）。37387118 では Pkh2 が主なキナーゼだが、リン酸化の欠損も過剰も輸送体の保持を下げる
PPH22,BBC1,2026-10-04,40891445,Bbc1 の部位（S621）のペプチドを試験管で脱リン酸化した対照実験だけで、Bbc1 の働きへの作用は書かれていない
PPH3,CDC13,2026-10-04,25387524,要旨では Cdc13 を脱リン酸化する PP2A のサブユニットは Pph22 で、Pph3 の記述は見つからない（PMC 本文なし）。BioGRID の記録の誤りの可能性（PPH22→CDC13 は既に取り込み済み）
PRK1,SCD5,2026-10-04,13679512;17898076;22825870,Prk1 は Scd5 を試験管と体内でリン酸化し、PRK1 欠失は scd5 変異の欠陥を抑えるが、リン酸化が Scd5 の働きをどう変えるかは書かれていない（「regulatory target である可能性」）
PRK1,YAP1801,2026-10-04,20159853,試験管で確かめた Prk1 の基質の一覧に入るだけで、Yap1801 の働きへの作用は書かれていない
PRR1,TOM40,2026-10-04,21215441,要旨は CK2 と PKA による TOM 複合体のリン酸化で、Prr1 と Tom40 の記述はない（PMC 本文なし）
PTK2,NUP53,2026-10-04,17461799,要旨のキナーゼは Cdk1 と Hrr25 で、Ptk2 の記述はない（119 キナーゼの試験管スクリーニングの一部と思われる。PMC 本文なし）
PTP1,FPR3,2026-10-04,7559654;9148902,Ptp1 は Fpr3 の Tyr184 を体内でも試験管でも脱リン酸化するが、Fpr3 の働きへの作用は書かれていない
RAD53,ALB1,2026-10-04,30377154,リン酸化プロテオミクスで見つけ、試験管で直接のリン酸化を確かめただけで、働きへの作用は書かれていない（作用を調べたのは Xrn1 のみ）
RAD53,CHO2,2026-10-04,30377154,リン酸化プロテオミクスで見つけ、試験管で直接のリン酸化を確かめただけで、働きへの作用は書かれていない（作用を調べたのは Xrn1 のみ）
RAD53,DED1,2026-10-04,30377154,リン酸化プロテオミクスで見つけ、試験管で直接のリン酸化を確かめただけで、働きへの作用は書かれていない（作用を調べたのは Xrn1 のみ）
RAD53,GCD11,2026-10-04,30377154,リン酸化プロテオミクスで見つけ、試験管で直接のリン酸化を確かめただけで、働きへの作用は書かれていない（作用を調べたのは Xrn1 のみ）
RAD53,HST1,2026-10-04,30377154,リン酸化プロテオミクスで見つけ、試験管で直接のリン酸化を確かめただけで、働きへの作用は書かれていない（作用を調べたのは Xrn1 のみ）
RAD53,PUS1,2026-10-04,30377154,リン酸化プロテオミクスで見つけ、試験管で直接のリン酸化を確かめただけで、働きへの作用は書かれていない（作用を調べたのは Xrn1 のみ）
RAD53,RPS7B,2026-10-04,30377154,リン酸化プロテオミクスで見つけ、試験管で直接のリン酸化を確かめただけで、働きへの作用は書かれていない（作用を調べたのは Xrn1 のみ）
RAD53,SCP160,2026-10-04,30377154,リン酸化プロテオミクスで見つけ、試験管で直接のリン酸化を確かめただけで、働きへの作用は書かれていない（作用を調べたのは Xrn1 のみ）
RAD53,SET3,2026-10-04,30377154,リン酸化プロテオミクスで見つけ、試験管で直接のリン酸化を確かめただけで、働きへの作用は書かれていない（作用を調べたのは Xrn1 のみ）
RAD53,SNU23,2026-10-04,30377154,リン酸化プロテオミクスで見つけ、試験管で直接のリン酸化を確かめただけで、働きへの作用は書かれていない（作用を調べたのは Xrn1 のみ）
RAD53,CSM3,2026-10-04,34387546,試験管で Rad53 が Csm3 をリン酸化するが、Csm3/Tof1 を Rad53 で処理しても複製の速さは変わらず、作用は示されていない
RAD53,DDC1,2026-10-04,20005839,要旨は Ddc1 による Mec1 の活性化と T602 のリン酸化についてで、Rad53 が Ddc1 をリン酸化する作用の記述はない
RAD53,DPB3,2026-10-04,33932350,試験管で Rad53 が Dpb3 をリン酸化するとあるだけで、作用は書かれていない
RAD53,DPB4,2026-10-04,33932350,試験管で Rad53 が Dpb4 をリン酸化するとあるだけで、作用は書かれていない
RAD53,HHO1,2026-10-04,18239457,ヒストン（向きの決め方を見直し中）。18239457 の要旨は Rad53 の多量体化で、Hho1 の記述はない
RAD53,POL2,2026-10-04,33932350,Rad53 に依存した Pol2 S430 のリン酸化はエキソヌクレアーゼ活性を抑え、ポリメラーゼとの振り分けを変える（働き方の切り替え）。Pol2 の働き全体を上げるか下げるかは決められない。直接の標的かも「仮説」とされる
RAD53,RDH54,2026-10-04,37850655;23473644,37850655 は Rad53 が Rdh54 の働きを「活性化と減衰」の両方で調節すると書き、向きが一つに決まらない。23473644 はリン酸化の依存性だけ
RSP5,RIM8,2026-10-04,25002535;23645667,「下流の因子を細胞膜へ呼ぶ」記述を Rim8 に当てはめた推論
RSP5,SEC23,2026-10-04,20846524,根拠は題名だけで、Rsp5 が分解に関わることは要旨に書かれていない（PMC の本文なし）
SEC12,SAR1,2026-10-04,8377826,根拠は試験管内の交換活性と「We propose」の書き方
RAD53,SRV2,2026-10-04,30377154,試験管内のリン酸化だけ（リン酸化プロテオームで見つけ、12 の基質を試験管内で確認）。Srv2 の働きへの影響は書かれていない
RAD53,XRN1,2026-10-04,30377154,Rad53 による Xrn1 のリン酸化は試験管内のヌクレアーゼ活性を変えない。体内での影響は「かもしれない」だけで向きは決まらない
RIM11,STE50,2026-10-04,14555477,要旨は Ste50 の T42 のキナーゼをカゼインキナーゼ I としていて、Rim11 は出てこない（本文は PMC になく確かめられない）。T42 のリン酸化は接合の働きに必要
RPD3,HTZ1,2026-10-04,36888706,ヒストン（向きの決め方を見直し中）。Rpd3L は H2A.Z を脱アセチル化し、クロマチンへの取り込みを妨げてオートファジー関連遺伝子の転写を抑える
RSP5,ENT1,2026-10-04,31370222,エプシン Ent1 の K3 のモノユビキチン化（模倣）は PIP2 への結合を失わせ膜から離すが、著者は受容体の循環を促すとしていて、働きを上げるか下げるか決まらない
RSP5,HPR1,2026-10-04,15713680;17056718,Rsp5 が Hpr1 をユビキチン化し、Hpr1 はユビキチン・プロテアソームで分解される（高温・転写で増える）と書かれるが、Rsp5 による分解とは明記されていない（本文は PMC にない）。Mex67 の結合は分解から守る
RSP5,PAL2,2026-10-04,37561636;33667410,OUT 法で Rsp5 の基質として見つかり、試験管内・体内でユビキチン化を確認したが、Pal2 の働きへの影響は書かれていない
RSP5,RIM21,2026-10-04,33667410;25002535;23019326,記録の論文（33667410）の本文に Rim21 は出てこない。ほかの論文でも Rsp5 による Rim21 のユビキチン化とその働きは見つからない
RSP5,VPS9,2026-10-04,12654912,Vps9 のモノユビキチン化は CUE ドメインと Rsp5 に依存するが、ユビキチンが Vps9 の働きを調節する「らしい」とあるだけで向きは決まらない
RSP5,YNR068C,2026-10-04,22307975,YNR068C は読み過ごしで YNR069C とつながり Bul3 になる（SGD の標準名の扱いを確かめる必要）。要旨は Bul タンパク質が Rsp5 のアダプターとして働くことで、Rsp5 による Bul3 のユビキチン化の働きは書かれていない（本文は PMC にない）
RTT109,HHO1,2026-10-04,23457193,ヒストン（向きの決め方を見直し中）。Rtt109-Vps75 は試験管内で脊椎動物のリンカーヒストンをアセチル化する（Asf1 があるときはしない）
SAK1,PSO2,2026-10-04,24362320,Sak1 は試験管内で Pso2 をリン酸化し、DNA 架橋の修復で同じ経路に働く（遺伝学）が、リン酸化が Pso2 の働きを上げるか下げるかは書かれていない
SAK1,SIP1,2026-10-04,27524664,論文は Snf1 の活性化ループの S214 のリン酸化の研究。Sip1 のリン酸化は試験管内で弱く見えただけで、働きへの影響は書かれていない
SAS3,HHT1,2026-10-04,41318527,ヒストン（向きの決め方を見直し中）。NuA3 の Sas3 は H3 K14 をアセチル化する（クライオ電顕の構造）
SET5,HHF2,2026-10-04,22343720,ヒストン（向きの決め方を見直し中）。Set5 は H4 の K5・K8・K12 をモノメチル化し、COMPASS・NuA4 と一緒に増殖とストレス応答を調節する
SIR4,HHF1,2026-10-04,22654676,ヒストン（向きの決め方を見直し中）。SIR 複合体（Sir2 が触媒）が試験管内で H4 を脱アセチル化する
SSE1,SSA1,2026-10-04,16688211;18335038,Ssa1 を助ける作用は試験管内が中心（SIS1・YDJ1 → SSA1 と同じ扱い）
SIT4,TLG1,2026-10-04,12006655,根拠は相関と過剰発現での回復だけで、Sit4 が直接脱リン酸化するとは書かれていない
SIT4,TLG2,2026-10-04,12006655,根拠は相関と過剰発現での回復だけで、Sit4 が直接脱リン酸化するとは書かれていない
SIZ1,RAD1,2026-10-04,24753409,SUMO 化で DNA への親和性は下がり、修復の働きとしての促進とは面によって逆（NFI1 → RAD1 と同じ扱い）
SIR4,HHF2,2026-10-04,22654676,ヒストン（向きの決め方を見直し中）。SIR 複合体による H4 の脱アセチル化は試験管内
SIS1,SSA1,2026-10-04,18706386;9774392;34873058;15687271,Sis1 が Ssa1 の ATPase とルシフェラーゼの巻き戻しを助けるのは試験管内の再構成系だけ。体内は結合（遺伝学）の証拠のみで、Ssa1 の働きへの作用は書かれていない
SIZ1,EXO1,2026-10-04,26083678,酵母では Ubc9-Siz1/Siz2 による EXO1 の SUMO 化を試験管内で再構成しただけ。安定性への作用はヒトの細胞での結果
SIZ1,KAP114,2026-10-04,22562154,Kap114 の SUMO 化は核内輸送に必要だが、主な E3 は Mms21 と書かれている。Siz1 は試験管内の反応だけで、Siz1 の体内での作用は要旨にない（MMS21 → KAP114 は別の関係として拾った）
SKY1,NOP1,2026-10-04,31756331,Sky1 が Nop1 の SRGG をリン酸化し、リン酸化が Hmt1 のメチル化を妨げる（試験管内）。リン酸化が Nop1 の働きに与える作用は「まだ分からない」と書かれている
SLT2,CAF20,2026-10-04,26786099,Slt2 が Caf20 をリン酸化する（部位も決めた）が、要旨に Caf20 の働きへの作用は書かれていない（PMC 本文なし）
SLT2,GGA1,2026-10-04,26786099,Slt2 が Gga1 をリン酸化する。要旨にあるのは SLT2 を欠くと GGA2 が細胞壁ストレスで必須になることだけで、Gga1 への作用は書かれていない
SLT2,RCN2,2026-10-04,26786099;33530471,Slt2 が Rcn2 をリン酸化する（S255）。33530471 は S255 が vps13Δ の抑圧に必要としつつ「別のキナーゼが修飾するかもしれない」と書き、Slt2 によるリン酸化の作用の向きは決まらない
SLT2,TSC11,2026-10-04,30478248,Slt2 は Avo3（TSC11）を試験管内・体内でリン酸化するが、TORC2 の抑制は Avo2 のリン酸化で説明でき、Avo3 のリン酸化の寄与は「可能性がある」とだけ書かれている（SLT2 → AVO2 は登録済み）
SLX5,NFI1,2026-10-04,18499666;24196836,Slx5-Slx8 が SUMO 化された Siz2（NFI1）をユビキチン化するのは試験管内だけ（BioGRID の種類 sumoylation も誤り）。Siz2 の働きへの作用は書かれていない
SLX5,RAD52,2026-10-04,17848550;18032921;17591698;33748714,Slx5-Slx8（Hex3-Slx8）が Rad52 をユビキチン化するのは試験管内だけ。体内では Rad52 の SUMO 化と Slx5-Slx8 の遺伝学的な関係（生存細胞の型）だけで、Rad52 への作用の向きは書かれていない
SLX8,NFI1,2026-10-04,18499666;24196836,Slx5-Slx8 が SUMO 化された Siz2（NFI1）をユビキチン化するのは試験管内だけ（BioGRID の種類 sumoylation も誤り）。Siz2 の働きへの作用は書かれていない
SLX8,RAD52,2026-10-04,17848550;18032921;17591698;33748714,Slx5-Slx8（Hex3-Slx8）が Rad52 をユビキチン化するのは試験管内だけ。体内では Rad52 の SUMO 化と Slx5-Slx8 の遺伝学的な関係（生存細胞の型）だけで、Rad52 への作用の向きは書かれていない
SLX8,SIZ1,2026-10-04,24196836,Slx5/Slx8 が Siz1 をユビキチン化するのは試験管内。体内での分解は slx5 で調べ、slx8 の欠損での Siz1 への作用は書かれていない（SLX5 → SIZ1 は抑制として登録）
SNT2,HHF2,2026-10-04,22570702,ヒストン（向きの決め方を見直し中）。Snt2 は過剰なヒストンのユビキチン化・分解に働く E3
SSN3,BDF1,2026-10-04,14749387,Srb10（SSN3）が TFIID の 2 つのサブユニットをリン酸化すると要旨にあるが、Bdf1 の名前もリン酸化の作用も要旨にない（PMC 本文なし）
SSN3,MED1,2026-10-04,33933450,CKM（Cdk8）は試験管内でコアのメディエーターの頭部・中間部のサブユニットをリン酸化し、CKM-cMed の結合を弱める。Med1 個別のリン酸化の作用は書かれていない
SSN8,GAL4,2026-10-04,10360183,サイクリンを上流にした行で、SSN8 だけを欠いた体内の結果がない
CKA1,PTC2,2026-10-04,17325030,CK2 が T376 をリン酸化する点は「strongly suggest」で、調べたのは調節サブユニットだけ
CKA2,PTC2,2026-10-04,17325030,CK2 が T376 をリン酸化する点は「strongly suggest」で、調べたのは調節サブユニットだけ
MMS21,SMC5,2026-10-04,31801080;15738391,同じ Smc5/6 複合体の中の修飾で、E3 が Mms21 だという点は別の論文と合わせた読み
CMP2,ATC1,2026-10-04,10102375,脱リン酸化は試験管内で、CNA1 → ATC1 と同じく並行する経路の可能性がある
PPH3,MTH1,2026-10-04,24277933,論文は「modulates」とだけ書く
SSN3,MED4,2026-10-04,33933450,試験管内の組換え CKM による Mediator の頭部などのリン酸化の記録だけで、Med4 の働きの変化は書かれていない
SSN3,MED8,2026-10-04,33933450,試験管内の CKM による Med8（頭部の腕）のリン酸化だけ。本文は相互作用の弱まりを「may explain」と推測にとどめる
CKA1,TOP2,2026-10-04,10094396;7735331;7932731;7935413,CK2 は体内で Top2 の C 末端の主なキナーゼ。脱リン酸化した Top2 の活性・DNA との結合・多量体化を CK2 のリン酸化が戻すのは試験管内だけ。部位の変異の体内の効果は分裂期の倍加時間が最大 10% 延びる程度（10094396）で、向きを決められない
CKA2,TOP2,2026-10-04,10094396;7735331;7932731;7935413,CK2 は体内で Top2 の C 末端の主なキナーゼ。脱リン酸化した Top2 の活性・DNA との結合・多量体化を CK2 のリン酸化が戻すのは試験管内だけ。部位の変異の体内の効果は分裂期の倍加時間が最大 10% 延びる程度（10094396）で、向きを決められない
FUS3,STE4,2026-10-04,9671029,fus3 の破壊でフェロモンによる Ste4 のリン酸化が一部減るが、リン酸化できない Ste4（T320A/S335A）は信号伝達にも適応にも目に見える影響がないと書かれている
TPK1,SSN2,2026-10-04,15225552;37733395,Srb9（Ssn2）は PKA の基質で、リン酸化は Srb 複合体の活性を「調節する」とだけ要旨にあり向きが書かれていない。PMC 本文なし
TPK2,SSN2,2026-10-04,15225552,Srb9（Ssn2）は PKA の基質で、リン酸化は Srb 複合体の活性を「調節する」とだけ要旨にあり向きが書かれていない。PMC 本文なし。19779198 は Cdk1 の基質の網羅的な解析
MMS21,NSE4,2026-10-04,25764370;33301732,Nse4 も Smc5/6 の中で SUMO 化される（Smc5 より弱い）が、Nse4 の SUMO 化の働きは書かれていない
MMS21,YKU70,2026-10-04,15738391;24567323,Yku70 は Mms21 の基質（15738391）。Yku70 の SUMO 化は Ku と DNA の結合を強める（24567323）が、その論文の要旨は E3 を書いておらず、Mms21 による SUMO 化の効果としては示されていない
MMS21,POL2,2026-10-04,31765407,Pol2（DNA ポリメラーゼ ε。正しい遺伝子）の SUMO 化は Mms21 の E3 活性に依存し、複製フォークが止まると Rad53 で増える。だが SUMO 化部位の変異（pol2-K571）にはゲノム安定性の欠陥が見られず、働きは「suggest」にとどまる
MCA1,MMS21,2026-10-04,37938971,要旨・題名に Mms21 が出てこない（Mca1 の基質として示されたのは Sis1）。PMC 本文なしで確かめられない
SLX5,NCB2,2026-10-04,17669696,Slx5-Slx8 は試験管内で SUMO 鎖の形成と「試験物質」の SUMO 化を促す（RING は不要）。体内での Ncb2 への効果は書かれていない。PMC 本文なし
SSN3,NUT2,2026-10-04,33933450,CKM による Mediator サブユニットのリン酸化は試験管内だけ。要旨は Cdk8 の活性が CKM と中心の Mediator の結合を弱めると書くが、Nut2 の働きの向きは書かれていない
SSN3,RGR1,2026-10-04,33933450,試験管内のリン酸化だけ。Rgr1 の働きへの効果は書かれていない
SSN3,SRB4,2026-10-04,33933450;11555651,試験管内のリン酸化だけ。Srb4 の働きへの効果は書かれていない
SSN3,TAF2,2026-10-04,14749387,Srb10 が TFIID の 2 つのサブユニットをリン酸化すると書くだけで、Taf2 の働きへの効果は書かれていない
STE11,STE50,2026-10-04,10397774;9742096;14555477,Ste50 が Ste11 の基質であるとだけ書かれ、リン酸化の効果は書かれていない（逆向きの STE50→STE11 は side に入れた）
SWE1,HSP82,2026-10-04,20159553,Y24 のリン酸化はキナーゼの顧客（Ste11・Mpk1・v-Src）の保護に要るが、GR は影響を受けず、リン酸化をまねた Y24E は ATP 分解活性を失い、リン酸化はユビキチン化の前提にもなる。顧客と状態で効果が異なり向きを決めない
TEL1,RFA1,2026-10-04,12967660;14642562;17563356,RFA1 の S178 は Mec1 による試験管内のリン酸化と網羅的な解析だけで、Tel1 による働きへの効果は書かれていない
TEL1,RFA2,2026-10-04,12967660,Rfa2 は Tel1 の試験管内の基質。SQ モチーフを除いた Rfa2 でもテロメア長と DNA 損傷への感受性は変わらない
TFC7,RPO21,2026-10-04,23569204,τ55 のホスファターゼドメインの試験管内の基質とリン酸化プロテオミクスだけ。Rpb1 の働きへの効果は書かれていない
TOM1,HHF1,2026-10-04,19578373,ヒストン（向きの決め方を見直し中）。Tom1 は余ったヒストンのユビキチン化と分解に関わる
TOM1,HHF2,2026-10-04,19578373,ヒストン（向きの決め方を見直し中）。Tom1 は余ったヒストンのユビキチン化と分解に関わる
TOM1,RPN10,2026-10-04,26205498,要旨では Rpn10 を体内でモノユビキチン化するのは Rsp5 で、Tom1 の働きは書かれていない（PMC の本文なし）
TOR1,CAF20,2026-10-04,37700444,TORC1 は Caf20 を体内・試験管内でリン酸化し、Caf20 のリボソームへの呼び寄せは TORC1 に依存するが、本文で「リン酸化で調節されるかは断定できない」と書かれている
TOR1,CDC33,2026-10-04,22445487,この論文（Rho1 と TORC1）の要旨・本文に Cdc33（eIF4E）のリン酸化の記述が見つからない
TOR1,SER3,2026-10-04,38127619,Ser3 のリン酸化は TORC1 の活性の目印として使われているだけで、Ser3 の働きへの効果は書かれていない
TOR1,WHI3,2026-10-04,33566094,Whi3 は TORC1 に試験管内でリン酸化されるだけ。働きを調べたのは Scd6
TPK1,SUP35,2026-10-04,18267004,体内でリン酸化は見えず、試験管内で PKA が T341 をリン酸化するだけ。T341A・T341D ともに GTP 分解活性が下がり向きを決められない
TPK1,TLG1,2026-10-04,12006655,PKA 部位（S31）を A にすると snc 細胞のエンドサイトーシスが戻るが、Tpk1（PKA）がリン酸化することは要旨で示されておらず、「示唆される」にとどまる
TPK1,TLG2,2026-10-04,12006655,PKA 部位（S90）を A にすると snc 細胞のエンドサイトーシスが戻るが、Tpk1（PKA）がリン酸化することは要旨で示されておらず、「示唆される」にとどまる
TPK2,DHH1,2026-10-04,35835957,Tpk2 は Dhh1 の T10 をリン酸化し、Tpk2 の過剰発現が Dhh1-Puf6 の結合を「変える」とだけあり、向きが書かれていない
TPK2,PYK2,2026-10-04,20639203;12063246,Pyk2 は Tpk1・Tpk2 の基質として調べられているが、活性への効果は Pyk1 についてだけ（予備的）
TRR1,YAP1,2026-10-04,25247923;11169101,チオレドキシンを介した間接の関係で、遺伝学の結果だけ
UBC9,KAP114,2026-10-04,22562154,論文は「SUMO 化が必要」までで、Ubc9 が唯一の SUMO E2 という推論で向きを付けた
UBC9,SGS1,2026-10-04,27373152;27298337,論文は「SUMO 化が必要」までで、Sgs1 自体の集積は ubc9 で変わらない
UBP8,SNF1,2026-10-04,21628526,要旨は「安定性とリン酸化に影響」とだけ書き、向きは基質 Gal83 からの推論
TPK2,TIF5,2026-10-04,25417541,論文で eIF5 の T191 を試験管内でリン酸化するのは CK2（PKA ではない）。tpk1w 株は eIF5 の発現の話で、PKA による eIF5 のリン酸化と働きの向きは書かれていない（本文は PMC になく確かめられない）
YCK1,GPD2,2026-10-04,22988299,要旨では Gpd2 をリン酸化して抑えるのは Snf1（SNF1 ⊣ GPD2 は記録済み）。Yck1 による Gpd2 のリン酸化と働きの向きは要旨に書かれていない（PMC の本文は要旨だけ）
UBC7,UBC6,2026-10-04,32588820;39533056;27570077,再構成系（試験管内）での Ubc6 のポリユビキチン化だけ。Ubc6 の自己ユビキチン化と Doa10 に依存した分解は書かれているが、Ubc7 が体内で Ubc6 の量や働きを変えるとは書かれていない
UBC9,CDC3,2026-10-04,21518767;10579719,Ubc9 の自己 SUMO 化がセプチンの SUMO 化を下げる（21518767）。セプチンの SUMO 化部位の変異でセプチン環の分解が遅れる（10579719）が、Cdc3 の働きを促すか抑えるかは書かれていない
UBC9,NUP2,2026-10-04,30837289,Nup2 は浸透圧ストレスで SUMO 化が増えるが、SUMO 化の Nup2 の働きへの向きは書かれていない
UBC9,RAD52,2026-10-04,23624404;33748714,SUMO 化した Rad52 に Cdc48 が呼ばれ Rad51-Rad52 の結合を外す（23624404）。Rad52 の SUMO 化はテロメラーゼ欠損株で I 型の生存株を増やし II 型を減らす「切り替え」（33748714）。場面で向きが変わり決められない
UBC9,SRS2,2026-10-04,22705796,Srs2 の SUMO 化は「ある遺伝的背景で SDSA を抑えうる」とだけ書かれ、SUMO 化と PCNA への結合が競合する。向きは決められない
UBC9,STU2,2026-10-04,29729126,Stu2 は試験管内・体内で SUMO 化されるが、働きへの効果は「可能性がある」とだけ
UBC9,YEN1,2026-10-04,30479332,Yen1 は DNA 損傷で Siz1・Siz2 により SUMO 化され、Slx5-Slx8 にユビキチン化される（SLX5/SLX8 ⊣ YEN1 は記録済み）。Ubc9 による SUMO 化そのものの働きの向きは書かれていない
UBP2,CSR2,2026-10-04,17028178,Csr2 は Rsp5 に K63 鎖でユビキチン化され Ubp2 に脱ユビキチン化されるが、Csr2 の働きへの向きは書かれていない
UBP2,ECM21,2026-10-04,17028178,Ecm21 は Rsp5 に K63 鎖でユビキチン化され Ubp2 に脱ユビキチン化されるが、Ecm21 の働きへの向きは書かれていない
UBP2,RPO21,2026-10-04,19920177,Ubp2 は Rsp5 が付けた K63 鎖をモノユビキチンまで削り、そこから Elc1/Cul3 が K48 鎖を作って分解に導く。Ubp2 が RNA ポリメラーゼ II の量・働きを上げるか下げるかは書かれていない
UBP2,SPT23,2026-10-04,15933713,Ubp2 は試験管内で Rsp5 による基質のユビキチン化を戻す（要旨に Spt23 の名はない）。体内で Spt23 の働きを変えるとは書かれていない
ULP1,CDC3,2026-10-04,17428805,Ulp1 の SUMO への結合は酵素活性に必要で、結合できない Smt3 変異で Cdc3 の脱 SUMO 化が遅れる。Cdc3 の働きへの向きは書かれていない
UBR1,ROQ1,2026-10-04,39920309,Roq1 は Ubr1 に偽基質として結合して Ubr1 の基質の選び方を変える（ROQ1 が UBR1 を調節する向き）。Ubr1 による Roq1 のユビキチン化は試験管内で、Roq1 の働きへの効果は書かれていない
UBP10,HTB2,2026-10-04,29288197,ヒストン（向きの決め方を見直し中）
WSS1,HHF2,2026-10-04,32130911,ヒストン（向きの決め方を見直し中）。Wss1 は一本鎖 DNA に結合したヒストンを直接分解して複製ストレスに耐えさせる
WSS1,HHT2,2026-10-04,32130911,ヒストン（向きの決め方を見直し中）。Wss1 は一本鎖 DNA に結合したヒストンを直接分解して複製ストレスに耐えさせる
YGK3,GPA2,2026-10-04,31690628,Ygk3 のリン酸化は試験管内だけで、体内の実験は GSK 全体を止めたもの
CKA1,RIO1,2026-10-04,17725716,CKA2 → RIO1 と同じ理由（「suggests」の書き方、活性は上がり量は減る）
CKA1,SGT1,2026-10-04,19398558,体内か試験管内か分からず（PMC の本文なし）、CK2 のサブユニットも特定されていない
CKA2,SGT1,2026-10-04,19398558,体内か試験管内か分からず（PMC の本文なし）、CK2 のサブユニットも特定されていない
YCK1,MIH1,2026-10-04,18316413,Mih1 の過剰リン酸化は Yck1/2 に依存し、yck2-2 yck1Δ では Cdk1 の抑制的リン酸化が増え分裂期への進入が遅れるが、論文は Yck1/2 が「おそらく Mih1 を介して」働くとするだけで、リン酸化が Mih1 の活性を上げるか下げるかは書かれていない
YCK2,MIH1,2026-10-04,18316413,YCK1 → MIH1 と同じ。Yck1/2 が「おそらく Mih1 を介して」Cdk1 の抑制的リン酸化を調節するとするだけで、Mih1 の活性への向きは書かれていない
YNL108C,RPO21,2026-10-04,23569204,Huf（YNL108C）のホスファターゼの構造と試験管内の基質、リン酸化プロテオームの比較だけで、Rpo21 の働きへの作用は書かれていない
YUH1,RPS31,2026-10-04,1429680;17709260,ユビキチン融合前駆体からのユビキチンの切り離し（成熟過程）で信号の流れではないとみられるが、読んだ要旨には Yuh1 が Rps31 の融合を切るとは書かれていない
CDC28,KAR4,2026-10-04,19520826,CDK1 で核輸送が調節されるタンパク質の予測の論文で、Kar4 の働きへの作用は要旨に書かれていない。Kar4 の Cdk1 によるリン酸化を扱う個別の論文は見つからなかった
CKA1,BUR6,2026-10-04,12502746,CK2 のサブユニットや NC2 の CK2 部位の変異が遺伝子の抑制に影響すると書かれているが、NC2α（Bur6）の働きを上げるか下げるかは書かれていない
CKA1,CDC33,2026-10-04,7592868,eIF4E の S2・S15 は試験管内で CK2 にリン酸化されるが、eIF4E の活性はこの部位に依存しないと書かれている
CKA1,NAP1,2026-10-04,18086883,CK2 のリン酸化は Nap1 の核への取り込みを促すが、部位をアラニンにしてもアスパラギン酸にしても S 期が延び、可逆的なリン酸化が必要とされ、働きの向きは決められない
CKA1,NCB2,2026-10-04,12502746,CK2 と NC2 の CK2 部位の変異が遺伝子の抑制に影響すると書かれているが、NC2β（Ncb2）の働きを上げるか下げるかは書かれていない
CKA1,RPN4,2026-10-04,17532487,Rpn4 の S214・S220 のリン酸化が Ubr2 への結合と分解を促すと書かれているが、要旨にキナーゼ（CK2）は出てこず、PMC の本文もない
CKA1,RPP0,2026-10-04,9843429;17330950;18407956;19779198,P0 の S302 は CK2 の共通配列でリン酸化されるが、リン酸化はリボソームの働きに必要でないとされ、CK2 が体内でリン酸化するとも書かれていない。ほかは網羅的なリン酸化解析
CKA2,ABF1,2026-10-04,7608180,CK2 が Abf1 の S720 を試験管内・体内でリン酸化することだけで、Abf1 の働きへの作用は書かれていない
CKA2,BUR6,2026-10-04,12502746,CKA1 → BUR6 と同じ。NC2α の働きへの向きは書かれていない
CKA2,CDC33,2026-10-04,7592868,CKA1 → CDC33 と同じ。eIF4E の活性はリン酸化部位に依存しない
CKA2,NAP1,2026-10-04,18086883,CKA1 → NAP1 と同じ。可逆的なリン酸化が必要とされ、向きは決められない
CKA2,NCB2,2026-10-04,12502746,CKA1 → NCB2 と同じ。NC2β の働きへの向きは書かれていない
CKA2,RPN4,2026-10-04,17532487,CKA1 → RPN4 と同じ。要旨にキナーゼが出てこない
CKA2,SRP1,2026-10-04,9258433,CK2 は Srp1 の S67 をリン酸化するが、S67 の変異は増殖に影響せず、NLS との結合もリン酸化に依存しないと書かれている
CTM1,CYC1,2026-10-04,10791961;11880631,Ctm1 はシトクロム c の K72 をトリメチル化するが、メチル化されないシトクロム c も量・活性は正常と書かれている（作用なし）
HRR25,SEC23,2026-10-04,21532587,Hrr25 は Golgi で Sec23/Sec24 をリン酸化し TRAPPI の結合を妨げるが、コートのリン酸化は小胞の融合に、脱リン酸化は出芽に必要とされ、時期で向きが逆になる
MCK1,RCN1,2026-10-04,14701880,Mck1 のリン酸化は Rcn1 がカルシニューリンを促す働きに必要だが、Rcn1 は量によって促進にも抑制にも働き、Rcn1 の働きの向きとしては決められない（論文の主張は Mck1 がカルシニューリンのシグナルを強めること）
MEC1,DDC1,2026-10-04,9670034;9311982;18541674;20005839;38007689,Ddc1 のリン酸化は Mec1 に依存し（9670034）、Ddc1 の T602 のリン酸化は Dpb11 の呼び込みに必要（18541674・20005839）だが、Mec1 が T602 をリン酸化するとはどの要旨・本文にも書かれておらず、つなぐと推測になる
YCK3,VPS41,2026-10-04,18809726;19193765;19386605,液胞どうしの融合では抑え、AP-3 小胞の融合では結合を可能にする。場面で効き方が逆
ESC2,TOP3,2026-10-04,35654140;33446573,SUMO 化を促す記述と、SUMO 化の役割の記述をつないだ推論
SEC23,SAR1,2026-10-04,8451644;27432890,GAP の活性は試験管内（SEC12 → SAR1 と同じ扱い）
YCK1,STE50,2026-10-04,14555477,キナーゼは「カゼインキナーゼ I」とだけ書かれ、Yck1 か Yck2 かが要旨で分からない（PMC に本文なし）。T42 のリン酸化は接合の信号に必要（T42A で働きが落ち、T42D で保たれる）が、上流の遺伝子を特定できない
TPK1,YCF1,2026-10-04,7521334;15556603;18667437,7521334 は「PKA のリン酸化部位の候補」の変異で Ycf1 が働かなくなることを示すだけで、PKA（Tpk1）がリン酸化するとは示していない。15556603 では S908・T911 のリン酸化は働きに要るが、キノームを調べても直接リン酸化するキナーゼは見つからなかった
YCK2,STE2,2026-10-04,19828733;27072657,Yck2 は Ste2 の C 末端の 6 つのセリンを直接リン酸化し、クラスリン被覆ピットへの集まり（取り込み）を促す。取り込みは信号を弱めるが、27072657 では受容体のリン酸化が走化性に必要（取り込みとは別の正の働き）とされ、向きが場面で分かれる
KIN2,SEC9,2026-10-04,15563607;30305396,Kin1・Kin2 は体内で Sec9 のリン酸化を起こし、細胞膜からの解離を促す（15563607）。試験管内・体内で直接の基質（30305396）。Sec9 の働きを上げるか下げるかは書かれていない
KIN1,SEC9,2026-10-04,15563607;30305396,KIN2 → SEC9 と同じ。リン酸化と膜からの解離は示されるが、Sec9 の働きへの向きは書かれていない
UBC9,POL30,2026-10-04,18155241;18701921,PCNA の SUMO 化（Siz1 が部位を選ぶ）は S 期の不要な交叉を防ぐ。PCNA に働きを加える修飾で、PCNA の働きを上げるか下げるかとしては書かれていない。DNA への装着が SUMO 化の前提（18701921）
UBC9,AOS1,2026-10-04,26633173,SUMO 化部位を調べる方法の論文で、Aos1 の SUMO 化部位を体内で確かめただけ。働きへの影響は書かれていない
UBC9,UBA2,2026-10-04,26633173,UBC9 → AOS1 と同じ論文。E1 の自己 SUMO 化と Uba2 の SUMO 化部位の同定だけで、働きへの影響は書かれていない
UBC9,BIK1,2026-10-04,23034179,Bik1 は Ubc9 と相互作用し、Smt3 と Bik1 の過剰発現で体内で SUMO 化される。SUMO 化が Bik1 の働きをどう変えるかは書かれていない
UBC9,RAD18,2026-10-04,23034805,Rad18 の SUMO 結合モチーフが Rad18 自身の SUMO 化も仲立ちすると書かれるだけで、Rad18 の SUMO 化の働きへの影響は書かれていない（SUMO 化 PCNA が Rad18 の活性を高めることが主題）
UBC9,RAD59,2026-10-04,27130983,Ubc9 は試験管内の SUMO 化反応の材料として出てくるだけ。Rad59 の SUMO 化は Rad52 との結合を安定にし、組換えの結果を保存的な修復へ寄せる（働きの上げ下げではない）
PAB1,POP2,2026-10-04,17766253;29932902,食い違い: 17766253 では Pab1 のリンカー領域が Pop2-Ccr4 による Pab1 結合 poly(A) の脱アデニル化を助ける。29932902 では Caf1（Pop2）は Pab1 が結合していない poly(A) だけを削り、Pab1 は Ccr4 を介して脱アデニル化を促す
WSS1,CDC48,2026-10-04,26349035,Wss1 は SUMO リガーゼ活性をもち、Cdc48 を含む結合相手の多重 SUMO 化を促す。Wss1 は Cdc48/Doa1 を SUMO に向けるが、Cdc48 の SUMO 化が働きをどう変えるかは書かれていない
YCK1,ENA1,2026-10-04,32694166,Ena1 の S/T に富む領域は「カゼインキナーゼの標的と提案されている」だけで、Yck1 によるリン酸化は要旨で示されていない（PMC に本文なし）。この領域は取り込みに必要
YCK2,ENA1,2026-10-04,32694166,YCK1 → ENA1 と同じ。Yck2 によるリン酸化は示されていない
YCK1,MTH1,2026-10-04,35102180;14755054;15456873,食い違い: 14755054・15456873 は Yck1/2 が Mth1 をリン酸化し Grr1 による分解へ向けるとするが（試験管内のリン酸化とモデル）、35102180 は Yck は常に活性で Mth1 の分解は核で起こり、Yck は Mth1 をリン酸化するキナーゼではないかもしれないとする
YCK1,PMA1,2026-10-04,8943257;22882630,Yck1・Yck2 を欠く株で H+-ATPase のリン酸化が大きく損なわれるが、活性への作用は「下げる方向のカゼインキナーゼ I 活性を示唆する」という推測の書き方。22882630 は Sit4 と HXT1 の論文で、キナーゼの出どころも不明
YCK1,SNQ2,2026-10-04,22882630;10601275,22882630 は Sit4 と HXT1 の論文で Snq2 を扱っていない。10601275 では Snq2 は試験管内でセリンがリン酸化されるが、Yck1・Yck2 への依存が示されたのは Pdr5 だけ
YCK1,YOR1,2026-10-04,22882630;10601275,YCK1 → SNQ2 と同じ。Yor1 のリン酸化の Yck 依存は示されていない
YCK3,IVY1,2026-10-04,37259913,Yck3 のリン酸化で Ivy1 の局在がエンドソームから液胞へ移り、Ypt7 をもつリポソームへの集まりが強まる（試験管内）。局在の切り替えで、働きを上げるか下げるかは書かれていない（PMC に本文なし）
YCK3,PEP3,2026-10-04,25411340,BioGRID の記録は表 S1 だけ。Yck3 は HOPS をリン酸化し、リン酸化 HOPS は融合に Ypt7-GTP と酸性脂質の両方を要するようになる。Pep3 の働きへの作用は書かれていない
TEL1,ZIP1,2026-10-04,23775120,論文は「Mec1/Tel1」とまとめていて Tel1 の作用と特定できない（TEL1 → SLT2 と同じ扱い）
RIM11,CIN5,2026-10-04,19774548,根拠は「seems to be required」の控えめな書き方で、GSK3 は三重変異体でしか示されない
TPK1,CIN5,2026-10-04,19774548,根拠は「seems to be required」の控えめな書き方で、PKA のどれかも特定されていない
TPK2,TLG1,2026-10-04,12006655;12925750,向きの根拠は t-SNARE 全般についての別の論文の一文（TPK1 → TLG1 と同じ扱い）
TPK3,TLG1,2026-10-04,12006655;12925750,向きの根拠は t-SNARE 全般についての別の論文の一文（TPK1 → TLG1 と同じ扱い）
YCK3,PEP5,2026-10-04,25411340,試験管内で可溶型 Yck3 が HOPS の 6 サブユニットのうち 5 つをリン酸化するが、どのサブユニットのリン酸化が働きを変えるかは今後の課題と書かれている（複合体としては、リン酸化された HOPS は Ypt7:GTP と酸性脂質の両方を要するようになる）。サブユニットごとの向きは決められない
YCK3,VAM6,2026-10-04,25411340,同上（試験管内。HOPS 複合体としての作用で、Vam6 のリン酸化の意味は示されていない）
YCK3,VPS16,2026-10-04,25411340,同上（試験管内。HOPS 複合体としての作用で、Vps16 のリン酸化の意味は示されていない）
YCK3,VPS33,2026-10-04,25411340,同上（試験管内。HOPS 複合体としての作用で、Vps33 のリン酸化の意味は示されていない）
YPK3,RPS6A,2026-10-04,26582391,TORC1 が Ypk3 を通じて Rps6 S232・S233 のリン酸化を調節するが、Rps6 のリン酸化の働き（翻訳への作用）は見つからなかったと書かれている。向きは決められない
MEC1,HTA1,2026-10-04,11140636,ヒストン（向きの決め方を見直し中）。DNA 損傷で H2A の C 末端モチーフ（S129）のリン酸化が Mec1 に依存し、NHEJ に必要
MEC1,HTA2,2026-10-04,11140636,ヒストン（向きの決め方を見直し中）。DNA 損傷で H2A の C 末端モチーフ（S129）のリン酸化が Mec1 に依存し、NHEJ に必要
MRK1,UME6,2026-10-04,10891485;9372955,要旨に出てくるのは Rim11 と Mck1 だけで、Mrk1 による Ume6 のリン酸化と働きは書かれていない（全文は PMC から取れなかった）
NPR1,RPL24A,2026-10-04,19780626,試験管内だけ（Npr1 の基質の配列の決定に Rpl24a のペプチドを使った）。体内での働きは書かれていない
PKC1,PFK2,2026-10-04,11724581,試験管内で「プロテインキナーゼ C」が S652 をリン酸化して不活性化する。体内の S652 のリン酸化は「おそらく Pkc1 による」と推測で、Pkc1 に依存することは示されていない
PRK1,ENT1,2026-10-04,11694597;13679512,Prk1 に依存した Ent1 のリン酸化は示されるが、働きへの作用は「suggesting」と遺伝学的な推測で、Ala 置換の Ent1 も野生型と同じく ARK 変異を抑えるなど結果が一様でない。13679512 は Scd5 の論文で Ent1 の働きは書かれていない
RKM3,RPL42B,2026-10-04,18957409;22522802;24517342,Rkm3（Ybr030w）が Rpl42ab K40 をモノメチル化することは示されるが、メチル化の働き（シクロヘキシミドでの遅い増殖は K55・Set7 の側）は示されていない
RKM4,RPL42B,2026-10-04,18957409;24517342,Rkm4（Set7）が K55 をメチル化し、欠損でシクロヘキシミドの低濃度で増殖が遅くなるが、「構造を微調整して阻害を避けうる」と推測にとどまる
SFM1,RPS3,2026-10-04,22650761,Sfm1（Yor021c）が Rps3 R146 をメチル化することは示されるが、R146A（アミノ酸の置換）の遅い増殖は「suggesting」でメチル化そのものの働きは示されていない
SPS1,HHF1,2026-10-04,16980586,ヒストン（向きの決め方を見直し中）。胞子形成で H4 S1 のリン酸化が Sps1 に依存し、クロマチンの凝縮を促しうる
TEL1,DDC1,2026-10-04,18541674;20005839,Ddc1 T602 のリン酸化が Dpb11 の働きに要ることは示されるが、要旨はどちらも T602 をリン酸化するキナーゼを Tel1 と書いていない
TPK1,CHO1,2026-10-04,20145252,PKA は試験管内で Cho1 の活性を抑えるが、体内では S46/S47 のリン酸化で酵素の量が増え、正味でホスファチジルセリン合成を高める。層で向きが逆なので決めない
TPK1,SED5,2026-10-04,16093353,S317 の PKA によるリン酸化は「presumed」と書かれ、PKA が Sed5 をリン酸化することは示されていない（リン酸化・脱リン酸化の循環が必要とも書く）
TPK1,URA2,2026-10-04,1977585,試験管内で PKA 触媒サブユニットがリン酸化するが、CPSase・ATCase の活性も UTP への感受性も変わらなかった
TPK2,URA2,2026-10-04,1977585;17287358;17330950;19779198,試験管内で PKA 触媒サブユニットがリン酸化するが活性は変わらなかった（1977585）。ほかは網羅的なリン酸化プロテオミクスだけ
YCK1,FUR4,2026-10-04,10811641;11801739,同じ論文に「CK1 欠損でも取り込みはあまり変わらない」とあり食い違う
EFM3,EFT1,2026-10-04,25231979;25086354,EFM3 → EFT2 と同じ（「機能的に重要なメチル化」の書き方で、EF2 の働きへの効果としては間接的）
TPK3,TPO1,2026-10-04,15637075,要旨は Tpo1 の Ser342 のリン酸化を「cAMP-dependent protein kinases 1 and 2」とし、Tpk3 は書かれていない（細胞膜への運搬を促す）。本文は入手できず、Tpk3 の関与を確かめられない
TPK3,URA2,2026-10-04,1977585;17287358;17330950;19779198,試験管内で PKA の触媒サブユニットが Ura2 をリン酸化するが、CPSase・ATCase の活性も UTP への感受性も変わらない（1977585）。Tpk3 の特定もない。ほかは網羅的なリン酸化解析
UBC12,RSP5,2026-10-04,24821572;17090950,主にヒト Smurf1 の論文で、酵母 Rsp5 の NEDD 化は補足図の試験管内の反応だけ（要旨は「調節は酵母 Rsp5 でも保存」とだけ書く）。体内での Rsp5 への作用は示されていない
YCK1,TPO1,2026-10-04,15637075,要旨は Thr52 のリン酸化を「casein kinase 1」とだけ書き（輸送活性を高める）、Yck1・Yck2・Yck3・Hrr25 のどれかが分からない。本文は入手できず
YCK2,TPO1,2026-10-04,15637075,要旨は Thr52 のリン酸化を「casein kinase 1」とだけ書き（輸送活性を高める）、Yck1・Yck2・Yck3・Hrr25 のどれかが分からない。本文は入手できず
YCK2,PMA1,2026-10-04,8943257;25956063,YCK 欠損で Pma1 のリン酸化が下がり、グルコースでの活性化の調節が変わるので「抑える CK1 活性」が示唆される（suggesting）だけ（8943257）。一方 25956063 は Sod1 が CK1γ を通して Pma1 の活性を最大にするモデルを出しており、向きがそろわない
YCK2,PTR3,2026-10-04,17984223;23447701;41437840,Yck1・Yck2 は Ptr3 の過リン酸化に要り、Ptr3 の過リン酸化は SPS 信号の活性化と相関する（題名も correlates）が、リン酸化が Ptr3 を活性化すると明記されていない。のちの論文（23447701）では Ptr3 はアダプターで、Yck の働く相手は Ssy5 の前駆ドメイン（副産物に YCK1/YCK2 → SSY5 として記録）
HDA1,HTZ1,2026-10-04,18676811;21906795,ヒストン（向きの決め方を見直し中）。Hda1 が Htz1 の K14 の脱アセチル化を担う（18676811）
MCA1,BIR1,2026-10-04,22761449;38790694;27450768,Yca1（MCA1）が Bir1 を切るのは試験管内だけ（38790694）。切断が Bir1 の働き（アポトーシスの抑制）を変えるとは書かれていない
EFM2,EFT1,2026-10-04,25231983;25086354,「機能的に重要なメチル化」の書き方で、EF2 の働きへの効果としては間接的
EFM3,EFT2,2026-10-04,25231979;25231983,「機能的に重要なメチル化」の書き方で、EF2 の働きへの効果としては間接的
GCS1,ARL1,2026-10-04,15975906,体内の局在の変化は「consistent with」の程度
GRX1,FBA1,2026-10-04,36272668,体内か試験管内か要旨から分からない
BUD32,KAE1,2026-10-04,18951093;35525560,Bud32 が Kae1 を 2 つの段階で調節するという提案は古細菌の複合体の構造からで、リン酸化の効果の記述はない。Bud32 は酵母ではタンパク質キナーゼでなく ATPase として KEOPS の t6A 修飾に働く（35525560）。向きは決められない
DBF20,HHO1,2026-10-04,22718910,ヒストン（向きの決め方を見直し中）。要旨は減数分裂での MEN の調節で、Hho1 のリン酸化の記述はない
DOM34,HBS1,2026-10-04,18180287;20947765;21102444,Dom34 との結合で Hbs1 の GTP への親和性が上がるのは試験管内だけ。Dom34:Hbs1 は複合体として働く（20947765・21102444）。向きは決められない
EFM4,TEF1,2026-10-04,20510667;38199565,Efm4（See1）が eEF1A をジメチル化する記述だけで、eEF1A の働きへの効果の記述はない
EFM4,TEF2,2026-10-04,20510667;38199565,Efm4（See1）が eEF1A をジメチル化する記述だけで、eEF1A の働きへの効果の記述はない
ELP3,HTZ1,2026-10-04,16543219,ヒストン（向きの決め方を見直し中）。要旨では Htz1 K14 をアセチル化するのは NuA4 で、Elp3 の記述はない
ENV7,HHO1,2026-10-04,23166297,ヒストン（向きの決め方を見直し中）。要旨に Hho1 のリン酸化の記述はない
ENV7,HTA1,2026-10-04,23166297,ヒストン（向きの決め方を見直し中）。要旨に H2A のリン酸化の記述はない
ERV1,CMC1,2026-10-04,22767599,Erv1 と Mia40 が Cmc1 を酸化（ジスルフィド結合の形成）し輸入に働く記述だけで、Cmc1 の働きを上げ下げする記述はない
ERV1,TIM10,2026-10-04,19011240,Mia40 と Erv1 の再構成系で Tim10 が酸化される試験管内の記述だけで、Tim10 の働きへの効果の記述はない
FIP1,PAP1,2026-10-04,9742111;11238938,Fip1 は試験管内で Pap1 のプライマー伸長を抑えるが、Fip1 の C 末端は特異的なポリアデニル化でその抑制を解き、Fip1 は特異的なポリアデニル化に必要（11238938）。場面で効果が逆になるため向きは決められない
GCS1,ARF1,2026-10-04,9927415;15975906,Gcs1 の Arf1 への GAP 活性は試験管内だけ。要旨は ARF が働くには GAP が要るとし、Gcs1 と Glo3 は ER-ゴルジ間の輸送に重複して必要とする。Arf1 の働きを上げるか下げるかは決められない
GLO3,ARF1,2026-10-04,9927415,Glo3 の ARF への GAP 活性は試験管内だけ。要旨は ARF が働くには GAP が要るとし、Glo3 と Gcs1 はゴルジから ER への逆行輸送に重複して必要とする。向きは決められない
GLO3,ARF2,2026-10-04,9927415,Glo3 の ARF への GAP 活性は試験管内だけ。要旨は ARF が働くには GAP が要るとし、向きは決められない
GRX2,FBA1,2026-10-04,36272668,要旨は Grx1 が Fba1 の S-グルタチオン化を戻すとするだけで Grx2 の記述はない（BioGRID の記録は図 4）。PMC 本文なし
GRX2,RIB3,2026-10-04,21565288,Rib3 の C56 が Grx2 に依存して可逆的に S-グルタチオン化される（試験管内）記述だけで、Rib3 の働きへの効果の記述はない
HEL2,RPS7A,2026-10-04,30609991,Not4 による eS7 のモノユビキチン化に続く Hel2 の K63 鎖が、ジソームの上流での切断を導くという記述で、eS7 自体の働きを上げ下げする記述はない
HEL2,RPS7B,2026-10-04,30609991,Not4 による eS7 のモノユビキチン化に続く Hel2 の K63 鎖が、ジソームの上流での切断を導くという記述で、eS7 自体の働きを上げ下げする記述はない
HPA2,HMO1,2026-10-04,23775086,Hpa2 がある小さな塩基性タンパク質を試験管内でアセチル化するという記述だけで、効果の記述はない
HPA2,NHP10,2026-10-04,23775086,Hpa2 がある小さな塩基性タンパク質を試験管内でアセチル化するという記述だけで、効果の記述はない
HPA2,NHP6A,2026-10-04,23775086,Hpa2 がある小さな塩基性タンパク質を試験管内でアセチル化するという記述だけで、効果の記述はない
HPA2,NHP6B,2026-10-04,23775086,Hpa2 がある小さな塩基性タンパク質を試験管内でアセチル化するという記述だけで、効果の記述はない
KES1,SAC1,2026-10-04,21295699,Osh タンパク質による Sac1 の活性化は試験管内で再構成されたが、要旨で活性化因子とされるのは Osh3 で、Kes1（Osh4）の名前はない。体内の記述は Osh タンパク質全体についてで、Kes1 単独の向きは決められない。PMC 本文なし
YME1,TIM9,2026-10-04,23036860,分解されるのは変異体と組み込まれていない Tim9 だけで、野生型では yme1Δ で増えない
KNS1,RPC53,2026-10-04,22364741,部位の変異だけでは抑制が弱まらない（MCK1 → RPC53 と同じ扱い）
MPE1,YSH1,2026-10-04,32009536,mpe1 の変異で Ysh1 が安定化するとは書かれていない（要旨だけ）
TRX1,TIM10,2026-10-04,22878414,要旨は「細胞質のチオレドキシン系は呼吸での増殖のとき膜間腔の小さな Tim を還元された形に保ち、ミトコンドリアへの取り込みを助けるのに必要」と書くが、Trx1 も Tim10 も名指ししていない（Trx1 と Trx2 の分担は不明）。PMC は要旨だけで本文を確かめられない
MCA1,MON2,2026-10-04,37938971,BioGRID の論文の要旨には Mon2 が出てこない（PMC 本文なし）。Mca1 の切断が Mon2 の働きを上げるか下げるか書かれていない
MCA1,MYO2,2026-10-04,37938971,BioGRID の論文の要旨には Myo2 が出てこない（PMC 本文なし）。切断の働きへの効果は確かめられない
MCA1,SGT2,2026-10-04,37938971,BioGRID の論文の要旨には Sgt2 が出てこない（PMC 本文なし）。切断の働きへの効果は確かめられない
MCA1,SIS1,2026-10-04,37938971,タンパク質分解の活性をもつ Mca1 は試験管内と体内で Sis1 を切断すると書かれているが、切断で Sis1 の働きが下がるとは書かれていない（長寿への効果は Sis1 を要する）。PMC 本文なし
MDR1,YPT6,2026-10-04,10559187,Mdr1/Gyp2 は Ypt6 と Sec4 の効率のよい GAP という試験管内の測定だけ。体内で Ypt6 を不活性化する根拠は見つからない
MIA40,CMC1,2026-10-04,22767599;28149831,試験管内では Mia40 だけで Cmc1 を酸化でき、生理的な酸化には Erv1 と Mia40 が要る、という試験管内・単離ミトコンドリアの結果だけ。体内での取り込みへの必要性は要旨に書かれていない
MSB4,YPT6,2026-10-04,10937877;22593206,精製した Msb4/Gyp4 は Sec4・Ypt6・Ypt7 に働くという試験管内の測定だけ（10937877）。別の論文の全 Rab の GAP の測定では Msb4 は活性を示さなかった（22593206）。食い違いがあり体内の根拠もない
MSB4,YPT7,2026-10-04,10937877;22593206,MSB4 → YPT6 と同じ（試験管内だけで、22593206 では Msb4 の活性は見えない）
YME1,TIM12,2026-10-04,28214511,試験管内で Tim12 の N 末端の配列を付けた人工の基質（λcI）が分解されるだけ。全長の Tim12 は凝集して測れない。体内の根拠なし
YME1,TIM13,2026-10-04,28214511,試験管内で Yme1 の六量体が Tim13 を Tim10 と同じ速さで分解するという結果だけ。体内で Tim13 の量を下げる根拠は見つからない
KNS1,CKB1,2026-10-04,25631054,栄養が乏しいときやストレスで Kns1 が Ckb1 をリン酸化するが、CK2 の安定性には影響せず、ラパマイシン後の tRNA 遺伝子への Ckb1 の結合の減少と相関するだけ。「may regulate」で向きは書かれていない（PMC は要旨だけ）
KSP1,TIF4631,2026-10-04,29438499,グルコース欠乏で Ksp1 が eIF4G（Tif4631）を直接リン酸化し、そのリン酸化が解糖系・リボソームタンパク質の mRNA の分解を進める（Dhh1 の呼び込み）。eIF4G 自身の働きを上げるか下げるかは書かれていない
KSP1,TIF4632,2026-10-04,29438499,KSP1 → TIF4631 と同じ。Tif4632 のリン酸化は示されているが、働きへの効果は書かれていない
LTP1,FPR3,2026-10-04,15358193,Ltp1 が Fpr3 の Y184 を脱リン酸化し、チロシンリン酸化が Fpr3 の局在に影響すると書かれているが、要旨からは向きが分からない（PMC 本文なし）
MAS1,ARG56,2026-10-04,32997570,"MPP が Arg5,6 前駆体を N 末端と内部で切って 2 つの酵素に分ける（成熟化の切断）。Arg6 と Arg5 は別々に取り込まれても働くと示され、切断が働きを上げる・下げるとは書かれていない"
MAS1,MAS2,2026-10-04,42190651,BioGRID の論文（MPP と Oct1 が酸化ストレスで働きを失い UPRmt が起こる）の要旨に Mas2 前駆体の切断の働きへの効果は書かれていない（PMC 本文なし）。プレ配列の除去（成熟化）で向きは決められない
MAS1,MRPL36,2026-10-04,42190651,MAS1 → MAS2 と同じ。要旨に Mrpl36 は出てこない
MDJ1,SSC1,2026-10-04,14605210;9973563;11096111,BioGRID の論文は Pam18 が Ssc1 の ATPase を刺激するという論文で、Mdj1 は「既知のミトコンドリアの J タンパク質」として試験管内で比べられているだけ。Mdj1 と Ssc1 の協力は試験管内のルシフェラーゼの再生の再構成（9973563）。体内で Mdj1 が Ssc1 の働きを上げると書いた一文は見つからない
MSS116,RPO41,2026-10-04,19536766;24732805,試験管内で Mss116 が Rpo41 の転写を抑えた（19536766）が、別の論文では Mss116 は止まった伸長複合体を安定化し伸長因子として働き、RPO41 か MSS116 の過剰発現は低温にさらした細胞の生存を上げる（24732805）。食い違いがあり、どちらも試験管内が主
MTF1,RPO41,2026-10-04,15342628,Mtf1 は閉じた鋳型ではプロモーターの融解に要るが、あらかじめ融解した鋳型では Rpo41 のプロモーター選択的な活性を抑える。鋳型の状態で向きが逆になり、試験管内だけ
MTQ1,MRF1,2026-10-04,16321977,Mtq1 が Mrf1 の GGQ モチーフのグルタミンを体内でメチル化する。mtq1Δ は非発酵性炭素源で中程度の生育の欠陥を示し cox2 の終止変異を抑えるが、メチル化が Mrf1 の働きを上げるか下げるかは書かれていない（PMC 本文なし）
PEX12,PEX5,2026-10-04,19687296;17452527,モノユビキチン化を担う記述と、ユビキチン化が再利用に要る記述（別々の論文）をつないだ推論
PEX2,PEX18,2026-10-04,24034674;22021076;11590152,3 本の論文をつないだ推論で、論文は Pex18 の分解を通常の働きの回路の一部とも書く
MTQ2,SUP45,2026-10-04,15509572;16321977;33166396,Mtq2（Trm112 と組む）は eRF1 の GGQ モチーフのグルタミンを体内でメチル化するが、酵母でメチル化が eRF1 の終止活性を上げる・下げるとは書かれていない（細菌 RF2 の話のみ）。33166396 は Mtq2 の触媒活性が 60S 生合成に必要とするが eRF1 への作用ではない
NAT4,HTZ1,2026-10-04,33916271;19332560,ヒストン（向きの決め方を見直し中）。Naa40（Nat4）が H2A.Z の N 末端をアセチル化する
NNT1,TEF1,2026-10-04,26545399,Efm7（NNT1）は eEF1A の N 末端とリシンをメチル化する（欠損で失われる）が、eEF1A の働きへの作用は書かれていない
OCT1,IMO32,2026-10-04,21525245,全文: Imo32 は Oct1 の新しい基質（切断部位の確認のみ）。Oct1 の切断が基質を安定化することは Cox4・Mdh1 などで示され、Imo32 では安定性を測っていない
OTU2,RPS7A,2026-10-04,33665564,全文: Otu2 と Ubp3 が eS7 を脱ユビキチン化し、両方を欠くと翻訳が落ちる。eS7 のユビキチン化（K83）も翻訳に必要で、ユビキチン化と脱ユビキチン化の回路が大事とするのみ。脱ユビキチン化が eS7 の働きを上げる・下げるとは書かれていない
PAB1,PAP1,2026-10-04,9742111;9223284;18304944,9742111 の要旨は Fip1 と Pap の話で Pab1 の記述なし（全文は取れず）。9223284 は Pab1 がポリ A 鎖の長さの制御に関わる（抽出液）とし、18304944 は再構成系で Pab1 は促進も抑制もしないとする。食い違い・試験管内のみ
PAM16,PAM18,2026-10-04,20053669;15218029,15218029: Pam16 は Pam18 による mtHsp70 の ATPase の促進を抑える（試験管内）。20053669 はヒト Magmas が主。体内での向きは示されておらず、Pam16 は Pam18 と複合体をつくり一緒に働く
PCP1,CCP1,2026-10-04,12774122;12417197;15979251,Pcp1 は Ccp1 の第 2 段階の切断で成熟型をつくるが、Ccp1 の酵素活性や働きへの作用は書かれていない
PEX10,PEX18,2026-10-04,24034674,Pex10 は Ubc4 と組むポリユビキチン化（分解へ）と Pex4 と組むモノユビキチン化の両方に関わり、向きが反応で逆になりうる
PEX12,PEX18,2026-10-04,24034674;22021076;11590152,Pex12 は Pex4 と組んで Pex18 をモノユビキチン化する（24034674）が、このモノユビキチン化が Pex18 の働きを上げると Pex18 について直接は書かれていない（PTS 受容体一般の説明のみ）。Cys6 依存のユビキチン化が働きに必要（22021076）だが Pex12 依存かは要旨にない
PFA4,YGL108C,2026-10-04,19416974,要旨は Vac8 と Pfa3 の話で YGL108C の記述なし（PMC に本文なし）。SH4 ドメインだけなら 5 つの DHHC すべてがパルミトイル化するとあり、人工的な基質の可能性。働きへの作用は不明
PFA5,YGL108C,2026-10-04,19416974,要旨は Vac8 と Pfa3 の話で YGL108C の記述なし（PMC に本文なし）。働きへの作用は不明
PSK2,CAF20,2026-10-04,12372297,PAS キナーゼが 3 つの翻訳因子を直接リン酸化するとあるが、翻訳因子の働きへの作用は要旨に書かれていない（全文は取れず）
PSK2,SRO9,2026-10-04,12372297,PAS キナーゼが 3 つの翻訳因子を直接リン酸化するとあるが、翻訳因子の働きへの作用は要旨に書かれていない（全文は取れず）
PSK2,TIF1,2026-10-04,12372297,PAS キナーゼが 3 つの翻訳因子を直接リン酸化するとあるが、翻訳因子の働きへの作用は要旨に書かれていない（全文は取れず）
PSK2,UGP1,2026-10-04,12372297;17531808,食い違い: 12372297 はリン酸化で Ugp1 が抑えられるとするが、17531808 はリン酸化は触媒活性を変えず、Ugp1 を細胞の周辺に移してグルカン合成に糖を振り向ける（グリコーゲン合成からは遠ざける）とする
PSR1,SNU66,2026-10-04,39484844,Psr1 が Snu66 を脱リン酸化し、Psr1 の欠損で非標準 5' スプライス部位のイントロンのスプライシングに欠陥が出るが、Snu66 の働きを上げる・下げるとは書かれていない（「modulating」のみ。全文は取れず）
RAD7,RAD4,2026-10-04,16675952;15226437;30840920,Rad7-Rad16-Elc1-Cul3 の E3 は UV 照射で Rad4 をユビキチン化・分解する（量は下がる）が、修復の最適化はユビキチン化と相関し分解とは相関しないとする。量と働きで向きが逆になりうる
RKM5,RPL1A,2026-10-04,21460220,Rkm5 が Rpl1ab の K46 をモノメチル化する（欠損で失われる）が、働きへの作用は書かれていない
RKM5,RPL1B,2026-10-04,21460220,Rkm5 が Rpl1ab の K46 をモノメチル化する（欠損で失われる）が、働きへの作用は書かれていない
RVB1,RVB2,2026-10-04,18234224,Rvb1 と Rvb2 はヘテロ六量体をつくり、複合体で ATPase・ヘリカーゼ活性が上がる（試験管内）。同じ複合体のサブユニットどうしで、一方からもう一方への向きはない
SBA1,HSP82,2026-10-04,18362168,Sba1 は Hsp90 の ATPase と阻害剤の結合を妨げる（BioGRID の注記は「促進」で逆）。ATPase を止めることが Hsp90 の働きを上げるか下げるかは書かれていない
SUP35,SUP45,2026-10-04,18267004;23963452;7664746,18267004 は Sup35 の T341 変異で GTPase と eRF1 との結合が落ちるとするのみ。eRF3 が eRF1 のペプチド放出を速めるのは試験管内（23963452）とアフリカツメガエルの eRF3（7664746）
SYT1,ARF2,2026-10-04,10430582,Sec7 ドメインのタンパク質（Syt1 を含む）が Arf の GEF として働くのは試験管内の測定のみ。体内で Syt1 が活性化するのは Arl1（26966233、別の関係として side に記録）
DCN1,CDC53,2026-10-04,15988528;9531531,NEDD 化する記述と、Rub1 の結合が SCF に要る記述（「strongly implying」）をつないだ推論
HRT1,CDC53,2026-10-04,20832729;9531531,同じ SCF のサブユニットで、2 つの記述をつないだ推論
TFS1,PRC1,2026-10-04,9521655;15229224;19552705;17317927,Tfs1（IC）は CPY の強い阻害タンパク質（Ki 0.1 nM）だが、阻害は精製タンパク質の試験管内の測定だけで、体内での CPY 活性への作用は要旨に書かれていない。19552705 は体内では Ira2 の阻害が主な働きとする（規則 3 の試験管内のみ）
TMA23,PRP43,2026-10-04,39578461,Tma23 は Prp43 の ATPase を活性化する G-patch と、抑える I-patch の両方をもち、働きが向きで分かれる（促進と抑制の両方）
UBP10,HTA1,2026-10-04,29288197,ヒストン（向きの決め方を見直し中）。論文の基質は H2B のユビキチン化（HTB1/HTB2）で H2A ではない
UBP10,HTA2,2026-10-04,29288197,ヒストン（向きの決め方を見直し中）。論文の基質は H2B のユビキチン化（HTB1/HTB2）で H2A ではない
UBP6,CLB1,2026-10-04,17018280,要旨は Ubp6 がユビキチン化タンパク質一般の分解を遅らせると述べるだけで Clb1 は出てこない（BioGRID の記録は試験管内のモデル基質と思われる）。全文は PMC になく確かめられない
WSS1,HHO1,2026-10-04,24998930,ヒストン（向きの決め方を見直し中）。要旨は Wss1 が DNA-タンパク質架橋を試験管内で切ると述べるだけ
WSS1,HMG1,2026-10-04,24998930,要旨に HMG1 は出てこない。酵母の HMG1 は HMG-CoA 還元酵素で、DNA 結合タンパク質（HMGB 類）との取り違えの可能性があるが、全文が PMC になく確かめられない
WSS1,HTA1,2026-10-04,32130911,ヒストン（向きの決め方を見直し中）。Wss1 は ssDNA に非共有結合したコアヒストンを直接分解し複製ストレスへの耐性を与える（32130911）
EFM1,TEF1,2026-10-04,22522802;24517342;20510667;8476932,Efm1 による eEF1A の K30 のメチル化は示されるが、翻訳など eEF1A の働きへの作用は書かれていない。24517342 は Efm1 の直接の酵素活性は見直しが要るとする
EFM5,TEF1,2026-10-04,25446118;24517342;8476932,Efm5 は eEF1A の K79 のトリメチル化に要るが、eEF1A の働きへの作用は書かれていない
EFM6,TEF1,2026-10-04,26115316;8476932,Efm6 は eEF1A の K390 のメチル化に要るが、eEF1A の働きへの作用は書かれていない
PKP1,PDA1,2026-10-04,18180296;16643908;17918780;21177495,Pkp1 は Pda1 をリン酸化するが、リン酸化で PDH 活性が下がるとは要旨に書かれていない（17918780 は欠損株の遅い増殖が PDA1 欠損で戻ることから無駄な回路を推測するだけ）
PKP2,PDA1,2026-10-04,18180296;17918780;21177495,Pkp2 は Pda1 のリン酸化状態に影響し Pkp1 と補い合うが、PDH の働きへの向きは要旨に書かれていない
PSK2,TIF11,2026-10-04,12372297,PAS キナーゼの直接の基質として翻訳因子 3 つが見つかったとするだけで、Tif11 の働きへの作用は書かれていない
RKM1,RPL23A,2026-10-04,17327221,Rkm1 は Rpl23ab の K105・K109 をジメチル化するが、RKM1 の欠損はリボソーム複合体の形成に影響しない。働きへの作用は書かれていない
RKM1,RPS18A,2026-10-04,17327221;22522802;39007857,Rkm1 が Rps18 の K48 をモノメチル化することは示されているが（22522802）、メチル化で Rps18 の働きがどう変わるかを書いた論文は見つからない
RKM1,RPS18B,2026-10-04,17327221;22522802;39007857,Rkm1 が Rps18 の K48 をモノメチル化することは示されているが（22522802）、メチル化で Rps18 の働きがどう変わるかを書いた論文は見つからない
RKM2,RPL12A,2026-10-04,17005568;18957409,Rkm2 が Rpl12 の K3（旧 K10）をトリメチル化することは示されているが、rkm2Δ でもリボソーム複合体は変わらず（17005568）、働きの変化は書かれていない
RKM2,RPL12B,2026-10-04,17005568;18957409,Rkm2 が Rpl12 の K3（旧 K10）をトリメチル化することは示されているが、rkm2Δ でもリボソーム複合体は変わらず（17005568）、働きの変化は書かれていない
RKM3,RPL42A,2026-10-04,18957409;22522802;24517342,Rkm3 が Rpl42 の K40 のモノメチル化に必要なことは示されているが、メチル化で Rpl42 の働きがどう変わるかは書かれていない
RKM4,RPL42A,2026-10-04,18957409;24517342;20444689,Rkm4（Set7）が Rpl42 の K55 のモノメチル化に必要で、set7Δ はシクロヘキシミドで増殖が遅いが、構造を微調整して阻害を避けるという推測（suggest）にとどまる（18957409）。メチル化が働きに効くと示したのは分裂酵母の Set13 の論文（20444689）で、出芽酵母ではない
RMT2,RPL12A,2026-10-04,11856739;17448464;17005568,Rmt2 が Rpl12 の R67 をモノメチル化することは示されているが（11856739）、メチル化で Rpl12 の働きがどう変わるかは書かれていない
RMT2,RPL12B,2026-10-04,11856739;17448464;17005568,Rmt2 が Rpl12 の R67 をモノメチル化することは示されているが（11856739）、メチル化で Rpl12 の働きがどう変わるかは書かれていない
UBC12,CDC53,2026-10-04,9545234;9531531;20832729;10579999;19942853;19763088,"Ubc12 は Rub1（NEDD8）の E2 で Cdc53 の Rub1 化に必要（9545234）。Rub1 化が SCF の働きに必要なことは ENR2 欠損の遺伝学からの推論（strongly implying, 9531531）や Lag2 を打ち消すという含意（implying, 19942853）にとどまり、Ubc12 を欠くと Cdc53（SCF）の働きが下がると書いた一文は見つからない。種類 neddylation は語彙にないので取り込むなら other"
GPB1,IRA2,2026-10-04,20160012;16793550,Gpb1 は Ira2 の分解を促す（20160012）と、Gpb1/2 は Ira を安定にする（16793550）が食い違う。round22 の行を外した
LST8,RTG3,2026-10-04,11742997;16253991,遺伝学的な上下関係だけで、根拠の文が「suggest」を含む
LST8,RTG1,2026-10-04,11742997;16253991,遺伝学的な上下関係だけで、根拠の文が「suggest」を含む
PPH21,GLN3,2026-10-04,20974806,31213504 は PP2A による Gln3 の脱リン酸化が条件によって複雑だと報告
PPH22,GLN3,2026-10-04,20974806,31213504 は PP2A による Gln3 の脱リン酸化が条件によって複雑だと報告
URE2,GAT1,2026-10-04,23184930;18245087,Ure2 を Gln3/Gat1 の負の調節因子とする論文（23184930）と、URE2 を欠いても Gat1 の局在は大きく変わらないとする論文（18245087）が食い違う
SIT4,GAT1,2026-10-04,18245087,ラパマイシンでの Gat1 の核移行は Sit4 に強くは依存しない（18245087）。向きを決める根拠なし
GTR2,KOG1,2026-10-04,25046117;26609069,Gtr2 は Kog1 に直接結合するが、Gtr1 が GDP 型のときに TORC1 を止める働き（25046117・26609069）で、Gtr1-Gtr2 の状態で向きが変わる。GTR2→TOR1（活性化）は DB にある
SEC13,IML1,2026-10-04,23974112;36289347,SEACAT の一員として SEACIT を打ち消すとされる（23974112）が、SEC13 は必須遺伝子で COPII・核膜孔にも働き、欠失での検証が要旨から読めない。試験管内では SEACAT は GAP 活性を変えない（36289347）
RTG1,RTG3,2026-10-04,10848632,Rtg1 は正と負の両方の調節因子として働く（10848632）。向きが一つに決まらない
SAP190,SIT4,2026-10-04,8649382;15367655;19749176,Sap は Sit4 の調節サブユニット（同じ酵素の中の関係）。Sap190 と Sap155 はラパマイシンで逆の働きをする（19749176）
RRD1,SIT4,2026-10-04,15689491;19749176,Rrd1 は Tap42-Sit4 複合体に結合し、ラパマイシンで Rrd1-Sit4 が放される（15689491）が、Sit4 の活性への作用は要旨に書かれていない
PPM1,PPH21,2026-10-04,11697862,Ppm1 が Pph21/Pph22 の C 末端をメチル化する（11697862）が、活性への作用は要旨に書かれていない
KSP1,TOR1,2026-10-04,22447937,ksp1 欠失で Atg13 の脱リン酸化が進むことから TORC1 経路を介すると「示唆」されるだけ（22447937）
MRS6,SFP1,2026-10-04,19328065,Mrs6 が Sfp1 の核局在と TORC1 の信号を調節するとあるが向きが書かれていない（19328065）
NPR1,PIB2,2026-10-04,31622882,Npr1 が Pib2 のリン酸化を担うが、Pib2 の働きを上げるか下げるかは書かれていない（Pib2 に依存した TORC1 の抑制は NPR1→TOR1 として A に入れた）
GAL83,SNF1,2026-10-04,10990457;11331606,同じ SNF1 複合体のサブユニットどうし（同じまとまりの中の矢印は取り込まない）
SIP1,SNF1,2026-10-04,10990457,同じ SNF1 複合体のサブユニットどうし（同じまとまりの中の矢印は取り込まない）
GPB1,IRA1,2026-10-04,16793550,Gpb1/2 は Ira を安定にする（16793550）と、Gpb1 は Ira2 の分解を促す（20160012）が食い違う
GPB2,IRA1,2026-10-04,16793550,Gpb1/2 は Ira を安定にする（16793550）と、Gpb1 は Ira2 の分解を促す（20160012）が食い違う
GPB2,IRA2,2026-10-04,16793550,Gpb1/2 は Ira を安定にする（16793550）と、Gpb1 は Ira2 の分解を促す（20160012）が食い違う
TPK1,SNF1,2026-10-04,22140226,欠損株の表現型だけが根拠で、論文自身が仕組みは複雑と書く
TPK2,SNF1,2026-10-04,22140226,欠損株の表現型だけが根拠で、論文自身が仕組みは複雑と書く
TPK3,SNF1,2026-10-04,22140226,欠損株の表現型だけが根拠で、論文自身が仕組みは複雑と書く
TPK1,SIP1,2026-10-04,14966266,PKA 経路はグルコースで Sip1（と Snf1）を細胞質に保つが、Tpk の種類とリン酸化の有無、Snf1 の働きを上げるか下げるかは要旨にない
YAK1,BCY1,2026-10-04,11134339;12704202,Bcy1 のリン酸化は Yak1 に依存し Bcy1 を細胞質へ向けるが、12704202 は Bcy1 のリン酸化が PKA の活性そのものを変えないとする。働きの向きを決められない
ZDS1,BCY1,2026-10-04,11134339;22428880,Zds1 は Bcy1 の細胞質への局在に要る。局在だけで、PKA の働きへの向きは要旨にない
SNF1,REG1,2026-10-04,10648618,Reg1 のリン酸化は Snf1 に依存。Reg1-Glc7 の複合体からの解離と Glc7 の促進の両方が「示唆」されるだけで向きを決められない
GLC7,MIG1,2026-10-04,28854669;17991748,Glc7-Reg1 は Mig1 を脱リン酸化するが、Mig1 の働きへの効果は要旨に書かれていない（9774644 も読んだ）
PPH21,MSN2,2026-10-04,15470255,PP2A は Msn2 の核への蓄積に要るが、要旨にサブユニット（PPH21・PPH22・TPD3 など）の名前がない
TPK1,SAK1,2026-10-04,22140226,PKA の部位 S1074 は生体内でリン酸化されるが、寄与は小さいとされ向きを決められない
SRV2,CYR1,2026-10-04,9774417;9032232;1406671,CAP（Srv2）は Ras に対するアデニル酸シクラーゼの応答に要るとする報告（9774417・9032232）と、要らないとする報告（1406671）が食い違う
ERF2,RAS1,2026-10-04,12193598,Erf2-Erf4 がパルミトイル化を示したのは Ras2 だけで、Ras1 は要旨にない
MSN5,MSN2,2026-10-04,15545648,msn5 欠損で Msn2 が核にとどまるという既報の引用だけで、原著を確かめられなかった
CNB1,CNA1,2026-10-04,1321337;29735720,カルシニューリンの A と B のサブユニット（同じまとまりの中の関係）
CNB1,CNA2,2026-10-04,1321337;29735720,カルシニューリンの A と B のサブユニット（同じまとまりの中の関係）
MSB2,SHO1,2026-10-04,17627274;30682143,根拠の文が「appear to」の書き方
HKR1,SHO1,2026-10-04,17627274;30682143,根拠の文が「appear to」の書き方
PTC2,PBS2,2026-10-04,36870684,要旨は Ptc1-4 がまとめて抑えるという書き方で、それぞれの効果は書かれていない
PTC3,PBS2,2026-10-04,36870684,要旨は Ptc1-4 がまとめて抑えるという書き方で、それぞれの効果は書かれていない
PTC4,PBS2,2026-10-04,36870684,要旨は Ptc1-4 がまとめて抑えるという書き方で、それぞれの効果は書かれていない
RCN1,CNA1,2026-10-04,17954914;14701880,Rcn1 はカルシニューリンを阻害する一方、Mck1 にリン酸化されると促進する（濃度・リン酸化の状態で向きが逆になる）ため決めない
HOG1,PFK26,2026-10-04,15037628,高浸透圧で 6-ホスホフルクト-2-キナーゼ（PFK26）がリン酸化・活性化されるが、要旨は「HOG 経路のキナーゼ」とだけ書き Hog1 と特定しない
RHO1,GSC2,2026-10-04,12399379;8602515,"Rho1 は β-1,3-グルカン合成酵素の調節サブユニット（12399379）。Rho1 の活性化の実験（8602515）は Fks1 についてで、Fks2（GSC2）への作用は要旨に書かれていない"
SLM2,YPK1,2026-10-04,22307609,Ypk1 を細胞膜へ運ぶのは Slm1 と書かれ、Slm2 については要旨に書かれていない
MSB2,STE11,2026-10-04,25689021;24570489,Msb2 が Ste11 を膜に集めるとの示唆（suggest/might）のみ。Msb2 は Bem1 を介して Ste20/Cla4 を運び、それらが Ste11 を活性化する（24570489）。Msb2 から Ste11 への直接の作用は決められない
ORM1,LCB2,2026-10-04,30529276;22080611,Orm は SPT（Lcb1-Lcb2）を阻害するが、結合は Lcb1 の TMD1 を介する（30529276）。ORM1→LCB1 は既にあるため LCB2 には加えない
ORM2,LCB2,2026-10-04,30529276;22080611,ORM1→LCB2 と同じ理由
OPY2,MSB2,2026-10-04,26598606,Opy2 の CR ドメインが Msb2 の HMH ドメインと結合し、その複合体が Msb2 の枝での Hog1 の活性化に必須。どちらがどちらを活性化するかは書かれていない
YIH1,GCN2,2026-10-04,15126500;21239490,根拠は主に過剰発現で、欠損させても eIF2α のリン酸化は増えない
SCS2,OPI1,2026-10-04,12727870;28924045,2024 年の論文（39432922）では Scs2 が Opi1 を安定にするとあり、向きが割れる
INO4,INO2,2026-10-04,18542964,ヘテロ二量体の相手どうし（同じまとまりの中の関係）
RRN3,RPA43,2026-10-04,11032814;14595104,要旨に「suggest」が含まれる
VIP1,PHO81,2026-10-04,17412959;18059263;28520786;18073384;37728314,"Vip1 の IP7 が Pho81 による Pho80-Pho85 の阻害を促すとする報告（17412959 は Vip1 の名を要旨に出さず、28520786 は背景文、18073384 は解説）と、2023 年の 37728314（リン酸飢餓で 1-IP7・5-IP7・1,5-IP8 はすべて減り、1,5-IP8 が Pho81 を不活性化する）が食い違う。向きを決められない"
SSA2,HSF1,2026-10-04,11251812;24146635;27831465,出芽酵母で Ssa2 が Hsf1 を抑える明示の文がない。24146635 は分裂酵母、11251812 は SSA2 の過剰発現で熱ショック応答が抑えられないと報告。Hsp70 一般の文は SSA1 の行に使った
SPL2,PHO90,2026-10-04,21143198;19590579,19590579 は Spl2 と Pho90 SPX の結合を「suggest」とするのみ。21143198 では Pho90 の液胞への輸送は Spl2 に依存しない
PHO84,TPK1,2026-10-04,20133652;22587366;33394033,Pho84 はリン酸による PKA 経路の活性化を仲介するトランセプター（20133652）だが、どの Tpk に働くか・直接の標的が書かれていない
GIR2,GCN2,2026-10-04,19448108;33790014,Gir2 が Gcn1 と結合するとの報告（19448108）は読めたが、Gcn2 活性への向きを要旨で確認できなかった
TOR1,RRN3,2026-10-04,14595104;20421203,ラパマイシンで Pol I-Rrn3 複合体が減る（14595104）が、TOR1/TOR2 のどちらか・直接かが書かれていない。マーカー（RRN3 rapamycin down）として記録
VPS15,VPS34,2026-10-04,8387919;7721937,PI3K 複合体 I のサブユニットどうし（同じまとまりの中の関係）
ATG14,VPS34,2026-10-04,16421251,PI3K 複合体 I のサブユニットどうし（同じまとまりの中の関係）
ATG14,VPS30,2026-10-04,16421251,PI3K 複合体 I のサブユニットどうし（同じまとまりの中の関係）
ATG38,VPS34,2026-10-04,24165940,PI3K 複合体 I のサブユニットどうし（同じまとまりの中の関係）
ATG23,ATG9,2026-10-04,25385507,過剰発現では逆に Atg9 の輸送を妨げる（量比で効き方が逆）
ATG27,ATG9,2026-10-04,25557545;25385507,過剰発現では逆に Atg9 の輸送を妨げる（量比で効き方が逆）
ATG16,ATG5,2026-10-04,10406794;11689437,Atg12–Atg5–Atg16 複合体の中（同じまとまりの中の関係）
ATG17,ATG31,2026-10-04,17362880,Atg1 複合体の中（同じまとまりの中の関係）
ATG31,ATG17,2026-10-04,17362880;26753620;18287526,向きが場面で逆。試験管内では Atg31・Atg29 が Atg17 の Atg9 への結合を抑え（26753620）、生体内では Atg17-Atg31-Atg29 が三者複合体としてオートファジーに必要（18287526・17362880）
ATG29,ATG11,2026-10-04,23858448,Atg29 のリン酸化が Atg11 との結合と PAS の組み立てに必要とあるが、Atg11 の働きをどう変えるかは書かれていない
ATG29,ATG17,2026-10-04,26753620;18287526,ATG31 と同じ。試験管内では Atg17 の Atg9 結合を抑え、生体内では複合体として必要
ATG36,ATG11,2026-10-04,22643220;23559066,Atg36 は Atg8 と Atg11 に結合するとあるが、Atg11 の働きへの作用は書かれていない（Atg36 → Atg1 は A に入れた）
ATG19,ATG11,2026-10-04,17192412;26166702,Atg19 と Atg11 の結合は書かれているが、要旨・本文で Atg11 を活性化するとは述べていない（Atg19 → Atg1 は A に入れた）
ATG19,ATG8,2026-10-04,17192412,受容体と Atg8 の結合（積み荷をつなぐ）。Atg8 の働きへの向きは書かれていない
ATG39,ATG8,2026-10-04,26040717,Atg39・Atg40 は核・小胞体の受容体とあるが、要旨に Atg8・Atg11 との関係の向きの記述がない
ATG40,ATG8,2026-10-04,26040717,同上
VPS34,ATG24,2026-10-04,12048214,Atg24（Cvt13）・Atg20（Cvt20）の PX ドメインが PI3P に結合し PAS への局在に必要とあるが、Vps34 の名前はない
VPS34,ATG20,2026-10-04,12048214,同上
ATG19,ATG9,2026-10-04,25385507,Atg11・Atg19・Atg23・Atg27 が Atg9 を PAS に運ぶ最小の装置とあるが、Atg19 個別の作用の一文がない
ATG11,ATG17,2026-10-04,31356628,要旨に「Atg11 は Atg17 を呼び込んで非選択的への切り替えを調える」とあるが背景の記述で、本論文の実験ではない
YPT1,ATG23,2026-10-04,37635626,Ypt1 は Atg23 に結合し、その結合が Atg9 小胞の集合に要る。Atg23 の働きをどう変えるかは書かれていない（YPT1 → ATG9 は A に入れた）
GPA1,STE4,2026-10-04,8231812;24820415,G タンパク質の α と βγ（同じまとまりの中の関係）
RAS2,CDC42,2026-10-04,8643578;10233147,根拠は遺伝学的な上下関係だけ
UBC9,TEC1,2026-10-04,19826484,Ubc9 を Tec1 に融合した人工的な実験
STE5,STE7,2026-10-04,8062390;8052657;16463042;11071925,Ste5 が Ste7 を結合し Ste11 と束ねることは書かれているが、Ste5 が Ste7 自体の活性化を上げると明記した要旨はない（16463042 は Ste7 との結合の変異で Fus3 から Kss1 へ活性化が移る話）
CDC42,BNI1,2026-10-04,9082982;12810699,9082982 は Bni1 が Cdc42 の標的として働く「may」の推測のみ。12810699 は formin の活性化は Rho3・Rho4・Rho1 で、ケーブル形成に Cdc42 は要らないとする
FAR1,CDC24,2026-10-04,10087263;10655592;14988725;9822386,フェロモンでは Far1 が Cdc24 を Gβγ の場所へ運び活性化を助ける（14988725）が、増殖中は Far1 が Cdc24 を核に閉じ込め、分解されないと極性ができない（10655592）。状態で向きが逆
MSG5,KSS1,2026-10-04,22006927;19123063;10545444,Msg5 は Kss1 と結合するが、msg5 欠失で Kss1 のリン酸化は上がらない（19123063）。10545444 は過剰発現での結果のみ
MSB2,CDC42,2026-10-04,15256499;18591427,Msb2 と Cdc42 の相互作用は示されるが、Cdc42 の働きを上げることは「suggest」の推測にとどまる
BMH1,STE20,2026-10-04,9215628,14-3-3（Bmh1/2）は偽菌糸の MAPK 信号に必要で Ste20 と結合するが、Ste20 自体の活性への作用は書かれていない（BMH2 も同じ）
HOG1,KSS1,2026-10-04,19218425;9744864;10545444,HOG 経路の活性化で Kss1 はリン酸化される（19218425）。hog1 変異で交配経路への漏れが起きるが、Hog1 が抑える相手は Sho1 と推測（9744864）や Tec1（19218425）で、Kss1 自体ではない
RDI1,CDC42,2026-10-04,18417612,GDI 一般の働き（膜から引き抜き不活性に保つ）の記述のみで、Rdi1 が Cdc42 の働きを下げると明記していない
YCK1,STE2,2026-10-04,24820415;9548714;10866691,YCK2→STE2 と同じく、取り込み（信号を弱める）に要るが、受容体のリン酸化が走化性に要るという正の働きの報告（27072657、前回の調査）があり、向きが場面で分かれる
GRR1,STD1,2026-10-04,16400179,19720826 では Std1 の量はほぼ一定
SNF1,RGT1,2026-10-04,16528100,HXK2 プロモーターに限った話で、根拠の文は「Snf1 または Snf1 に依存するキナーゼ」
YCK2,MTH1,2026-10-04,14755054;15456873;20205947,Yck1/2 が Mth1 をリン酸化し Grr1 による分解へ向けるとする報告（14755054 は試験管内のリン酸化とモデル）があるが、20205947 は Mth1 の分解は核で起こり Yck1/2 とセンサーの直接の結合は要らないとする。YCK1→MTH1 と同じく食い違いで決めない
YCK1,STD1,2026-10-04,14755054;15456873,Yck1 は試験管内で Std1 をリン酸化し、その部位が HXT1 の制御に要る（14755054）が、Std1 の働きへの効果はモデル（「support a model」）にとどまる
YCK2,STD1,2026-10-04,14755054;15456873,Yck1/2 による Std1 のリン酸化は試験管内とモデルのみ。Std1 の分解・働きへの効果が明言されていない
RGT2,STD1,2026-10-04,16400179;19720826;10373505,16400179 は前書きでセンサーが Std1・Mth1 の働きを抑えるとするが、Std1 の分解がセンサーに依存するという実験の記述は要旨にない。19720826 は Std1 の量はグルコース濃度でほぼ変わらないとする。10373505 は Std1 が Rgt2 の C 末端に結合することのみ
SNF3,STD1,2026-10-04,16400179;19720826;10373505,RGT2→STD1 と同じ。Std1 は Snf3 の C 末端に結合する（10373505）が、Snf3 が Std1 を抑えるという実験の記述は要旨にない
RGT2,YCK1,2026-10-04,14755054;20205947,Yck1 は Rgt2 と結合し、Rgt2 の尾を Yck1 につなぐと信号が常に出る（14755054）が、20205947 は Akr1 を欠いて Yck1/2 が膜から離れても Mth1 の分解は損なわれず、センサーと Yck1/2 の直接の結合は要らないとする。食い違い
PPH3,MTH1,2026-10-04,24277933,Pph3-Psy2 は Mth1 を脱リン酸化し（Psy2 の EVH1 が Mth1 に直接結合）、PKA による Mth1 のリン酸化に拮抗するが、要旨は「Mth1 の働きを調節する（modulates）」で、Mth1 の働きを上げるか下げるかを明言しない。全文は PMC で読めなかった
SIR2,PCK1,2026-10-04,19303850,Sir2 は Pck1 を試験管内と体内で脱アセチル化するが、Pck1 の活性への効果は要旨に書かれていない（K514 のアセチル化が活性に必要という記述からの推論になる）
KAP60,HXK2,2026-10-04,22157003;23066030;37196001,22157003・23066030 は Kap60/Kap95 が Hxk2 の N 末端の NLS を介して核へ運ぶとするが、37196001 は Hxk2 の N 末端に NLS はなく、核に入るのはグルコース飢餓のときで、Hxk2 は転写の制御にほとんど関わらないとする。食い違い
XPO1,HXK2,2026-10-04,19525230;23066030;37196001,19525230 は Xpo1 が S14 リン酸化型 Hxk2 を核外へ運ぶとするが、37196001 は Hxk2 の局在の制御を別のものとし（Snf1・Mig1 は効かず Tda1 が効く）、Hxk2 の核での転写の働きを否定する。食い違い
TDA1,HXK2,2026-10-04,37196001,Tda1 は Hxk2 の S15 のリン酸化に要り、グルコース飢餓での Hxk2 の核への集積に必要（37196001 の本文）が、Hxk2 の働きを上げるか下げるかは書かれていない（単量体化・局在の変化のみ）。既存の SNF1→HXK2（抑える）とも食い違いうる
CYC8,MIG1,2026-10-04,7724528;7705659,Mig1 は Ssn6(Cyc8)-Tup1 を呼んで抑制し、その抑制には SSN6 が要る（7724528）が、ssn6 変異では Mig1 は強い活性化因子になり、7705659 は Cyc8-Tup1 が補助抑制因子であると同時に Mig1 の阻害因子でもあるとする。働きによって向きが逆になるので決めない
CYC8,RGT1,2026-10-04,15489524;23468525;24490134,Rgt1 は Ssn6-Tup1 を呼んで抑制する（24490134）が、23468525 は Mth1 がないと Ssn6-Tup1 が Rgt1 の DNA 結合を妨げるとする。向きが状況で逆になる
FYV10,FBP1,2026-10-04,22044534,Gid9/Fyv10 の RING 変異で「糖新生の 3 つの酵素」のポリユビキチン化と分解がなくなるとあるが、要旨の文に Fbp1 の名前が出ない。全文は PMC で読めなかった
DDC2,MEC1,2026-10-04,31369547,Ddc2 は Mec1 と常に組む相方（同じまとまりの中の関係）
SAE2,RAD53,2026-10-04,16374511;26584331,要旨に Rad53 の名がなく、別の論文の「Tel1- and Rad53-dependent」の書き方だけが根拠
HUG1,RNR2,2026-10-04,25378334,活性を抑えることは RNR が弱い状況での遺伝学の結果だけ
PTC2,RAD53,2026-10-04,12667463;17325030,Ptc2・Ptc3 が DSB のあとの適応と回復に要ることは確かだが、Rad53 の脱リン酸化・不活性化は「evidence suggests」（12667463）「probably dephosphorylate」（17325030）とぼかして書かれている。本文（PMC1899965）は取得できず要旨だけだった
PTC3,RAD53,2026-10-04,12667463,PTC2→RAD53 と同じ。Rad53 の不活性化は「evidence suggests」とぼかした書き方
PSY2,RAD53,2026-10-04,17517611,Pph3-Psy2 が Rad53 を脱リン酸化するとあるが、PPH3→RAD53 は論文の食い違いで searched_not_found に入っており、同じ問題がある
RAD53,CDC5,2026-10-04,10550056;17485442,Rad53 が Cdc5 を調節すると「示唆」（10550056）だけで、17485442 は Rad53 が Cdc5 によらず MEN を抑えるとして食い違う
MEC1,CHK1,2026-10-04,18984588;14709724;23593009,Mec1 のリン酸化部位は生体内のチェックポイントに欠かせないが、部位を失っても Chk1 のキナーゼ活性は試験管内で変わらない（18984588）。Mec1 が Chk1 を活性化すると明言した要旨を見つけられなかった
DUN1,CRT1,2026-10-04,9741624;31381575,DNA 損傷で Crt1 が過剰リン酸化され DNA から離れる（9741624）が、要旨に Dun1 の名がない。Crt1 をリン酸化するのは Mck1 とする論文（31381575、MCK1→CRT1 として A に入れた）もある
MEC1,DPB11,2026-10-04,19028869,Mec1 が Dpb11 をリン酸化して Dpb11 による Mec1-Ddc2 の活性化を強める（19028869）が試験管内だけ
MEC1,PDS1,2026-10-04,9405617,Pds1 のリン酸化が Mec1・Rad9 に依存する（9405617）だけで、Pds1 への作用は Chk1 による（CHK1→PDS1 は DB にある）
RAD53,EXO1,2026-10-04,18756267,Exo1 のリン酸化が Rad53 などに依存し、部位の変異から「リン酸化が活性を抑えることを示唆」（18756267）とだけ書かれる
WTM1,RNR2,2026-10-04,16452505;18851834,Wtm1 が Rnr2-Rnr4 を核につなぎ止める（16452505）が、RNR の活性を下げるとは要旨に書かれておらず推論になる
CDC28,RNR2,2026-10-04,29263158,Clb6-Cdc28 による Rnr2 のリン酸化が S 期の Rnr2-Rnr4 の細胞質への移動を引き起こすと「提案」（29263158）するだけ
CKB1,PTC2,2026-10-04,17325030,CK2 が Ptc2 T376 をリン酸化すると「strongly suggest」（17325030）で、試験管内の結合が中心
PAR32,TOR1,2026-10-04,30156471,根拠は遺伝学の結果だけ
ALY1,GAP1,2026-10-04,20739461;24942738,窒素飢餓では Aly1/Aly2 が Gap1 をエンドソームからゴルジへ戻して量を増やす（20739461）が、ストレスやラパマイシンでは Gap1 の分解を促す（24942738）。条件で向きが逆になる
ALY2,GAP1,2026-10-04,20739461;24942738,ALY1→GAP1 と同じ。条件で向きが逆
NPR1,ALY2,2026-10-04,20739461;35454122,Npr1 が Aly2 をリン酸化するが、Gap1 の輸送を促すのは「may」（20739461）。sit4Δ では Npr1 に依存して Aly が過剰リン酸化され不安定になる（35454122）。向きが定まらない
NPR1,ALY1,2026-10-04,35454122,sit4Δ のときだけ Npr1 に依存して不安定になると書かれ、通常の条件での作用は要旨にない
MEP2,TPK1,2026-10-04,16468990;18595314,Mep2 によるアンモニウムでの PKA の活性化は原著では「suggest」（16468990）、明言は総説（18595314）だけ。TPK2・TPK3 も同じ
RSP5,EAR1,2026-10-04,18367543,Ear1 は Rsp5 にユビキチン化され液胞へ送られるが、Ear1 の働きへの影響は書かれていない
NPR2,MEP2,2026-10-04,24476960,Npr1 と Npr2 が Mep2 の活性を制御するとあるが、Npr2 は TORC1 の上流で Npr1 を介した間接の効果。向きの明言がない
SNA3,TAT2,2026-10-04,19944104,Sna3 の過剰発現で Tat2 が安定になる（過剰発現だけ。Rsp5 の WW ドメインを Bul1 と取り合うと「suggest」）
LDB19,LYP1,2026-10-04,19912579,Art1 が Lyp1 を下げるとの記述は総説的な文（既報の引用）だけで、原著（18976803）の要旨に Lyp1 の名がない
TPK1,TOD6,2026-10-04,19901341;19901341,要旨で PKA の作用を受けるのは主に Dot6（Tod6 は TORC1 の側）
MAF1,BRF1,2026-10-04,15590667;15590667,結合は体内で確かめられているが、抑える作用の証拠は試験管内
TOR1,TIF4631,2026-10-04,9539725,論文は eIF4G と書くだけで Tif4631 と Tif4632 を区別しない
EAP1,CDC33,2026-10-04,10848587,結合は体内で確かめられているが、抑える作用の証拠は試験管内
TPK1,SFP1,2026-10-04,15466158;15353587,Sfp1 の核の濃度は Ras/PKA と TOR の経路で調節されるとあるが、PKA の向きが要旨に書かれていない（15466158）。本文は PMC で取得できなかった
PAB1,TIF4631,2026-10-04,9003792;9418852;9256432,Pab1 は eIF4G（Tif4631・Tif4632）の結合部位に結合し、poly(A) による翻訳の促進にこの結合が要るが、作用の証拠は試験管内の翻訳だけ。生体内は合成致死の遺伝学だけ
SUI2,GCD6,2026-10-04,9472020;8506384,リン酸化された eIF2（Sui2）は eIF2B の調節サブコンプレックス（Gcn3・Gcd7・Gcd2）に強く結合して交換を阻むが、リン酸化されていない eIF2 は基質。状態で向きが変わる
TOR1,KNS1,2026-10-04,22364741,ラパマイシンで Kns1 が過剰にリン酸化され核に集まり、TORC1 の下流で働くとあるが、TORC1 が Kns1 を抑えるとは明記されていない
PPH22,STB3,2026-10-04,20385783,PPH22 欠失で Stb3 過剰発現の表現型が戻る（遺伝学だけ）。Stb3 への直接の作用は書かれていない
GLC7,RPS6A,2026-10-04,26582391,TORC1 は Ypk3 と PP1（Glc7）を介して Rps6 のリン酸化を調節するが、Rps6 のリン酸化の働き自体が見つからなかった（翻訳に影響しない）
CDC33,TIF4631,2026-10-04,9372919,eIF4E の eIF4G への結合はキャップのない mRNA の翻訳を抑えるが、キャップ依存の翻訳には要る。mRNA の種類で向きが変わり、試験管内の結果が主
TOR1,TIF4632,2026-10-04,9539725,ラパマイシンで eIF4G が分解されるが、Tif4631・Tif4632 のどちらかが要旨に書かれていない（TOR1→TIF4631 として A に入れた）
CMP2,GCN2,2026-10-04,25002487,TORC2-Ypk1 がカルシニューリンを抑えて Gcn2 の活性化を可能にするとあるが、カルシニューリンが Gcn2 を抑えるとは明記されていない（CNA1 も同じ）
KSP1,TIF4631,2026-10-04,29438499,Ksp1 がグルコース飢餓で eIF4G をリン酸化し特定の mRNA の分解を調節するが、eIF4G の働きの向きは書かれていない
LIP1,LAG1,2026-10-04,15692566;39528796,セラミド合成酵素の中（同じまとまりの中の関係）
LIP1,LAC1,2026-10-04,15692566;39528796,セラミド合成酵素の中（同じまとまりの中の関係）
YPP1,STT4,2026-10-04,19075114,Stt4 の PI4K 複合体の中（同じまとまりの中の関係）
EFR3,STT4,2026-10-04,19075114,Stt4 の PI4K 複合体の中（同じまとまりの中の関係）
SPO7,NEM1,2026-10-04,37030502;39551141,Nem1-Spo7 複合体の中（同じまとまりの中の関係）
KEI1,AUR1,2026-10-04,19726565,IPC 合成酵素の中（同じまとまりの中の関係）
FRQ1,PIK1,2026-10-04,10559922;16365163,Pik1 と組む相手で、活性を高めるのは試験管内
VAC14,FAB1,2026-10-04,11889142;12062051,Fab1 複合体の中（同じまとまりの中の関係）
VAC7,FAB1,2026-10-04,12062051;16492811,Fab1 複合体の中（同じまとまりの中の関係）
ATG18,FAB1,2026-10-04,17699591,遺伝学による間接の関係
PAH1,CHO1,2026-10-04,28673963,発現の段階の間接の調節（信号の関係ではない）
ISC1,SIT4,2026-10-04,21707788;26477382,セラミドを介する間接の関係で遺伝学だけ
YPK2,ORM1,2026-10-04,22080611;25279700,Ypk1 が Orm1/2 を直接リン酸化することは示されているが、Ypk2 については「Ypk1（と Ypk2）」の背景の記述だけで、Ypk2 による Orm のリン酸化の直接の証拠は読んだ論文にない
YPK2,LAC1,2026-10-04,25279700,Ypk1 によるセラミド合成酵素のリン酸化の論文。Ypk2 は「Ypk1（とその相同体 Ypk2）」として背景に出るだけで、Ypk2 自身が Lac1/Lag1 をリン酸化する根拠はない
YCK1,MSS4,2026-10-04,39704566,Yck1/2 は Mss4 のリン酸化と局在に強く影響するが、どちら向き（細胞膜への局在を促すか妨げるか）かは本文でも仮説（Yck1/2 が局在を妨げる部位のリン酸化に関わるかもしれない）にとどまる
YCK2,MSS4,2026-10-04,39704566,YCK1 と同じ。Yck1/2 の阻害で Mss4 のリン酸化・局在が変わるが、働きを高めるか抑えるかは明記されていない
FIG4,FAB1,2026-10-04,16492811;11889142,"Fig4 は PI(3,5)P2 の 5-ホスファターゼで分解を担う一方、Vac14 と複合体をつくり合成にも働く（16492811）。Fab1 への作用の向きが一つに決まらない"
SCS2,SAC1,2026-10-04,21295699,Scs2/Scs22 が細胞膜の PI4P と Sac1 の活性を制御することは試験管内の再構成で示されたのみ。細胞内での向きの明記なし
MSS4,SLM1,2026-10-04,15689497,"Slm1/2 は PI(4,5)P2 に PH ドメインで結合するエフェクターだが、要旨に Mss4 との関係は書かれていない（全文は PMC になし）"
DGK1,CHO1,2026-10-04,28673963,dgk1Δ が pah1Δ での Cho1 の誘導を一部抑える、という遺伝学の記述のみ。転写の間接的な調節で、信号の関係として扱うか未決
WHI2,MSN2,2026-10-04,12090248,Msn2 を脱リン酸化する仕組みが「possibly」止まり
PSR1,MSN2,2026-10-04,12090248,Msn2 を脱リン酸化する仕組みが「possibly」止まり
HSP82,HSF1,2026-10-04,9668076,遺伝学だけで、要旨は「Hsp90」とまとめて書く
CPR7,HSF1,2026-10-04,9668076,遺伝学だけ
BMH1,MSN2,2026-10-04,15470255;19805817,Beck & Hall の論文（10604478）は Bmh2 だけを名指し。15470255 は 14-3-3 の機能を条件的に失っても Msn2 の局在は変わらないとし、矛盾する。19805817 は bmh1Δ でストレス応答が上がるが Msn2 への直接の作用は書かれていない
PSR2,MSN2,2026-10-04,12090248,psr1 psr2 二重変異の表現型だけで、Psr2 単独の働きは書かれていない
WHI2,PSR1,2026-10-04,12090248;40103213,Whi2 と Psr1 は two-hybrid・共沈で結合し、Whi2 が Psr1 を TORC1 へ連れてくるモデルだが、Whi2 が Psr1 の活性を上げる・下げるとは書かれていない
MSN5,MSN4,2026-10-04,11782433;15502160;15545648,Msn5 による核外輸送は Msn2 についての記述だけ（しかも既報の引用）。Msn4 は書かれていない
TOR1,YAK1,2026-10-04,14673167,TOR が Yak1 の細胞内局在を制御するとあるが、向き（核へ・細胞質へ）が要旨にない
TRX1,HYR1,2026-10-04,12437921,「Thioredoxin turns off the pathway by reducing both sensor and regulator」とあるが、Trx1・Trx2 のどちらかを名指ししていない
TRX2,HYR1,2026-10-04,12437921,同上。チオレドキシンとだけ書かれ、Trx1・Trx2 の区別がない
TRR1,TRX1,2026-10-04,15701801;12410842;30405153,Trr1 が細胞質のチオレドキシンを還元型に保つとは要旨に明記されていない
MCK1,RIM15,2026-10-04,26103122;28444510,Mck1 は Rim15 と並行して働くとされ、Rim15 の上流とは書かれていない
TPK1,HSF1,2026-10-04,18793336;26209979,PKA は Yak1 を介して Hsf1 を間接に抑える（18793336）。26209979 は触媒サブユニットごとに複雑で、モデルからの推定を含む
SIT4,ATP2,2026-10-04,29719209,結論の文が「suggest」
SIT4,PDC1,2026-10-04,23692511,根拠は「sit4Δ で活性が下がる」の一文だけで、仕組みも逆説的
VMA2,GTR1,2026-10-04,25002144;29570051;33064727;37792530,V-ATPase（サブユニットは要旨で特定されない）と Gtr1・TORC1 の関係が食い違う。V-ATPase が Gtr1 と結合して TORC1 を活性化するとする論文（25002144・33064727）と、V-ATPase の阻害でかえって Gtr 依存で TORC1 が活性化されるとする論文（29570051）がある。グルコースでは V-ATPase の再組み立てが Rag 非依存の経路に要るとも（37792530）
PTC2,ATG1,2026-10-04,30655342;31131308,Ptc2・Ptc3 は Atg1 も脱リン酸化しオートファジーを促すが、Atg1 のキナーゼ活性はカーゴ依存のリン酸化で上がり、Ptc2・Ptc3 はそれを打ち消すとも書かれ（31131308 本文）、Atg1 自体への作用の向きが決まらない（PTC3→ATG1 も同じ）
PTC3,ATG1,2026-10-04,30655342;31131308,PTC2→ATG1 と同じ理由
PPH21,NPR2,2026-10-04,23870128,メチル化された PP2A が Npr2 の脱リン酸化を促すが、脱リン酸化で Npr2 の働きが上がるか下がるかは要旨に書かれていない（PPH22→NPR2 も同じ）
SIT4,IKI3,2026-10-04,14718557;19656297,Elongator の働きに Sit4 による Elp1（IKI3）の脱リン酸化が要るが、リン酸化型と脱リン酸化型の釣り合いが崩れるとどちら向きでも Elongator が不活性になる（19656297）。向きが一つに決まらない
SCH9,ISC1,2026-10-04,24196832,Sch9 が Isc1 の活性に影響すると書かれるが、向きが要旨にない
SIT4,GCN2,2026-10-04,12654728,ラパマイシンによる Gcn2 Ser577 の脱リン酸化は TAP42 に依存するが、どの脱リン酸化酵素（Sit4 か PP2A か）かは要旨で特定されない。TAP42→GCN2 は DB にある
IGO1,PPH21,2026-10-04,23861665,リン酸化 Igo1 は試験管内で PP2A-Cdc55 を抑えるが、igo1 igo2 の欠失で PP2A 活性がかえって下がり、正の調節因子としても働く。向きが食い違う（標的は CDC55 を含む PP2A-Cdc55）
RRD2,PPH21,2026-10-04,15447631,Ypa2（Rrd2）は Pph21・Pph22 に結合し不活性な PP2A-Yme 複合体を再活性化するが、試験管内だけ
RSC1,KOG1,2026-10-04,26212438,rsc1Δ で Rho1-Kog1 の結合が損なわれ、TORC1 の不活性化が Rsc1 によると「possibly」とされるだけ
GTR1,LTV1,2026-10-04,28768685,Gtr1/Gtr2 が Ltv1 を介して TORC1 と無関係にエンドソームからのリサイクリングを制御するが、Ltv1 への作用の向きが書かれていない
SCH9,AMD1,2026-10-04,25921291,リン酸化プロテオミクスで Sch9 が Amd1 をリン酸化する候補とされるだけ
SDC25,RAS1,2026-10-04,8730097,Ras1 を個別に調べた実験がなく、要旨は「Ras」とまとめて書く
UBP3,RAS2,2026-10-04,23476013,要旨は「Ras」とまとめて書き、根拠は欠損株の表現型だけ
TPK1,GLC7,2026-10-04,22290422,遺伝学・相関に近い根拠だけ
TPK2,GLC7,2026-10-04,22290422,遺伝学・相関に近い根拠だけ
TPK3,GLC7,2026-10-04,22290422,遺伝学・相関に近い根拠だけ
TPK1,PDE2,2026-10-04,20059552,安定性・局在の根拠が相関に近い
TPK2,PDE2,2026-10-04,20059552,安定性・局在の根拠が相関に近い
TPK3,PDE2,2026-10-04,20059552,安定性・局在の根拠が相関に近い
BCY1,TPK3,2026-10-04,3037314;3036373;38865242,Bcy1 は PKA の調節サブユニットだが、38865242 は Tpk3 は Bcy1 の結合で調節されず熱ストレスで顆粒に隔離されるとする。Tpk3 への抑制は論文で食い違う
PKH1,TPK2,2026-10-04,22957732,Pkh は体内で Tpk の活性化ループをリン酸化するが、Pkh を止めても PKA の比活性は変わらず Bcy1 との結合が減るだけ。働きの向きを決められない
PKH1,TPK3,2026-10-04,22957732,Tpk3 の活性化ループは Pkh1 にほとんどリン酸化されない。Pkh を止めても PKA の比活性は変わらない
MCK1,BCY1,2026-10-04,12704202,Mck1 は Bcy1 の過剰リン酸化の一部を担うが、Bcy1 のリン酸化は PKA の典型的な働きを変えない（局在だけ）。向きを決められない
SNF1,RDS2,2026-10-04,17875938;19686338,Rds2 の活性化は Snf1 による過剰リン酸化と「相関する」とだけ要旨にある。本文は取得できなかった
UBP3,IRA2,2026-10-04,23476013,Ubp3 は Ira2 と結合しユビキチン化を調節するが、Ira2 の量・働きへの向きは要旨に書かれていない（「suggest」）。本文は取得できなかった
SNF1,REG1,2026-10-04,28265048,Snf1 の部位が Reg1 の働きを「調節する」とだけ要旨にあり向きがない。本文は取得できなかった（10648618 は既に searched_not_found）
BMH1,SNF1,2026-10-04,27001512,Bmh1 を増やすと reg1 欠損でも Glc7 が Snf1 を脱リン酸化できる。過剰発現だけの結果で、Bmh の欠損での作用は調べられていない（bmh1 bmh2 は致死）
SIP5,STD1,2026-10-04,29249654,Sip5 のリン酸化で Std1 との結合が外れて Std1 が凝集するが、Std1 の働き（Snf1 の活性化）への向きが要旨にない
SNF1,ROG3,2026-10-04,25547292;27261460,「Genetic analysis suggests」で Snf1 が Rod1・Rog3 を負に調節するとするだけ。27261460 は結合のみ
TPK1,GPH1,2026-10-04,2657401,グリコーゲンホスホリラーゼは cAMP によるリン酸化で調節されるとあるが、向きと PKA の直接性が書かれていない
XPO1,GAL83,2026-10-04,17071825,Gal83 の N 末端の核外移行シグナルは Crm1（Xpo1）に依存して核から出るが、Snf1 の働きへの向きは書かれていない
YAK1,MSN4,2026-10-04,18793336;24140345,Yak1 が活性化するのは Hsf1 と Msn2（試験管内でリン酸化）で、Msn4 は書かれていない
TPK1,TPS3,2026-10-04,24380875,Tps3 は PKA にリン酸化されて Tps2 の活性を下げる必要があると「suggest」の書き方。PKA が直接リン酸化する実験は要旨にない
SCH9,BCY1,2026-10-04,22428880,Sch9 は Zds1 を介して Bcy1 の局在を、Yak1 を介してリン酸化を調節すると「suggested」。PKA の働きへの向きはない
NCE102,PKH1,2026-10-04,19564405,要旨は「Pkh の信号を抑える」とまとめて書き、Pkh1・Pkh2 を区別せず直接かも不明
NCE102,PKH2,2026-10-04,19564405,要旨は「Pkh の信号を抑える」とまとめて書き、Pkh1・Pkh2 を区別せず直接かも不明
CNA1,VCX1,2026-10-04,8628289,遺伝学だけで、仕組みも推定の書き方
RCK2,EFT2,2026-10-04,11344302,Hog1 が Rck2 を活性化し Rck2 が eEF2 を修飾することは書かれるが、eEF2 の働きを抑えるとは書かれていない（タンパク合成の抑制とだけ）。EFT1/EFT2 の区別もない
ZEO1,MID2,2026-10-04,12949174,Zeo1 は Mid2 の細胞質部分と結合し、zeo1 欠損で Mid2 に依存して Mpk1 がリン酸化される。Mid2 の働きへの作用は「appear to play reciprocal roles」とあるだけ
RHO1,SKN7,2026-10-04,9535835,Rho1 と Skn7 の結合（two-hybrid・試験管内）のみ。Skn7 の働きへの作用は書かれていない
KNR4,SLT2,2026-10-04,12823808,Knr4 は Slt2 と結合し、欠損で Rlm1 への信号は下がるが SBF は逆に上がる。Slt2 への作用の向きが標的で逆
MTL1,ROM2,2026-10-04,20388713;21331237;15637049,Mtl1 は酸化ストレス・グルコース飢餓で CWI 経路の活性化に要るが、Rom2/Rho1 を介すると「propose」とあるだけ。21331237 は要約的な記事
WSC2,ROM2,2026-10-04,11589572;10348843,WSC2 は遺伝学的に Mpk1 経路の上流とされるが、Rom2 との結合や Rom2 への作用を示す要旨は見つからない
WSC3,ROM2,2026-10-04,11589572,同上（WSC3 と Rom2 の関係を示す要旨は見つからない）
SLT2,PIL1,2026-10-04,23221999,Pkc1 による Pil1・Lsp1 のリン酸化は Slt2 の MAPK モジュールを介するとあるだけで、Pil1 への作用は書かれていない
RTS1,TOR2,2026-10-04,29290562,PP2A-Rts1 は TORC2 の信号を制御するフィードバックに入っていると書くが、向きは要旨にない
ELM1,YPK1,2026-10-04,29986907,Elm1-Gin4/Hsl1 が TORC2 の信号を調節するとあるが、向きは要旨にない
YPK1,CCH1,2026-10-04,12754197,DB に向き none でのみある。Ypk1 と Cch1 の関係を示す一次論文は見つからなかった
MSS4,TOR2,2026-10-04,30969890,"PI(4,5)P2 の除去で TORC2 の活性が下がるとあるが、Mss4 の名は要旨にない（MSS4→SLM1 も以前に未決）"
KCS1,PHO81,2026-10-04,15866881,欠失株の遺伝学だけで、イノシトールピロリン酸のモデルは論文どうしで割れる（VIP1 → PHO81 と同じ扱い）
PLC1,PHO81,2026-10-04,15866881,欠失株の遺伝学だけ（VIP1 → PHO81 と同じ扱い）
ARG82,PHO81,2026-10-04,15866881,欠失株の遺伝学だけ（VIP1 → PHO81 と同じ扱い）
GCN3,GCN4,2026-10-04,2249755;3062370,飢餓でないときは逆に働くこともあると論文自身が書く
SSN3,SKN7,2026-10-04,31506296,分解を防ぐという遺伝学だけで、直接か分からない
OPI1,SIN3,2026-10-04,21104417,補助抑制因子の呼び込みを促進と読めるかが分かれる
OPI1,CYC8,2026-10-04,21104417,補助抑制因子の呼び込みを促進と読めるかが分かれる
HSC82,GCN2,2026-10-04,10567567,Hsp90 の変異株で GCN4-lacZ が常に発現する一方、G170D 変異では Gcn2 の量と活性が失われ、向きが割れる。要旨は Hsp90（HSP82/HSC82）をまとめて書く
YEF3,GCN2,2026-10-04,22888004,eEF3 の過剰発現で eIF2α のリン酸化が下がるが、根拠は過剰発現だけ（必須遺伝子で欠損の結果なし）。Yih1 と同じ扱い
PHO85,OPI1,2026-10-04,27743455,Pho85 は Opi1 に結合し、pho85Δ で高リン酸での発現が下がるが、Pho85 が Opi1 を弱めるという部分は「postulate」の推測
TPK1,PHO84,2026-10-04,19348508,PKA 活性が低いと Pho84 のエンドサイトーシスが遅れるが、PKA による Pho84 のリン酸化・分解は「suggest」。どの Tpk かも書かれていない
SSA1,SKN7,2026-10-04,26209979,Ssa1/Ssa2 が Hsf1/Skn7 の抑制因子とするのは計算モデルからの予測と遺伝学で、Skn7 を単独で示していない
DOT6,RPD3,2026-10-04,21730963,Stb3・Dot6・Tod6 の脱リン酸化で RPD3L が呼び込まれるとまとめて書くだけで、個々の結合は要旨にない
UBP3,HAC1,2026-10-04,40038285;33184379,Grr1 による Ubp3 の分解が HAC1i の翻訳に要るとあるが、Ubp3 が HAC1 を抑えるという直接の文はない（GRR1→HAC1・GRR1⊣UBP3 として記録）
RPP0,GCN2,2026-10-04,37043534,P stalk（P1/P2 の二量体）はリボソームの停滞による活性化には要るが、アミノ酸飢餓では要らない。どの遺伝子か（RPP1A/B・RPP2A/B）も重複していて決められない
RPS10A,GCN2,2026-10-04,25437641,rps10AΔ で eIF2α のリン酸化が下がるが「suggesting」とする推測
FCP1,SKN7,2026-10-04,31506296,fcp1 変異で Skn7 の mRNA・タンパク質が減るが、転写を介した間接の効果で信号の関係とはいえない
ATG8,ATG4,2026-10-04,28330855,Atg8 は Atg4 の基質でもあり、呼び込みを促進と読めるかが分かれる
HOG1,ATG32,2026-10-04,21757540;21576396;22024747,Hog1・Pbs2 が Atg32 のリン酸化とマイトファジーに「関係する」とあるだけで、Atg32 を直接リン酸化するキナーゼは CK2（CKA1 → ATG32 は登録済み）。Hog1 の Atg32 への作用は書かれていない
PBS2,ATG32,2026-10-04,21757540,HOG1 → ATG32 と同じ（「関係する」だけ）
SIN3,ATG32,2026-10-04,24838945,Tor と Sin3-Rpd3 による ATG32 の発現の抑制は Pichia pastoris の PpAtg32 での結果で、出芽酵母ではない
RPD3,ATG32,2026-10-04,24838945,SIN3 → ATG32 と同じ（Pichia pastoris の結果）
FAR8,ATG32,2026-10-04,33317697;29925000,Far 複合体は Ppg1 と協同で Atg32 を脱リン酸化し、Far8 を Atg32 に人為的につなぐとマイトファジーが止まるが、脱リン酸化するのは Ppg1（PPG1 → ATG32 を A に入れた）。Far の各サブユニットの作用は分けて書かれていない
CTR9,ATG32,2026-10-04,31525119,Paf1 複合体として ATG32 の発現を抑える（PAF1 → ATG32 を A に入れた）。複合体の一員として同じ扱いにするか判断が要る
SIN3,ATG8,2026-10-04,22733735;22960621,Ume6-Sin3-Rpd3 の共抑制因子（UME6 → ATG8 を A に入れた）。DNA に結合する因子でないので別行にするか判断が要る
RPD3,ATG8,2026-10-04,22733735;22960621,SIN3 → ATG8 と同じ
KSP1,ATG13,2026-10-04,22447937,ksp1 欠失で Atg13 の脱リン酸化が進むが、TORC1 経路を介すると「示唆」されるだけで間接（KSP1 → TOR1 も見つからない扱い）
ATG41,ATG9,2026-10-04,26565778,Atg41 は Atg9 に結合し局在も似るが、Atg9 の働きをどう変えるかは要旨に書かれていない
YPT1,VPS34,2026-10-04,40775526,Ypt1 が PI3K 複合体 I を活性化して PI3P 合成を高めると本文にあるが「suggest」で、要旨は PI3P 合成としか書かず Vps34 の名がない（YPT1 → ATG18・ATG21 は A に入れた）
LST1,ATG40,2026-10-04,31273116,Atg40 の発現の上昇が Lst1-Sec23 との結合を誘導し、両者は同じ経路で働くとあるが、どちらがどちらの働きを変えるかの向きが決まらない
TOR1,ATG29,2026-10-04,31553916,Atg29 は TORC1 と Atg1 の共通の標的とされるが、TORC1 によるリン酸化の作用（向き）が要旨に書かれていない。本文は PMC になし
ATG36,DNM1,2026-10-04,24451165,Dnm1・Vps1 は Atg11 と Atg36 との結合で呼び込まれるとあるが、Atg36 との結合の寄与が要旨では Atg11 と分けて書かれていない（本文は PMC になし）
ATG36,VPS1,2026-10-04,24451165,ATG36 → DNM1 と同じ
ATG32,ATG8,2026-10-04,23559066,Atg32 の Atg8 結合はリン酸化で調節されるとあるが、受容体と Atg8 の結合（積み荷をつなぐ）で Atg8 の働きへの向きは書かれていない（ATG19 → ATG8 と同じ扱い）
ATG1,ATG23,2026-10-04,42477132;42714027,Atg1 による Atg9 のリン酸化が Atg23 を Atg9 小胞から外し Atg2 の呼び込みを可能にする。Atg23 そのものへの作用ではなく、Atg9 を介する間接の関係
BMH1,ATG11,2026-10-04,38980288;39104123,Rck2 にリン酸化された Atg11 が Snf1 と結合した Bmh1/2 と結合し Snf1 を PAS に呼ぶ。Bmh1/2 が Atg11 の働きをどう変えるかでなく Snf1 の呼び込みの仲立ちで、向きを決められない（RCK2 → ATG11・SNF1 → ATG1 は登録済み）
SEC24,ATG9,2026-10-04,27855785,Hrr25 による Sec24 のリン酸化が Sec24 と Atg9 の C 末端の結合を調節しオートファゴソームの数を調節するとあるが、Atg9 の働きへの向きが要旨に書かれていない
AFR1,STE2,2026-10-04,9504911;8413281,根拠は主に過剰発現の結果
MSN5,FAR1,2026-10-04,10485850;11080155,核外輸送は極性の働きには効くが、細胞周期を止めるのは核内の Far1 で向きが分かれる
PTC1,STE5,2026-10-04,20400943,Fus3 と Ptc1 が Ste5 の 4 か所のリン酸化をめぐって競い、Fus3 の Ste5 からの解離をスイッチ状にする。Ptc1 の脱リン酸化が Ste5 自体の働きを上げるか下げるかの明記はない
BEM1,STE5,2026-10-04,8754808;7502048,Bem1 は Ste5 と結合し、Bem1 は Fus3 の活性を高めるが、Ste5 自体への効果は書かれていない（Bem1→Fus3 は既にある）
STE11,STE5,2026-10-04,9638643;12808050,Ste11 は Ste5 を安定化し細胞質に保つが、Ste5-Ste11-Ste7-Fus3 は同じまとまり（足場複合体）の中の関係
TEC1,STE12,2026-10-04,16782869;20118212;18682702,Tec1-Ste12(-Dig1) は同じ複合体の中の関係（Tec1-Ste12 の組で Tec1 が安定化する、Tec1 が Ste12 を TCS につなぐ）
STE4,STE18,2026-10-04,10523659,Gβγ（Ste4-Ste18）は同じまとまりの中の関係
DIG1,FUS3,2026-10-04,17963515,dig1・dig2 欠失でリン酸化 Fus3 の核への蓄積が減るが、核に保つことは「suggests」の推測にとどまる
DIG2,FUS3,2026-10-04,17963515,DIG1 と同じ。核内保持は推測にとどまる
RSP5,GPA1,2026-10-04,19176477;24722989,Rsp5 は Gpa1 をモノユビキチン化して液胞へ運ぶ。24722989 では Gpa1 のエンドサイトーシスは脱感作ではなく持続的な形態形成に要るとし、Gpa1 の働きへの向きが決まらない
CDC37,KSS1,2026-10-04,17451450,Kss1 は Cdc37 と物理的に結合し、cdc37 hog1 で糸状成長経路の活性が下がるが、Kss1 自体の活性への効果の明記がない
AKR1,STE2,2026-10-04,9243510;10866691,akr1 欠失で Ste2 のリガンド依存のエンドサイトーシスができないが、Ste2 の働き（信号）への効果の明記がない。Yck1/2 の局在を介する間接的な関係
MSA1,TEC1,2026-10-04,24732795,Msa1/2 は Tec1-Ste12 の共役活性化因子として働く「ようだ（seem）」にとどまる
SIT4,TEC1,2026-10-04,21840851,TORC1 は Tip41-Tap42-Sit4 枝を通して Tec1 の安定性を制御するが、Sit4 が Tec1 を安定化するか不安定化するかの向きが要旨にない
PTP1,FUS3,2026-10-04,25736922,Ptp1 は Fus3 と物理的に結合し、ptp1 欠失で信号が上がるが、Fus3 を負に制御することは「suggesting」の推測にとどまる
MRS6,KSS1,2026-10-04,33335117,MRS6 の過剰発現で Kss1 のリン酸化が上がるのみ（過剰発現スクリーン）。Mrs6 は Ste20・Ste7 と two-hybrid で結合
FUS3,MSG5,2026-10-04,8306972;28581003;22006927,Fus3 による Msg5 のリン酸化は数理モデルの論文（28581003）で触れられるのみ。リン酸化が Msg5 の働きに与える効果を書いた原著の要旨が見つからなかった
FUS3,PTP3,2026-10-04,28581003;9224718;10557209,Fus3 による Ptp3 のリン酸化は数理モデルの論文の記述のみで、原著の要旨に効果の記述がない
KSS1,STE7,2026-10-04,22875986,MAPK による Ste7 のフィードバックのリン酸化が Kss1 の活性化を弱めるが、どの MAPK（Fus3 か Kss1 か）かが要旨にない（FUS3→STE7 は既にある）
VID30,HXT3,2026-10-04,23227176,GID 複合体のサブユニットで複合体全体の結果だけ（RMD5 → PCK1 と同じ扱い）。論文自身が間接かもしれないと書く
RMD5,HXT3,2026-10-04,23227176,GID 複合体のサブユニットで複合体全体の結果だけ（RMD5 → PCK1 と同じ扱い）。論文自身が間接かもしれないと書く
VID28,HXT3,2026-10-04,23227176,GID 複合体のサブユニットで複合体全体の結果だけ（RMD5 → PCK1 と同じ扱い）。論文自身が間接かもしれないと書く
VID30,HXT7,2026-10-04,17986252,GID 複合体のサブユニットで複合体全体の結果だけ（RMD5 → PCK1 と同じ扱い）。論文自身が間接かもしれないと書く
RMD5,HXT7,2026-10-04,17986252,GID 複合体のサブユニットで複合体全体の結果だけ（RMD5 → PCK1 と同じ扱い）。論文自身が間接かもしれないと書く
VID28,HXT7,2026-10-04,17986252,GID 複合体のサブユニットで複合体全体の結果だけ（RMD5 → PCK1 と同じ扱い）。論文自身が間接かもしれないと書く
HXK2,RAS2,2026-10-04,15339905,グルコースのリン酸化という代謝を介した間接の関係
HXK1,RAS2,2026-10-04,15339905,グルコースのリン酸化という代謝を介した間接の関係
GLK1,RAS2,2026-10-04,15339905,グルコースのリン酸化という代謝を介した間接の関係
TPK1,MTH1,2026-10-04,24277933,PKA は試験管内で Mth1 をリン酸化し、推定 PKA 部位が体内の Mth1 の働きを調節するとあるが、要旨には Mth1 の働きへの向きがない（本文は PMC で取得できず）。TPK2・TPK3 も同じ
PSY2,MTH1,2026-10-04,24277933,Pph3-Psy2 は Psy2 の EVH1 ドメインで Mth1 に結合し脱リン酸化し「Mth1 の働きを調節する」とだけあり、向きが書かれていない（PPH3→MTH1 は既に searched_not_found）
GPA2,RAS2,2026-10-04,15339905,gpr1Δ・gpa2Δ で Ras2 の GTP 結合型が増えるが、著者は直接か間接かの相互作用「かもしれない」とするだけ（GPR1→RAS2 は既に searched_not_found）
CSR2,HXT3,2026-10-04,23227176;28468835,23227176 は art8Δ で Hxt3 の分解が遅れるとするが、28468835 は Csr2 が中〜高親和性の Hxt2・4・6・7 を選んで制御するとし、食い違う
GID12,VID24,2026-10-04,35650207,Gid12 は Gid4 を足場に閉じ込め Fbp1・Mdh2 のユビキチン化を立体的に妨げるが、構造と試験管内の実験だけで体内での効果が要旨にない
UBP14,FBP1,2026-10-04,12686616;17010312,Ubp14 の影響は「明らかにした」とあるだけで向きが要旨にない。17010312 は Ubp14 の欠損による分解阻害は基質による、と一般論
TDA1,HXK1,2026-10-04,36302925,Tda1 は Hxk1 の S15 のリン酸化に必須だが、Hxk1 の働きへの効果は書かれていない（TDA1→HXK2 は既に searched_not_found）
REG1,HXK2,2026-10-04,23066030;37196001,Glc7-Reg1 に依存して Hxk2 の S14 が脱リン酸化され核に留まる（23066030）が、37196001 は Hxk2 はグルコースがあると核から除かれ、Snf1・Mig1 は局在にほとんど関わらないとし食い違う
MIG1,HXK2,2026-10-04,17178716;37196001,Mig1 の S311 が Hxk2 との結合に要り、Mig1 が Hxk2 の核での存在を助けるとされる（17178716）が、37196001 は Mig1 は Hxk2 の局在にほとんど影響しないとし食い違う
RMD5,PCK1,2026-10-04,18508925,Pck1 の分解は「Gid 複合体に依存する」とあるだけで、Gid2/Rmd5 そのものの欠損で調べたとは書かれていない
TPK1,HXT1,2026-10-04,24821015,PKA が Hxt1 の分解を防ぐという結論は Ras2 Val19 と bcy1Δ だけからで、TPK を直接操作した実験がない（RAS2・BCY1 の行を A に入れた）
TOF1,RAD53,2026-10-04,11156979;19819872,根拠は遺伝学（tof1 rad9）と別の論文の背景の一文
CSM3,RAD53,2026-10-04,19819872,根拠は背景の一文だけ
RAD53,POL30,2026-10-04,35778827,PCNA を外すことを抑制と読めるかが分かれる
CDC5,RAD9,2026-10-04,20098491,根拠は Cdc5 の過剰発現の実験だけ
RAD53,MLP1,2026-10-04,21784245,Rad53 が Mlp1 のリン酸化で gene gating を抑えるのは「hypothesis」（本文）で、要旨は「checkpoint kinases」とだけ書く。リン酸化を模した Mlp1 変異が欠陥を和らげるが、Rad53 の直接の作用は示されない
TOF1,MRC1,2026-10-04,19819872;25379053,同じまとまり（Mrc1-Tof1-Csm3 の複合体）の中の関係。Tof1-Csm3 が Mrc1 のフォーク・クロマチンへの結合に要る
CSM3,MRC1,2026-10-04,19819872;25379053,同じまとまり（Mrc1-Tof1-Csm3 の複合体）の中の関係
CDC55,MIH1,2026-10-04,18316413,PP2A-Cdc55 が Mih1 を脱リン酸化するが、本文は PP2A-Cdc55 が Mih1 の活性化と Swe1 の抑制のどちらで働くか区別できないとし、リン酸化の型ごとの活性も結論できないとする
SLX4,DPB11,2026-10-04,20670896;26113155,Slx4 は Dpb11 に結合し止まったフォークの後ろへ呼び込むが、同時に Rad9-Dpb11 の結合と取り合う（23160493）ので、Dpb11 の働きを上げるか下げるか決められない
SLX4,MEC1,2026-10-04,26113155;23160493,26113155 は Slx4 の複合体が Mec1 の十分な活性に要るとするが、23160493 は slx4Δ でも Mec1 の活性化は正常とし、食い違う
PPH3,MEC1,2026-10-04,25533186,PP4（Pph3-Psy2）は Ddc2 を介して Mec1 と結合し Mec1 の標的の多くを調節するが、Mec1 自身の活性への向きは書かれない
RAD9,EXO1,2026-10-04,15020465,Rad9 は ssDNA の生成を抑え、Exo1 は Mec1/Rad53 の経路の標的に「appears」とぼかした書き方。Rad9 が Exo1 に直接働くとは書かれない
CDC5,LCD1,2026-10-04,20098491,LCD1 = Ddc2。Cdc5 の過剰発現で Ddc2 のリン酸化が妨げられるが、Ddc2 のリン酸化の働きは書かれない
RAD53,CDC5,2026-10-04,19853567;36342193;24130507,searched_not_found にある組（再検討の材料）。19853567 は「Rad53 に依存するリン酸化で polo キナーゼが抑えられ、Cdh1 を不活性化できなくなる」とする、36342193 はテロメアの損傷で Cdc5 の量が Mec1・Rad53・Ndd1 に依存して下がるとする。17485442 の食い違いが残るので入れない
PPH3,RAD53,2026-10-04,31544936,searched_not_found にある組（再検討の材料）。31544936 は PP4 が DSB の修復中の Rad53 の過剰リン酸化を防ぎ、PP4 による Rad53 の脱リン酸化が削り込みを進めるとする。18441009 との食い違いが残る
RAD53,RFX1,2026-10-04,31381575,DB では effect なし。Rad53 は Dun1・Mck1 を介して Crt1 を抑える間接の関係で、Rad53 が Crt1 に直接働くとは書かれない（DUN1⊣RFX1 を A に入れた）
SAE2,TEL1,2026-10-04,30510002;26584331,Sae2 は Tel1-Rad53 のチェックポイントを弱め、他の Tel1 の基質と競合するとあるが、Tel1 のキナーゼ活性そのものへの作用は書かれない
DUN1,RAD53,2026-10-04,33600490,Dun1 が Rad53 による後期起点の抑制に対抗するのは H3K56 が過剰にアセチル化された細胞での話で、Rad53 の活性への向きは書かれない
GCN4,GLN3,2026-10-04,28007891,転写因子で、Gln3 の核移行に要るという遺伝学の結果だけ（作用の仕組みが転写を介する間接かもしれない）
NPR1,GLN3,2026-10-04,16864577;18166280,npr1Δ での Gln3 の核移行はアンモニアのときだけで、著者は間接の作用と結論（16864577）。Siw14 と協同とする論文（18166280）は核移行が npr1Δ で消えると逆向きにも読め、向きが決められない
SNF1,GAT1,2026-10-04,16487345,炭素飢餓で Gat1 が Snf1 に依存して高リン酸化されるとあるだけで、Gat1 の働きへの作用は書かれていない
MKS1,GLN3,2026-10-04,11923302,Mks1 は NCR に感受性の DAL5・GAP1 の発現に影響しないと報告（関係なし）
TOR1,ALY1,2026-10-04,35454122,TORC1・Sit4・Npr1 が Aly1/Aly2 のリン酸化と安定性を調節するとあるが、TORC1 の作用の向きは要旨にない
TOR1,ALY2,2026-10-04,35454122,TOR1→ALY1 と同じ
RSP5,SNA3,2026-10-04,17645729,Rsp5 が Sna3 を K63 型にポリユビキチン化し多胞体への選別に要るが、Sna3 の働き（積荷）への作用として促進・抑制を決められない
SHR3,TAT2,2026-10-04,10564255;17325204,shr3 で 18 個のアミノ酸パーミアーゼすべてが小胞体に留まるとの記述はあるが、Tat2 を名指しした文は読んだ要旨にない
ECM21,TAT2,2026-10-04,19912579,Art2/Ecm21 の Tat2 などへの「追加の役割」とあるだけで、どの輸送体かは要旨で特定できない
TOM1,TOD6,2026-10-04,35310337,本文に、リン酸化部位の変異体が Tom1 に依存せず分解されるという食い違いがあり、「contributes」止まり
MSN5,MAF1,2026-10-04,18445601,Msn5 は Maf1 に結合して核外へ運ぶが、msn5Δ でも Maf1 のリン酸化と Pol III の調節は正常と書かれ、Maf1 の働きへの向きは決められない
KNS1,MAF1,2026-10-04,22364741,Kns1 と Mck1 が働くのは Rpc53 で、Maf1 をリン酸化するとは書かれていない（Maf1 の脱リン酸化と並行に Pol III を抑える）
MCK1,MAF1,2026-10-04,22364741,KNS1 → MAF1 と同じ
TEF1,GCN2,2026-10-04,21849502,eEF1A は Gcn2 の C 末端に結合し、飢餓でその結合が弱まるが、Gcn2 の働きを抑えるのは試験管内だけで「suggesting」の推測。TEF1 と TEF2 は同じタンパク質で遺伝子も決められない
PAT1,DCP2,2026-10-04,31690658;24830408,Pat1 が Dcp2 の C 末端に結合して自己抑制を外し脱キャップを活性化するのは再構成系（試験管内）だけ。PMC の本文も取れなかった
RRP7,IFH1,2026-10-04,17452446,Rrp7 は CURI 複合体の一員で、欠乏で RP mRNA が増えるが、Ifh1 への作用の向きは書かれていない
CCR4,RPA190,2026-10-04,25815716,Ccr4-Not は栄養のある条件で Rrn3 との相互作用を通じて Pol I の開始を抑える一方、Pol I の伸長を促すとあり、段階で向きが変わる
CDC14,RPA43,2026-10-04,19158678,Cdc14 は Rpa43 の脱リン酸化を促すが、Rpa43 の C 末端（リン酸化部位の多い領域）を除いても転写の抑制は残り、Rpa43 への向きは決められない（CDC14 → RPA190 は採用）
RPA190,UTP22,2026-10-04,27818142,Pol I の活性が Utp22 による Ifh1 の引き離しを抑えるとする「evidence を示し propose」する段階
SCD6,DHH1,2026-10-04,30532217,Scd6 が Dhh1 を呼んで翻訳を抑えるとするのは「suggest」で、つないだレポーターの実験が主
EAP1,GCN4,2026-10-04,15848184,TOR を止めたとき Eap1 が GCN4 の翻訳を弱めるのは「likely」と推測。転写ではないが向きを決める根拠が弱い
AVO3,TOR2,2026-10-04,16002396;30969890,同じ複合体（TORC2）の中のサブユニットの関係は取り込まない
AVO1,TOR2,2026-10-04,16002396,同じ複合体（TORC2）の中のサブユニットの関係は取り込まない
AVO2,TOR2,2026-10-04,30478248,同じ複合体（TORC2）の中のサブユニットの関係は取り込まない
TOR1,NEM1,2026-10-04,25117580;30201264,25117580 はリン酸化状態の調節だけ。向きは 30201264 の先行研究をまとめた一文に頼っている
TPK1,NEM1,2026-10-04,30201607;31501244,PKA は Nem1（S140・S210）と Spo7（S28）をリン酸化し、リン酸化できない変異でリン脂質合成が下がり TAG 合成が上がる、とあるが、Nem1-Spo7 の活性そのものへの向きは要旨に書かれていない（本文は PMC で読めず）。PKA 一般で Tpk1 に限らない
VPS74,SAC1,2026-10-04,22553352;25113029,Vps74 は Sac1 の触媒ドメインに直接結合し、境界を壊すと PI4P がゴルジに広がる。ただし Vps74 が Sac1 の働きを導くというのは「suggesting」の推測で、Sac1 の活性への向きが明記されていない
ISC1,CDC55,2026-10-04,32205408,PP2A-Cdc55（セラミドで活性化されるホスファターゼ）が Isc1 の下流で働くとあるが、Isc1 が Cdc55 を活性化・抑制するかは要旨に書かれていない
ISC1,SIT4,2026-10-04,26477382,既に searched_not_found にある組。Sit4 が Isc1 の下流でセラミド依存に働くとあるが、isc1Δ で Sit4 の働きが強まる表現型の抑制で、向き（Isc1 が Sit4 を抑えるのか）は明記されない（参考に再確認）
MCK1,CNA1,2026-10-04,14701880,Rcn1 は量によってカルシニューリンを強めも弱めもする（状態で向きが逆になる）
SKN7,HSF1,2026-10-04,10888672,Skn7 と Hsf1 は結合し、酸化ストレスで熱ショック遺伝子の誘導に協同する（cooperate）とあるが、Skn7 が Hsf1 の活性を上げるとは書かれていない
YBP1,HYR1,2026-10-04,12743123;21844193,Ybp1 は Yap1 に結合し Gpx3 と同じ経路で Yap1 の酸化に働くが、Ybp1 が Gpx3（HYR1）に作用するとは書かれていない
MCK1,CRZ1,2026-10-04,14701880,Mck1 が Crz1 をリン酸化して働きを変えるという原著が見つからない。14701880 は Rcn1 を介してカルシニューリンを強める話（MCK1→CNA1 として A に入れた）
SNF1,MSN4,2026-10-04,28760824;20002498,Snf1 が Msn4 を直接制御する原著が見つからない。28760824 の「The Snf1 complex is known to activate ... Msn2 and Msn4」は背景としての一文（引用元の原著なし）で、本文は CCC1 の転写。20002498 は GPX1 の転写
SNF1,YAP1,2026-10-04,12582119,炭素ストレスでの Yap1 の核への蓄積は Snf1・PKA・TOR・Yak1 の経路に依存しないと書かれている
TSA1,SKN7,2026-10-04,10930459,Tsa1 は Yap1/Skn7 に依存する TRX2・TRR1 の誘導に必要だが、Skn7 への作用としては書かれていない
PPZ1,CNA1,2026-10-04,14555476,ppz1 での ENA1 の上昇はカルシニューリン・Crz1 に依存し、Ppz1 がカルシニューリンを負に調節する「could」止まり
HSF1,SLT2,2026-10-04,17293484,転写（並行の作業へ）。Hsf1 が Hsp90 の発現を上げて Slt2 の活性化を助ける（間接で転写を介する）
SNF1,RIM15,2026-10-04,28444510,Snf1 と Rim15 の直接の関係を書いた原著が見つからない（総説が統合を述べるのみ）
BUB1,HHF1,2026-10-04,32064518,ヒストン（向きの決め方を見直し中）。網羅的な論文だけ（個別の論文が見つからない）。32064518 はヒストン残基の網羅的な遺伝学スクリーンで、要旨はこのキナーゼと H4 の関係に触れない
CDC15,HHF1,2026-10-04,32064518,ヒストン（向きの決め方を見直し中）。網羅的な論文だけ（個別の論文が見つからない）。32064518 はヒストン残基の網羅的な遺伝学スクリーンで、要旨はこのキナーゼと H4 の関係に触れない
CDC28,GRR1,2026-10-04,25049391,網羅的な論文だけ（個別の論文が見つからない）。25049391 は Cdc28 の基質の網羅的な探索。Cdc28 による Grr1 のリン酸化を扱う個別の論文はない
CDC28,GYP1,2026-10-04,25049391;25326521,網羅的な論文だけ（個別の論文が見つからない）。25049391 は Cdc28 の基質の網羅的な探索。Gyp1 のリン酸化の個別の論文は C. albicans の PKA（25326521）だけ
CDC28,PAL2,2026-10-04,25049391;34035143,網羅的な論文だけ（個別の論文が見つからない）。25049391 は Cdc28 の基質の網羅的な探索。Pal2 のリン酸化の個別の論文は Kin1/Kin2 によるもの（34035143）だけ
CDC28,STE2,2026-10-04,34502421,網羅的な論文だけ（個別の論文が見つからない）。34502421 は Cdc28 の基質の網羅的な探索。34502421 は G1-Cdk のドッキングモチーフの論文で、要旨は Ste2 に触れない
CDC28,UBP3,2026-10-04,25049391;21743437;26657849;23476013,網羅的な論文だけ（個別の論文が見つからない）。25049391 は Cdc28 の基質の網羅的な探索。Ubp3 のリン酸化の個別の論文は Hog1（21743437）と Rck1（26657849）によるもの
CNA1,ATG13,2026-10-04,24930733;25002487;25426890;28324658,網羅的な論文だけ（個別の論文が見つからない）。24930733 はカルシニューリンの基質の網羅的なリン酸化プロテオミクス。カルシニューリンと自食作用の個別の論文（25002487 など）は Gcn2 を介した経路で、Atg13 の脱リン酸化に触れない
CNA1,DIG2,2026-10-04,24930733,網羅的な論文だけ（個別の論文が見つからない）。24930733 はカルシニューリンの基質の網羅的なリン酸化プロテオミクス
CNA1,ELM1,2026-10-04,24930733,網羅的な論文だけ（個別の論文が見つからない）。24930733 はカルシニューリンの基質の網羅的なリン酸化プロテオミクス
CNA1,RTS1,2026-10-04,24930733,網羅的な論文だけ（個別の論文が見つからない）。24930733 はカルシニューリンの基質の網羅的なリン酸化プロテオミクス
CNA1,SFB3,2026-10-04,24930733,網羅的な論文だけ（個別の論文が見つからない）。24930733 はカルシニューリンの基質の網羅的なリン酸化プロテオミクス
CNA1,TDA1,2026-10-04,24930733,網羅的な論文だけ（個別の論文が見つからない）。24930733 はカルシニューリンの基質の網羅的なリン酸化プロテオミクス
CNA1,UME6,2026-10-04,24930733,網羅的な論文だけ（個別の論文が見つからない）。24930733 はカルシニューリンの基質の網羅的なリン酸化プロテオミクス
DBF2,CBF1,2026-10-04,16242037,網羅的な論文だけ（個別の論文が見つからない）。16242037 は Dbf2-Mob1 のプロテオームチップ（試験管内）の網羅的な探索
DBF2,HHF1,2026-10-04,32064518,ヒストン（向きの決め方を見直し中）。網羅的な論文だけ（個別の論文が見つからない）。32064518 はヒストン残基の網羅的な遺伝学スクリーンで、要旨はこのキナーゼと H4 の関係に触れない
ESA1,ASF1,2026-10-04,19303850;25381059,網羅的な論文だけ（個別の論文が見つからない）。19303850 は NuA4 の基質のプロテオームアレイ（個別に確かめたのは Pck1）、25381059 はアセチローム
ESA1,ATG11,2026-10-04,19303850;25381059,網羅的な論文だけ（個別の論文が見つからない）。19303850 は NuA4 の基質のプロテオームアレイ（個別に確かめたのは Pck1）、25381059 はアセチローム
ESA1,EDE1,2026-10-04,19303850;25381059,網羅的な論文だけ（個別の論文が見つからない）。19303850 は NuA4 の基質のプロテオームアレイ（個別に確かめたのは Pck1）、25381059 はアセチローム
ESA1,GLK1,2026-10-04,19303850;25381059,網羅的な論文だけ（個別の論文が見つからない）。19303850 は NuA4 の基質のプロテオームアレイ（個別に確かめたのは Pck1）、25381059 はアセチローム
ESA1,GRX4,2026-10-04,19303850;25381059,網羅的な論文だけ（個別の論文が見つからない）。19303850 は NuA4 の基質のプロテオームアレイ（個別に確かめたのは Pck1）、25381059 はアセチローム
ESA1,MDM36,2026-10-04,19303850;25381059,網羅的な論文だけ（個別の論文が見つからない）。19303850 は NuA4 の基質のプロテオームアレイ（個別に確かめたのは Pck1）、25381059 はアセチローム
ESA1,NMT1,2026-10-04,19303850;25381059,網羅的な論文だけ（個別の論文が見つからない）。19303850 は NuA4 の基質のプロテオームアレイ（個別に確かめたのは Pck1）、25381059 はアセチローム
ESA1,RNR4,2026-10-04,19303850;25381059,網羅的な論文だけ（個別の論文が見つからない）。19303850 は NuA4 の基質のプロテオームアレイ（個別に確かめたのは Pck1）、25381059 はアセチローム
ESA1,RPL8A,2026-10-04,19303850;25381059,網羅的な論文だけ（個別の論文が見つからない）。19303850 は NuA4 の基質のプロテオームアレイ（個別に確かめたのは Pck1）、25381059 はアセチローム
ESA1,RPT5,2026-10-04,19303850;25381059,網羅的な論文だけ（個別の論文が見つからない）。19303850 は NuA4 の基質のプロテオームアレイ（個別に確かめたのは Pck1）、25381059 はアセチローム
ESA1,SIP5,2026-10-04,19303850;25381059,網羅的な論文だけ（個別の論文が見つからない）。19303850 は NuA4 の基質のプロテオームアレイ（個別に確かめたのは Pck1）、25381059 はアセチローム
ESA1,SPT16,2026-10-04,19303850;25381059;29695490,網羅的な論文だけ（個別の論文が見つからない）。19303850 は NuA4 の基質のプロテオームアレイ（個別に確かめたのは Pck1）、25381059 はアセチローム。29695490 は H3 尾部のアセチル化による FACT の呼び込みで、Spt16 自身のアセチル化ではない
ESA1,UBP15,2026-10-04,19303850;25381059,網羅的な論文だけ（個別の論文が見つからない）。19303850 は NuA4 の基質のプロテオームアレイ（個別に確かめたのは Pck1）、25381059 はアセチローム
ESA1,VPS75,2026-10-04,19303850;25381059,網羅的な論文だけ（個別の論文が見つからない）。19303850 は NuA4 の基質のプロテオームアレイ（個別に確かめたのは Pck1）、25381059 はアセチローム
FPK1,MTH1,2026-10-04,29895620;24277933,網羅的な論文だけ（個別の論文が見つからない）。29895620 は Fpk1 のモチーフをもつ配列を試験管内でリン酸化した探索で、個別に調べたのは Akl1 だけ
FPK1,PTR3,2026-10-04,29895620;23447701,網羅的な論文だけ（個別の論文が見つからない）。29895620 は Fpk1 のモチーフをもつ配列を試験管内でリン酸化した探索で、個別に調べたのは Akl1 だけ
FPK1,RAD9,2026-10-04,29895620,網羅的な論文だけ（個別の論文が見つからない）。29895620 は Fpk1 のモチーフをもつ配列を試験管内でリン酸化した探索で、個別に調べたのは Akl1 だけ
FPK1,SET1,2026-10-04,29895620,網羅的な論文だけ（個別の論文が見つからない）。29895620 は Fpk1 のモチーフをもつ配列を試験管内でリン酸化した探索で、個別に調べたのは Akl1 だけ
FPK1,SLM2,2026-10-04,29895620,網羅的な論文だけ（個別の論文が見つからない）。29895620 は Fpk1 のモチーフをもつ配列を試験管内でリン酸化した探索で、個別に調べたのは Akl1 だけ
FUS3,HHF1,2026-10-04,32064518,ヒストン（向きの決め方を見直し中）。網羅的な論文だけ（個別の論文が見つからない）。32064518 はヒストン残基の網羅的な遺伝学スクリーンで、要旨はこのキナーゼと H4 の関係に触れない
IME2,HHF1,2026-10-04,32064518,ヒストン（向きの決め方を見直し中）。網羅的な論文だけ（個別の論文が見つからない）。32064518 はヒストン残基の網羅的な遺伝学スクリーンで、要旨はこのキナーゼと H4 の関係に触れない
KSP1,HHF1,2026-10-04,32064518,ヒストン（向きの決め方を見直し中）。網羅的な論文だけ（個別の論文が見つからない）。32064518 はヒストン残基の網羅的な遺伝学スクリーンで、要旨はこのキナーゼと H4 の関係に触れない
MPS1,HHF1,2026-10-04,32064518,ヒストン（向きの決め方を見直し中）。網羅的な論文だけ（個別の論文が見つからない）。32064518 はヒストン残基の網羅的な遺伝学スクリーンで、要旨はこのキナーゼと H4 の関係に触れない
PCL1,AME1,2026-10-04,16330754,網羅的な論文だけ（個別の論文が見つからない）。16330754 は Pho85-Pcl1 の基質の網羅的な探索（BioGRID の記録は No Modification）。Pcl1 はサイクリンで、キナーゼは PHO85
PHO85,UGP1,2026-10-04,11180457,発現（Pho4 を介する転写）の向きで、リン酸化の向きではない。転写は並行の作業へ
PCL1,BCP1,2026-10-04,16330754,網羅的な論文だけ（個別の論文が見つからない）
PCL1,KSP1,2026-10-04,16330754,網羅的な論文だけ（個別の論文が見つからない）
PCL1,NPL3,2026-10-04,16330754,網羅的な論文だけ（個別の論文が見つからない）
PCL1,SSD1,2026-10-04,16330754,網羅的な論文だけ（個別の論文が見つからない）
PCL1,UGP1,2026-10-04,16330754;11180457,網羅的な論文だけ（個別の論文が見つからない）。11180457 は PHO85 による UGP1 の発現の抑制で、Pcl1 の名はない
PCL1,DMA1,2026-10-04,16330754;23264631,網羅的な論文だけ（個別の論文が見つからない）。23264631 は逆向き（Dma1 が Pcl1 をユビキチン化して分解させ、Pcl1 は Pho85 のリン酸化で Dma1 と結ぶ）で、Pcl1 から Dma1 への作用ではない（DMA1→PCL1・PHO85→PCL1 は既にある）
PCL1,RVS167,2026-10-04,16330754;9843683;12857883,網羅的な論文のほかに個別の論文はあるが向きは決まらない。体内のリン酸化に Pho85 と Pcl1・Pcl2 型サイクリンが要る（9843683）。リン酸化は Las17 との結合を妨げるが試験管内だけ（12857883）。PHO85→RVS167 も none で登録済み
PCL1,SHS1,2026-10-04,16330754;18431499,網羅的な論文のほかに 18431499 は G1 の CDK が Shs1 を直接リン酸化するとするが、要旨に Pcl1 の名も Shs1 の働きへの向きもない
PHO80,GLC8,2026-10-04,16330754;12407105,網羅的な論文だけ（個別の論文が見つからない）。12407105 では Glc8 の主なキナーゼは Pho85 と Pcl6・Pcl7（Pho80 ではない）で、向きも要旨にない
PHO85,AME1,2026-10-04,16330754,網羅的な論文だけ（個別の論文が見つからない）
PHO85,BCP1,2026-10-04,16330754,網羅的な論文だけ（個別の論文が見つからない）
PHO85,KSP1,2026-10-04,16330754,網羅的な論文だけ（個別の論文が見つからない）
PHO85,NPL3,2026-10-04,16330754,網羅的な論文だけ（個別の論文が見つからない）
PPH21,APC1,2026-10-04,23751495;23999167;23886942,23751495 の Figure 6 の網羅的な APC のリン酸化部位の解析だけ。個別の論文（23999167・23886942）は PP2A-Cdc55 が APC/C（Cdc16）を脱リン酸化して不活性に保つとするが、Apc1 も PPH21・PPH22 も名がない
PPH21,APC9,2026-10-04,23751495;23999167;23886942,23751495 の Figure 6 の網羅的な APC のリン酸化部位の解析だけ。個別の論文（23999167・23886942）は PP2A-Cdc55 が APC/C（Cdc16）を脱リン酸化して不活性に保つとするが、Apc9 も PPH21・PPH22 も名がない
PPH22,APC1,2026-10-04,23751495;23999167;23886942,23751495 の Figure 6 の網羅的な APC のリン酸化部位の解析だけ。個別の論文（23999167・23886942）は PP2A-Cdc55 が APC/C（Cdc16）を脱リン酸化して不活性に保つとするが、Apc1 も PPH21・PPH22 も名がない
PPH22,APC9,2026-10-04,23751495;23999167;23886942,23751495 の Figure 6 の網羅的な APC のリン酸化部位の解析だけ。個別の論文（23999167・23886942）は PP2A-Cdc55 が APC/C（Cdc16）を脱リン酸化して不活性に保つとするが、Apc9 も PPH21・PPH22 も名がない
PRK1,BEM2,2026-10-04,20159853,網羅的な論文だけ（個別の論文が見つからない）。20159853 では prk1Δ ark1Δ で移動度が変わる（体内の標的らしい）が働きへの向きはない
PRK1,DPB11,2026-10-04,20159853,網羅的な論文だけ（個別の論文が見つからない）
PRK1,EDE1,2026-10-04,20159853,網羅的な論文だけ（個別の論文が見つからない）。20159853 では prk1Δ ark1Δ で移動度が変わる（体内の標的らしい）が働きへの向きはない
PRK1,LAS17,2026-10-04,20159853;33958621;22825870,網羅的な論文だけ（個別の論文が見つからない）。33958621 は Las17 S554 のリン酸化が G-アクチン結合を弱めるとするがキナーゼは不明（Prk1 の名なし）
PRK1,RPL5,2026-10-04,20159853,網羅的な論文だけ（個別の論文が見つからない）
PRK1,SFB3,2026-10-04,20159853,網羅的な論文だけ（個別の論文が見つからない）
PRK1,SYP1,2026-10-04,20159853,網羅的な論文だけ（個別の論文が見つからない）
PRK1,TRK1,2026-10-04,20159853,網羅的な論文だけ（個別の論文が見つからない）
RAD53,NUP1,2026-10-04,17563356;21784245,網羅的な論文だけ（個別の論文が見つからない）。21784245 はチェックポイントキナーゼが Mlp1 などの核膜孔タンパク質をリン酸化して遺伝子の係留を外すとするが、Nup1・Nup2 のリン酸化と向きは書かれていない
RAD53,NUP2,2026-10-04,17563356;21784245,網羅的な論文だけ（個別の論文が見つからない）。21784245 はチェックポイントキナーゼが Mlp1 などの核膜孔タンパク質をリン酸化して遺伝子の係留を外すとするが、Nup1・Nup2 のリン酸化と向きは書かれていない
STE11,HHF1,2026-10-04,32064518,ヒストン（向きの決め方を見直し中）
STE20,HHF1,2026-10-04,32064518,ヒストン（向きの決め方を見直し中）
STE7,HHF1,2026-10-04,32064518,ヒストン（向きの決め方を見直し中）
YCK1,HHF1,2026-10-04,32064518,ヒストン（向きの決め方を見直し中）
YCK3,HHF1,2026-10-04,32064518,ヒストン（向きの決め方を見直し中）
STE20,BNI1,2026-10-04,20020052;12686605,網羅的な論文だけ（個別の論文が見つからない）。12686605 は Bni1 の体内のリン酸化の多くが STE20 に依存するとするが、ポラリソームを活性化する「かもしれない」という推測だけ
STE20,BUD6,2026-10-04,20020052;12686605,網羅的な論文だけ（個別の論文が見つからない）。12686605 は遺伝学的な関係（cla4Δ と合成致死）だけで、Bud6 のリン酸化の記述はない
UBP10,PDS1,2026-10-04,22072716,網羅的な論文だけ（個別の論文が見つからない）。22072716 は試験管内で Pds1 断片（1-110）を基質に DUB の鎖の切り方を調べたもの
UBP12,PDS1,2026-10-04,22072716,網羅的な論文だけ（個別の論文が見つからない）。22072716 は試験管内で Pds1 断片（1-110）を基質に DUB の鎖の切り方を調べたもの
UBP15,PDS1,2026-10-04,22072716,網羅的な論文だけ（個別の論文が見つからない）。22072716 は試験管内で Pds1 断片（1-110）を基質に DUB の鎖の切り方を調べたもの
UBP2,PDS1,2026-10-04,22072716,網羅的な論文だけ（個別の論文が見つからない）。22072716 は試験管内で Pds1 断片（1-110）を基質に DUB の鎖の切り方を調べたもの
UBP3,PDS1,2026-10-04,22072716,網羅的な論文だけ（個別の論文が見つからない）。22072716 は試験管内で Pds1 断片（1-110）を基質に DUB の鎖の切り方を調べたもの
CDC28,EDE1,2026-10-04,25371407,「suggesting」止まりで、Clb2 を融合した人工の系の結果
YPK1,ATG21,2026-10-04,25279700,網羅的な論文だけ（個別の論文が見つからない）
YPK1,PAL2,2026-10-04,25279700;34035143,網羅的な論文だけ（個別の論文が見つからない）。34035143 は Kin1・Kin2 による Pal2 のリン酸化で Ypk1 ではない
YPK1,SMP1,2026-10-04,25279700;12482976,網羅的な論文だけ（個別の論文が見つからない）。12482976 は Hog1 による Smp1 のリン酸化で Ypk1 ではない
AKL1,SYT1,2026-10-04,21177495;26966233,網羅的な論文だけ（個別の論文が見つからない）。26966233 は Ire1-Hac1 による Syt1 のリン酸化の調節で Akl1 ではない
CDC28,BEM2,2026-10-04,19779198;17914457,網羅的な論文だけ（個別の論文が見つからない）。17914457 は Bem2 の出芽時の過剰リン酸化を「おそらく Cdc28-Cln2 による」とし、GAP 活性の抑制は「appears」で、リン酸化されない変異体で示したのは Bem3 だけ（規則 3）
CDC28,CLA4,2026-10-04,19779198;9740799;9271384,網羅的な論文だけ（個別の論文が見つからない）。9740799 は Cla4 の過剰リン酸化が Clb2-Cdc28 に依存するが、働きへの効果は「suggests」。9271384 は Cla4 の活性が分裂期に高まると示すが Cdc28 との関係は書かれていない
CDC28,FAB1,2026-10-04,19779198;28637746,網羅的な論文だけ（個別の論文が見つからない）。28637746 は Pho85 による Fab1 の活性化で Cdc28 ではない
CDC28,MAD3,2026-10-04,19779198;17504936,網羅的な論文だけ（個別の論文が見つからない）。17504936 は Ipl1 による Mad3 のリン酸化で Cdc28 ではない
CDC28,SIZ1,2026-10-04,19779198;21151918,網羅的な論文だけ（個別の論文が見つからない）。21151918 は Siz1 による Swe1 の SUMO 化で Cdc28 → Siz1 ではない
CDC28,SIR2,2026-10-04,19779198;26329457,網羅的な論文だけ（個別の論文が見つからない）。26329457 は PKA と CK2 による Sir2 のリン酸化で Cdc28 ではない
CDC28,RGT1,2026-10-04,19779198,網羅的な論文だけ（個別の論文が見つからない）。Rgt1 のリン酸化の個別の論文は PKA・Snf1 についてのみ
CDC28,RPH1,2026-10-04,19779198;11809875,網羅的な論文だけ（個別の論文が見つからない）。11809875 は Rad53 に依存する Rph1 のリン酸化で Cdc28 ではない
CDC28,ALY1,2026-10-04,19779198,網羅的な論文だけ（個別の論文が見つからない）
CDC28,ASK10,2026-10-04,19779198,網羅的な論文だけ（個別の論文が見つからない）
CDC28,CDC60,2026-10-04,19779198,網羅的な論文だけ（個別の論文が見つからない）
CDC28,ECM21,2026-10-04,19779198,網羅的な論文だけ（個別の論文が見つからない）
CDC28,ELA1,2026-10-04,19779198,網羅的な論文だけ（個別の論文が見つからない）
CDC28,GYP7,2026-10-04,19779198,網羅的な論文だけ（個別の論文が見つからない）
CDC28,HRP1,2026-10-04,19779198,網羅的な論文だけ（個別の論文が見つからない）
CDC28,HXT1,2026-10-04,19779198,網羅的な論文だけ（個別の論文が見つからない）
CDC28,IDS2,2026-10-04,19779198,網羅的な論文だけ（個別の論文が見つからない）
CDC28,KIC1,2026-10-04,19779198,網羅的な論文だけ（個別の論文が見つからない）
CDC28,KIN4,2026-10-04,19779198,網羅的な論文だけ（個別の論文が見つからない）
CDC28,MET30,2026-10-04,19779198,網羅的な論文だけ（個別の論文が見つからない）
CDC28,PAR32,2026-10-04,19779198,網羅的な論文だけ（個別の論文が見つからない）
CDC28,PBP1,2026-10-04,19779198,網羅的な論文だけ（個別の論文が見つからない）
CDC28,POR2,2026-10-04,19779198,網羅的な論文だけ（個別の論文が見つからない）
CDC28,PPZ1,2026-10-04,19779198,網羅的な論文だけ（個別の論文が見つからない）
CDC28,RCK2,2026-10-04,19779198,網羅的な論文だけ（個別の論文が見つからない）
CDC28,RGC1,2026-10-04,19779198,網羅的な論文だけ（個別の論文が見つからない）
CDC28,SEC31,2026-10-04,19779198,網羅的な論文だけ（個別の論文が見つからない）
CDC28,SGT1,2026-10-04,19779198,網羅的な論文だけ（個別の論文が見つからない）
CDC28,SLM2,2026-10-04,19779198,網羅的な論文だけ（個別の論文が見つからない）
CDC28,SPC105,2026-10-04,19779198,網羅的な論文だけ（個別の論文が見つからない）
CDC28,SPT2,2026-10-04,19779198,網羅的な論文だけ（個別の論文が見つからない）
CDC28,SQS1,2026-10-04,19779198,網羅的な論文だけ（個別の論文が見つからない）
CDC28,SSN2,2026-10-04,19779198,網羅的な論文だけ（個別の論文が見つからない）
CDC28,SYT1,2026-10-04,19779198;26966233,網羅的な論文だけ（個別の論文が見つからない）。26966233 は Ire1-Hac1 経路による Syt1 のリン酸化で、Cdc28 には触れない
CDC28,TEM1,2026-10-04,19779198;12432084,網羅的な論文だけ（個別の論文が見つからない）。12432084 は Cdc28 による Lte1 の局在の調節で、Tem1 のリン酸化には触れない
CDC28,TOP2,2026-10-04,19779198;41533572;8389377;7932731,網羅的な論文だけ（個別の論文が見つからない）。Top2 の調節は Cdc5・Cdc14・CK2 の論文だけ
CDC28,ULP1,2026-10-04,19779198,網羅的な論文だけ（個別の論文が見つからない）
CDC28,VHS3,2026-10-04,19779198;32339526,網羅的な論文だけ（個別の論文が見つからない）
CKA2,IMH1,2026-10-04,21177495;40560401,網羅的な論文だけ（個別の論文が見つからない）。40560401 は Snf1 による Imh1 のリン酸化（既に登録済み）
CMP2,EDE1,2026-10-04,21177495;25625208,網羅的な論文だけ（個別の論文が見つからない）
CMP2,RTG3,2026-10-04,21177495;10848632;16423076,網羅的な論文だけ（個別の論文が見つからない）
CNA1,BCY1,2026-10-04,21177495;7500949,網羅的な論文だけ（個別の論文が見つからない）。7500949 はカルシニューリンと PKA の拮抗を遺伝学で示すだけで、Bcy1 の脱リン酸化には触れない
CTK1,BOI1,2026-10-04,21177495,網羅的な論文だけ（個別の論文が見つからない）
CTK1,CBF1,2026-10-04,21177495,網羅的な論文だけ（個別の論文が見つからない）
CTK1,CDC3,2026-10-04,21177495,網羅的な論文だけ（個別の論文が見つからない）
CTK1,GNP1,2026-10-04,21177495,網羅的な論文だけ（個別の論文が見つからない）
CTK1,TOP1,2026-10-04,21177495,網羅的な論文だけ（個別の論文が見つからない）
DUN1,ECM21,2026-10-04,20190278;18953286,網羅的な論文だけ（個別の論文が見つからない）
DUN1,GLE1,2026-10-04,20190278;30429220,網羅的な論文だけ（個別の論文が見つからない）。30429220 はヒトの GLE1 と ERK・JNK・GSK3 の話
DUN1,MLP1,2026-10-04,20190278,網羅的な論文だけ（個別の論文が見つからない）
DUN1,NPL3,2026-10-04,20190278,網羅的な論文だけ（個別の論文が見つからない）
DUN1,RNR3,2026-10-04,20190278;39880091,網羅的な論文だけで、リン酸化の働きの個別の論文はない。39880091 では Dun1 は酢酸での呼吸増殖で RNR3 の転写を抑える（キナーゼ活性によらない）一方、DNA 損傷では Crt1 の不活性化で RNR3 を誘導すると同じ要旨に書かれ、状態で向きが逆になるため決めない
FUS3,EDE1,2026-10-04,21177495,網羅的な論文だけ（個別の論文が見つからない）
KIN4,BCY1,2026-10-04,21177495;22428880,網羅的な論文だけ（個別の論文が見つからない）
MCK1,HSP12,2026-10-04,21177495;30973945,網羅的な論文だけ（個別の論文が見つからない）
MCK1,NUP2,2026-10-04,21177495;23645671,網羅的な論文だけ（個別の論文が見つからない）。23645671 は Hog1 による核膜孔タンパク質のリン酸化
MEC1,CBF1,2026-10-04,17563356;20190278,網羅的な論文だけ（個別の論文が見つからない）
MEC1,CYC8,2026-10-04,17563356;9741624,網羅的な論文だけ（個別の論文が見つからない）。9741624 は検査点経路による Crt1 の不活性化で、Cyc8 のリン酸化には触れない
MEC1,HPR1,2026-10-04,17563356;20190278;19651896,網羅的な論文だけ（個別の論文が見つからない）。19651896 は hpr1Δ の R ループが S 期検査点を働かせる話（向きが逆）
MEC1,HTB2,2026-10-04,20190278,ヒストン（向きの決め方を見直し中）
MEC1,NUP2,2026-10-04,17563356,網羅的な論文だけ（個別の論文が見つからない）
MEC1,PSY4,2026-10-04,20190278;16857015,網羅的な論文だけ（個別の論文が見つからない）
MEC1,SOK2,2026-10-04,17563356,網羅的な論文だけ（個別の論文が見つからない）
MEC1,SUM1,2026-10-04,17563356;20190278;11101521,網羅的な論文だけ（個別の論文が見つからない）。11101521 は減数分裂のパキテン期検査点で Sum1 の量が保たれると「示唆」するだけで、Mec1 の直接の作用は書かない
MEC1,YSH1,2026-10-04,17563356;20190278,網羅的な論文だけ（個別の論文が見つからない）
MEC1,YTA7,2026-10-04,20190278;34471130;22156209,網羅的な論文だけ（個別の論文が見つからない）。Yta7 のリン酸化の個別の論文は CDK・カゼインキナーゼ 2 についてで、Mec1 ではない
MKK1,NPL3,2026-10-04,21177495,網羅的な論文だけ（個別の論文が見つからない）
MPS1,AME1,2026-10-04,20489023;34308839,網羅的な論文だけ（個別の論文が見つからない）。34308839 は Cdk1 による Ame1 のリン酸化（既に登録済み）
MPS1,BEM1,2026-10-04,20489023,網羅的な論文だけ（個別の論文が見つからない）
MPS1,CDC48,2026-10-04,20489023,網羅的な論文だけ（個別の論文が見つからない）
MPS1,CDC53,2026-10-04,20489023,網羅的な論文だけ（個別の論文が見つからない）
MPS1,DSN1,2026-10-04,20489023,網羅的な論文だけ（個別の論文が見つからない）
HOG1,HXT1,2026-10-04,21177495;15014083;25547292,網羅的な論文だけ（個別の論文が見つからない）。15014083 は HXT1 の発現に「HOG 経路」が要ると書くが Hog1 の名前は要旨になく（全文は PMC になし）、S46 のリン酸化にも触れないため決めない。全文で hog1Δ の結果が確かめられれば HOG1→HXT1（transcription・activate・indirect）の候補
HOG1,HXT1,2026-10-04,15014083,転写制御の候補（33 回目から）。要旨は「HOG 経路が Sko1-Tup1-Ssn6 を介して HXT1 の発現に要る」までで Hog1 の名がなく、本文は PMC にない。HOG 経路のどの遺伝子を壊したかを確かめられない
HSP30,TOR1,2026-10-04,30335186,Snf1 を介する間接の作用で、決め手が弱い
GTR2,TCO89,2026-10-04,40359108,要旨は「活性型の Rag」とだけ書き、Gtr1 と Gtr2 のどちらが結合するか分からない
SLT2,SCH9,2026-10-04,37042757,ptc1Δ という特殊な株だけでの観察
SCH9,ATG13,2026-10-04,17699586,PKA と Sch9 を同時に止めるとオートファジーが起き Atg1 複合体に依存するが、Sch9 が Atg13（や Atg1）に直接作用するとは要旨に書かれていない（SCH9→ATG1 も同じ）
VPS34,TOR1,2026-10-04,28483912;34798133,グルタミンに応じた Gtr 非依存の TORC1 の活性化に Vps34-Vps15 と Pib2 が「関わる」と書かれるだけで、Vps34 の作用の向きが要旨に書かれていない（本文は PMC で読めない）
TAG1,ATG1,2026-10-04,33536246,Tag1 はオートファジーの終了（Atg1 による Atg13 の再リン酸化と PAS の分散）に要るが、Atg1 の活性への作用の向きが要旨に書かれていない（DB には GO-CAM 由来の inhibit がある）
GAP1,SCH9,2026-10-04,33394033,Gap1・Mep2・Pho84・Sul1 のトランセプターが Sch9 と結合するが、Sch9 の活性への作用の向きが示されていない（「may be affected」）
TOR1,GLC7,2026-10-04,21368139,tco89 変異で核の Glc7 が減り、TORC1 が Glc7 を正に調節すると「suggest」されるだけ
SNF1,GLN3,2026-10-04,11809814;15911613,グルコースによる Gln3 のリン酸化と局在に Snf1 が関わる（11809814）が、Snf1 に依存しないリン酸化も示され（15911613）、Gln3 の働きへの向きが要旨で決まらない（searched_not_found にもある）
TPK3,CDC25,2026-10-04,21457714;21888905;21073870,PKA が Cdc25 の GEF 活性を下げる（21457714）が、21888905 はこのフィードバックが Tpk2 を介するとし、Tpk3 の関与は示されていない
TPK2,PDE1,2026-10-04,9880329,Pde1 の S252（PKA の配列）は「フィードバックの標的かもしれない」と推測の書き方で、試験管内ではリン酸化で活性が変わらない。どの Tpk かも書かれていない（TPK1 → PDE1 は登録済み）
TPK3,PDE1,2026-10-04,9880329,同上
TPK1,BCY1,2026-10-04,20826609;21311222,PKA は Bcy1 の S145 をリン酸化し（Gpb1/2 依存の別部位のリン酸化と合わせて Bcy1 を安定にする）、一方で別部位のリン酸化を妨げて Bcy1 の抑制を弱める。部位で向きが逆で、21311222 もモデルの段階とする
TPK2,BCY1,2026-10-04,20826609;21311222,同上
TPK3,BCY1,2026-10-04,20826609;21311222,同上
GPA2,GPB1,2026-10-04,16924114;16030250;12150916,Gpa2 と Gpb1/2（Gβ に似たサブユニット）は同じ非典型 G タンパク質のまとまり。「活性型 Gpa2 が Krh の抑制を外す」は著者の提案（propose）にとどまる
GPA2,GPB2,2026-10-04,16924114;16030250;12150916,同上。Gpa2 は Gpb2 の膜局在を助ける（16030250）が、Gpb2 の働きへの向きは書かれていない
UBP10,SNF1,2026-10-04,25947383,ubp8Δ ubp10Δ で Snf1 の量が大きく減るが、Snf1 の働きはほとんど変わらず（リン酸化が上がって補う）、向きを決められない。仕組みも不明と書かれている
CRM1,GAL83,2026-10-04,17071825,Gal83 の核外輸送は Crm1 に依存するが、Gal83（Snf1-Gal83）の働きへの向きは要旨に書かれていない
REG2,GLC7,2026-10-04,27107116,Reg2 は Glc7 の調節サブユニットで同じホスファターゼのまとまり（REG2 → SNF1 は登録済み）
SLT2,SEN1,2026-10-04,21376235,転写の伸長の段階での触媒によらない作用（Paf1 を介する）で、信号の関係としては境界
OPY2,SHO1,2026-10-04,30682143;25898136,Sho1 と Opy2 は膜貫通部分で結合し、Ste11 による Pbs2 の活性化を高めるが、Opy2 が Sho1 の働きをどちら向きに変えるかは書かれていない（同じ信号複合体の足場どうし）
GRX3,SLT2,2026-10-04,28007574,Grx3 も Slt2 に結合するが、Slt2 のリン酸化を調節するのは Grx4 とされ、Grx3 単独の作用は要旨から決められない（GRX4→SLT2 は A に入れた）
RCK1,SLT2,2026-10-04,24051094,RCK1 の過剰発現で Slt2・Mkk2 のリン酸化が下がるが、過剰発現だけの結果で、結論は「suggest」
CBK1,SLT2,2026-10-04,22031291,Cbk1 は熱ショック・細胞壁ストレスでの Mpk1 の活性化と、熱ショック適応期の Mpk1 の脱リン酸化の両方に要る（時期で向きが逆）
BCK2,SLT2,2026-10-04,22031291,Bck2 は Mpk1 の活性化と適応期の脱リン酸化の両方に要る（時期で向きが逆）
ROM2,ELO2,2026-10-04,25519905,Rom2 からの信号が Elo2 のリン酸化状態と VLCFA 合成を制御するとあるが、要旨に向き（促すか抑えるか）が書かれていない
PKC1,APM4,2026-10-04,25346786,Apm4 と Pkc1 の結合と、予測された Pkc1 部位 T176 の変異で AP-2 の呼び込みが変わることのみ。Pkc1 によるリン酸化の実証と向きはない
SLT2,SHP1,2026-10-04,36693698,slt2 欠損で Shp1 のリン酸化が減るのみ。Shp1 の働きへの作用は書かれていない
SLT2,YPK1,2026-10-04,38862688,CWI 経路の活性化がアイソソームの解体を妨げて TORC2-Ypk1/2 を抑えると「propose」。Slt2 の直接の標的は示されていない（SLT2⊣AVO2 は登録済み）
PIL1,PKH1,2026-10-04,15016821,題名は「Pil1・Lsp1 が Pkh1 を負に調節」だが、示されたのは熱ストレスでの Pkc1・Ypk1 経路への作用で、Pkh1 の活性そのものではない。結論の一部が「suggest」。のちのアイソソームの研究とも整合が要確認
LSP1,PKH1,2026-10-04,15016821,PIL1→PKH1 と同じ理由
SLT2,PAF1,2026-10-04,21376235,Mpk1 は Paf1 と結合するが、Paf1 の働きをどちら向きに変えるかは書かれていない（作用は Sen1 の呼び込みの阻止として SLT2⊣SEN1 で A に入れた）
CCW12,SLN1,2026-10-04,18048366,細胞壁タンパク質 Ccw12 の有無で Sln1 の活性が変わると「suggest」のみで、向きが要旨にない
SNF1,IRE1,2026-10-04,25730376;26394309,要旨の対象は UPR 全体で、標的を Ire1 にしたのは推定
IRE1,HOG1,2026-10-04,25356552,要旨は「HOG pathway」までで、Hog1 への作用としては書かれていない
TRX2,SKN7,2026-10-04,24376879,Skn7 に依存する遺伝子が下がることからの推定で、結論は「propose」
HSP82,GCN2,2026-10-04,10567567,Hsp90 の変異株で GCN4-lacZ が常に発現する一方、G170D 変異では Gcn2 の量と活性が失われ、向きが割れる。要旨は Hsp90（HSP82/HSC82）をまとめて書く（HSC82 → GCN2 と同じ扱い）
PHO85,RVS167,2026-10-04,12857883;9843683,Rvs167 のリン酸化が Las17 などとの結合を弱めるのは試験管内だけで、生体内の働きへの向きは「suggest」
PHO85,VPS1,2026-10-04,26711254,Pho85 は Vps1 の S599 をリン酸化するが、リン酸化をまねる変異もできない変異もエンドサイトーシスに欠陥を示し、向きが決められない
SKN7,YAP1,2026-10-04,21478431,Skn7 と Yap1 は DNA なしで結合するが、結合が Skn7 を酸化ストレスのプロモーターへ振り分ける「may help」の推測で、作用の向きは書かれていない
GCN4,HAC1,2026-10-04,15314660;23794510,Gcn4 と Hac1 は UPR の標的プロモーターで協同し、互いの mRNA の量に影響する。転写（並行の作業へ）
HAC1,GCN4,2026-10-04,23794510,Hac1 は Gcn4 応答配列の誘導に要り、互いの mRNA の量に影響する。転写（並行の作業へ）
SSE1,HSF1,2026-10-04,24671421,sse1 と fes1 の二重欠失で Hsf1 が常に活性化するが「suggesting」で、SSE1 単独の効果は書かれていない
SNF1,GCN4,2026-10-04,18955495,Snf1 は GCN4 の翻訳を抑える（Gcn2・Gcn20 に依存）とあるが、既存の SNF1 → GCN2（活性化）と向きが食い違う（条件の違いの可能性）
RAS2,GCN4,2026-10-04,11350978,グルコースによる Gcn4 の活性化は Ras/cAMP 経路によるとあるが、要旨ではどの遺伝子（RAS1/RAS2・TPK）かが特定されない
TOD6,RPD3,2026-10-04,21730963,Stb3・Dot6・Tod6 の脱リン酸化で RPD3L が呼び込まれるとまとめて書くだけで、個々の結合は要旨にない（DOT6 → RPD3 と同じ扱い）
VPS34,HAC1,2026-10-04,33972394,Vps34・TOR・GCN2 が HAC1 mRNA の翻訳の鍵の調節因子とあるが、どちら向きかは要旨にない
SIR2,IRE1,2026-10-04,25600811,Sir2 が UPR を弱める（attenuates）とあるが、対象が Ire1 か Hac1 か、仕組みが要旨にない
ACT1,GCN2,2026-10-04,34096057,アクチンの D56A で eIF2α のリン酸化が下がるが「suggesting」で、Yih1 を介する推定
GCD7,GCN4,2026-10-04,8164676;9032257,Gcd7 は eIF2B の調節サブユニットで、変異はリン酸化 eIF2 への感受性を下げ GCN4 の脱抑制を弱める。Gcd7 自体が GCN4 を抑えるとは書かれていない
GCD6,GCN4,2026-10-04,8336705,Gcd6 が eIF2B のサブユニットであることだけが要旨にあり、GCN4 の翻訳への向きは書かれていない
PHO85,ATG1,2026-10-04,11486014;20417603,Pho85 はオートファジーを負に調節するが、要旨は「おそらく Apg1 や Apg13 を介する（probably via Apg1 and/or Apg13）」と推測にとどまる（11486014）。20417603 では Pho85-Pho80・Pho85-Pcl5 は Rim15・Pho4・Gcn4 を介して抑える（PHO85→RIM15 は登録済み）。Atg1・Atg13 への直接の作用は書かれていない（PHO85→ATG13 も同じ）
SNF1,ATG13,2026-10-04,11486014;28399401,Snf1 は Atg1・Atg13 を介すると推測されるだけ（11486014）。28399401 では Snf1 は Mec1 をリン酸化して Atg1 をミトコンドリアに呼ぶ（SNF1→ATG1・MEC1→ATG1 は登録済み）。Atg13 への直接の作用は書かれていない
TRS85,ATG11,2026-10-04,22509044,Trs85 は Ypt1 の活性化因子で、Atg11 は Ypt1 の下流の効果因子（近道。TRS85→YPT1・YPT1→ATG11 は登録済み）
ATG34,ATG11,2026-10-04,20639194;25281559,Hrr25 によるリン酸化で Atg34 が Atg11 に結合し Ams1 の輸送が進むとあるが、Atg11 の働きを活性化するとは書かれていない（ATG19→ATG11 と同じ判断）
ATG34,ATG8,2026-10-04,20639194,受容体と Atg8 の結合（積み荷をオートファゴソームに包む）。Atg8 の働きへの向きは書かれていない
ATG36,ATG8,2026-10-04,22874561;23559066,Atg36 と Atg8 の結合は直接ではないらしいとある（22874561）。Atg8 の働きへの向きは書かれていない
ATG39,ATG11,2026-10-04,26040717,要旨に Atg39 が核の受容体とあるだけで、Atg11 との関係の向きの記述がない
ATG40,ATG11,2026-10-04,26040717,要旨に Atg40 が小胞体の受容体とあるだけで、Atg11 との関係の向きの記述がない
ATG18,ATG9,2026-10-04,14723849,Atg9 の PAS からの回収（逆向きの輸送）に Atg18・Atg2 が要るとあるが、Atg9 の働きを上げるか下げるかは書かれていない（局在の向きだけ）
ATG2,ATG9,2026-10-04,14723849,ATG18→ATG9 と同じ。Atg9 の回収に要るとあるだけ
GCN2,ATG1,2026-10-04,11756670,転写（並行の作業へ）。Gcn2・eIF2α S51・Gcn4 が飢餓によるオートファジーに必須とあるが、Gcn4 による ATG 遺伝子の発現を介する経路で、Atg1 など特定の Atg への直接の作用は書かれていない
RIM15,UME6,2026-10-04,22733735,転写（並行の作業へ）。Ume6-Sin3-Rpd3 が ATG8 の転写を抑える（UME6→ATG8 は登録済み）。Rim15 による Ume6 のリン酸化は転写の作業で扱う
STE4,YCK1,2026-10-04,27072657,抑えるのはその場所での受容体のリン酸化だけで、Yck1 の働きそのものへの向きではない
STE4,YCK2,2026-10-04,27072657,抑えるのはその場所での受容体のリン酸化だけで、Yck2 の働きそのものへの向きではない
HSL7,STE20,2026-10-04,10411908,遺伝学だけで、本文は「may inhibit」
PTP2,KSS1,2026-10-04,9224718;19369942,要旨は Ptp2/Ptp3 が Fus3 を脱リン酸化して抑えることだけを書き、Kss1 への作用は書かれていない（19369942 は Ptp2 が Hog1 を抑える話）
PTP3,KSS1,2026-10-04,9224718,Ptp3 は Fus3 を直接脱リン酸化して抑えるが、Kss1 については要旨に書かれていない
FUS3,STE11,2026-10-04,12077316,フェロモンで Ste11 が MAPK のフィードバックとユビキチンで分解されるが、要旨はどの MAPK か（Fus3 か Kss1 か）を書かず、PMC の全文も読めない
BMH2,STE20,2026-10-04,9215628,BMH1 と同じ。14-3-3（Bmh1/2）は偽菌糸の MAPK 信号に必要で Ste20 と結合するが、Ste20 自体の活性への作用は書かれていない
RAS2,STE20,2026-10-04,8643578;10233147,RAS2val19 による糸状成長の誘導に Ste20 が要るという遺伝学的な上下関係だけ（RAS2→CDC42 と同じ）
STE3,STE4,2026-10-04,11073983;13680367;9858568,α 細胞では Ste3 は G タンパク質を活性化するが、a 細胞や接合子では Asg7 と一緒に Ste4 の信号を抑える（受容体による抑制）。細胞の型で向きが逆
DIG1,TEC1,2026-10-04,16782869,Dig1 は Ste12 を介して間接に Tec1 と同じ複合体（Tec1/Ste12/Dig1）に入る。同じまとまりの中の関係で、抑えるのは Ste12（DIG1→STE12 は既にある）
RAM1,STE18,2026-10-04,7982577;10712512;10523659,Ste18 は C107 でファルネシル化されるが、プレニル基転移酵素 DPR1（RAM1）を壊しても接合への影響は小さい（7982577）。酵素から Ste18 への作用は決められない
UBR1,GPA1,2026-10-04,8073290,N 末端則の経路の過剰発現で Gpa1 の分解が進むが、要旨は UBR1 の名前を挙げず、過剰発現の結果のみ
SNF3,RGT1,2026-10-04,12527758;21748783,snf3 rgt2 二重欠損だけの結果で、Rgt1 は高グルコースで活性化因子に変わる（状態で向きが変わる）
RGT2,RGT1,2026-10-04,12527758;21748783,snf3 rgt2 二重欠損だけの結果で、Rgt1 は高グルコースで活性化因子に変わる（状態で向きが変わる）
TPS1,HXK2,2026-10-04,8809751;14507429;9580251,トレハロース 6-リン酸がヘキソキナーゼを抑えるのは試験管内（8809751）。14507429 は Tre6P による抑制が Tps1 による解糖の流入制御の主な仕組みではなく、Tre6P に鈍いヘキソキナーゼも Tps1 に制御されるとする。食い違い・代謝物を介する
TPK1,GSY2,2026-10-04,7961723;8226915,転写（並行の作業へ）。bcy1 では GSY2 の mRNA と蛋白が大きく減る（7961723）。PKA は試験管内で Gsy2 の C 末端をリン酸化するが、生理的なキナーゼかは不明（8226915）で、リン酸化の向きは決められない
PHO85,GPH1,2026-10-04,11486014,Gph1 の分解（グリコーゲンの分解）は自食作用の変異で増えるとあるだけで、Pho85 による Gph1 のリン酸化と働きへの効果は書かれていない
SNF3,YCK1,2026-10-04,14755054;20205947,"RGT2→YCK1 と同じ。Yck1/2 とセンサーの結合が信号に要るかは食い違う（searched_not_found の RGT2,YCK1 を参照）。センサーが Yck の活性を変えるとの記述は読んでいない"
SNF3,YCK2,2026-10-04,14755054;20205947,SNF3→YCK1 と同じ。14755054 はセンサーが Yck1 を活性化するモデル（「support a model」）、20205947 はセンサーと Yck1/2 の直接の結合は要らないとする
RGT2,YCK2,2026-10-04,14755054;20205947,RGT2→YCK1（searched_not_found）と同じ食い違い。Yck2 と Rgt2 の結合・活性化は明言されていない
SCH9,RGT1,2026-10-04,25593311,Sch9・Ypk1 がグルコースの信号で Rgt1・Hxk2・Mig1 を調節する一次論文は見つからなかった。25593311 では Sch9・Ypk1・PKA は Hxk2 の S15 のリン酸化に要らない
RAD53,CDC20,2026-10-04,12947083,論文は「Rad53 pathway」と書き、Rad53 の作用としては書かれていない
RSP5,PDS1,2026-10-04,32402080,dun1Δ という特殊な背景での分解の観察だけ
HDA1,MEC1,2026-10-04,21368826,主に hda1 rpd3 二重変異での結果
HDA1,SAE2,2026-10-04,21368826,主に hda1 rpd3 二重変異での結果
RAD24,RAD17,2026-10-04,12604797;16137930,Rad24-RFC が Rad17-Mec3-Ddc1 のクランプを DNA に載せるのは試験管内の実験（12604797）。9-1-1 は RAD24→DDC1 で表してあり、Rad17・Mec3 個別の生体内の証拠は読んだ要旨にない
RAD24,MEC3,2026-10-04,12604797;16137930,RAD24→RAD17 と同じ。試験管内だけ
MEC1,RAD51,2026-10-04,21738226,Mec1 が主に Rad51 S192 のリン酸化を担うが、S192A と S192E の両方が欠損で、働きは「suggest a model」とぼかされる
RAD53,CDC7,2026-10-04,10964916;32701054,Rad53 が Cdc7-Dbf4 をリン酸化しキナーゼ活性を抑える（10964916）、Rad53 が DDK の Mcm2-7 への結合を抑える（32701054）はどちらも試験管内（再構成系）。生体内の作用は RAD53⊣DBF4 として DB にある
RAD53,ASF1,2026-10-04,11331602;22323608,Asf1 と Rad53 は複合体をつくり HU・損傷で解離するが、Rad53 が Asf1 の働きを上げるか下げるかは書かれない
MEC1,RIF1,2026-10-04,37956214,DB では effect なし。新生 DNA の保護が Rif1 の Tel1/Mec1 の共通配列の部位に依存するとあるが、どちらのキナーゼがリン酸化するかは示されない（以前に標的とされたとだけ）
TEL1,RIF1,2026-10-04,37956214,MEC1→RIF1 と同じ
TEL2,MEC1,2026-10-04,28827813;19029808,28827813 は Tel2 が Mec1 を安定にするとするが、19029808 は tel2-1 で Mec1 の量はやや下がっても DSB への集まりと信号は保たれるとし、向きの決め手に欠ける
PIH1,MEC1,2026-10-04,28827813,Pih1 は高温でだけ Mec1・Tel1 の安定に寄与（contributes）。条件が高温の増殖で、今回は入れなかった
DUN1,RSP5,2026-10-04,32402080,Dun1 が Rsp5 を抑えて Pds1 を守るのは「suggest」「propose」とされ、直接のリン酸化かどうかは今後の課題と本文にある（DUN1→PDS1 と RSP5⊣PDS1 を A に入れた）
DUN1,CEP3,2026-10-04,40742805,Dun1 による Cep3 のリン酸化が CAG/CTG 反復の核膜孔への移動に要るが、Cep3（動原体）の働きを上げるか下げるかは書かれない
FMP45,RAD53,2026-10-04,41386832,Fmp45（膜タンパク質）が Ptc2 と結合して Rad53 の脱リン酸化を進めるとする 1 本の論文だけで、結合は Y2H。PTC2→RAD53 自体が searched_not_found にあり、まとめて見直すべき
SAE2,RAD53,2026-10-04,41444448;30510002;26584331,searched_not_found にある組（再検討の材料）。41444448 は「Mec1/Tel1-dependent phosphorylation of Sae2 at T90 or T279 is sufficient to restrain Rad9-Rad53 interaction and Rad53 kinase activation」とし、非リン酸化型 Sae2 で Rad53 の活性化が続くと明言する。30510002 は Sae2 が Rad9 の DSB への集まりに対抗して信号を弱めるとする
RAD53,POL1,2026-10-04,37766847;10562568,DB では effect なし。Rad53 と Pol1 の結合（CDK による Pol1 のリン酸化に依存）が複製ストレスでのレプリソームの進行に要るとするが、Rad53 が Pol1 の働きを上げるか下げるかは書かれない。10562568 は Rad53 が Pol α-プライマーゼのリン酸化を調節するとだけ
BRE1,RAD53,2026-10-04,25275495,H2B のユビキチン化が Rad53 の活性化を助けるが、要旨に Bre1 の名がなく、ヒストンを介する関係
NPR1,MEP1,2026-10-04,30156471;26172854,向きの文（26172854）は輸送体の名を出さず、名前は別の論文（30156471）から補っている（2 本をつないだ推定）
NPR1,MEP3,2026-10-04,30156471;26172854,向きの文（26172854）は輸送体の名を出さず、名前は別の論文（30156471）から補っている（2 本をつないだ推定）
NPR1,BAP2,2026-10-04,14757244;11587526,Npr1 に依存して Bap2 の N 末端がリン酸化されるが、npr1 で分解が「わずかに」増え、Npr1 が分解に拮抗すると「suggesting」とあるだけで向きを決められない
MKS1,URE2,2026-10-04,10511541;16921555;11923302,Mks1 ⊣ Ure2 は遺伝学からの「suggest」のモデル。のちの論文で mks1Δ の効果は DAL5 の検出の問題とされ、Mks1 は NCR に影響しないとの報告もあり食い違う
GCN4,ECM21,2026-10-04,32744498,転写（並行の作業へ）。アミノ酸飢餓で Gcn4 が ART2 の転写を誘導する
PAR32,GNP1,2026-10-04,42050885,Par32 が Gnp1 と結合してエンドサイトーシスを抑えるとあるが、Par32 の量が増えると「inhibitory effect」が強まるとの記述もあり向きが要旨から読み切れない
TOR1,PUT3,2026-10-04,10629046;19574222,Put3 は窒素源が悪いほどリン酸化されるが、リン酸化する酵素や TOR との関係は示されていない
DED1,TIF4631,2026-10-04,31141444,Ded1 は通常の増殖では翻訳を助ける（状態で向きが変わる）
TIF5,GCD6,2026-10-04,20485439,eIF5 が直接働くのは eIF2 で、eIF2B（Gcd6）への作用は間接で代表させたもの
PAB1,PAN2,2026-10-04,15169912,Pab1 が結合するのは Pan3 で、触媒の Pan2 への作用としては書かれていない
SBP1,TIF4631,2026-10-04,22284680;31495062,Sbp1 は RGG モチーフで eIF4G に直接結合するが、翻訳を抑えるのは酵母の抽出液（試験管内）だけ。体内の抑制は他論文の「suggested」
NPL3,TIF4631,2026-10-04,22284680,Npl3 は eIF4G に直接結合し抽出液で翻訳を抑えるが、試験管内だけ。体内では「suggested」
IGO1,DHH1,2026-10-04,20471941;21289492,Rim15 のリン酸化で Igo1/2 が Dhh1 と結合し mRNA を分解から守るが、Dhh1 の働きを抑えるか（向き）は書かれていない。Igo1/2 がないと Dhh1 などが特定の mRNA の分解に関わる
IGO2,DHH1,2026-10-04,20471941;21289492,IGO1 → DHH1 と同じ
DHH1,ATG1,2026-10-04,30973873;26569496,窒素飢餓では Dhh1 が Atg1 の翻訳を上げるが、栄養のある条件では dhh1Δ で Atg1 が増え（30973873 の本文）、Dhh1 は ATG mRNA の分解を促す（26569496）。条件で向きが逆
DHH1,ATG13,2026-10-04,30973873;26569496,窒素飢餓では Dhh1 が Atg13 の翻訳を上げるが、栄養のある条件では Dhh1 が ATG mRNA の分解を促す（26569496）。DHH1 → ATG1 と同じく条件で向きが逆になりうる
MDN1,NOG2,2026-10-04,24240281,Nug2 が pre-60S から外れるには Rea1（MDN1）の ATPase の働きが要るが、Nug2 の働きへの向きとしては書かれていない（取り外し）
TOR1,DCP2,2026-10-04,26569496,TOR による Dcp2 のリン酸化が脱キャップを促すとあるが、要旨では S. cerevisiae と C. neoformans の実験が混ざり、どちらの酵母か決められない。PMC の本文も取れなかった
PBP1,PAN2,2026-10-04,15169912,Pbp1 は PAN を負に調節する「appears to」と推測の表現
RPP1A,GCN2,2026-10-04,37043534,P ストークの P1/P2 二量体（Rpp1A/B・Rpp2A/B）のどちらか一つが、リボソームの停止（飢餓によらない）での Gcn2 の活性化に要る。アミノ酸飢餓では要らず、遺伝子を一つに決められない
SCD6,DCP2,2026-10-04,30532217,つないだ Scd6 が Dcp2 を介して mRNA を減らすが、結論は「suggest」でレポーターの実験が主
TOR1,HMO1,2026-10-04,21924331,転写（並行の作業へ）。HMO1 のプロモーターの活性は TOR を止めると下がる
UBP3,ERG1,2026-10-04,33524398,プロテアソーム全体を介する間接の関係で、Erg1 への作用としては特定できない
UBP3,ERG3,2026-10-04,33524398,プロテアソーム全体を介する間接の関係で、Erg3 への作用としては特定できない
YPK1,GPT2,2026-10-04,31421179,Gpt2 の保存されたモチーフのリン酸化が活性を抑え TAG の無駄な循環を防ぐとあるが、要旨にキナーゼの名前（Ypk1）がない（PMC 本文なし）
YPK1,SCT1,2026-10-04,,Ypk1 による Sct1 のリン酸化を述べる原著が PubMed で見つからなかった
PKH1,FPK1,2026-10-04,19966303,Ypk1 が Fpk1 をリン酸化して抑えるとあるが、Pkh1/2 が Fpk1 を直接制御する記述はない
KES1,PIK1,2026-10-04,17881569,Kes1 は Pik1 が作るゴルジの PI4P の働きを抑えるとあるが、Pik1 そのものへの作用ではない（産物の脂質を介する）
MSS4,SLM2,2026-10-04,15372071,"PI4,5P2 に依存して局在するとあるのは Slm1 で、Slm2 については「suggest」の推測のみ（MSS4>SLM1 は既に searched_not_found）"
UPC2,ERG11,2026-10-04,25655993,転写（並行の作業へ）。Upc2 はエルゴステロールが減ると活性化されステロール合成遺伝子を転写する
ECM22,ERG11,2026-10-04,,転写（並行の作業へ）
CDC28,TGL3,2026-10-04,,Cdk1 による Tgl3 のリン酸化・活性化を述べる原著が見つからなかった（Tgl4 は既に収録）
SCS2,OSH3,2026-10-04,21295699,Scs2/Scs22 が細胞膜の PI4P と Sac1 の活性を制御するとあるが、Osh3 への作用の向きは要旨にない
TRX1,AHP1,2026-10-04,9988687;22474296,Ahp1 は体内で「the thioredoxin system」を必要とするとだけあり Trx1・Trx2 を名指ししない（9988687）。22474296 は Ahp1-Trx2 複合体の結晶構造と試験管内の酵素活性だけ
TRX2,AHP1,2026-10-04,9988687;22474296,同上。Trx2 からの電子の受け渡しは構造と試験管内で示されるだけ
STI1,HSP82,2026-10-04,22354036,Sti1 は Hsp90 の ATPase を抑えるが、クライアントの受け渡しを進めるためで、Hsp90 の働きを上げるか下げるか一つに決まらない（試験管内）
MCK1,MSN2,2026-10-04,12529445,gsk-3 欠損で STRE 依存の転写と Msn2 の DNA 結合活性が下がるが「suggest」止まりで、Mck1 と Msn2 の複合体もリン酸化も検出されず「may be indirect」
CDC37,CDC28,2026-10-04,36594787,「Stability of Cdc28 is promoted by the Hsp90-Cdc37 chaperone complex」は背景の記述。本研究はミトコンドリア呼吸の欠損と cdc28 変異の組み合わせの話で、CDC37 の過剰発現で Cdc28 の量が上がるのは変異型 cdc28td の場合だけ
PRX1,TRX3,2026-10-04,22770501,Prx1 が Trx3 を酸化して細胞死を促すとあるが、ペルオキシレドキシンとチオレドキシンの間の電子の受け渡しで、信号の流れとして扱うか決められない
RIM101,NRG1,2026-10-04,12509465,転写（並行の作業へ）。Rim101 は NRG1 のプロモーターに結合して転写を抑える
RIM101,SMP1,2026-10-04,12509465,転写（並行の作業へ）。Rim101 は SMP1 のプロモーターに結合して転写を抑える
BEM1,CLA4,2026-10-04,28304276,根拠は Cla4 による Cdc24 のリン酸化を高めるという、Cdc24 への働きに限った記述（今の向きのまま残す）
BEM2,CDC42,2026-10-04,12145202;17914457,体内では効くが、試験管内で GAP 領域が Cdc42 に効かない報告と食い違う（今の向きのまま残す）
CUE3,SLH1,2026-10-04,36627279,同じ RQT 複合体の中の関係（今の向きのまま残す）
DCP1,DCP2,2026-10-04,16341225;21148770,根拠は分裂酵母のタンパク質が中心で、出芽酵母の論文は推定の書き方（今の向きのまま残す）
ACB1,LAC1,2026-10-04,39528796;38964337;15032750;11294913;28320857,酵母で Acb1 がセラミド合成酵素（Lac1・Lag1）を活性化すると書いた一文を見つけられない。UniProt の根拠 39528796・38964337 は構造の論文で要旨に Acb1 の記述がなく本文は PMC にない。Acb1 の欠損でセラミド・スフィンゴ脂質が減る（15032750・11294913）のみ。ACBP が CerS2/3 を活性化するのはマウス（28320857）
ACB1,LAG1,2026-10-04,39528796;38964337;15032750;11294913;28320857,ACB1→LAC1 と同じ。酵母で Acb1 が Lag1 を活性化するという記述を見つけられない（構造論文の要旨に記述なし、欠損でセラミドが減るのみ、活性化の記述はマウスの ACBP）
ADR1,ADA2,2026-10-04,8943299,転写（並行の作業へ）。8943299 は Ada2・Gcn5 が ADR1 の転写活性化に要る（補助因子→活性化因子の向き）と ADR1 の活性化領域が Ada2 に結合することを示すのみで、ADR1 が Ada2 を活性化するとは書いていない
ADR1,GCN5,2026-10-04,8943299,転写（並行の作業へ）。8943299 は Gcn5 が ADR1 の転写活性化に要り、ADR1 の 4 つの活性化領域すべてに結合することを示すのみ。ADR1 が Gcn5 の活性を高めるという記述はない
BUD5,GSP1,2026-10-04,11589573,Bud5 の過剰発現が prp20 変異を抑圧し Gsp1 に結合するが、Gsp1 の GEF として働くのは「可能性」としての記述にとどまる（IGI）
CDH1,ACM1,2026-10-04,18498748;21460798;18519589;18596038;18287090;25072887,論文間で食い違い。18498748 は分裂期の後半に APC-Cdh1 も Acm1 の分解を促すとするが、18519589・21460798 は Acm1 は APC の基質でない（偽基質阻害因子）、18287090・25072887 は Acm1 の分解は APC に依存しないとする。試験管内で APC-Cdh1 にユビキチン化されるのは D/KEN ボックスの変異体（18596038）。向きは ACM1→CDH1（抑制）が確か
CDH1,PDS1,2026-10-04,9334304;26252546;11566880;16364911;23707760,論文間で食い違い。9334304 は cdh1Δ で Pds1 の分解は損なわれない（Pds1 は Cdc20 に依存）とし、11566880 でも Pds1 は Cdc20 と結合。26252546 は活性型 Cdh1 の過剰発現で Pds1 の分解に脱リン酸化が要ると APC-Cdh1 の基質として扱う。BioGRID の試験管内のユビキチン化の論文（16364911・23707760）の要旨に Pds1 の体内の制御の記述なし
COX15,COX10,2026-10-04,11959116;18953022,11959116 は「ヘムの量から、ヒドロキシ化中間体か Cox15 自体がヘム B のファルネシル化（Cox10）を正に制御することが示唆される」と推定にとどめ、どちらかも特定しない。18953022 は転写の違いと量比のみ
CYC8,RTG3,2026-10-04,9867831,転写（並行の作業へ）。Cyc8-Tup1 は Rtg3 の活性化領域に結合して CIT2 プロモーターにつながれ、ミトコンドリア機能不全で CIT2 の転写を活性化する。作用は CIT2 の転写で、Rtg3 そのものを活性化するとは書いていない
DSS4,YPT1,2026-10-04,9819430;11419942;8429886,Dss4 の Ypt1 へのヌクレオチド交換は非常に遅く、Ypt1-Dss4 の複合体は長く続いて交換以外の意味がありそうだとする（11419942）。9819430 は Dss4 との結合部位のみ、8429886 は Sec4 の論文。Dss4 が Ypt1 を活性化するという明記なし
ERG28,ERG25,2026-10-04,12119386;15995173;15522820;29319811;11160377,Erg28 は C-4 脱メチル化の酵素（Erg25・Erg26・Erg27）を小胞体につなぐ足場とされるが、Erg25 の活性への作用は書かれていない（erg28 で Erg25 の量は変わらない、15522820）。欠損で中間体がたまるのは遺伝学からの推論
ERG28,ERG26,2026-10-04,12119386;15995173;15522820;29319811;11160377,Erg28 は足場として複合体をつなぐとされ、Erg26 の活性への作用は書かれていない。erg28Δ で erg26・erg27 と同じ中間体がたまる（11160377）ことからの推論のみ
ERG28,ERG27,2026-10-04,12119386;15995173;15522820;29319811;11160377,Erg28 は Erg27 と最も強く結合する足場（12119386・15995173）とされるが、Erg27 の活性・量への作用は要旨に書かれていない
ERG29,ERG25,2026-10-04,29773647,Erg29 はメチルステロール酸化（Erg25 の段階）に役割があるとするのみで、Erg25 の活性を高めるとは書いていない（欠損で中間体がたまるのは遺伝学からの推論）
MON2,ARL1,2026-10-04,22594927,GTP 型の変異型 Arl1 についての遺伝学だけ（確度 low）。GO の促進とも食い違うので、向きは決めない
GYP1,VPS21,2026-10-04,9452439;22157956;11359917,向きは試験管内だけ。Gyp1 は Ypt51（Vps21）の GTP 加水分解を試験管内で促し（9452439）、精製系で Vps21 による係留を止める（22157956）。体内では Gyp1 はゴルジで Ypt1 に働く負の調節因子とされ（11359917）、Vps21 への体内の作用は書かれていない
GYP1,YPT7,2026-10-04,9452439;11359917,向きは試験管内だけ。Gyp1 は Ypt7 の GTP 加水分解を試験管内で促すが（9452439）、体内ではゴルジで Ypt1 に働く負の調節因子とされ（11359917）、Ypt7 への体内の作用は書かれていない
HCH1,HSP82,2026-10-04,12504007;23166640;9990037,向きが決まらない。Hch1 が Hsp90 の ATPase を高めるのは試験管内だけ（12504007）。体内では Hch1 の欠失が Hsp90 変異体の温度感受性と阻害剤感受性を和らげ、過剰発現は阻害剤感受性を上げ、著者は ATPase の促進とは別の仕方で調節すると結論（23166640）。一方 HCH1 は Hsp90 の機能低下変異の多コピー抑圧因子（9990037）で、向きが論文で一致しない
HEL2,CUE2,2026-10-04,30609991;31219035;36583309,向きが明記されていない。Hel2 と Cue2 はともに NGD に要る（36583309 本文）。Cue2 のユビキチン結合ドメインが Hel2 によるユビキチン化リボソームを認識する「かもしれない」・ポリユビキチン化 eS7 を認識すると「提案」するだけで、Hel2 が Cue2 を働かせるとの記述はない
ILV6,ILV2,2026-10-04,10213630,試験管内だけ。精製した Ilv6 が再構成で Ilv2 の活性を最大 7 倍に上げバリン感受性を与えるが、体内の作用は書かれていない
IST1,VPS4,2026-10-04,18032582;26515066,状態で向きが逆になる。Ist1 は Did2 を介して Vps4 の動員を正に調節し、Ist1-Vps4 のヘテロ二量体では負に調節する（18032582）。試験管内では Ist1 単独は Vps4 の ATPase を抑えるが、開いた構造や Did2 との結合で促進側に変わる（26515066）
JAC1,SSQ1,2026-10-04,12756240,試験管内だけ。Jac1 と Isu1 は協同して Ssq1 の ATPase を高め、Jac1 は ATP 存在下で Ssq1 と Isu1 の結合を助ける（試験管内）。体内の実験は両者が「ともに働く」ことを示すとするだけで、Jac1 が Ssq1 の働きを上げる体内の記述はない
JJJ1,SSA1,2026-10-04,17242366,試験管内だけ。Jjj1 は Ssa の ATPase を試験管内で高める。体内では Ssa とともに 60S の成熟の後期に働くと「考えられる」とするだけ
LIF1,POL4,2026-10-04,12235149;15342630,Lif1 による向きの記述がない。Pol4 は BRCT ドメインで Dnl4-Lif1 の Dnl4 サブユニットに直接結合し、その結合が Pol4 の DNA 合成活性を高める（試験管内、12235149）。作用の担い手は Dnl4 で、Lif1 ではない
LST8,TOR2,2026-10-04,16002396;12719473;29170376,向きが明記されていない。Lst8 は Tor2 のキナーゼドメイン側に結合し TORC2 の構造と活性を「調節するらしい」（modulate）とするだけ（16002396、本文は PMC にない）。12719473 は lst8 変異が tor2 変異と同じ細胞壁の欠陥を示すとするが Tor2 の活性への向きは書かれていない
MAG2,HEL2,2026-10-04,30893611;40987586,順序だけ。uS3 を Mag2 が先に単ユビキチン化し、Hel2・Rsp5 が続いて鎖を伸ばす（30893611）。Mag2 の単ユビキチン化が Hel2 の働きに要るとは明記されていない（本文は PMC にない）
MAG2,RSP5,2026-10-04,30893611;40987586,順序だけ。uS3 を Mag2 が先に単ユビキチン化し、Hel2・Rsp5 が続いて鎖を伸ばす（30893611）。Mag2 の単ユビキチン化が Rsp5 の働きに要るとは明記されていない
MGE1,SSQ1,2026-10-04,12756240;11601843,向きが明記されていない。Ssq1 は Ssc1 とヌクレオチド交換因子 Mge1 を共有し（12756240）、Ssc1 と Mge1 を取り合う。Mge1 の働きや量を乱すと単離ミトコンドリアで Ssq1 の活性に直接影響するとするが、上下の向きは要旨に書かれていない（11601843）
MNN4,KTR6,2026-10-04,9459307;9878815;9813355,向きが明記されていない。Mnn4 はマンノシルリン酸転移酵素 Mnn6（Ktr6）の「推定の」正の調節因子とされるだけで（9459307）、Mnn4 が Mnn6 の活性を上げる実験の記述はない（9878815・9813355 は両遺伝子が転移に要るとするだけ）
MOT2,HEL2,2026-10-04,30609991,順序だけ。ジソームの外の NGD では Not4 による eS7 の単ユビキチン化が先にあり、続いて Hel2 が K63 鎖をつくる（30609991）。Not4 の単ユビキチン化が Hel2 の働きに要るとは要旨に明記されていない（本文は PMC で読めない）
MUS81,SRS2,2026-10-04,25765656,試験管内だけの根拠（今の向きのまま残す）
NOP8,RRP6,2026-10-04,21747919,試験管内だけの根拠（今の向きのまま残す）
PEX12,PEX10,2026-10-04,35768507,試験管内だけの根拠（今の向きのまま残す）
PEX3,MSP1,2026-10-04,32541053,試験管内だけの根拠（今の向きのまま残す）
PTC3,HOG1,2026-10-04,12477803,PTC2 PTC3 二重欠損だけの根拠（今の向きのまま残す）
PXR1,PRP43,2026-10-04,24823796;39578461,Pxr1 には ATPase を抑える I パッチもあり、向きが一つに決まらない（今の向きのまま残す）
MTE1,MPH1,2026-10-04,26966248;26966246;26920759,向きが働きで逆になる: Mte1 は Mph1 のヘリカーゼ・フォーク後退を促すが、組換え中間体（D ループ）を解く働きは抑える（26966248・26966246）。一方の向きに決められない。今の向き（GO: 活性化）のまま
OAF1,CTA1,2026-10-04,10428786,転写（並行の作業へ）。Oaf1-Pip2 のヘテロ二量体がオレイン酸で ORE の転写を活性化する
PIP2,CTA1,2026-10-04,10428786,転写（並行の作業へ）。Oaf1-Pip2 のヘテロ二量体がオレイン酸で ORE の転写を活性化する
OAF1,POT1,2026-10-04,10428786,転写（並行の作業へ）。Oaf1-Pip2 のヘテロ二量体がオレイン酸で ORE の転写を活性化する
PIP2,POT1,2026-10-04,10428786,転写（並行の作業へ）。Oaf1-Pip2 のヘテロ二量体がオレイン酸で ORE の転写を活性化する
OAF1,POX1,2026-10-04,8972187,転写（並行の作業へ）。Oaf1-Pip2 のヘテロ二量体がオレイン酸で ORE の転写を活性化する
PIP2,POX1,2026-10-04,8972187,転写（並行の作業へ）。Oaf1-Pip2 のヘテロ二量体がオレイン酸で ORE の転写を活性化する
PAB1,CCR4,2026-10-04,11889048;17766253;29932902;29932908,報告が食い違う: 試験管内で Pab1 を加えると Ccr4 の脱アデニル化が抑えられる（11889048）一方、Pab1 のリンカー領域を除くと Pop2-Ccr4 による Pab1 結合ポリ(A) の脱アデニル化が妨げられ（17766253）、Pab1 は Ccr4-Not の脱アデニル化を促すとの報告（29932902、分裂酵母のタンパク質で再構成）もある。今の向き（GO: 抑制）のまま
PEX5,PEX14,2026-10-04,35768507;15949802;16107331,結合（受容体 Pex5 がドッキング因子 Pex14 に結合して輸入する）で、Pex5 が Pex14 の働きを上げる・下げると書いた論文は見つからない。今の向き（GO-CAM: 活性化）のまま
PHO85,RIM101,2026-10-04,20382759;25582350,Pho85 は Rim101 の活性型の核への蓄積を「おそらくリン酸化で」調節するとだけあり、増やすか減らすかが要旨にない（PMC は要旨のみ）。今の向き（抑制）のまま
RCL1,BMS1,2026-10-04,16376378;16307926;25064857,Rcl1 が GDP/GTP 交換を促して Bms1 を活性化する、は熱力学的解析からの「示唆」（16376378、本文は PMC にない）。ほかの論文に明記なし。今の向き（UniProt: 活性化）のまま
RKR1,VMS1,2026-10-04,29875445;29632312;27385828,Ltn1 と Vms1 は RQC で別々の段階（ユビキチン化と、tRNA 加水分解による新生鎖の放出）を担い、Ltn1 が Vms1 の働きを変えるという記述はない。今の向き（GO-CAM: 活性化）のまま
SLH1,RQC2,2026-10-04,30893611,Slh1 の ATPase 活性は止まったリボソームのサブユニット解離に要るが（30893611）、Rqc2 は要旨に出てこず、Slh1 が Rqc2 の働きを変えるとは書かれていない（解離が RQC の前段階という経路の順序だけ）
SRB4,RPB3,2026-10-04,21415355,転写（並行の作業へ）。Mediator の Med17（Srb4）が Pol II の Rpb3 に直接結合し、Pol II のゲノム全体での呼び込みに要る（21415355）
STB1,SWI6,2026-10-04,10409718;12832490;18794370,転写（並行の作業へ）。Stb1 は Swi6 に結合し MBF の転写に要るとする報告（12832490）と、G1 期に MBF/SBF の転写を抑えもするとする報告（18794370）があり、Swi6 への作用の向きも一定しない
STE2,GPA1,2026-10-04,16467474;28958779;33268889;35296853;8307334,受容体 Ste2 が Gpa1 の GDP/GTP 交換を促す（GEF として活性化する）と明記した酵母の一次論文の文を見つけられなかった。構造（33268889・35296853）と事前結合（28958779）は結合だけ。受容体は Gα によらず経路を抑える働きもある（8307334）
STE3,GPA1,2026-10-04,16467474;8307334;17369365,Ste3 が Gpa1 を活性化すると明記した一次論文の文を見つけられなかった。8307334 は Ste3 が Gα によらず経路を抑える働きを示す。UniProt の記載の出典 16467474 は Sst2 の論文で受容体の作用を書いていない
TAG1,ATG1,2026-10-04,33536246,要旨では、飢餓が続くときの自食作用の終了は Atg1 による Atg13 の再リン酸化で起こり、tag1 欠失では Atg13 の再リン酸化と PAS の分散が起きない（33536246）。Tag1 は Atg1 による Atg13 のリン酸化を促す側にみえ、GO-CAM の「Atg1 を負に制御」とは合わないが、Tag1 の Atg1 への直接の作用は書かれていない。全文は PMC にない
VAM6,YPT7,2026-10-04,11062257;20797862;18809726,矛盾する論文: 精製 Vps39 が Ypt7 のヌクレオチド交換を促すとの報告（11062257）に対し、Ypt7 の GEF は Mon1-Ccz1 で Vps39/HOPS によらないとの報告（20797862）があり、Vps39 は「推定の」GEF とされる（18809726）
VPS9,YPT52,2026-10-04,23612966;30578283;10329739,Vps9 の GEF 活性を示した 10329739 は Vps21 だけを調べた。23612966 の要旨は Muk1 が Vps21・Ypt52・Ypt53 の 2 番目の GEF と書くが、Vps9 が Ypt52 に働くとは明記せず、全文も得られなかった
VPS9,YPT53,2026-10-04,23612966;30578283;10329739,Vps9 の GEF 活性を示した 10329739 は Vps21 だけを調べた。23612966 の要旨は Muk1 が Vps21・Ypt52・Ypt53 の 2 番目の GEF と書くが、Vps9 が Ypt53 に働くとは明記せず、全文も得られなかった
CDC28,BAP2,2026-10-04,19779198,網羅的な論文だけ（個別の論文が見つからない）。19779198 は網羅的なリン酸化解析で、CDC28 と BAP2 の組を個別に調べた論文は PubMed の検索（組の名前・別名、BAP2 のリン酸化）で見つからない
CDC28,HAL5,2026-10-04,19779198,網羅的な論文だけ（個別の論文が見つからない）。19779198 は網羅的なリン酸化解析で、CDC28 と HAL5 の組を個別に調べた論文は PubMed の検索（組の名前・別名、HAL5 のリン酸化）で見つからない
CDC28,INP53,2026-10-04,19779198,網羅的な論文だけ（個別の論文が見つからない）。19779198 は網羅的なリン酸化解析で、CDC28 と INP53 の組を個別に調べた論文は PubMed の検索（組の名前・別名、INP53 のリン酸化）で見つからない
CDC28,RIF1,2026-10-04,19779198;37140180,個別の論文はあるが向きを決められない（規則 3）。19779198 は Cdk1 基質の網羅的なリン酸化解析（S45）。37140180 はテロメア損傷で Rif1 の S57・S110 がリン酸化され、その維持に Cdk1 の活性が要り、リン酸化は Rif1 の損傷染色体への集積を「抑えるように見える（appeared）」と書くのみで、Cdk1 が Rif1 を直接リン酸化するかも、Cdk1 が Rif1 を抑えるとも明記しない（部位も違う）。規則 3 で向きは決めない
CDC28,TCO89,2026-10-04,19779198,網羅的な論文だけ（個別の論文が見つからない）。19779198 は網羅的なリン酸化解析で、CDC28 と TCO89 の組を個別に調べた論文は PubMed の検索（組の名前・別名、TCO89 のリン酸化）で見つからない
MCK1,EAP1,2026-10-04,21177495,網羅的な論文だけ（個別の論文が見つからない）。21177495 は網羅的なリン酸化解析で、MCK1 と EAP1 の組を個別に調べた論文は PubMed の検索（組の名前・別名、EAP1 のリン酸化）で見つからない
MCK1,HAL5,2026-10-04,21177495,網羅的な論文だけ（個別の論文が見つからない）。21177495 は網羅的なリン酸化解析で、MCK1 と HAL5 の組を個別に調べた論文は PubMed の検索（組の名前・別名、HAL5 のリン酸化）で見つからない
MPS1,GCD6,2026-10-04,20489023,網羅的な論文だけ（個別の論文が見つからない）。20489023 は網羅的なリン酸化解析で、MPS1 と GCD6 の組を個別に調べた論文は PubMed の検索（組の名前・別名、GCD6 のリン酸化）で見つからない
MPS1,GRR1,2026-10-04,20489023,網羅的な論文だけ（個別の論文が見つからない）。20489023 は網羅的なリン酸化解析で、MPS1 と GRR1 の組を個別に調べた論文は PubMed の検索（組の名前・別名、GRR1 のリン酸化）で見つからない
MPS1,HRR25,2026-10-04,20489023,網羅的な論文だけ（個別の論文が見つからない）。20489023 は網羅的なリン酸化解析で、MPS1 と HRR25 の組を個別に調べた論文は PubMed の検索（組の名前・別名、HRR25 のリン酸化）で見つからない
MPS1,MIF2,2026-10-04,20489023;36736323,網羅的な論文だけ（個別の論文が見つからない）。36736323 は Mif2 の PEST 領域の多部位リン酸化が内側キネトコアの組み立てを促すとするが、リン酸化するキナーゼ（Mps1）は要旨に書かれていない
MPS1,OKP1,2026-10-04,20489023,網羅的な論文だけ（個別の論文が見つからない）。20489023 は網羅的なリン酸化解析で、MPS1 と OKP1 の組を個別に調べた論文は PubMed の検索（組の名前・別名、OKP1 のリン酸化）で見つからない
PBS2,HSP42,2026-10-04,21177495;37306264,網羅的な論文だけ（個別の論文が見つからない）。37306264 は Hsp42 の S215 のリン酸化が Hog1 を一部介して起こり Hsp42 の働きを損なうとするが、Pbs2 については書いていない
PHO85,ASK1,2026-10-04,21177495,網羅的な論文だけ（個別の論文が見つからない）。21177495 は網羅的なリン酸化解析で、PHO85 と ASK1 の組を個別に調べた論文は PubMed の検索（組の名前・別名、ASK1 のリン酸化）で見つからない
PPH21,BRE1,2026-10-04,21177495,網羅的な論文だけ（個別の論文が見つからない）。21177495 は網羅的なリン酸化解析で、PPH21 と BRE1 の組を個別に調べた論文は PubMed の検索（組の名前・別名、BRE1 のリン酸化）で見つからない
PPH21,HSP42,2026-10-04,21177495;37306264,網羅的な論文だけ（個別の論文が見つからない）。37306264 は Hsp42 の S215 のリン酸化（Hog1 を一部介する）が Hsp42 の働きを損なうとするが、Pph21（PP2A）による脱リン酸化については書いていない
PPH21,PAL1,2026-10-04,21177495,網羅的な論文だけ（個別の論文が見つからない）。21177495 は網羅的なリン酸化解析で、PPH21 と PAL1 の組を個別に調べた論文は PubMed の検索（組の名前・別名、PAL1 のリン酸化）で見つからない
PPH21,SDH4,2026-10-04,21177495,網羅的な論文だけ（個別の論文が見つからない）。21177495 は網羅的なリン酸化解析で、PPH21 と SDH4 の組を個別に調べた論文は PubMed の検索（組の名前・別名、SDH4 のリン酸化）で見つからない
PPH21,SHS1,2026-10-04,21177495;12636916,個別の論文はあるが向きを決められない（規則 3）。12636916 は Rts1（PP2A の調節サブユニット）に依存する Shs1 の脱リン酸化が分裂期の終わりのセプチン環の動きと「相関する」とし、仕組みも possibly とするのみ。Pph21 自体の作用や Shs1 の働きを上げるか下げるかは明記されない
PSK2,FPR1,2026-10-04,21177495,網羅的な論文だけ（個別の論文が見つからない）。21177495 は網羅的なリン酸化解析で、PSK2 と FPR1 の組を個別に調べた論文は PubMed の検索（組の名前・別名、FPR1 のリン酸化）で見つからない
PSR1,EAP1,2026-10-04,21177495,網羅的な論文だけ（個別の論文が見つからない）。21177495 は網羅的なリン酸化解析で、PSR1 と EAP1 の組を個別に調べた論文は PubMed の検索（組の名前・別名、EAP1 のリン酸化）で見つからない
PSR1,EAR1,2026-10-04,21177495,網羅的な論文だけ（個別の論文が見つからない）。21177495 は網羅的なリン酸化解析で、PSR1 と EAR1 の組を個別に調べた論文は PubMed の検索（組の名前・別名、EAR1 のリン酸化）で見つからない
PSR2,EDE1,2026-10-04,21177495,網羅的な論文だけ（個別の論文が見つからない）。21177495 は網羅的なリン酸化解析で、PSR2 と EDE1 の組を個別に調べた論文は PubMed の検索（組の名前・別名、EDE1 のリン酸化）で見つからない
PSR2,GIN4,2026-10-04,21177495,網羅的な論文だけ（個別の論文が見つからない）。21177495 は網羅的なリン酸化解析で、PSR2 と GIN4 の組を個別に調べた論文は PubMed の検索（組の名前・別名、GIN4 のリン酸化）で見つからない
PSR2,HTB2,2026-10-04,21177495,ヒストン（向きの決め方を見直し中）。根拠は網羅的な論文だけ（個別の論文が見つからない）
PSR2,SLA1,2026-10-04,21177495,網羅的な論文だけ（個別の論文が見つからない）。21177495 は網羅的なリン酸化解析で、PSR2 と SLA1 の組を個別に調べた論文は PubMed の検索（組の名前・別名、SLA1 のリン酸化）で見つからない
PSR2,STE20,2026-10-04,21177495,網羅的な論文だけ（個別の論文が見つからない）。21177495 は網羅的なリン酸化解析で、PSR2 と STE20 の組を個別に調べた論文は PubMed の検索（組の名前・別名、STE20 のリン酸化）で見つからない
PTK1,ATG19,2026-10-04,21177495,網羅的な論文だけ（個別の論文が見つからない）。21177495 は網羅的なリン酸化解析で、PTK1 と ATG19 の組を個別に調べた論文は PubMed の検索（組の名前・別名、ATG19 のリン酸化）で見つからない
PTK1,DOT6,2026-10-04,21177495,網羅的な論文だけ（個別の論文が見つからない）。21177495 は網羅的なリン酸化解析で、PTK1 と DOT6 の組を個別に調べた論文は PubMed の検索（組の名前・別名、DOT6 のリン酸化）で見つからない
PTK1,GAT1,2026-10-04,21177495,網羅的な論文だけ（個別の論文が見つからない）。21177495 は網羅的なリン酸化解析で、PTK1 と GAT1 の組を個別に調べた論文は PubMed の検索（組の名前・別名、GAT1 のリン酸化）で見つからない
PTK1,GIC2,2026-10-04,21177495,網羅的な論文だけ（個別の論文が見つからない）。21177495 は網羅的なリン酸化解析で、PTK1 と GIC2 の組を個別に調べた論文は PubMed の検索（組の名前・別名、GIC2 のリン酸化）で見つからない
PTK1,LAG1,2026-10-04,21177495,網羅的な論文だけ（個別の論文が見つからない）。21177495 は網羅的なリン酸化解析で、PTK1 と LAG1 の組を個別に調べた論文は PubMed の検索（組の名前・別名、LAG1 のリン酸化）で見つからない
PTK1,MSS4,2026-10-04,21177495,網羅的な論文だけ（個別の論文が見つからない）。21177495 は網羅的なリン酸化解析で、PTK1 と MSS4 の組を個別に調べた論文は PubMed の検索（組の名前・別名、MSS4 のリン酸化）で見つからない
PTK1,PAL2,2026-10-04,21177495,網羅的な論文だけ（個別の論文が見つからない）。21177495 は網羅的なリン酸化解析で、PTK1 と PAL2 の組を個別に調べた論文は PubMed の検索（組の名前・別名、PAL2 のリン酸化）で見つからない
PTK1,RKM1,2026-10-04,21177495,網羅的な論文だけ（個別の論文が見つからない）。21177495 は網羅的なリン酸化解析で、PTK1 と RKM1 の組を個別に調べた論文は PubMed の検索（組の名前・別名、RKM1 のリン酸化）で見つからない
PTK1,SPC29,2026-10-04,21177495,網羅的な論文だけ（個別の論文が見つからない）。21177495 は網羅的なリン酸化解析で、PTK1 と SPC29 の組を個別に調べた論文は PubMed の検索（組の名前・別名、SPC29 のリン酸化）で見つからない
PTK1,UBP3,2026-10-04,21177495,網羅的な論文だけ（個別の論文が見つからない）。21177495 は網羅的なリン酸化解析で、PTK1 と UBP3 の組を個別に調べた論文は PubMed の検索（組の名前・別名、UBP3 のリン酸化）で見つからない
PTK1,YHP1,2026-10-04,21177495,網羅的な論文だけ（個別の論文が見つからない）。21177495 は網羅的なリン酸化解析で、PTK1 と YHP1 の組を個別に調べた論文は PubMed の検索（組の名前・別名、YHP1 のリン酸化）で見つからない
PTK2,CLN2,2026-10-04,21177495,網羅的な論文だけ（個別の論文が見つからない）。21177495 は網羅的なリン酸化解析で、PTK2 と CLN2 の組を個別に調べた論文は PubMed の検索（組の名前・別名、CLN2 のリン酸化）で見つからない
PTK2,TCO89,2026-10-04,21177495,網羅的な論文だけ（個別の論文が見つからない）。21177495 は網羅的なリン酸化解析で、PTK2 と TCO89 の組を個別に調べた論文は PubMed の検索（組の名前・別名、TCO89 のリン酸化）で見つからない
PTP1,ASK1,2026-10-04,21177495;7559654,網羅的な論文だけ（個別の論文が見つからない）（21177495 は網羅的なリン酸化プロテオミクスで、部位だけ）。Ptp1 はチロシン特異的ホスファターゼで（7559654、体内の基質は Fpr3）、記録の部位はセリン。Ptp1 による Ask1 の脱リン酸化の個別の論文はない
PTP1,NUP2,2026-10-04,21177495;7559654,網羅的な論文だけ（個別の論文が見つからない）（21177495 は網羅的なリン酸化プロテオミクスで、部位だけ）。Ptp1 はチロシン特異的ホスファターゼで（7559654、体内の基質は Fpr3）、記録の部位はセリン。Ptp1 による Nup2 の脱リン酸化の個別の論文はない
RAD53,FUN30,2026-10-04,17563356;23007155;28063255;26801641,網羅的な論文だけ（個別の論文が見つからない）（17563356 は網羅的なリン酸化プロテオミクスで、部位だけ）。Fun30 のリン酸化の個別の論文（26801641・28063255）は CDK によるもので、Rad53 によるリン酸化の働きは書かれていない
RAD53,HHF1,2026-10-04,17563356,ヒストン（向きの決め方を見直し中）。網羅的な論文だけ（個別の論文が見つからない）（17563356 は網羅的なリン酸化プロテオミクス）
RAD53,PLM2,2026-10-04,17563356;20190278;22333912,網羅的な論文だけ（個別の論文が見つからない）（17563356・20190278 は網羅的なリン酸化プロテオミクスで、部位だけ）。22333912 は Rad53-MBF による PLM2 と対の TOS4 の発現誘導の話で、Rad53 による Plm2 タンパク質のリン酸化の働きは書かれていない
RAD53,RAD54,2026-10-04,20190278;27001511,網羅的な論文だけ（個別の論文が見つからない）（20190278 は網羅的なリン酸化プロテオミクスで、部位だけ）。27001511 は NMD による RAD54 の量の調節で、Rad53 による Rad54 のリン酸化の働きは書かれていない
RAD53,RTT107,2026-10-04,20190278;16267268;21647453;20670896,網羅的な論文だけ（個別の論文が見つからない）（20190278 は網羅的なリン酸化プロテオミクスで、部位だけ）。個別の論文（16267268・21647453・20670896）では Rtt107 をリン酸化するのは Mec1 で、Rad53 によるリン酸化の働きは書かれていない
RAD53,SEC31,2026-10-04,17563356;23349870,網羅的な論文だけ（個別の論文が見つからない）（17563356 は網羅的なリン酸化プロテオミクスで、部位だけ）。23349870 はヒト細胞の CK2 による Sec31 のリン酸化で、Rad53 とは無関係
RAD53,SHS1,2026-10-04,17563356;17130285,網羅的な論文だけ（個別の論文が見つからない）（17563356 は網羅的なリン酸化プロテオミクスで、部位だけ）。17130285 は Rad53 の FHA1 にセプチンが結合し Shs1 が複製ストレス応答に要ることを示すが、Rad53 が Shs1 の働きをどちらに変えるかは書かれていない
RAD53,SNF2,2026-10-04,17563356,網羅的な論文だけ（個別の論文が見つからない）（17563356 は網羅的なリン酸化プロテオミクスで、部位だけ）
RIM11,NPL3,2026-10-04,21177495;11233987,網羅的な論文だけ（個別の論文が見つからない）（21177495 は網羅的なリン酸化プロテオミクスで、部位だけ）。11233987 は Sky1 による Npl3 のリン酸化で、Rim11 は出てこない
SIT4,BCP1,2026-10-04,21177495,網羅的な論文だけ（個別の論文が見つからない）（21177495 は網羅的なリン酸化プロテオミクスで、部位だけ）
SIT4,STE50,2026-10-04,21177495;18854322;14555477,網羅的な論文だけ（個別の論文が見つからない）（21177495 は網羅的なリン酸化プロテオミクスで、部位だけ）。Ste50 のリン酸化の個別の論文（18854322 は Hog1、14555477 はカゼインキナーゼ I）に Sit4 は出てこない
SNF1,BUD3,2026-10-04,21177495,網羅的な論文だけ（個別の論文が見つからない）（21177495 は網羅的なリン酸化プロテオミクスで、部位だけ）
SNF1,KIN1,2026-10-04,21177495;30201804,網羅的な論文だけ（個別の論文が見つからない）（21177495 は網羅的なリン酸化プロテオミクスで、部位だけ）。30201804 は Kin1 の活性化ループの自己（相互）リン酸化で、Snf1 は出てこない
SNF1,PDR5,2026-10-04,21177495,網羅的な論文だけ（個別の論文が見つからない）（21177495 は網羅的なリン酸化プロテオミクスで、部位だけ）
SNF1,PRB1,2026-10-04,21177495;9045801;2407604,網羅的な論文だけ（個別の論文が見つからない）（21177495 は網羅的なリン酸化プロテオミクスで、部位だけ）。2407604・9045801 は PRB1 の発現（グルコース抑制）が SNF1 によらないと述べており、Snf1 による Prb1 のリン酸化の働きは書かれていない
SNF1,RTC1,2026-10-04,21177495,網羅的な論文だけ（個別の論文が見つからない）（21177495 は網羅的なリン酸化プロテオミクスで、部位だけ）
SNF1,UBP3,2026-10-04,21177495;26657849,網羅的な論文だけ（個別の論文が見つからない）（21177495 は網羅的なリン酸化プロテオミクスで、部位だけ）。26657849 は Rck1 による Ubp3 のリン酸化の促進で、Snf1 は出てこない
SSN3,CBF1,2026-10-04,21177495,網羅的な論文だけ（個別の論文が見つからない）（21177495 は網羅的なリン酸化プロテオミクスで、部位だけ）
SSN3,SPL2,2026-10-04,21177495,網羅的な論文だけ（個別の論文が見つからない）（21177495 は網羅的なリン酸化プロテオミクスで、部位だけ）
STE11,DIG1,2026-10-04,21177495;19218425,網羅的な論文だけ（個別の論文が見つからない）（21177495 は網羅的なリン酸化プロテオミクスで、部位だけ）。19218425 は Hog1 による Kss1-Tec1 間の抑制で、Ste11 による Dig1 のリン酸化の働きは書かれていない
STE11,SPO12,2026-10-04,21177495;19268588,網羅的な論文だけ（個別の論文が見つからない）（21177495 は網羅的なリン酸化プロテオミクスで、部位だけ）。19268588 は CDK による Spo12 S118 のリン酸化で、Ste11 は出てこない
TEL1,CBF1,2026-10-04,17563356;20190278,網羅的な論文だけ（個別の論文が見つからない）（17563356・20190278 は網羅的なリン酸化プロテオミクスで、部位だけ）
TEL1,CYC8,2026-10-04,17563356,網羅的な論文だけ（個別の論文が見つからない）（17563356 は網羅的なリン酸化プロテオミクスで、部位だけ）
TEL1,DNA2,2026-10-04,20190278;22682245;21841787;26019182,網羅的な論文だけ（個別の論文が見つからない）（20190278 は網羅的なリン酸化プロテオミクスで、部位だけ）。22682245 は分裂酵母の Cds1 による Dna2 のリン酸化、21841787 は Cdk1 によるもので、Tel1 による Dna2 のリン酸化の働きは書かれていない
TEL1,GLC7,2026-10-04,20190278,網羅的な論文だけ（個別の論文が見つからない）（20190278 は網羅的なリン酸化プロテオミクスで、部位だけ）
TEL1,HPR1,2026-10-04,17563356;20190278,網羅的な論文だけ（個別の論文が見つからない）（17563356・20190278 は網羅的なリン酸化プロテオミクスで、部位だけ）
TEL1,HSP12,2026-10-04,17563356;20190278,網羅的な論文だけ（個別の論文が見つからない）（17563356・20190278 は網羅的なリン酸化プロテオミクスで、部位だけ）
TEL1,HTB2,2026-10-04,20190278,ヒストン（向きの決め方を見直し中）。網羅的な論文だけ（個別の論文が見つからない）（20190278 は網羅的なリン酸化プロテオミクス）
TEL1,INO80,2026-10-04,20190278;17693258;25959398,網羅的な論文だけ（個別の論文が見つからない）（20190278 は網羅的なリン酸化プロテオミクスで、部位だけ）。個別の論文（17693258・25959398）で Mec1/Tel1 がリン酸化するのは INO80 複合体の Ies4 サブユニットで、Ino80 自体のリン酸化の働きは書かれていない
TEL1,NDD1,2026-10-04,20190278;24324010;25894965,網羅的な論文だけ（個別の論文が見つからない）（20190278 は網羅的なリン酸化プロテオミクスで、部位だけ）。24324010 は Rad53 による Ndd1 の抑制的リン酸化（Tel1 の名はない）、25894965 は DNA 損傷で Mec1/Tel1 と Swe1 に依存して Ndd1 が安定化する（Cdk1 の抑制を通じた間接の作用）。活性は下がり量は増えるため向きは決められない
TEL1,NUP2,2026-10-04,17563356,網羅的な論文だけ（個別の論文が見つからない）（17563356 は網羅的なリン酸化プロテオミクスで、部位だけ）
TEL1,PSY4,2026-10-04,20190278,網羅的な論文だけ（個別の論文が見つからない）（20190278 は網羅的なリン酸化プロテオミクスで、部位だけ）
TEL1,RTT107,2026-10-04,20190278;16267268;21647453;20670896,網羅的な論文だけ（個別の論文が見つからない）（20190278 は網羅的なリン酸化プロテオミクスで、部位だけ）。個別の論文（16267268・21647453・20670896）では Rtt107 をリン酸化するのは Mec1 で、Tel1 によるリン酸化の働きは書かれていない
TEL1,SOK2,2026-10-04,17563356,網羅的な論文だけ（個別の論文が見つからない）（17563356 は網羅的なリン酸化プロテオミクスで、部位だけ）
TEL1,SUM1,2026-10-04,17563356;20190278,網羅的な論文だけ（個別の論文が見つからない）（17563356・20190278 は網羅的なリン酸化プロテオミクスで、部位だけ）
TEL1,YSH1,2026-10-04,17563356;20190278,網羅的な論文だけ（個別の論文が見つからない）（17563356・20190278 は網羅的なリン酸化プロテオミクスで、部位だけ）
TEL1,YTA7,2026-10-04,20190278,網羅的な論文だけ（個別の論文が見つからない）（20190278 は網羅的なリン酸化プロテオミクスで、部位だけ）
TPK2,RCN2,2026-10-04,21177495,網羅的な論文だけ（個別の論文が見つからない）（21177495 は網羅的なリン酸化プロテオミクスで、部位だけ）
BUB1,HHF1,2026-10-04,32064518,32064518 は H4-S47 ペプチドを基質にした 123 キナーゼの試験管内スクリーニング（補足図）で、生体内で H4 に印を付けるとは書かれていない。本文で H4-S47 の酵素として確かめたのは Cla4・Ste20（それも試験管内）。試験管内だけなので決めない
CDC15,HHF1,2026-10-04,32064518,32064518 は H4-S47 ペプチドを基質にした 123 キナーゼの試験管内スクリーニング（補足図）で、生体内で H4 に印を付けるとは書かれていない。本文で H4-S47 の酵素として確かめたのは Cla4・Ste20（それも試験管内）。試験管内だけなので決めない
CDC28,HHF1,2026-10-04,32064518,32064518 は H4-S47 ペプチドを基質にした 123 キナーゼの試験管内スクリーニング（補足図）で、生体内で H4 に印を付けるとは書かれていない。本文で H4-S47 の酵素として確かめたのは Cla4・Ste20（それも試験管内）。試験管内だけなので決めない
DBF2,HHF1,2026-10-04,32064518,32064518 は H4-S47 ペプチドを基質にした 123 キナーゼの試験管内スクリーニング（補足図）で、生体内で H4 に印を付けるとは書かれていない。本文で H4-S47 の酵素として確かめたのは Cla4・Ste20（それも試験管内）。試験管内だけなので決めない
FUS3,HHF1,2026-10-04,32064518,32064518 は H4-S47 ペプチドを基質にした 123 キナーゼの試験管内スクリーニング（補足図）で、生体内で H4 に印を付けるとは書かれていない。本文で H4-S47 の酵素として確かめたのは Cla4・Ste20（それも試験管内）。試験管内だけなので決めない
CDC28,HHO1,2026-10-04,21658602;21954289;24019491;23751495;10871278;11887184,挙げられた論文は Cdk1 の基質の網羅的・試験管内の解析や Cdc28 の別の働きの論文で、Cdc28 が生体内で Hho1 をリン酸化すると書いた一文はない。11887184 は Cdc2/サイクリン B（酵母でない）による試験管内の H1 のリン酸化
CLB2,HHO1,2026-10-04,22078879,22078879 は分裂期脱出での Cdk 基質の脱リン酸化の順序の解析（生体内の変調と試験管内の速度解析）で、要旨に Hho1 の記載がない。Clb2 はサイクリンで、生体内で Hho1 に印を付けると書いた一文は見つからない
CKA2,HHT1,2026-10-04,16135807;29938647,29938647 の本文で、cka2Δ では H3pT11 が変わらず、H3T11 のリン酸化に要るのは Cka1 だけと書かれている。16135807 は H4 S1 の論文で、Cka2 が H3 に印を付けるとは書かれていない
CKA2,HHT2,2026-10-04,16135807;29938647,29938647 の本文で、cka2Δ では H3pT11 が変わらず、H3T11 のリン酸化に要るのは Cka1 だけと書かれている。16135807 は H4 S1 の論文で、Cka2 が H3 に印を付けるとは書かれていない
CTK1,HTZ1,2026-10-04,16319894,16319894 はプロテインチップでの試験管内の網羅的なリン酸化の解析だけ
FUS3,HTA1,2026-10-04,16319894,16319894 はプロテインチップでの試験管内の網羅的なリン酸化の解析だけ
DBF2,HTZ1,2026-10-04,16242037,16242037 は Dbf2-Mob1 のプロテインチップでの試験管内の網羅的な解析だけ（RXXS の配列の好み）
ENV7,HHO1,2026-10-04,23166297,23166297 は試験管内のキナーゼ測定で Env7 がキナーゼであることを示しただけ（要旨）。ヒストンは活性の測定の基質と考えられ、生体内でヒストンに印を付けるとは書かれていない。PMC の本文は取得できなかった
ENV7,HHT1,2026-10-04,23166297,23166297 は試験管内のキナーゼ測定で Env7 がキナーゼであることを示しただけ（要旨）。ヒストンは活性の測定の基質と考えられ、生体内でヒストンに印を付けるとは書かれていない。PMC の本文は取得できなかった
ENV7,HTA1,2026-10-04,23166297,23166297 は試験管内のキナーゼ測定で Env7 がキナーゼであることを示しただけ（要旨）。ヒストンは活性の測定の基質と考えられ、生体内でヒストンに印を付けるとは書かれていない。PMC の本文は取得できなかった
ESA1,HHT1,2026-10-04,10082517;20810648;27550811;26420880;11545749,生体内で Esa1 が付けると書かれているのは H4・H2A・H2B（10082517・11545749・27550811）で、H3 は Piccolo NuA4 の試験管内の解析（26420880 の H3K14）だけ。20810648 は要旨に H3 の記載がなく本文も取得できない
ESA1,HHT2,2026-10-04,10082517;20810648;27550811;26420880;11545749,生体内で Esa1 が付けると書かれているのは H4・H2A・H2B（10082517・11545749・27550811）で、H3 は Piccolo NuA4 の試験管内の解析（26420880 の H3K14）だけ。20810648 は要旨に H3 の記載がなく本文も取得できない
ELP3,HTZ1,2026-10-04,16543219;16543223;20952395,Htz1 のアセチル化を担うと書かれているのは NuA4（Esa1）と Gcn5 で、Elp3 の記載は要旨にない。16543219 の PMC 本文は取得できなかった
GCN5,HHF1,2026-10-04,8805705;9733731;19218239;21749977;24298021;11545749,Gcn5 が H4（K8・K16）をアセチル化するのは試験管内の結果（8805705・9733731・19218239）。生体内の部位の解析（11545749）では GCN5 は H2B と H3 の部位をアセチル化するとあり、H4 は含まれない。21749977 は H3 の尾部のアセチル化とリモデリング、24298021 は Ume6 のアセチル化の論文
GCN5,HHF2,2026-10-04,8805705;9733731;19218239;21749977;24298021;11545749,Gcn5 が H4（K8・K16）をアセチル化するのは試験管内の結果（8805705・9733731・19218239）。生体内の部位の解析（11545749）では GCN5 は H2B と H3 の部位をアセチル化するとあり、H4 は含まれない。21749977 は H3 の尾部のアセチル化とリモデリング、24298021 は Ume6 のアセチル化の論文
GCN5,HTA1,2026-10-04,9733731;11545749,9733731 は Gcn5・Ada 複合体の試験管内のアセチル化だけ。生体内の部位の解析（11545749）では GCN5 は H2B と H3 の部位で、H2A は ESA1 とされる
GCN5,HTA2,2026-10-04,9733731;11545749,9733731 は Gcn5・Ada 複合体の試験管内のアセチル化だけ。生体内の部位の解析（11545749）では GCN5 は H2B と H3 の部位で、H2A は ESA1 とされる
FPR4,HHT1,2026-10-04,23888048;16959570,Fpr4 は H3 の P30・P38（23888048 では P16・P30）のシス-トランス異性化を触媒する（試験管内）。生体内では Fpr4 の触媒活性をなくすと H3K36 のメチル化が増える（16959570）。異性化は共有結合の印の付け外しではなく、ヒストンの関係の向きの決まり（付ける＝促進・外す＝抑制）に当てはまらないので決めない
NAT4,HTZ1,2026-10-04,33916271,根拠が N 末端プロテオミクスでの欠失株との比較だけ（確度 low）
HST2,HHT1,2026-10-04,22474337;24385627,生体内の H3K79ac を調節するのは Sir2 という記述で、Hst2 が H3 に働かないとは書かれていない（取り消さず決めない）
HST2,HHT2,2026-10-04,22474337;24385627,生体内の H3K79ac を調節するのは Sir2 という記述で、Hst2 が H3 に働かないとは書かれていない（取り消さず決めない）
HST3,HHF1,2026-10-04,16818235,「主な標的は H3K56」という記述で、H4 に働かないとは書かれていない（取り消さず決めない）
HST3,HHF2,2026-10-04,16818235,「主な標的は H3K56」という記述で、H4 に働かないとは書かれていない（取り消さず決めない）
HEL1,HHF2,2026-10-04,22570702,試験管内だけ: H4 のユビキチン化は組換えタンパク質での試験管内の反応だけ。生体内では過剰なヒストンの分解に要るが、H4 への付加は示していない（分解のためのユビキチン化）
HEL2,HHF2,2026-10-04,22570702,試験管内だけ: H4 のユビキチン化は組換えタンパク質での試験管内の反応だけ。生体内では過剰なヒストンの分解に要るが、H4 への付加は示していない（分解のためのユビキチン化）
PEP5,HHF2,2026-10-04,22570702,試験管内だけ: H4 のユビキチン化は組換えタンパク質での試験管内の反応だけ。生体内では過剰なヒストンの分解に要るが、H4 への付加は示していない（分解のためのユビキチン化）
HMT1,HHT1,2026-10-04,25715670;17158743,試験管内だけ: Hmt1 の H3 R2 の非対称ジメチル化は試験管内だけ（題名も in vitro）。生体内の基質は H4 R3
HMT1,HHT2,2026-10-04,25715670;17158743,試験管内だけ: Hmt1 の H3 R2 の非対称ジメチル化は試験管内だけ（題名も in vitro）。生体内の基質は H4 R3
HOS3,HHF1,2026-10-04,35623387;10535926,試験管内だけ: 組換え Hos3 が試験管内で H4 K5・K8 などを脱アセチル化する（10535926）・構造解析（35623387）。生体内の H4 の印の変化の記載なし
IME2,HHF1,2026-10-04,32064518,試験管内だけ: H4 T30/S47 のペプチドを基質にしたキナーゼのスクリーニング。論文が生体内で調べたのは Cla4・Ste20・Ste11
KIN3,HHF1,2026-10-04,32064518,試験管内だけ: H4 T30/S47 のペプチドを基質にしたキナーゼのスクリーニング。論文が生体内で調べたのは Cla4・Ste20・Ste11
KSP1,HHF1,2026-10-04,32064518,試験管内だけ: H4 T30/S47 のペプチドを基質にしたキナーゼのスクリーニング。論文が生体内で調べたのは Cla4・Ste20・Ste11
MPS1,HHF1,2026-10-04,32064518,試験管内だけ: H4 T30/S47 のペプチドを基質にしたキナーゼのスクリーニング。論文が生体内で調べたのは Cla4・Ste20・Ste11
KIN28,HTZ1,2026-10-04,16319894,網羅的な実験だけ: プロテインチップでの試験管内のリン酸化
LYS20,HHF1,2026-10-04,20810648;25628362,記載なし: Lys20 はホモクエン酸合成酵素で、Esa1 と遺伝的につながり（触媒活性に依らない）DNA 修復に関わるが、Lys20 が H4 をアセチル化する・H4 のアセチル化に要るとの記載はない（20810648 は PMC に本文なし）
LYS20,HHF2,2026-10-04,20810648;25628362,記載なし: Lys20 はホモクエン酸合成酵素で、Esa1 と遺伝的につながり（触媒活性に依らない）DNA 修復に関わるが、Lys20 が H4 をアセチル化する・H4 のアセチル化に要るとの記載はない（20810648 は PMC に本文なし）
MEC1,HTB2,2026-10-04,20190278,網羅的な実験だけ: 定量リン酸化プロテオミクスでの H2B T129 の Mec1/Tel1 依存
PSR2,HTB2,2026-10-04,21177495,網羅的な実験だけ: キナーゼ・ホスファターゼ欠失株のリン酸化プロテオミクス
RAD53,HHF1,2026-10-04,17563356,網羅的な実験だけ: リン酸化プロテオミクスでの H4 S61/S65 の Rad53 依存
RAD53,HHO1,2026-10-04,18239457,記載なし: 要旨は Rad53 のオリゴマー化と活性化で Hho1 の記載がなく、PMC に本文もない。ヒストン H1 は試験管内のキナーゼ測定の基質とみられる
SIR4,HHF1,2026-10-04,8458576;19782027,8458576 は H4 と特定せず、H4K16 は別の論文（19782027）から補った（2 本をつないだ推定）
SIR4,HHF2,2026-10-04,8458576;19782027,8458576 は H4 と特定せず、H4K16 は別の論文（19782027）から補った（2 本をつないだ推定）
RTT109,HHF1,2026-10-04,23036725;18458063,H4 K12 のアセチル化は Rtt109-Vps75 による試験管内（定量プロテオミクス）だけ。体内で Rtt109 が H4 に印を付けるという記載は見つからない（体内の H4 K5/K12 は Hat1 複合体、18458063）
RTT109,HHF2,2026-10-04,23036725;18458063,H4 K12 のアセチル化は Rtt109-Vps75 による試験管内（定量プロテオミクス）だけ。体内で Rtt109 が H4 に印を付けるという記載は見つからない（体内の H4 K5/K12 は Hat1 複合体、18458063）
RTT109,HHO1,2026-10-04,23457193,試験管内で Vps75 存在下に「脊椎動物の」リンカーヒストンをアセチル化するという記載だけで、酵母 Hho1 や体内の記載は要旨にない（本文は PMC で取れず）
RTK1,HHF1,2026-10-04,32064518,試験管内の網羅的なキナーゼのスクリーン（123 種、GST-H4 ペプチド）だけ。試験管内のキナーゼ網羅スクリーン（H4 ペプチド）の結果だけで、本文で個別の記載はない
SKM1,HHF1,2026-10-04,32064518,試験管内の網羅的なキナーゼのスクリーン（123 種、GST-H4 ペプチド）だけ。Skm1 は H4-S47 ペプチドを試験管内でリン酸化した 3 つのうちの 1 つというだけ
STE11,HHF1,2026-10-04,32064518,試験管内の網羅的なキナーゼのスクリーン（123 種、GST-H4 ペプチド）だけ。Ste11 は H4-T30 を試験管内でリン酸化し「putative kinase」とされる。ste11Δ は T30A に似た転写の欠陥を示すが、体内の印の減少は示されていない
STE20,HHF1,2026-10-04,32064518,試験管内の網羅的なキナーゼのスクリーン（123 種、GST-H4 ペプチド）だけ。Ste20（と Cla4）は H4-S47 を試験管内でリン酸化するとあるが、体内での印の付加は示されていない
STE7,HHF1,2026-10-04,32064518,試験管内の網羅的なキナーゼのスクリーン（123 種、GST-H4 ペプチド）だけ。試験管内のキナーゼ網羅スクリーン（H4 ペプチド）の結果だけで、本文で個別の記載はない
TYE7,HHF1,2026-10-04,32064518,試験管内の網羅的なキナーゼのスクリーン（123 種、GST-H4 ペプチド）だけ。Tye7 は転写因子でキナーゼではなく、本文に Tye7 の記載も見つからない（BioGRID の記録の誤りの可能性）
YCK1,HHF1,2026-10-04,32064518,試験管内の網羅的なキナーゼのスクリーン（123 種、GST-H4 ペプチド）だけ。試験管内のキナーゼ網羅スクリーン（H4 ペプチド）の結果だけで、本文で個別の記載はない
YCK3,HHF1,2026-10-04,32064518,試験管内の網羅的なキナーゼのスクリーン（123 種、GST-H4 ペプチド）だけ。試験管内のキナーゼ網羅スクリーン（H4 ペプチド）の結果だけで、本文で個別の記載はない
SIW14,HHO1,2026-10-04,21177495,網羅的なリン酸化プロテオミクス（キナーゼ・ホスファターゼ欠失株）の結果だけ（PhosphoGRID の部位 S130）。個別の論文は見つからない
SNT2,HHF2,2026-10-04,22570702,Snt2 は過剰なヒストンのユビキチン化・分解に関わるが、体内の分解は外から発現させた H3 で示されたもので、H4 は試験管内のユビキチン化だけ。分解のためのユビキチン化で、印の付加とは言いにくい
TOM1,HHF1,2026-10-04,19578373;22570702,Tom1 による過剰なヒストンの分解は外から発現させた H3 で示されたもので、H4 のユビキチン化は試験管内だけ。分解のためのユビキチン化で、印の付加とは言いにくい
TOM1,HHF2,2026-10-04,19578373;22570702,Tom1 による過剰なヒストンの分解は外から発現させた H3 で示されたもので、H4 のユビキチン化は試験管内だけ。分解のためのユビキチン化で、印の付加とは言いにくい
TEL1,HTB2,2026-10-04,20190278,Mec1/Tel1 の基質の網羅的な質量分析の結果だけ（PhosphoGRID の部位 T129）。H2B を Tel1 が体内でリン酸化するという個別の記載は見つからない
UBP10,HTA1,2026-10-04,29288197;15988024;30681413,Ubp10 が外すのは H2B のユビキチン（H2B-Ub）で、H2A のユビキチンを外すという記載は見つからない（BioGRID の注記も「ヒストンの出所が不明」）
UBP10,HTA2,2026-10-04,29288197;15988024;30681413,Ubp10 が外すのは H2B のユビキチン（H2B-Ub）で、H2A のユビキチンを外すという記載は見つからない（BioGRID の注記も「ヒストンの出所が不明」）
WSS1,HHF2,2026-10-04,32130911,Wss1 が一本鎖 DNA に非共有結合したコアヒストンを直接分解するという要旨だけで、体内でヒストン量が変わるかは要旨に書かれていない（本文は PMC になし）。尾部の切断ではなくヒストン全体の分解
WSS1,HHT2,2026-10-04,32130911,Wss1 が一本鎖 DNA に非共有結合したコアヒストンを直接分解するという要旨だけで、体内でヒストン量が変わるかは要旨に書かれていない（本文は PMC になし）。尾部の切断ではなくヒストン全体の分解
WSS1,HTA1,2026-10-04,32130911,Wss1 が一本鎖 DNA に非共有結合したコアヒストンを直接分解するという要旨だけで、体内でヒストン量が変わるかは要旨に書かれていない（本文は PMC になし）。尾部の切断ではなくヒストン全体の分解
WSS1,HHO1,2026-10-04,24998930,DNA 依存のプロテアーゼとしての試験管内の基質処理（図 4）だけ。体内で Hho1 を切るという記載はない
GIS1,GAT1,2026-10-04,22363679,Gis1 の標的の論文（グルコース枯渇でのグリセロール・酢酸代謝）の本文にこの標的は出てこない。網羅的データ（YEASTRACT+）以外に向きを示す論文は見つからない
GIS1,HOG1,2026-10-04,22363679,Gis1 の標的の論文（グルコース枯渇でのグリセロール・酢酸代謝）の本文にこの標的は出てこない。網羅的データ（YEASTRACT+）以外に向きを示す論文は見つからない
GIS1,HOT1,2026-10-04,22363679,Gis1 の標的の論文（グルコース枯渇でのグリセロール・酢酸代謝）の本文にこの標的は出てこない。網羅的データ（YEASTRACT+）以外に向きを示す論文は見つからない
GIS1,PHO84,2026-10-04,22363679,Gis1 の標的の論文（グルコース枯渇でのグリセロール・酢酸代謝）の本文にこの標的は出てこない。網羅的データ（YEASTRACT+）以外に向きを示す論文は見つからない
GIS1,TPK1,2026-10-04,24530423;32599085;34999138,要旨は Gis1 がストレス時の TPK1 の発現の調節に関わるとだけ書き、上げるか下げるかは書かれていない（本文は PMC になし）
MSN2,ADR1,2026-10-04,,Msn2/4 と複数の標的をまとめた検索（発現・転写）でこの組を扱う論文は見つからない。網羅的データ（YEASTRACT+）にしかない組として飛ばした
MSN2,ATG1,2026-10-04,29198169;34099851,Msn2/4 が ATG8・ATG39 の発現を上げる論文はあるが、本文に ATG1 は出てこない
MSN2,BCK1,2026-10-04,,Msn2/4 と複数の標的をまとめた検索（発現・転写）でこの組を扱う論文は見つからない。網羅的データ（YEASTRACT+）にしかない組として飛ばした
MSN2,CYR1,2026-10-04,21749328,アルカリストレスで Msn2/4 が多くの遺伝子を誘導する網羅的データのみ。本文に CYR1 の発現の記述はない
MSN2,FPR1,2026-10-04,,Msn2/4 と複数の標的をまとめた検索（発現・転写）でこの組を扱う論文は見つからない。網羅的データ（YEASTRACT+）にしかない組として飛ばした
MSN2,GAT1,2026-10-04,,Msn2/4 と複数の標的をまとめた検索（発現・転写）でこの組を扱う論文は見つからない。網羅的データ（YEASTRACT+）にしかない組として飛ばした
MSN2,GCN4,2026-10-04,,Msn2/4 と複数の標的をまとめた検索（発現・転写）でこの組を扱う論文は見つからない。網羅的データ（YEASTRACT+）にしかない組として飛ばした
MSN2,GIS1,2026-10-04,,Msn2/4 と複数の標的をまとめた検索（発現・転写）でこの組を扱う論文は見つからない。網羅的データ（YEASTRACT+）にしかない組として飛ばした
MSN2,GLN3,2026-10-04,,Msn2/4 と複数の標的をまとめた検索（発現・転写）でこの組を扱う論文は見つからない。網羅的データ（YEASTRACT+）にしかない組として飛ばした
MSN2,GPA2,2026-10-04,,Msn2/4 と複数の標的をまとめた検索（発現・転写）でこの組を扱う論文は見つからない。網羅的データ（YEASTRACT+）にしかない組として飛ばした
MSN2,GTR1,2026-10-04,,Msn2/4 と複数の標的をまとめた検索（発現・転写）でこの組を扱う論文は見つからない。網羅的データ（YEASTRACT+）にしかない組として飛ばした
MSN2,HKR1,2026-10-04,,Msn2/4 と複数の標的をまとめた検索（発現・転写）でこの組を扱う論文は見つからない。網羅的データ（YEASTRACT+）にしかない組として飛ばした
MSN2,HOG1,2026-10-04,,Msn2/4 と複数の標的をまとめた検索（発現・転写）でこの組を扱う論文は見つからない。網羅的データ（YEASTRACT+）にしかない組として飛ばした
MSN2,HOT1,2026-10-04,,Msn2/4 と複数の標的をまとめた検索（発現・転写）でこの組を扱う論文は見つからない。網羅的データ（YEASTRACT+）にしかない組として飛ばした
MSN2,HXK2,2026-10-04,37238710,検索で HXK2 の転写を Msn2 が調節する出芽酵母の論文は見つからない
MSN2,IRA2,2026-10-04,21749328,アルカリストレスの論文の本文は ira2 変異の表現型のみで、IRA2 の発現を Msn2 が変える記述はない
MSN2,LST8,2026-10-04,,Msn2/4 と複数の標的をまとめた検索（発現・転写）でこの組を扱う論文は見つからない。網羅的データ（YEASTRACT+）にしかない組として飛ばした
MSN2,MIG1,2026-10-04,,Msn2/4 と複数の標的をまとめた検索（発現・転写）でこの組を扱う論文は見つからない。網羅的データ（YEASTRACT+）にしかない組として飛ばした
MSN2,MIG2,2026-10-04,,Msn2/4 と複数の標的をまとめた検索（発現・転写）でこの組を扱う論文は見つからない。網羅的データ（YEASTRACT+）にしかない組として飛ばした
MSN2,MSB2,2026-10-04,21749328,アルカリストレスの網羅的データのみ。MSB2 の記述なし
MSN2,MSN4,2026-10-04,18359875;19702872,検索で MSN4 の発現を Msn2 が誘導することを示す論文の要旨は見つからない
MSN2,NPR1,2026-10-04,,Msn2/4 と複数の標的をまとめた検索（発現・転写）でこの組を扱う論文は見つからない。網羅的データ（YEASTRACT+）にしかない組として飛ばした
MSN2,NPR2,2026-10-04,,Msn2/4 と複数の標的をまとめた検索（発現・転写）でこの組を扱う論文は見つからない。網羅的データ（YEASTRACT+）にしかない組として飛ばした
MSN2,NPR3,2026-10-04,,Msn2/4 と複数の標的をまとめた検索（発現・転写）でこの組を扱う論文は見つからない。網羅的データ（YEASTRACT+）にしかない組として飛ばした
MSN2,ORM1,2026-10-04,,Msn2/4 と複数の標的をまとめた検索（発現・転写）でこの組を扱う論文は見つからない。網羅的データ（YEASTRACT+）にしかない組として飛ばした
MSN2,ORM2,2026-10-04,,Msn2/4 と複数の標的をまとめた検索（発現・転写）でこの組を扱う論文は見つからない。網羅的データ（YEASTRACT+）にしかない組として飛ばした
MSN2,PBS2,2026-10-04,,Msn2/4 と複数の標的をまとめた検索（発現・転写）でこの組を扱う論文は見つからない。網羅的データ（YEASTRACT+）にしかない組として飛ばした
MSN2,PHO4,2026-10-04,40816512,同上（PHO4 の記述なし）
MSN2,PHO84,2026-10-04,40816512,検索で出たのは Msn2 による CMK2 の制御の論文のみ。PHO84 の記述なし
MSN2,PKH1,2026-10-04,,Msn2/4 と複数の標的をまとめた検索（発現・転写）でこの組を扱う論文は見つからない。網羅的データ（YEASTRACT+）にしかない組として飛ばした
MSN2,PTP3,2026-10-04,11923319,Ptp2・Ptp3 が Slt2 を脱リン酸化するとだけ書かれ、PTP3 の発現を Msn2 が変える論文は見つからない
MSN2,RAS2,2026-10-04,20388713,Mtl1 が Ras2 を抑える論文のみ。RAS2 の発現を Msn2 が変える記述は見つからない
MSN2,REG1,2026-10-04,,Msn2/4 と複数の標的をまとめた検索（発現・転写）でこの組を扱う論文は見つからない。網羅的データ（YEASTRACT+）にしかない組として飛ばした
MSN2,RIM15,2026-10-04,,Msn2/4 と複数の標的をまとめた検索（発現・転写）でこの組を扱う論文は見つからない。網羅的データ（YEASTRACT+）にしかない組として飛ばした
MSN2,SAP155,2026-10-04,,Msn2/4 と複数の標的をまとめた検索（発現・転写）でこの組を扱う論文は見つからない。網羅的データ（YEASTRACT+）にしかない組として飛ばした
MSN2,SAP4,2026-10-04,,Msn2/4 と複数の標的をまとめた検索（発現・転写）でこの組を扱う論文は見つからない。網羅的データ（YEASTRACT+）にしかない組として飛ばした
MSN2,SFP1,2026-10-04,,Msn2/4 と複数の標的をまとめた検索（発現・転写）でこの組を扱う論文は見つからない。網羅的データ（YEASTRACT+）にしかない組として飛ばした
MSN2,SIT4,2026-10-04,,Msn2/4 と複数の標的をまとめた検索（発現・転写）でこの組を扱う論文は見つからない。網羅的データ（YEASTRACT+）にしかない組として飛ばした
MSN2,SLM4,2026-10-04,,Msn2/4 と複数の標的をまとめた検索（発現・転写）でこの組を扱う論文は見つからない。網羅的データ（YEASTRACT+）にしかない組として飛ばした
MSN2,SLT2,2026-10-04,11923319,要旨: 高浸透圧での SLT2 の誘導は Rlm1 と Hog1 に依存。Msn2/4 に依存するのは SDP1 で、SLT2 ではない
MSN2,SMP1,2026-10-04,,Msn2/4 と複数の標的をまとめた検索（発現・転写）でこの組を扱う論文は見つからない。網羅的データ（YEASTRACT+）にしかない組として飛ばした
MSN2,SSK1,2026-10-04,,Msn2/4 と複数の標的をまとめた検索（発現・転写）でこの組を扱う論文は見つからない。網羅的データ（YEASTRACT+）にしかない組として飛ばした
MSN2,SSK22,2026-10-04,,Msn2/4 と複数の標的をまとめた検索（発現・転写）でこの組を扱う論文は見つからない。網羅的データ（YEASTRACT+）にしかない組として飛ばした
MSN2,STE20,2026-10-04,,Msn2/4 と複数の標的をまとめた検索（発現・転写）でこの組を扱う論文は見つからない。網羅的データ（YEASTRACT+）にしかない組として飛ばした
MSN2,SWI4,2026-10-04,,Msn2/4 と複数の標的をまとめた検索（発現・転写）でこの組を扱う論文は見つからない。網羅的データ（YEASTRACT+）にしかない組として飛ばした
MSN2,TIP41,2026-10-04,,Msn2/4 と複数の標的をまとめた検索（発現・転写）でこの組を扱う論文は見つからない。網羅的データ（YEASTRACT+）にしかない組として飛ばした
MSN2,TPK2,2026-10-04,24530423,要旨: TPK2 プロモーターは TPK1 と違いストレスで活性化されない。Msn2/4 による TPK2 の制御には触れない
MSN2,YAK1,2026-10-04,18793336,Yak1 が Msn2 をリン酸化して活性化する論文のみ（逆向きの関係）。YAK1 の発現を Msn2/4 が変える論文は検索で見つからない
MSN4,ADR1,2026-10-04,,Msn2/4 と複数の標的をまとめた検索（発現・転写）でこの組を扱う論文は見つからない。網羅的データ（YEASTRACT+）にしかない組として飛ばした
MSN4,ATG13,2026-10-04,29198169;34099851,Msn2/4 が ATG8・ATG39 の発現を上げる論文はあるが、本文に ATG13 は出てこない
MSN4,FHL1,2026-10-04,,Msn2/4 と複数の標的をまとめた検索（発現・転写）でこの組を扱う論文は見つからない。網羅的データ（YEASTRACT+）にしかない組として飛ばした
MSN4,FPR1,2026-10-04,,Msn2/4 と複数の標的をまとめた検索（発現・転写）でこの組を扱う論文は見つからない。網羅的データ（YEASTRACT+）にしかない組として飛ばした
MSN4,GCN4,2026-10-04,,Msn2/4 と複数の標的をまとめた検索（発現・転写）でこの組を扱う論文は見つからない。網羅的データ（YEASTRACT+）にしかない組として飛ばした
MSN4,GIS1,2026-10-04,,Msn2/4 と複数の標的をまとめた検索（発現・転写）でこの組を扱う論文は見つからない。網羅的データ（YEASTRACT+）にしかない組として飛ばした
MSN4,HOG1,2026-10-04,,Msn2/4 と複数の標的をまとめた検索（発現・転写）でこの組を扱う論文は見つからない。網羅的データ（YEASTRACT+）にしかない組として飛ばした
MSN4,HXK2,2026-10-04,,同上（検索で論文なし）
MSN4,IML1,2026-10-04,,Msn2/4 と複数の標的をまとめた検索（発現・転写）でこの組を扱う論文は見つからない。網羅的データ（YEASTRACT+）にしかない組として飛ばした
MSN4,IRA2,2026-10-04,21749328,同上（IRA2 の発現の記述なし）
MSN4,LST8,2026-10-04,,Msn2/4 と複数の標的をまとめた検索（発現・転写）でこの組を扱う論文は見つからない。網羅的データ（YEASTRACT+）にしかない組として飛ばした
MSN4,MID2,2026-10-04,,Msn2/4 と複数の標的をまとめた検索（発現・転写）でこの組を扱う論文は見つからない。網羅的データ（YEASTRACT+）にしかない組として飛ばした
MSN4,MSB2,2026-10-04,21749328,同上
MSN4,MSN2,2026-10-04,,Msn2/4 と複数の標的をまとめた検索（発現・転写）でこの組を扱う論文は見つからない。網羅的データ（YEASTRACT+）にしかない組として飛ばした
MSN4,NPR1,2026-10-04,,Msn2/4 と複数の標的をまとめた検索（発現・転写）でこの組を扱う論文は見つからない。網羅的データ（YEASTRACT+）にしかない組として飛ばした
MSN4,PHO4,2026-10-04,,同上（検索で論文なし）
MSN4,PKH1,2026-10-04,,Msn2/4 と複数の標的をまとめた検索（発現・転写）でこの組を扱う論文は見つからない。網羅的データ（YEASTRACT+）にしかない組として飛ばした
MSN4,PKH2,2026-10-04,,Msn2/4 と複数の標的をまとめた検索（発現・転写）でこの組を扱う論文は見つからない。網羅的データ（YEASTRACT+）にしかない組として飛ばした
MSN4,RIM15,2026-10-04,,Msn2/4 と複数の標的をまとめた検索（発現・転写）でこの組を扱う論文は見つからない。網羅的データ（YEASTRACT+）にしかない組として飛ばした
MSN4,SAP185,2026-10-04,,Msn2/4 と複数の標的をまとめた検索（発現・転写）でこの組を扱う論文は見つからない。網羅的データ（YEASTRACT+）にしかない組として飛ばした
MSN4,SEA4,2026-10-04,,Msn2/4 と複数の標的をまとめた検索（発現・転写）でこの組を扱う論文は見つからない。網羅的データ（YEASTRACT+）にしかない組として飛ばした
MSN4,SIT4,2026-10-04,,Msn2/4 と複数の標的をまとめた検索（発現・転写）でこの組を扱う論文は見つからない。網羅的データ（YEASTRACT+）にしかない組として飛ばした
MSN4,SLM4,2026-10-04,,Msn2/4 と複数の標的をまとめた検索（発現・転写）でこの組を扱う論文は見つからない。網羅的データ（YEASTRACT+）にしかない組として飛ばした
MSN4,STE20,2026-10-04,,Msn2/4 と複数の標的をまとめた検索（発現・転写）でこの組を扱う論文は見つからない。網羅的データ（YEASTRACT+）にしかない組として飛ばした
MSN4,TIP41,2026-10-04,,Msn2/4 と複数の標的をまとめた検索（発現・転写）でこの組を扱う論文は見つからない。網羅的データ（YEASTRACT+）にしかない組として飛ばした
GAT1,HOG1,2026-10-04,16879428,Gln3・Gat1 の標的は網羅的なマイクロアレイの結果で、要旨に HOG1 の名前はない。網羅的なデータにしかない組として飛ばした
GAT1,NPR2,2026-10-04,16879428,Gln3・Gat1 の標的は網羅的なマイクロアレイの結果で、要旨に NPR2 の名前はない。網羅的なデータにしかない組として飛ばした
GAT1,RHO1,2026-10-04,16879428,Gln3・Gat1 の標的は網羅的なマイクロアレイの結果で、要旨に RHO1 の名前はない。網羅的なデータにしかない組として飛ばした
GAT1,RTG1,2026-10-04,16879428,Gln3・Gat1 の標的は網羅的なマイクロアレイの結果で、要旨に RTG1 の名前はない。網羅的なデータにしかない組として飛ばした
GAT1,SEA4,2026-10-04,16879428,Gln3・Gat1 の標的は網羅的なマイクロアレイの結果で、要旨に SEA4 の名前はない。網羅的なデータにしかない組として飛ばした
GCN4,ADR1,2026-10-04,11390663,Gcn4 の標的は網羅的なマイクロアレイ（3-AT によるアミノ酸飢餓）の結果で、要旨に ADR1 の名前はない。網羅的なデータにしかない組として飛ばした
GCN4,ATG1,2026-10-04,11390663,要旨は Gcn4 の標的に「オートファジーのタンパク質の遺伝子」が含まれるとだけ書き、ATG1 の名前はない。本文は PMC になく確かめられない
GCN4,ATG13,2026-10-04,11390663,要旨は Gcn4 の標的に「オートファジーのタンパク質の遺伝子」が含まれるとだけ書き、ATG13 の名前はない。本文は PMC になく確かめられない
GCN4,CDC25,2026-10-04,11390663,Gcn4 の標的は網羅的なマイクロアレイ（3-AT によるアミノ酸飢餓）の結果で、要旨に CDC25 の名前はない。網羅的なデータにしかない組として飛ばした
GCN4,CRF1,2026-10-04,11390663,Gcn4 の標的は網羅的なマイクロアレイ（3-AT によるアミノ酸飢餓）の結果で、要旨に CRF1 の名前はない。網羅的なデータにしかない組として飛ばした
GCN4,GAT1,2026-10-04,14559239;28007891;11244074,Gcn4 は NCR 遺伝子の発現を抑える（14559239）・Gln3 の核移行に要る（28007891）と書くが、どれも Gln3 の働き・局在への作用で、GAT1 の発現への作用は書かれていない
GCN4,GPR1,2026-10-04,11390663,Gcn4 の標的は網羅的なマイクロアレイ（3-AT によるアミノ酸飢餓）の結果で、要旨に GPR1 の名前はない。網羅的なデータにしかない組として飛ばした
GCN4,GTR1,2026-10-04,11390663,Gcn4 の標的は網羅的なマイクロアレイ（3-AT によるアミノ酸飢餓）の結果で、要旨に GTR1 の名前はない。網羅的なデータにしかない組として飛ばした
GCN4,HKR1,2026-10-04,11390663,Gcn4 の標的は網羅的なマイクロアレイ（3-AT によるアミノ酸飢餓）の結果で、要旨に HKR1 の名前はない。網羅的なデータにしかない組として飛ばした
GCN4,IRA2,2026-10-04,11390663,Gcn4 の標的は網羅的なマイクロアレイ（3-AT によるアミノ酸飢餓）の結果で、要旨に IRA2 の名前はない。網羅的なデータにしかない組として飛ばした
GCN4,MSN2,2026-10-04,11390663,Gcn4 の標的は網羅的なマイクロアレイ（3-AT によるアミノ酸飢餓）の結果で、要旨に MSN2 の名前はない。網羅的なデータにしかない組として飛ばした
GCN4,MSN4,2026-10-04,11390663,Gcn4 の標的は網羅的なマイクロアレイ（3-AT によるアミノ酸飢餓）の結果で、要旨に MSN4 の名前はない。網羅的なデータにしかない組として飛ばした
GCN4,NPR1,2026-10-04,11390663,Gcn4 の標的は網羅的なマイクロアレイ（3-AT によるアミノ酸飢餓）の結果で、要旨に NPR1 の名前はない。網羅的なデータにしかない組として飛ばした
GCN4,NPR2,2026-10-04,11390663,Gcn4 の標的は網羅的なマイクロアレイ（3-AT によるアミノ酸飢餓）の結果で、要旨に NPR2 の名前はない。網羅的なデータにしかない組として飛ばした
GCN4,PHO4,2026-10-04,11390663,Gcn4 の標的は網羅的なマイクロアレイ（3-AT によるアミノ酸飢餓）の結果で、要旨に PHO4 の名前はない。網羅的なデータにしかない組として飛ばした
GCN4,PHO84,2026-10-04,11390663,Gcn4 の標的は網羅的なマイクロアレイ（3-AT によるアミノ酸飢餓）の結果で、要旨に PHO84 の名前はない。網羅的なデータにしかない組として飛ばした
GCN4,PKH1,2026-10-04,11390663,Gcn4 の標的は網羅的なマイクロアレイ（3-AT によるアミノ酸飢餓）の結果で、要旨に PKH1 の名前はない。網羅的なデータにしかない組として飛ばした
GCN4,RAS1,2026-10-04,11390663,Gcn4 の標的は網羅的なマイクロアレイ（3-AT によるアミノ酸飢餓）の結果で、要旨に RAS1 の名前はない。網羅的なデータにしかない組として飛ばした
GCN4,RAS2,2026-10-04,11390663,Gcn4 の標的は網羅的なマイクロアレイ（3-AT によるアミノ酸飢餓）の結果で、要旨に RAS2 の名前はない。網羅的なデータにしかない組として飛ばした
GCN4,RIM15,2026-10-04,11390663,Gcn4 の標的は網羅的なマイクロアレイ（3-AT によるアミノ酸飢餓）の結果で、要旨に RIM15 の名前はない。網羅的なデータにしかない組として飛ばした
GCN4,RLM1,2026-10-04,11390663,Gcn4 の標的は網羅的なマイクロアレイ（3-AT によるアミノ酸飢餓）の結果で、要旨に RLM1 の名前はない。網羅的なデータにしかない組として飛ばした
GCN4,RTG2,2026-10-04,11390663,Gcn4 の標的は網羅的なマイクロアレイ（3-AT によるアミノ酸飢餓）の結果で、要旨に RTG2 の名前はない。網羅的なデータにしかない組として飛ばした
GCN4,RTG3,2026-10-04,11390663,Gcn4 の標的は網羅的なマイクロアレイ（3-AT によるアミノ酸飢餓）の結果で、要旨に RTG3 の名前はない。網羅的なデータにしかない組として飛ばした
GCN4,SAP4,2026-10-04,11390663,Gcn4 の標的は網羅的なマイクロアレイ（3-AT によるアミノ酸飢餓）の結果で、要旨に SAP4 の名前はない。網羅的なデータにしかない組として飛ばした
GCN4,SIT4,2026-10-04,11390663,Gcn4 の標的は網羅的なマイクロアレイ（3-AT によるアミノ酸飢餓）の結果で、要旨に SIT4 の名前はない。網羅的なデータにしかない組として飛ばした
GCN4,SNF1,2026-10-04,11390663,Gcn4 の標的は網羅的なマイクロアレイ（3-AT によるアミノ酸飢餓）の結果で、要旨に SNF1 の名前はない。網羅的なデータにしかない組として飛ばした
GCN4,TIP41,2026-10-04,11390663,Gcn4 の標的は網羅的なマイクロアレイ（3-AT によるアミノ酸飢餓）の結果で、要旨に TIP41 の名前はない。網羅的なデータにしかない組として飛ばした
GCN4,URE2,2026-10-04,11390663,Gcn4 の標的は網羅的なマイクロアレイ（3-AT によるアミノ酸飢餓）の結果で、要旨に URE2 の名前はない。網羅的なデータにしかない組として飛ばした
GCN4,YAK1,2026-10-04,11390663,Gcn4 の標的は網羅的なマイクロアレイ（3-AT によるアミノ酸飢餓）の結果で、要旨に YAK1 の名前はない。網羅的なデータにしかない組として飛ばした
GLN3,ADR1,2026-10-04,16879428,Gln3・Gat1 の標的は網羅的なマイクロアレイの結果で、要旨に ADR1 の名前はない。網羅的なデータにしかない組として飛ばした
GLN3,GCN4,2026-10-04,21184740;11244074,Gln3 と Gcn4 が協同で標的を活性化する（21184740）・TOR が GCN4 の翻訳を調節する（11244074）とあるが、Gln3 による GCN4 の発現の制御は書かれていない
GLN3,GIS1,2026-10-04,16879428,Gln3・Gat1 の標的は網羅的なマイクロアレイの結果で、要旨に GIS1 の名前はない。網羅的なデータにしかない組として飛ばした
GLN3,HXK2,2026-10-04,16879428,Gln3・Gat1 の標的は網羅的なマイクロアレイの結果で、要旨に HXK2 の名前はない。網羅的なデータにしかない組として飛ばした
GLN3,MIG1,2026-10-04,16879428,Gln3・Gat1 の標的は網羅的なマイクロアレイの結果で、要旨に MIG1 の名前はない。網羅的なデータにしかない組として飛ばした
GLN3,MSN4,2026-10-04,16879428,Gln3・Gat1 の標的は網羅的なマイクロアレイの結果で、要旨に MSN4 の名前はない。網羅的なデータにしかない組として飛ばした
GLN3,NPR1,2026-10-04,16879428,Gln3・Gat1 の標的は網羅的なマイクロアレイの結果で、要旨に NPR1 の名前はない。網羅的なデータにしかない組として飛ばした
GLN3,NPR2,2026-10-04,16879428,Gln3・Gat1 の標的は網羅的なマイクロアレイの結果で、要旨に NPR2 の名前はない。網羅的なデータにしかない組として飛ばした
GLN3,NPR3,2026-10-04,16879428,Gln3・Gat1 の標的は網羅的なマイクロアレイの結果で、要旨に NPR3 の名前はない。網羅的なデータにしかない組として飛ばした
GLN3,PHO84,2026-10-04,16879428,Gln3・Gat1 の標的は網羅的なマイクロアレイの結果で、要旨に PHO84 の名前はない。網羅的なデータにしかない組として飛ばした
GLN3,RAS1,2026-10-04,16879428,Gln3・Gat1 の標的は網羅的なマイクロアレイの結果で、要旨に RAS1 の名前はない。網羅的なデータにしかない組として飛ばした
GLN3,RAS2,2026-10-04,16879428,Gln3・Gat1 の標的は網羅的なマイクロアレイの結果で、要旨に RAS2 の名前はない。網羅的なデータにしかない組として飛ばした
GLN3,SIT4,2026-10-04,16879428,Gln3・Gat1 の標的は網羅的なマイクロアレイの結果で、要旨に SIT4 の名前はない。網羅的なデータにしかない組として飛ばした
GLN3,SLT2,2026-10-04,16879428,Gln3・Gat1 の標的は網羅的なマイクロアレイの結果で、要旨に SLT2 の名前はない。網羅的なデータにしかない組として飛ばした
GLN3,TIP41,2026-10-04,16879428,Gln3・Gat1 の標的は網羅的なマイクロアレイの結果で、要旨に TIP41 の名前はない。網羅的なデータにしかない組として飛ばした
PHO2,GAT1,2026-10-04,11102525,リン酸の制限で Pho4 に依存して誘導される 22 遺伝子を網羅的に調べた論文の要旨に GAT1 の名前はない。網羅的なデータにしかない組として飛ばした
PHO2,GLN3,2026-10-04,11102525,リン酸の制限で Pho4 に依存して誘導される 22 遺伝子を網羅的に調べた論文の要旨に GLN3 の名前はない。網羅的なデータにしかない組として飛ばした
PHO2,LST8,2026-10-04,11102525,リン酸の制限で Pho4 に依存して誘導される 22 遺伝子を網羅的に調べた論文の要旨に LST8 の名前はない。網羅的なデータにしかない組として飛ばした
PHO4,ADR1,2026-10-04,11102525,リン酸の制限で Pho4 に依存して誘導される 22 遺伝子を網羅的に調べた論文の要旨に ADR1 の名前はない。網羅的なデータにしかない組として飛ばした
PHO4,GAT1,2026-10-04,11102525,リン酸の制限で Pho4 に依存して誘導される 22 遺伝子を網羅的に調べた論文の要旨に GAT1 の名前はない。網羅的なデータにしかない組として飛ばした
PHO4,GCN2,2026-10-04,11102525,リン酸の制限で Pho4 に依存して誘導される 22 遺伝子を網羅的に調べた論文の要旨に GCN2 の名前はない。網羅的なデータにしかない組として飛ばした
PHO4,GTR1,2026-10-04,11102525,リン酸の制限で Pho4 に依存して誘導される 22 遺伝子を網羅的に調べた論文の要旨に GTR1 の名前はない。網羅的なデータにしかない組として飛ばした
PHO4,IGO2,2026-10-04,11102525,リン酸の制限で Pho4 に依存して誘導される 22 遺伝子を網羅的に調べた論文の要旨に IGO2 の名前はない。網羅的なデータにしかない組として飛ばした
PHO4,PHO2,2026-10-04,11102525,リン酸の制限で Pho4 に依存して誘導される 22 遺伝子を網羅的に調べた論文の要旨に PHO2 の名前はない。網羅的なデータにしかない組として飛ばした
PHO4,SAK1,2026-10-04,11102525,リン酸の制限で Pho4 に依存して誘導される 22 遺伝子を網羅的に調べた論文の要旨に SAK1 の名前はない。網羅的なデータにしかない組として飛ばした
RTG1,HXK2,2026-10-04,,"Rtg1・Rtg3 の標的を調べた論文が検索で見つからない（""Rtg1 Rtg3 retrograde target genes genome-wide"" で 0 件）。網羅的なデータにしかない組として飛ばした"
RTG1,IFH1,2026-10-04,,"Rtg1・Rtg3 の標的を調べた論文が検索で見つからない（""Rtg1 Rtg3 retrograde target genes genome-wide"" で 0 件）。網羅的なデータにしかない組として飛ばした"
RTG1,MIG1,2026-10-04,,"Rtg1・Rtg3 の標的を調べた論文が検索で見つからない（""Rtg1 Rtg3 retrograde target genes genome-wide"" で 0 件）。網羅的なデータにしかない組として飛ばした"
RTG1,MIG2,2026-10-04,,"Rtg1・Rtg3 の標的を調べた論文が検索で見つからない（""Rtg1 Rtg3 retrograde target genes genome-wide"" で 0 件）。網羅的なデータにしかない組として飛ばした"
RTG1,SIP2,2026-10-04,,"Rtg1・Rtg3 の標的を調べた論文が検索で見つからない（""Rtg1 Rtg3 retrograde target genes genome-wide"" で 0 件）。網羅的なデータにしかない組として飛ばした"
RTG1,SIT4,2026-10-04,,"Rtg1・Rtg3 の標的を調べた論文が検索で見つからない（""Rtg1 Rtg3 retrograde target genes genome-wide"" で 0 件）。網羅的なデータにしかない組として飛ばした"
RTG1,TOR2,2026-10-04,,"Rtg1・Rtg3 の標的を調べた論文が検索で見つからない（""Rtg1 Rtg3 retrograde target genes genome-wide"" で 0 件）。網羅的なデータにしかない組として飛ばした"
RTG3,ADR1,2026-10-04,,"Rtg1・Rtg3 の標的を調べた論文が検索で見つからない（""Rtg1 Rtg3 retrograde target genes genome-wide"" で 0 件）。網羅的なデータにしかない組として飛ばした"
RTG3,GCN4,2026-10-04,,"Rtg1・Rtg3 の標的を調べた論文が検索で見つからない（""Rtg1 Rtg3 retrograde target genes genome-wide"" で 0 件）。網羅的なデータにしかない組として飛ばした"
RTG3,GLN3,2026-10-04,,"Rtg1・Rtg3 の標的を調べた論文が検索で見つからない（""Rtg1 Rtg3 retrograde target genes genome-wide"" で 0 件）。網羅的なデータにしかない組として飛ばした"
RTG3,HOG1,2026-10-04,,"Rtg1・Rtg3 の標的を調べた論文が検索で見つからない（""Rtg1 Rtg3 retrograde target genes genome-wide"" で 0 件）。網羅的なデータにしかない組として飛ばした"
RTG3,PHO80,2026-10-04,,"Rtg1・Rtg3 の標的を調べた論文が検索で見つからない（""Rtg1 Rtg3 retrograde target genes genome-wide"" で 0 件）。網羅的なデータにしかない組として飛ばした"
RTG3,SAK1,2026-10-04,,"Rtg1・Rtg3 の標的を調べた論文が検索で見つからない（""Rtg1 Rtg3 retrograde target genes genome-wide"" で 0 件）。網羅的なデータにしかない組として飛ばした"
RTG3,TIP41,2026-10-04,,"Rtg1・Rtg3 の標的を調べた論文が検索で見つからない（""Rtg1 Rtg3 retrograde target genes genome-wide"" で 0 件）。網羅的なデータにしかない組として飛ばした"
FHL1,ADR1,2026-10-04,26420504;19003435;17617911;15949038;15575969,FHL1/IFH1 と標的の両方が題名・要旨に出る論文は計算による推定（発現データからのネットワーク推定）だけで、個別の実験の論文なし。リボソームタンパク質遺伝子以外の標的は網羅的なデータだけ
FHL1,DOT6,2026-10-04,26420504;19003435;17617911;15949038;15575969,FHL1/IFH1 と標的の両方が題名・要旨に出る論文は計算による推定（発現データからのネットワーク推定）だけで、個別の実験の論文なし。リボソームタンパク質遺伝子以外の標的は網羅的なデータだけ
FHL1,GAT1,2026-10-04,26420504;19003435;17617911;15949038;15575969,FHL1/IFH1 と標的の両方が題名・要旨に出る論文は計算による推定（発現データからのネットワーク推定）だけで、個別の実験の論文なし。リボソームタンパク質遺伝子以外の標的は網羅的なデータだけ
FHL1,GCN4,2026-10-04,26420504;19003435;17617911;15949038;15575969,FHL1/IFH1 と標的の両方が題名・要旨に出る論文は計算による推定（発現データからのネットワーク推定）だけで、個別の実験の論文なし。リボソームタンパク質遺伝子以外の標的は網羅的なデータだけ
FHL1,GPA2,2026-10-04,26420504;19003435;17617911;15949038;15575969,FHL1/IFH1 と標的の両方が題名・要旨に出る論文は計算による推定（発現データからのネットワーク推定）だけで、個別の実験の論文なし。リボソームタンパク質遺伝子以外の標的は網羅的なデータだけ
FHL1,HOG1,2026-10-04,26420504;19003435;17617911;15949038;15575969,FHL1/IFH1 と標的の両方が題名・要旨に出る論文は計算による推定（発現データからのネットワーク推定）だけで、個別の実験の論文なし。リボソームタンパク質遺伝子以外の標的は網羅的なデータだけ
FHL1,MSN4,2026-10-04,26420504;19003435;17617911;15949038;15575969,FHL1/IFH1 と標的の両方が題名・要旨に出る論文は計算による推定（発現データからのネットワーク推定）だけで、個別の実験の論文なし。リボソームタンパク質遺伝子以外の標的は網羅的なデータだけ
FHL1,ORM2,2026-10-04,26420504;19003435;17617911;15949038;15575969,FHL1/IFH1 と標的の両方が題名・要旨に出る論文は計算による推定（発現データからのネットワーク推定）だけで、個別の実験の論文なし。リボソームタンパク質遺伝子以外の標的は網羅的なデータだけ
FHL1,PHO4,2026-10-04,26420504;19003435;17617911;15949038;15575969,FHL1/IFH1 と標的の両方が題名・要旨に出る論文は計算による推定（発現データからのネットワーク推定）だけで、個別の実験の論文なし。リボソームタンパク質遺伝子以外の標的は網羅的なデータだけ
FHL1,PHO84,2026-10-04,26420504;19003435;17617911;15949038;15575969,FHL1/IFH1 と標的の両方が題名・要旨に出る論文は計算による推定（発現データからのネットワーク推定）だけで、個別の実験の論文なし。リボソームタンパク質遺伝子以外の標的は網羅的なデータだけ
FHL1,PPH21,2026-10-04,26420504;19003435;17617911;15949038;15575969,FHL1/IFH1 と標的の両方が題名・要旨に出る論文は計算による推定（発現データからのネットワーク推定）だけで、個別の実験の論文なし。リボソームタンパク質遺伝子以外の標的は網羅的なデータだけ
FHL1,PTP3,2026-10-04,26420504;19003435;17617911;15949038;15575969,FHL1/IFH1 と標的の両方が題名・要旨に出る論文は計算による推定（発現データからのネットワーク推定）だけで、個別の実験の論文なし。リボソームタンパク質遺伝子以外の標的は網羅的なデータだけ
FHL1,RAS2,2026-10-04,26420504;19003435;17617911;15949038;15575969,FHL1/IFH1 と標的の両方が題名・要旨に出る論文は計算による推定（発現データからのネットワーク推定）だけで、個別の実験の論文なし。リボソームタンパク質遺伝子以外の標的は網羅的なデータだけ
FHL1,RLM1,2026-10-04,26420504;19003435;17617911;15949038;15575969,FHL1/IFH1 と標的の両方が題名・要旨に出る論文は計算による推定（発現データからのネットワーク推定）だけで、個別の実験の論文なし。リボソームタンパク質遺伝子以外の標的は網羅的なデータだけ
FHL1,SIT4,2026-10-04,26420504;19003435;17617911;15949038;15575969,FHL1/IFH1 と標的の両方が題名・要旨に出る論文は計算による推定（発現データからのネットワーク推定）だけで、個別の実験の論文なし。リボソームタンパク質遺伝子以外の標的は網羅的なデータだけ
FHL1,SMP1,2026-10-04,26420504;19003435;17617911;15949038;15575969,FHL1/IFH1 と標的の両方が題名・要旨に出る論文は計算による推定（発現データからのネットワーク推定）だけで、個別の実験の論文なし。リボソームタンパク質遺伝子以外の標的は網羅的なデータだけ
FHL1,YPK2,2026-10-04,26420504;19003435;17617911;15949038;15575969,FHL1/IFH1 と標的の両方が題名・要旨に出る論文は計算による推定（発現データからのネットワーク推定）だけで、個別の実験の論文なし。リボソームタンパク質遺伝子以外の標的は網羅的なデータだけ
IFH1,GCN4,2026-10-04,26420504;19003435;17617911;15949038;15575969,FHL1/IFH1 と標的の両方が題名・要旨に出る論文は計算による推定だけで、個別の実験の論文なし。網羅的なデータだけ
IFH1,NPR3,2026-10-04,26420504;19003435;17617911;15949038;15575969,FHL1/IFH1 と標的の両方が題名・要旨に出る論文は計算による推定だけで、個別の実験の論文なし。網羅的なデータだけ
IFH1,PHO84,2026-10-04,26420504;19003435;17617911;15949038;15575969,FHL1/IFH1 と標的の両方が題名・要旨に出る論文は計算による推定だけで、個別の実験の論文なし。網羅的なデータだけ
IFH1,RLM1,2026-10-04,26420504;19003435;17617911;15949038;15575969,FHL1/IFH1 と標的の両方が題名・要旨に出る論文は計算による推定だけで、個別の実験の論文なし。網羅的なデータだけ
IFH1,SMP1,2026-10-04,26420504;19003435;17617911;15949038;15575969,FHL1/IFH1 と標的の両方が題名・要旨に出る論文は計算による推定だけで、個別の実験の論文なし。網羅的なデータだけ
RLM1,HOG1,2026-10-04,15116342;9121433;19234305;32150787,Rlm1 が細胞壁ストレスで細胞壁の遺伝子を誘導することは要旨にあるが、この標的について個別に書いた要旨なし（19234305 の本文は Europe PMC で取得できず）。網羅的なデータだけ
RLM1,MID2,2026-10-04,15116342;9121433;19234305;32150787,Rlm1 が細胞壁ストレスで細胞壁の遺伝子を誘導することは要旨にあるが、この標的について個別に書いた要旨なし（19234305 の本文は Europe PMC で取得できず）。網羅的なデータだけ
RLM1,SMP1,2026-10-04,15116342;9121433;19234305;32150787,Rlm1 が細胞壁ストレスで細胞壁の遺伝子を誘導することは要旨にあるが、この標的について個別に書いた要旨なし（19234305 の本文は Europe PMC で取得できず）。網羅的なデータだけ
SFP1,ADR1,2026-10-04,40816512,Sfp1 と標的の両方が題名・要旨に出る出芽酵母の論文なし（ヒットは Msn2 と CMK2 の論文のみ）。網羅的なデータだけ
SFP1,LST8,2026-10-04,40816512,Sfp1 と標的の両方が題名・要旨に出る出芽酵母の論文なし（ヒットは Msn2 と CMK2 の論文のみ）。網羅的なデータだけ
SFP1,MID2,2026-10-04,40816512,Sfp1 と標的の両方が題名・要旨に出る出芽酵母の論文なし（ヒットは Msn2 と CMK2 の論文のみ）。網羅的なデータだけ
SFP1,PHO84,2026-10-04,40816512,Sfp1 と標的の両方が題名・要旨に出る出芽酵母の論文なし（ヒットは Msn2 と CMK2 の論文のみ）。網羅的なデータだけ
SFP1,SLM4,2026-10-04,40816512,Sfp1 と標的の両方が題名・要旨に出る出芽酵母の論文なし（ヒットは Msn2 と CMK2 の論文のみ）。網羅的なデータだけ
SFP1,SMP1,2026-10-04,40816512,Sfp1 と標的の両方が題名・要旨に出る出芽酵母の論文なし（ヒットは Msn2 と CMK2 の論文のみ）。網羅的なデータだけ
SKO1,DOT6,2026-10-04,16087739;15116342,Sko1 の標的の全ゲノム ChIP の論文（16087739）の要旨は MSN2・MOT3・ROX1・MGA1・GAT2・PTP3 だけを挙げ、この標的は書かれていない（本文は取得できず）。網羅的なデータだけ
SKO1,GAT1,2026-10-04,16087739;15116342,Sko1 の標的の全ゲノム ChIP の論文（16087739）の要旨は MSN2・MOT3・ROX1・MGA1・GAT2・PTP3 だけを挙げ、この標的は書かれていない（本文は取得できず）。網羅的なデータだけ
SKO1,GIS1,2026-10-04,16087739;15116342,Sko1 の標的の全ゲノム ChIP の論文（16087739）の要旨は MSN2・MOT3・ROX1・MGA1・GAT2・PTP3 だけを挙げ、この標的は書かれていない（本文は取得できず）。網羅的なデータだけ
SKO1,GLN3,2026-10-04,16087739;15116342,Sko1 の標的の全ゲノム ChIP の論文（16087739）の要旨は MSN2・MOT3・ROX1・MGA1・GAT2・PTP3 だけを挙げ、この標的は書かれていない（本文は取得できず）。網羅的なデータだけ
SKO1,GPA2,2026-10-04,16087739;15116342,Sko1 の標的の全ゲノム ChIP の論文（16087739）の要旨は MSN2・MOT3・ROX1・MGA1・GAT2・PTP3 だけを挙げ、この標的は書かれていない（本文は取得できず）。網羅的なデータだけ
SKO1,HOG1,2026-10-04,16087739;15116342,Sko1 の標的の全ゲノム ChIP の論文（16087739）の要旨は MSN2・MOT3・ROX1・MGA1・GAT2・PTP3 だけを挙げ、この標的は書かれていない（本文は取得できず）。網羅的なデータだけ
SKO1,MSN4,2026-10-04,16087739;15116342,Sko1 の標的の全ゲノム ChIP の論文（16087739）の要旨は MSN2・MOT3・ROX1・MGA1・GAT2・PTP3 だけを挙げ、この標的は書かれていない（本文は取得できず）。網羅的なデータだけ
SKO1,PHO84,2026-10-04,16087739;15116342,Sko1 の標的の全ゲノム ChIP の論文（16087739）の要旨は MSN2・MOT3・ROX1・MGA1・GAT2・PTP3 だけを挙げ、この標的は書かれていない（本文は取得できず）。網羅的なデータだけ
SKO1,SLM1,2026-10-04,16087739;15116342,Sko1 の標的の全ゲノム ChIP の論文（16087739）の要旨は MSN2・MOT3・ROX1・MGA1・GAT2・PTP3 だけを挙げ、この標的は書かれていない（本文は取得できず）。網羅的なデータだけ
SKO1,TCO89,2026-10-04,16087739;15116342,Sko1 の標的の全ゲノム ChIP の論文（16087739）の要旨は MSN2・MOT3・ROX1・MGA1・GAT2・PTP3 だけを挙げ、この標的は書かれていない（本文は取得できず）。網羅的なデータだけ
SKO1,TOD6,2026-10-04,16087739;15116342,Sko1 の標的の全ゲノム ChIP の論文（16087739）の要旨は MSN2・MOT3・ROX1・MGA1・GAT2・PTP3 だけを挙げ、この標的は書かれていない（本文は取得できず）。網羅的なデータだけ
SKO1,TOS3,2026-10-04,16087739;15116342,Sko1 の標的の全ゲノム ChIP の論文（16087739）の要旨は MSN2・MOT3・ROX1・MGA1・GAT2・PTP3 だけを挙げ、この標的は書かれていない（本文は取得できず）。網羅的なデータだけ
SKO1,YPD1,2026-10-04,16087739;15116342,Sko1 の標的の全ゲノム ChIP の論文（16087739）の要旨は MSN2・MOT3・ROX1・MGA1・GAT2・PTP3 だけを挙げ、この標的は書かれていない（本文は取得できず）。網羅的なデータだけ
SMP1,GAT1,2026-10-04,12482976;9121433,Smp1 の論文の要旨は STL1 などの浸透圧応答の遺伝子の誘導を書くが、この標的は書かれていない。網羅的なデータだけ
SMP1,GLC7,2026-10-04,12482976;9121433,Smp1 の論文の要旨は STL1 などの浸透圧応答の遺伝子の誘導を書くが、この標的は書かれていない。網羅的なデータだけ
SMP1,HKR1,2026-10-04,12482976;9121433,Smp1 の論文の要旨は STL1 などの浸透圧応答の遺伝子の誘導を書くが、この標的は書かれていない。網羅的なデータだけ
SMP1,HOG1,2026-10-04,12482976;9121433,Smp1 の論文の要旨は STL1 などの浸透圧応答の遺伝子の誘導を書くが、この標的は書かれていない。網羅的なデータだけ
SMP1,SLT2,2026-10-04,12482976;9121433,Smp1 の論文の要旨は STL1 などの浸透圧応答の遺伝子の誘導を書くが、この標的は書かれていない。網羅的なデータだけ
SMP1,SNF4,2026-10-04,12482976;9121433,Smp1 の論文の要旨は STL1 などの浸透圧応答の遺伝子の誘導を書くが、この標的は書かれていない。網羅的なデータだけ
SMP1,SSK22,2026-10-04,12482976;9121433,Smp1 の論文の要旨は STL1 などの浸透圧応答の遺伝子の誘導を書くが、この標的は書かれていない。網羅的なデータだけ
SWI4,GAT1,2026-10-04,1334024;7705654;25112483,Swi4（SBF）とこの標的の両方を扱う個別の実験の論文なし（ヒットは SIT4 が SWI4 の発現に要るという逆向きの論文など）。網羅的なデータだけ
SWI4,GTR1,2026-10-04,1334024;7705654;25112483,Swi4（SBF）とこの標的の両方を扱う個別の実験の論文なし（ヒットは SIT4 が SWI4 の発現に要るという逆向きの論文など）。網羅的なデータだけ
SWI4,HOG1,2026-10-04,1334024;7705654;25112483,Swi4（SBF）とこの標的の両方を扱う個別の実験の論文なし（ヒットは SIT4 が SWI4 の発現に要るという逆向きの論文など）。網羅的なデータだけ
SWI4,HXK2,2026-10-04,1334024;7705654;25112483,Swi4（SBF）とこの標的の両方を扱う個別の実験の論文なし（ヒットは SIT4 が SWI4 の発現に要るという逆向きの論文など）。網羅的なデータだけ
SWI4,MID2,2026-10-04,1334024;7705654;25112483,Swi4（SBF）とこの標的の両方を扱う個別の実験の論文なし（ヒットは SIT4 が SWI4 の発現に要るという逆向きの論文など）。網羅的なデータだけ
SWI4,MSB2,2026-10-04,1334024;7705654;25112483,Swi4（SBF）とこの標的の両方を扱う個別の実験の論文なし（ヒットは SIT4 が SWI4 の発現に要るという逆向きの論文など）。網羅的なデータだけ
SWI4,PHO4,2026-10-04,1334024;7705654;25112483,Swi4（SBF）とこの標的の両方を扱う個別の実験の論文なし（ヒットは SIT4 が SWI4 の発現に要るという逆向きの論文など）。網羅的なデータだけ
SWI4,PHO81,2026-10-04,1334024;7705654;25112483,Swi4（SBF）とこの標的の両方を扱う個別の実験の論文なし（ヒットは SIT4 が SWI4 の発現に要るという逆向きの論文など）。網羅的なデータだけ
SWI4,SIT4,2026-10-04,1334024;7705654;25112483,Sit4 が SWI4 の転写に要るという逆向きの報告（1334024）はあるが、Swi4 が SIT4 を制御する論文なし。網羅的なデータだけ
SWI4,SLM4,2026-10-04,1334024;7705654;25112483,Swi4（SBF）とこの標的の両方を扱う個別の実験の論文なし（ヒットは SIT4 が SWI4 の発現に要るという逆向きの論文など）。網羅的なデータだけ
SWI4,SSK22,2026-10-04,1334024;7705654;25112483,Swi4（SBF）とこの標的の両方を扱う個別の実験の論文なし（ヒットは SIT4 が SWI4 の発現に要るという逆向きの論文など）。網羅的なデータだけ
SWI4,TOS3,2026-10-04,1334024;7705654;25112483,Swi4（SBF）とこの標的の両方を扱う個別の実験の論文なし（ヒットは SIT4 が SWI4 の発現に要るという逆向きの論文など）。網羅的なデータだけ
SWI4,URE2,2026-10-04,1334024;7705654;25112483,Swi4（SBF）とこの標的の両方を扱う個別の実験の論文なし（ヒットは SIT4 が SWI4 の発現に要るという逆向きの論文など）。網羅的なデータだけ
MIG1,MIG2,2026-10-04,9832517;14871952;19087243,MIG2 は MIG1 と違ってグルコースで抑えられず、むしろグルコースで誘導される（9832517・19087243）。Mig1 が MIG2 を抑えるという記述は見つからない
MIG1,PHO84,2026-10-04,19087243,Mig1・Mig2 が重複してリン酸代謝の遺伝子（PHO5・PHO11・PHO89）を抑えると本文にあるが、PHO84 は名前が出るだけで抑制の対象として書かれていない
MIG2,PHO84,2026-10-04,19087243,MIG1・PHO84 の組と同じ。PHO84 が Mig2 で抑えられるとは書かれていない
MIG2,HXK2,2026-10-04,19087243;9832517,HXK2 への言及なし
MIG1,FPK1,2026-10-04,,検索で論文が見つからない（YEASTRACT+ の大規模データのみと思われる）
MIG1,GAT1,2026-10-04,,検索（Mig1 と GAT1・GLN3・SIT4・HOG1・SSK22・GIS1）で関係する論文が見つからない
MIG1,GIS1,2026-10-04,,同上
MIG1,GLN3,2026-10-04,,同上
MIG1,HOG1,2026-10-04,,同上
MIG1,SIT4,2026-10-04,18022394,Sit4 が Mig1 の量を（分解で）調節するという逆向きの論文のみ。Mig1 による SIT4 の転写制御は書かれていない
MIG1,SSK22,2026-10-04,,同上（MIG1・GAT1 の行）
MIG2,GAT1,2026-10-04,19087243;9832517,Mig1・Mig2 の標的の全体解析の本文に GAT1 の名前は出ない
MIG2,HOG1,2026-10-04,19087243;9832517,本文に HOG1 の名前は出ない
MIG2,LST8,2026-10-04,19087243;9832517,本文に LST8 の名前は出ない
MIG2,SIT4,2026-10-04,19087243;9832517,本文に SIT4 の名前は出ない
MIG2,SSK22,2026-10-04,19087243;9832517,本文に SSK22 の名前は出ない
ADR1,GIS1,2026-10-04,15743812;12676948,Adr1 の標的の全体解析（12676948・15743812）の要旨は個々の遺伝子名を挙げず、15743812 の本文は PMC から取れなかった。12676948 は PMC になし
ADR1,GLC7,2026-10-04,15743812;12676948,同上
ADR1,MSN4,2026-10-04,15743812;12676948,同上
ADR1,ORM2,2026-10-04,15743812;12676948,同上
ADR1,RAS2,2026-10-04,15743812;12676948,同上
CAT8,ADR1,2026-10-04,15743812;12676948;19686338,Adr1 と Cat8 は標的を共制御し、Cat8 が一部のプロモーターで Adr1 の結合に要る（15743812）が、Cat8 が ADR1 の発現を変えるとは書かれていない
CAT8,GAT1,2026-10-04,15743812;12676948;12715202,Cat8 の標的の全体解析の要旨に GAT1 の名前は出ない
CAT8,MSN2,2026-10-04,15743812;12676948,同上（MSN2 の名前は出ない）
CAT8,SAK1,2026-10-04,15743812;28373292,Cat8 と SAK1 を並べて扱う論文は寿命の論文（28373292）のみで、Cat8 による SAK1 の転写制御は書かれていない
CAT8,SIP2,2026-10-04,15743812;28373292,Cat8 による SIP2 の転写制御を書いた論文が見つからない
CAT8,TOS3,2026-10-04,15743812;28373292,Cat8 による TOS3 の転写制御を書いた論文が見つからない
RLM1,PRM5,2026-10-04,27112564;31101611;42233670,細胞壁ストレスで PRM5 が誘導されることは本文にあるが、rlm1 欠失での PRM5 の発現を示す一文が読んだ要旨・本文（PMC5009723）に見つからない
SKN7,CCP1,2026-10-04,16313629,CCP1 プロモーターで Yap1・Skn7 の結合部位を調べた要旨はあるが、CCP1 の発現が Skn7 に依存すると書いた一文が要旨にない（本文は PMC になし）
RPN4,PRE1,2026-10-04,23954292;25747386,PRE1 の転写調節を壊した株の要旨はあるが、Rpn4 が PRE1 の発現を上げると書いた一文がない
RPN4,PUP1,2026-10-04,10350051;25747386,PACE がプロテアソーム遺伝子の多くにあるとあるが、PUP1 を名指しした要旨は見つからない（11248031 は本文が PMC から取れず）
GAT1,GDH2,2026-10-04,7568152;8416910,7568152 は Gln3・Nil1(Gat1) の GDH2 などへの効き方が GATAAG 配列で決まるとするが、要旨に Gat1 → GDH2 の向きが書かれていない。8416910 は Gln3 だけ
GCN4,LYS1,2026-10-04,,LYS1 と GCN4 で検索（LYS1 OR LYS2 OR LYS9）したが出芽酵母の論文が見つからない（カンジダ・分裂酵母のみ）
MET4,MET14,2026-10-04,9199298,MET14 の発現は Met31・Met32 に厳密に依存し、それらは Met4 に依存して活性化するとあるが、Met4 → MET14 を直接示す一文はない
STP1,GNP1,2026-10-04,28810701;26546823,GNP1 はシステインの取り込みに関わり SPS 経路（STP1）の欠失で H2S が減るとあるが、STP1 → GNP1 の転写は要旨に書かれていない
PHO4,VTC3,2026-10-04,11102525,PHO で調節される 22 遺伝子に PHM2(YPL019c = VTC3) が含まれ、21 遺伝子に Pho4 結合配列があるとするが、VTC3 個別の Pho4 依存は要旨に書かれていない
SIP4,FBP1,2026-10-04,11405098;9843506;11486018;8628258,Sip4 が CSRE に結合し CSRE 依存のレポーターを活性化することは示されるが、FBP1 そのものへの Sip4 の作用を述べた一文は要旨にない（PMC の本文なし）
SIP4,PCK1,2026-10-04,11405098;9843506;11486018;8628258,同上（PCK1 の名前と Sip4 の作用を結ぶ一文がない）
SIP4,ICL1,2026-10-04,11405098;9843506;11486018;8628258,同上（ICL1 の名前と Sip4 の作用を結ぶ一文がない）
SIP4,MLS1,2026-10-04,11405098;9843506;11486018;8628258,同上（MLS1 の名前と Sip4 の作用を結ぶ一文がない）
HAP4,COX5A,2026-10-04,18629096;2847035;20832886,COX5A への HAP4 の作用を述べた要旨がない（HAP2 と COX5a の古い論文だけ）。18629096 の本文にも COX5A の記述なし
HAP4,COX6,2026-10-04,1314953;18629096,1314953 は COX6 が HAP2/3/4 複合体に影響されるとするが、間接の可能性が高いとし、作用の向きを述べた一文がない
IFH1,RPS11B,2026-10-04,15616569;15616568;16782874,IFH1 の要旨は RP 遺伝子全体についての記述だけ。個別の遺伝子を確かめた本文が得られない（16782874 は PMC の本文が取れない）。代表として RPL3・RPS22A だけを書いた
ZDS2,CDC55,2026-10-04,21536748;18762578;23886942,分裂期に入るときは Cdc55 を助け、分裂期の終わりでは抑える（時期で向きが変わる）
SLK19,CDC14,2026-10-04,24039885;11832211,根拠は「FEAR ネットワーク全体が Cdc14 を放出させる」という一文で、Slk19 の作用としては書かれていない
SPO12,CDC14,2026-10-04,19268588;11832211,根拠は「FEAR ネットワーク全体が Cdc14 を放出させる」という一文で、Spo12 の作用としては書かれていない
CDC55,PDS1,2026-10-04,32591482,複製ストレスでの話で、Pds1 のどの働きへの作用か決まらない
LTE1,TEM1,2026-10-04,19948498;27798238,Lte1 が Tem1 の GEF として Tem1 を活性化するかで論文が割れる（19948498 は試験管内で GEF 活性なし・Bfa1 の局在を決めるとし、27798238 は GEF 領域が Tem1 を直接活性化すると「提案」）。LTE1→KIN4・LTE1→BFA1 は別に加えた
RTS1,KIN4,2026-10-04,19605686,PP2A-Rts1 は Kin4 の上流で Kin4 のリン酸化と局在を調節し、欠くと紡錘体の位置のチェックポイントが失われるが、Kin4 の働きを上げるか下げるかの明示がない（全文は PMC で取得できず）
BUB3,CDC20,2026-10-04,11726501,Bub3 は Cdc20 と結合しチェックポイントで結合が増えるが、Bub3 が Cdc20 を抑えるという記述は「might be instrumental」の推測だけ。Bub1-Bub3 は同じ複合体の土台
CDC15,DBF20,2026-10-04,11267871;22718910,Cdc15 が Dbf20 を活性化する一次論文の記述が見つからない（Dbf2/Dbf20 を MEN の構成要素として挙げるのみ。22718910 は減数分裂での Dbf20-Mob1 の結合の調節）
SPO12,FOB1,2026-10-04,15043811,Spo12 は Fob1 と結合し、リン酸化が結合に影響するが、Spo12 が Fob1 に拮抗するのは「We propose」の提案だけ
GLC7,DAM1,2026-10-04,16537909,Glc7 の活性を下げると Dam1 のリン酸化が変わるが、Glc7 が Ipl1 の基質を脱リン酸化するのは「strongly suggest」の推測で、Dam1 の働きへの向きの記述もない
GIN4,SWE1,2026-10-04,9925642;10805747,Gin4・Kcc4 は Hsl1 と重複して Swe1 を「調節する」という遺伝学の記述だけで、向きの明示がない。10805747 では gin4 の効果はセプチンの乱れを介する
KCC4,SWE1,2026-10-04,9925642;10805747,Gin4・Kcc4 は Hsl1 と重複して Swe1 を「調節する」という遺伝学の記述だけで、向きの明示がない。10805747 では KCC4 の欠失で周期の遅れは出ない
CDC28,CDC20,2026-10-04,,DB では phosphorylation・向きなし。出芽酵母で Cdk1 による Cdc20 のリン酸化の効果を書いた一次論文が検索で見つからない（APC のサブユニットのリン酸化は CDC28→CDC16 などで既にある）
CDC55,CDC28,2026-10-04,8994825;11027284,cdc55 欠失で Cdc28 のチロシンのリン酸化が増え分裂期の CDK が下がるが、Swe1 を介する間接の効果。CDC55→SWE1 として加えたので重ねない
CDC28,IME1,2026-10-04,9889189,論文は「G1 cyclins」とだけ書き、Cdc28 もサイクリンも特定していない
PCH2,HOP1,2026-10-04,32916108;34260586,Pch2 は Hop1 の構造を変えて Hop1 T318 のリン酸化・Mek1 の活性化を支える（34260586）が、状況によりチェックポイントを促す・止めるの両方に働く（32916108）。向きを決められない
HST1,SUM1,2026-10-04,10562556;22106412,同じ複合体（Sum1-Rfm1-Hst1）の構成要素どうしで、取り込まない
GIP1,GLC7,2026-10-04,11724821;29046399,同じ複合体（Gip1 は PP1 の調節・局在サブユニット。Gip1-Glc7 ホスファターゼ）の構成要素どうしで、取り込まない
MND2,AMA1,2026-10-04,15797379;15797380,Mnd2 は APC/C のサブユニットで Ama1 は APC/C の活性化因子。同じ複合体の中の関係で取り込まない（Mnd2 は前期の APC/C-Ama1 を抑える）
AMA1,CDC5,2026-10-04,37728253;31991104;23101628,Cdc5 が APC/C-Ama1 の基質という記述は引用（Arguello-Miranda 2017）か背景だけで、一次論文を PubMed で見つけられなかった。23101628 は要旨で基質を特定しない
AMA1,CLB1,2026-10-04,31991104;23101628,AMA1→CDC5 と同じ。Clb1 が APC/C-Ama1 の基質という一次の一文が見つからない
CDC28,AMA1,2026-10-04,18946082;37728253,CDK 部位の変異体 Ama1 が Cdc15 欠乏の欠陥を戻す（18946082 要旨）、APC/C-Ama1 は高い Cdk1 活性で抑えられる（37728253 の引用）だけ。一次論文の本文が取れない
CDC28,SMK1,2026-10-04,16079231,CDC28 の弱いアレルで Smk1 の活性化状態が上がる遺伝学だけで、仕組み（Ama1 を介すか）がはっきりしない
SPS1,SMK1,2026-10-04,27182947;25409301;10022899,Sps1 が Smk1 を活性化する一次論文が見つからない（Sps1 は Ama1 と並行の経路で前胞子膜の閉鎖に働く）
SNF1,IME1,2026-10-04,9671464;12081645,転写（並行の作業へ）。snf1Δ で IME1 の転写が誘導されない
RIM15,IME1,2026-10-04,9111339;15169885,IME1 の転写の低下は転写（並行の作業へ）。Ime1-Ume6 の結合の低下は two-hybrid で「suggest」だけ
RIM15,IME2,2026-10-04,9111339,転写（並行の作業へ）。rim15Δ で IME2 の発現が下がる
MCK1,IME1,2026-10-04,2010083,転写（並行の作業へ）。MCK1 は IME1 の転写物の蓄積に要る
RME1,IME1,2026-10-04,9580682,転写（並行の作業へ）。Rme1 は IME1 の上流に結合する抑制因子
IME1,UME6,2026-10-04,38886580,同じ転写の複合体（Ume6-Ime1）。Ime1 は Rim11 による Ume6 のリン酸化の足場とされる
CDC28,NDT80,2026-10-04,24115770;41927924,Cdc28 が Ndt80 をリン酸化・調節する一次論文が見つからない
MDM30,FZO1,2026-10-04,18353967;21502136,Fzo1 の量は減らすが、その分解は融合に必要とも書かれ、働きへの向きが一つに決まらない
DOA1,FZO1,2026-10-04,31141470,分解の連鎖に関わるという文だけで、Fzo1 への直接の作用は書かれていない
RSP5,FZO1,2026-10-04,31141470,分解の連鎖に関わるという文だけで、Fzo1 への直接の作用は書かれていない
PHB1,YTA10,2026-10-04,10207067,プロヒビチンと m-AAA プロテアーゼは超複合体を作る（同じ複合体の中の関係）
PHB1,YTA12,2026-10-04,10207067,プロヒビチンと m-AAA プロテアーゼは超複合体を作る（同じ複合体の中の関係）
PHB2,YTA10,2026-10-04,10207067,プロヒビチンと m-AAA プロテアーゼは超複合体を作る（同じ複合体の中の関係）
PHB2,YTA12,2026-10-04,10207067,プロヒビチンと m-AAA プロテアーゼは超複合体を作る（同じ複合体の中の関係）
RSP5,MDM34,2026-10-04,27846375,引用した文に Rsp5 の名前がない（要旨の別の文から補った）
RSP5,MDM12,2026-10-04,27846375,引用した文に Rsp5 の名前がない（要旨の別の文から補った）
TOR1,MKS1,2026-10-04,11882290;15326168,TOR に応じて Mks1 のリン酸化が変わり、リン酸化の程度と RTG 標的の抑制が相関するとあるが、TOR が Mks1 を直接リン酸化する・働きを変えるとは書かれていない（遺伝学的な上下関係のみ）
LST8,MKS1,2026-10-04,16093347;15967597,Lst8 は RTG 経路の抑制因子として Rtg2 と Rtg1/3 の間で働くとあるのみで、Mks1 への直接の作用は書かれていない
SLT2,ATG32,2026-10-04,21576396;22024747;28062576,Slt2 はマイトファジーとミトコンドリアの PAS への移動に要るとあるが、Atg32 のリン酸化・働きへの作用は書かれていない
CDC48,FZO1,2026-10-04,29309037;31804690;29924334,Cdc48 は Ubp12 の分解を通じて融合を促すユビキチン化を保つ一方、Ubx2 とともに Fzo1 の分解も促し、向きが経路により逆
MDV1,DNM1,2026-10-04,23530241;23300936;17998537,分裂装置（Fis1-Mdv1/Caf4-Dnm1）の同じ複合体の中の関係で、取り込まない
CAF4,DNM1,2026-10-04,23300936;17998537,分裂装置（Fis1-Mdv1/Caf4-Dnm1）の同じ複合体の中の関係で、取り込まない
FIS1,DNM1,2026-10-04,17998537;23530241,Fis1 は Mdv1・Caf4 を介して Dnm1 を呼ぶ分裂装置の同じ複合体の中の関係で、取り込まない
DOA1,CDC48,2026-10-04,27044889;32118579,Doa1 は Cdc48-Ufd1-Npl4 と機能的な複合体を作り基質を渡すとあり、同じ複合体の中の関係で Cdc48 の働きへの向きは書かれていない
SSA1,HAP1,2026-10-04,11689685;15102838,Ssa 型 Hsp70（Ssa1-4 のどれかを特定しない）が Hap1 を抑えるとあり、遺伝子名を一つに決められない
GAL11,PDR1,2026-10-04,18385733,Pdr1 が Mediator の Gal11 の KIX ドメインを呼ぶ転写の仕組み。転写（並行の作業へ）
PSD1,PDR3,2026-10-04,18644857,Psd1 の過剰発現で Pdr3 依存に PDR5 の転写が上がるとあるが、Pdr3 への作用の仕組みはなく、転写（並行の作業へ）
TOR1,ATG32,2026-10-04,24838945,TOR と Sin3-Rpd3 が ATG32 の発現を調節する。転写（並行の作業へ）
HAP1,ROX1,2026-10-04,17785431;15654089,ヘムによる Hap1 の ROX1 などの転写制御。転写（並行の作業へ）
PEX3,MSP1,2026-10-04,28906250,Pex3 は Pex15 を Msp1 から守るとあるが Msp1 の働きそのものへの作用ではない（Pex3→Pex15 として登録）
RPN2,RPN4,2026-10-04,11248031;22349505,プロテアソーム全体の代表として Rpn2 を置いたもので、Rpn2 の作用としては書かれていない
HSC82,CMP2,2026-10-04,11094077,結合して安定にするが、活性化には離れる必要があり、過剰発現では活性化を妨げる（状態で向きが変わる）
UBP3,RAD4,2026-10-04,20876584,「suggesting」止まり
SSE1,STE11,2026-10-04,20237159,Hsp90 を阻害したときは短くした Ste11 の分解を逆に促す（状態で向きが変わる）
HSP104,DED1,2026-10-04,37979914,fes1Δ hsp104Δ 二重変異だけの根拠
HOG1,HSP42,2026-10-04,37306264,要旨は「一部 Hog1 を介する」までで、本文が読めない
YDJ1,HSF1,2026-10-04,41025326,二重変異だけの根拠
FES1,HSF1,2026-10-04,24671421,二重変異だけの根拠
SSE1,CIN8,2026-10-04,22908312,モデルとしての記述
YDJ1,CLN3,2026-10-04,17560371;8668184;30988162,Ydj1 は Cln3 を小胞体から放して核に集める（活性化、17560371・30988162）一方、Cln3 のリン酸化と分解にも要る（8668184）。働きの向きが場面で逆なので決めない
HSP104,STE11,2026-10-04,41020413,熱ストレスでできた Ste11 の凝集体が回復時に消えるのに Hsp104・Sse1 が要るとあるが、Ste11 の働きが戻るとは書かれていない
AHA1,MAL63,2026-10-04,20177068,aha1Δ で Mal63 依存のマルターゼ活性が 2 倍になり Aha1 は MAL 活性化因子を負に調節するが、MAL63 は S288C にない遺伝子で取り込めない
HSP82,MAL63,2026-10-04,14500708,Hsp90 を減らすと Mal63 の量が大きく下がる（安定化）が、MAL63 は S288C にない遺伝子で取り込めない
HSP82,SWE1,2026-10-04,11298745,Swe1 が Hsp90 の基質で安定性に Hsp90 が要るとあるが、実験の多くは分裂酵母で、出芽酵母での Swe1 への効果の明記が要旨にない
SSA1,HAP1,2026-10-04,11689685;15102838,ヘムのないとき Ssa 型 Hsp70 が Hap1 を抑えるが、Ssa1〜4 のどれかが要旨で特定されていない（Ydj1 の行だけ採用）
HSP82,HAP1,2026-10-04,15102838;9632766,Hsp90 の機能が欠けると高ヘムで Hap1 の活性が下がるとあるが、Hsp82 か Hsc82 かが要旨で特定されていない（9632766 は複合体に Hsp82 があるとするだけ）。PMC の本文なし
ECM29,RPT6,2026-10-04,28821611,Ecm29 が酸化ストレスで 26S プロテアソームを分解（解体）するとあるが、主な実験はヒト細胞で、プロテアソームの同じ複合体の中の関係でもある
SLT2,BLM10,2026-10-04,27462806;38949052,TORC1 の阻害で Mpk1 が 19S の組み立てシャペロン（Adc17 など）を増やすとあるが、Blm10・Ecm29 への作用は書かれていない
TOR1,ECM29,2026-10-04,27462806;38949052,SLT2 → BLM10 と同じ。TORC1 と Mpk1 の標的は Adc17・Nas6 などで、Ecm29 の記述はない
CDC48,MCM7,2026-10-04,28355556,Ufd1-Npl4 が Cdc48 をユビキチン化した CMG（Mcm7）に呼び、複製の終わりにヘリカーゼを解体する。主に細胞抽出液での再構成で、信号の調節というより複製終結の機構
PHO85,SSA1,2026-10-04,23217712,Pho85 が窒素飢餓・フェロモンで Ssa1 の T36 をリン酸化し Ydj1 を外して Cln3 の分解を促すが、Ssa1 の働きを上げるか下げるか一つに決まらない（補助因子と基質の入れ替え）
BUB3,CLN3,2026-10-04,30080861,1 本の論文だけで、Bub3 と Cln3 の直接の結合も示されていない
CDC28,DBF2,2026-10-04,14574415;19779198;8131744;20123997,網羅的な論文だけ（個別の論文が見つからない）。20123997 は Cdk1 が Dbf2 ではなく Mob1 をリン酸化して Dbf2-Mob1 を抑えるとする（CDC28 → MOB1 として追加）
CDC28,DBF20,2026-10-04,14574415;8131744,網羅的な論文だけ（個別の論文が見つからない）。8131744 は Dbf2・Dbf20 が後期に活性化されるとするのみ
CDC28,CKS1,2026-10-04,16319894,網羅的な論文（プロテインチップ）だけ。Cks1 は Cdc28 と同じ複合体の構成要素で、リン酸化の働きを述べる一次論文がない
CDC28,SLK19,2026-10-04,14574415;29561844,29561844 本文は「Slk19 自身も Esp1 の切断部位の近くで Cdk1 にリン酸化される」と既報を引くだけで、Slk19 の働きへの向きがない
CDC28,RTS1,2026-10-04,14574415;19779198;9154823;26715668,網羅的な論文だけ（個別の論文が見つからない）
CDC14,MOB1,2026-10-04,20123997,Cdc14 は Mob1 を直接脱リン酸化する（試験管内・td-cdc14 で依存）が、それで Dbf2-Mob1 が活性化されるとは本文に書かれていない
CDC14,NET1,2026-10-04,25569132;11274204,Cdc14 が Net1 を脱リン酸化して働きを変えるという一次論文が見つからない。25569132 の正のフィードバックは Net1 ではなく Nur1 の脱リン酸化
CDC14,ACE2,2026-10-04,12196508;10517323,cdc14-1 で Ace2 が核に入らないという MEN 全体の遺伝学だけ。Cdc14 が Ace2 を脱リン酸化するという一文がない
RTS1,SWE1,2026-10-04,31488515;26715668,31488515 は栄養と Rts1 が Wee1（Swe1）を介して分裂期の成長に効くとするが本文が取れず向きが決まらない。26715668 は PP2A-Rts1 が Swe1・Mih1 とは独立に Cdk1 の脱リン酸化を調節するとする
BUB1,HTA1,2026-10-04,19965387;28040741;24939933;22365852,H2A S121 の Bub1 によるリン酸化の一次論文（19965387）は分裂酵母。出芽酵母の論文（28040741・24939933・22365852）は既報として引くだけで、体内で付けることを示す一次の一文がない
BUB1,HTA2,2026-10-04,19965387;28040741;24939933;22365852,BUB1 → HTA1 と同じ
MPS1,CDC31,2026-10-04,20368617,Mps1 は Cdc31 を T110・T128 でリン酸化し（体内でも T110）、T110A は SPB の複製に欠陥、T110D は Kar1 との結合が 10 分の 1 になる。「リン酸化の周期が重要」とあり、Cdc31 の働きへの向きが決まらない
CDC5,TUS1,2026-10-04,16763112,要旨は Cdc5 が Rho1 の GEF を介して Rho1 の局在と活性化を制御するとだけで、Tus1・Rom2 への作用の一文が読めない（本文が PMC にない）
CDC5,ROM2,2026-10-04,16763112,CDC5 → TUS1 と同じ
CDH1,DBF4,2026-10-04,10594027;10373538;10508166;26252546;25287299,G1 期の Dbf4 の分解が APC（cdc16・cdc23 など）に依存するとあるが、Cdh1 の名前で書いた一文がない
BMH1,BFA1,2026-10-04,24850890,Bmh1 は Kin4 にリン酸化された Bfa1（S150・S180）に結合して SPB から外す。局在は下げるが SPOC としての Bfa1 の働きは強まる側で、Bfa1 への向きが決まらない
WHI3,CDC28,2026-10-04,14685274;19440046,14685274 は Cdc28 を細胞質にとどめる（抑える）が、19440046 は芽の先端での Cdk の働きを高める（正の働き）とし、向きが割れる
CDC28,GIN4,2026-10-04,12058072;22366454,22366454 は Candida albicans の論文。出芽酵母の 12058072 は Gin4 と セプチンの結合に Cdc28 のキナーゼ活性が要るとするのみで、Cdc28 による Gin4 のリン酸化の作用が書かれていない
CDC28,POL12,2026-10-04,7823954,Pol12 の周期的なリン酸化を示すが、Cdc28 によるとも働きへの作用とも書かれていない
CDC14,ASK1,2026-10-04,15650742,Ask1 の脱リン酸化は微小管の安定化と後期 A に寄与するとあるが、Ask1 の働きを上げるか下げるかは書かれていない
CDH1,CLB3,2026-10-04,11566880,Hct1（Cdh1）が Clb3 と共沈するという結合だけで、Clb3 の分解を示す一文がない
MPS1,SPC24,2026-10-04,,個別の論文が見つからない（網羅的な PhosphoGRID の記録だけ）
CYR1,SMK1,2026-10-04,19087957,抑圧変異の遺伝学だけの根拠
BMH1,NDT80,2026-10-04,35240051,Ndt80 の量を保つ仕組みが書かれておらず、転写を介している可能性もある
CDC5,IME2,2026-10-04,35023198,Cdc5 は Ime2 に結合し Ime2 の移動度の変化が Cdc5 に依存するが、本文は「活性化を反映するかもしれない」「提案する」とするのみ
CDC7,LRS4,2026-10-04,19013276;18768747,DDK はモノポリンの動原体への呼び込みに必要だが、どのサブユニットへの作用か要旨で特定されない（Lrs4 のリン酸化を介するのは「probably」）。本文は取れない
SGO1,REC8,2026-10-04,15062096;16541024,Sgo1 の欠損で動原体の接着が保たれないとあるが、Rec8 への作用は PP2A-Rts1 を介す（SGO1 → RTS1 と RTS1 → REC8 で表す）。Sgo1 から Rec8 への一次の一文がない
BMH2,NDT80,2026-10-04,35240051,Ndt80 との結合を示したのは Bmh1 だけ。Bmh2 は量を保つとあるだけで、仕組み（転写の可能性）が分からない
GIP1,SPR28,2026-10-04,11724821,gip1Δ で「セプチン」の局在が乱れるとあるだけで、Spr28 など特定のセプチンへの作用の一文がない。Gip1-Glc7 は同じ複合体
CYR1,IME1,2026-10-04,2209544,転写（並行の作業へ）。AC/PK 経路の変異が IME1 の転写物の量を変える
CDC28,SPO11,2026-10-04,20150422,網羅的な論文だけ（個別の論文が見つからない）。Cdc28 が Spo11 をリン酸化しその働きを変えるとする一次論文がない（Cdk の DSB への作用は Mer2 を介する、CDC28 → REC107 で登録済み）
TPK1,UME6,2026-10-04,38886580;15169885,網羅的な論文だけ（個別の論文が見つからない）。PKA の作用は Rim11・Ime1 を介するとされ、Ume6 の直接のリン酸化の作用は書かれていない
MEK1,UME6,2026-10-04,,網羅的な論文だけ（個別の論文が見つからない）。PubMed で Ume6 と Mek1 の両方を含む論文がない
GRR1,GIS4,2026-10-04,15890364,ユビキチン化されても分解されず、量や結合への作用からの推定（向きが決めきれない）
TOM7,MDM10,2026-10-04,16760475;21059357,外膜タンパク質の組み立ての調節で、信号の流れとは言いにくい
CIS1,MSP1,2026-10-04,29650645,Cis1 は Msp1 と結合し、Cis1 による前駆体の除去は MSP1 に依存するが、「Cis1 が Msp1 を TOM へ呼ぶ」はモデル（propose）で、Msp1 の働きを変えるとは書かれていない
CIS1,TOM70,2026-10-04,29650645,Cis1 は Tom70 に依存してミトコンドリアに局在し Tom70 と結合するが、Tom70 の働きへの向きは書かれていない
PDR3,CIS1,2026-10-04,29650645;41372412,mitoCPR で Pdr3 が CIS1 を誘導する。転写（並行の作業へ）
CKA2,ATG32,2026-10-04,23897086,要旨は「CK2」とだけ書き、CKA2 など触媒・調節サブユニットの遺伝子名を示さない（CKA1 → ATG32 は記録済み）
YCK1,TOM22,2026-10-04,24093680,CK1 が Tom22 の T57 をリン酸化し Tom20 との組み立てを促すとあるが、要旨は「CK1」とだけで遺伝子（YCK1/YCK2 など）を特定できず、本文は PMC にない
LST8,RTG2,2026-10-04,11742997,Lst8 は Rtg2 の上流でも働き RTG 経路を抑えるとあるが、遺伝学的な上下関係だけで Rtg2 への直接の作用は書かれていない
MSN5,RTG3,2026-10-04,11076970,Rtg1/Rtg3 の核外輸送に Msn5 が要るが、msn5 欠損で標的遺伝子は上がらず、直接か間接かも分からない（働きへの向きが決まらない）
MSN5,RTG1,2026-10-04,11076970,MSN5 → RTG3 と同じ（核外輸送には要るが働きへの向きが決まらない）
MGR1,YME1,2026-10-04,18843051,Mgr1・Mgr3 は i-AAA プロテアーゼ複合体のアダプターで Yme1 と結合する。同じ複合体の中の関係で、取り込まない
MGR3,YME1,2026-10-04,18843051,MGR1 → YME1 と同じ（i-AAA 複合体の中の関係）
OMA1,COX1,2026-10-04,22219186;24648523,Oma1 はヘム化の不十分な Cox1 を分解する品質管理で、信号の流れではない（coa2 欠損など組み立て変異の条件だけ）
ATG33,ATG32,2026-10-04,34829194;19793921,Atg33 はマイトファジーに要るが、Atg32 など信号の部品への作用は書かれていない
GRR1,GAL2,2026-10-04,16112084,Gal2 のグルコースによる分解に SCF-Grr1 が要るが、Gal2 のユビキチン化は grr1 欠損でも同じで Gal2 は直接の基質ではないとある
BMH2,FIN1,2026-10-04,11931638;12551942,Bmh2 はリン酸化された Fin1 と結合するが、14-3-3 を欠いても Fin1 の繊維はでき、Fin1 の働きへの向きは書かれていない
SIT4,RTG3,2026-10-04,11997479;25512609,Sit4 はグルタミン飢餓での Gln3 の核移行に要るとあるが、Rtg1/Rtg3 への作用は書かれていない
RSP5,DIP5,2026-10-04,20956561,アダプター Aly2 を通した記述で、rsp5 変異株の実験がない
SLT2,NAS6,2026-10-04,27462806,引用文は「すべての RAC」とだけ書き、遺伝子名は本文の定義から補った
SLT2,RPN14,2026-10-04,27462806,引用文は「すべての RAC」とだけ書き、遺伝子名は本文の定義から補った
SLT2,HSM3,2026-10-04,27462806,引用文は「すべての RAC」とだけ書き、遺伝子名は本文の定義から補った
SLT2,NAS2,2026-10-04,27462806,引用文は「すべての RAC」とだけ書き、遺伝子名は本文の定義から補った
HSP82,TOR1,2026-10-04,28613034,シャペロンを人工的に増やした条件だけの報告
SSE1,SLT2,2026-10-04,18478233,sse1Δ でも Slt2 の安定性とリン酸化は保たれ、失われるのは下流の Rlm1 の活性化（Slt2 への作用ではない）
ZUO1,SNF1,2026-10-04,37550218,著者は Ssb・Bmh1 の発現を通した間接の作用と推測している
RSP5,FTR1,2026-10-04,15817488,鉄による Fet3-Ftr1 の取り込みと分解は rsp5-1 株でも起こり、Rsp5 は要らないとされる。Ftr1 はユビキチン化されるが E3 は特定されていない
RSP5,FUI1,2026-10-04,14657252,ウリジン透過酵素 Fui1 も同様に早期に液胞へ送られるとあるが、Rsp5 への依存は Fur4 についてだけ示されている
RSP5,PTR2,2026-10-04,25172766,野生型 Ptr2 の分解が Rsp5 に依存するという文が要旨で欠けて崩れており（本文は PMC にない）、引用できる一文がない。変異体の文は品質管理の話
RSP5,PDR5,2026-10-04,8549828,Pdr5 がエンドサイトーシスの前にユビキチン化されるとあるが、E3（Rsp5）は要旨に出てこない
UBR1,AVO2,2026-10-04,38718572,Ubr1 による Avo2 の分解は avo3-2ts 変異で TORC2 が壊れた特殊な背景だけで示されている
UBR1,STE11,2026-10-04,28515311,Ste11 が Arg/N 末端則の経路で分解されるのは naa10Δ（NatA 欠損）か経路の過剰発現のときだけで、通常の細胞での作用は書かれていない
SCH9,HSP82,2026-10-04,10545107,sch9Δ で Hsp90 複合体の信号伝達の働き（GR・Hap1・Ste11）が上がるが、要旨は「Hsp90 chaperone complex」とまとめて書き HSP82 と HSC82 を区別しない
SSE1,TPK1,2026-10-04,15879503,PKA 活性が異常に高いのは sse1Δ sch9Δ の二重変異で、Sse1 単独の PKA への作用の向きは明記されていない
CPR7,HSP82,2026-10-04,22505624,Cpr7 は Hsp90 の立体構造の変化や Cpr6 との結合を調節するとあるだけで、Hsp90 の働きを上げるか下げるかは書かれていない
CDC37,FUS3,2026-10-04,17242065,Fus3 の量の低下は ste11Δ cdc37S14A の二重変異でだけ示され（Fus3 の発現が経路の基礎活性に依存するため）、Cdc37 の Fus3 への直接の作用は分けられない
SSE1,IRE1,2026-10-04,38577891,SSE1 と IRE1・HAC1 の遺伝的相互作用と、sse1Δ のツニカマイシン耐性が Ire1-Hac1 に依存することだけで、Sse1 が Ire1 の活性を上げるか下げるかは書かれていない
UBP6,RPN11,2026-10-04,26301997;17018280,Ubp6 はプロテアソームに結合して働きを遅らせるが、プロテアソームと同じ複合体に結合した因子どうしの関係として取り込まない
GRX3,AFT2,2026-10-04,24591629;31493153,根拠の実験は試験管内と構造だけ
BOL2,AFT2,2026-10-04,24591629;31493153,根拠の実験は試験管内と構造だけ
YFH1,AFT1,2026-10-04,28918000,論文自身が Fe-S の不足が原因ではないと述べ、仕組みが決まらない
GRX4,AFT2,2026-10-04,24591629;31493153,Aft2 への [2Fe-2S] の受け渡しを調べた実験は Grx3-Bol2 だけ。Grx4 は総説的な前置きの一文（31493153）にしか出ず決めない
FRA1,AFT2,2026-10-04,18281282;20978135,Fra1 の欠失で鉄レギュロンが上がる（Aft1 の核移行）とあるが、Aft2 への作用を示す一文がない
ISU1,AFT1,2026-10-04,15649888;18843040,Isu1 を減らして Aft1 が活性化するとの一次論文の一文を見つけられなかった（Chen 2004 15123701 は要旨に遺伝子名がなく本文が PMC にない）
MRS3,AFT1,2026-10-04,12902335,MRS3/4 の欠失でも過剰発現でも鉄レギュロンが上がり、向きが決まらない
MRS4,AFT1,2026-10-04,12902335,MRS3/4 の欠失でも過剰発現でも鉄レギュロンが上がり、向きが決まらない
DUN1,TIS11,2026-10-04,24958100;26970775;30228242,Dun1 による Cth2 のリン酸化を示す論文を見つけられなかった（Cth2 をリン酸化して分解させるのは Hrr25 で、既に登録済み）
TIS11,CCC1,2026-10-04,18070921;15652485,CCC1 mRNA が Cth1/Cth2 で不安定化するとの一文は 18070921 が Puig 2005 を引用したものだけ。Puig 2005 の要旨に CCC1 がなく本文も PMC にない
CTH1,CCC1,2026-10-04,18070921,同上（引用の孫引きのみ）
SSM4,PCA1,2026-10-04,27226596;19515821;18753133,Pca1 とプロテアソームの複合体形成が Doa10 に依存するとあるが、Doa10 が Pca1 の分解に要るとの一文が要旨になく本文も PMC にない
CDC48,PCA1,2026-10-04,27226596,Cdc48 はプロテアソームを Pca1 に呼ぶのに要るとあるのみで、分解（安定性）への作用を明示する一文がない
SML1,RNR3,2026-10-04,11074005,Sml1 が Rnr3 を抑えるとの一次論文の一文を見つけられなかった
GRX3,BOL2,2026-10-04,20978135;18281282,同じ複合体（[2Fe-2S] Grx3/4-Fra2 ヘテロ二量体）のサブユニット同士のため取り込まない
GRX4,BOL2,2026-10-04,18281282,同じ複合体（Fra-Grx 複合体）のサブユニット同士のため取り込まない
FRA1,BOL2,2026-10-04,18281282,同じ複合体（Fra1-Fra2）のサブユニット同士のため取り込まない
CUP2,CUP1-1,2026-10-04,9599102,転写（並行の作業へ）。Ace1（CUP2）による CUP1 の銅での転写の活性化
MAC1,CTR1,2026-10-04,12011036;9159110,転写（並行の作業へ）。Mac1 による CTR1 の転写の活性化（分解への作用は round43 に inhibit で別に登録）
MAC1,FRE1,2026-10-04,9159110,転写（並行の作業へ）
ZAP1,ZRT1,2026-10-04,21799889,転写（並行の作業へ）
YAP5,CCC1,2026-10-04,18070921;22915593,転写（並行の作業へ）
AFT1,ATX1,2026-10-04,9083054,転写（並行の作業へ）。ATX1 は CCC2・FET3 と同じく Aft1 で誘導される
GIC1,CDC12,2026-10-04,16371506;24286829,要旨の言い方が「suggest」
GIC2,CDC12,2026-10-04,16371506,要旨の言い方が「suggest」
CDC11,HSL1,2026-10-04,9925642;14527412,体内ではセプチンの働きに依存するまでで、Cdc11 の名前が出るのは試験管内の実験だけ
CDC12,HSL1,2026-10-04,9925642;14527412,体内ではセプチンの働きに依存するまでで、Cdc12 の名前が出るのは試験管内の実験だけ
ROM2,RHO2,2026-10-04,9038344,多コピー抑圧（過剰発現の遺伝学）と題名の記述だけ
RSR1,BEM1,2026-10-04,9114012;31411940,GDP 型 Rsr1 は Bem1 に結合するが、9114012 は出芽部位の複合体の組み立てを進めるとし、31411940 は G1 期の初めに Bem1 の働きを妨げる（likely）とし、向きが食い違う
RSR1,CDC42,2026-10-04,12960420;20587777;24062579,Rsr1 と Cdc42 は直接結合するが、Cdc42 の活性への作用は背景の記述（24062579）と「couples」だけ。Cdc24 を介した作用は RSR1→CDC24 として既にある
PKC1,BNR1,2026-10-04,12810699,本文は Rho1/Pkc1 が Bnr1 の活性化にも要る「likely」とするだけ（Bni1 は活性化型 Pkc1 の実験で示されている）
CDC5,BEM3,2026-10-04,23878274,Bem3 の断片が Cdc5 依存でリン酸化され Polo-box に結合するが、「may be a Cdc5 substrate」と推測で、Bem3 の GAP 活性への作用は書かれていない
BIL2,BNR1,2026-10-04,33634134,Bil2 は Bnr1 の核形成を試験管内でだけ抑える。体内では bil2Δ のケーブルの乱れと hof1Δ との合成致死のみ
BUD4,BUD5,2026-10-04,22553209,Bud4 と Axl2 は一倍体で Axl1 があるときだけ Bud5 と会合するが、Bud4 が Bud5 の局在や働きを変えるとは書かれていない
CDC42,IQG1,2026-10-04,23878274,Cdc42 を過剰に活性化すると Iqg1 の分裂部位への局在が乱れる（Ste20 を介する）という過剰活性化の表現型だけで、通常の制御としての一文がない
BUD2,TEM1,2026-10-04,22558355,紡錘体の位置のチェックポイントで Bud2 の GAP 活性が要り、Tem1 が「likely target」とされるだけ
SIS2,PPZ2,2026-10-04,16166647,論文の背景の一文だけで、Ppz2 を調べた一次の実験がない
PPZ2,TRK1,2026-10-04,16166647,論文の背景の一文だけで、Ppz2 を調べた一次の実験がない
PPZ2,TRK2,2026-10-04,15581616,Trk 系をまとめた記述だけ（確度 low）
SAT4,TRK2,2026-10-04,10207057,要旨の言い方が「suggest」
HAL5,TRK2,2026-10-04,10207057,要旨の言い方が「suggest」
SNF1,TRK1,2026-10-04,15642368,要旨の言い方が「suggest」
SNF1,TRK2,2026-10-04,15642368,Trk 系をまとめた記述だけ（確度 low）
NYV1,PMC1,2026-10-04,11080502,過剰発現だけの結果
VHS3,PPZ2,2026-10-04,15192104,Vhs3 は Ppz1 の C 末端に結合して抑える（試験管内）と要旨にあるが、Ppz2 についての記述はない
SKY1,TRK1,2026-10-04,12225850;12135613,"Sky1 が Trk1,2 を「調節する」とあるが、促進か抑制かは要旨に書かれていない（全文は PMC になし）"
CMK2,CRZ1,2026-10-04,30665402,Cmk2 はカルシウム・カルシニューリン経路の負のフィードバックだが、標的がカルシニューリンか Crz1 かは「もっともらしい可能性」として述べるだけ
CMK2,CNA1,2026-10-04,30665402,同上。Cmk2 がカルシニューリンを直接リン酸化して抑えるかは未確定（本文で可能性として述べるだけ）
CMK1,NTH1,2026-10-04,11743609,cmk1 cmk2 で PKA による中性トレハラーゼの活性化が下がる（試験管内）が、標的はトレハラーゼ自体ではないと述べる
GPR1,PMA1,2026-10-04,29284676,2 つのグルコース感知経路が Pma1 を介して pH を変えるとまとめるだけで、Gpr1 が Pma1 を活性化するという一文がない（本文は PMC で取れず）
TOR1,PMA1,2026-10-04,38227612,活性化した TORC1 が Pma1 の S911-T912 のリン酸化を下げ、フィードバックで抑える「ことを示唆する」とだけ書かれる
TPK1,TPS1,2026-10-04,24380875,cAMP 依存のリン酸化で Tps1 が抑えられるのは細胞抽出液（試験管内）だけで、Tps3 を介する間接の仕組みとして提案されている
HRK1,NHA1,2026-10-04,38053573,Nha1 は Hrk1 の標的として「提案されている」だけ
SAT4,PMA1,2026-10-04,17548466,Pma1 は Hal4/Hal5 で制御されないと書かれている（関係なし）
YPK2,FPS1,2026-10-04,26274562,要旨は Ypk1 による Fps1 のリン酸化だけで、Ypk2 についての記述はない
ERV14,TOK1,2026-10-04,31136755,Erv14 は COPII の積み荷受容体で、Tok1・Trk1 を細胞膜へ運ぶ。信号の伝達ではなく輸送の関係なので取り込まない
YPT7,VPS41,2026-10-04,30269949,示されたのは膜内断片の減少で、Vps41（HOPS）の働きへの作用は間接
PAN1,ARP2,2026-10-04,11433303,Arp2/3 複合体を ARP2 一つで代表させたもの
VPS4,SNF7,2026-10-04,9606181,根拠の文が「data suggest」止まり
VPS4,VPS24,2026-10-04,9606181,根拠の文が「data suggest」止まり
PHO85,VAC7,2026-10-04,28637746,"Pho85-Pho80 が Vac7 を直接リン酸化し体内でもリン酸化されるが、Vac7 の部位変異だけの効果は示されず Fab1 との二重変異でしか PI(3,5)P2 の低下を見ていない（Pho85→Fab1 は既存）"
YPT1,GEA1,2026-10-04,28978742,Ypt1 が Gea1・Gea2 を膜に呼ぶのは試験管内だけで、体内では Gea1 と Ypt1 の重なりがほとんどないと書かれる
YPT1,GEA2,2026-10-04,28978742,Ypt1 による Gea2 の呼び込みと活性の約 2 倍の上昇は試験管内だけ
PRB1,PEP4,2026-10-04,8840499;7628461,PrB が proPrA の成熟に関わるが、prb1 でも自己触媒で活性な pseudoPrA ができ、Pep4 の活性化に PrB が要るとは言えない
YPK1,ROG3,2026-10-04,40945725,TORC1 の阻害で Ste2 の取り込みが TORC2・Ypk1・Rod1・Rog3 を通ると書かれるが、Ypk1 が Rog3 に何をするか（リン酸化か、向き）は要旨にない
VPS34,MON1,2026-10-04,24623720,Mon1-Ccz1 の液胞への結合は PI3P を要するが、競合実験（試験管内）と pah1Δ 液胞の観察だけで、Vps34 の欠損での体内の局在は示されていない
ROD1,RSP5,2026-10-04,22249293;18976803,アレスチンが PY モチーフで Rsp5 を呼ぶことは書かれるが、Rod1 が Rsp5 の働きを上げると明記した文はなく、Rsp5→Rod1 のユビキチン化（既存）として記録済み
ZAP1,ZRT1,2026-10-04,21799889,転写の候補（43 回目から）。要旨は Zap1 の亜鉛による DNA 結合の調節で、ZRT1 の名前がない
GGA2,ARN1,2026-10-04,17344478,振り分けの仕組みからの判断で、作用の向きを書いた一文がない
GGA2,SIT1,2026-10-04,18489705,振り分けの仕組みからの判断で、作用の向きを書いた一文がない
RSP5,FET3,2026-10-04,15817488;18768754,論文が食い違う。15817488 は鉄による Fet3-Ftr1 の取り込みと分解が rsp5-1 でも起こり Fet3 はユビキチン化されないとし、18768754 は rsp5 変異で Fet3-Ftr1 が再利用経路に回るとする
YFH1,NFS1,2026-10-04,24217246,フラタキシン Yfh1 が Nfs1 のシステイン結合を高めるのは精製タンパク質と単離ミトコンドリアの実験。しかも Nfs1-Isd11-Isu1-Yfh1 は同じ複合体のため取り込まない
NFS1,ISU1,2026-10-04,26842892,同じ複合体（Fe-S 合成の中心の複合体）のサブユニット同士のため取り込まない（Nfs1 は Isu を Pim1 による分解から守る）
ZAP1,ZRC1,2026-10-04,11027563;12556516,転写（並行の作業へ）。亜鉛の制限で Zap1 が ZRC1 の転写を誘導する
ZAP1,ZRT3,2026-10-04,10856230,転写（並行の作業へ）。ZRT3 は Zap1 で制御され亜鉛が少ないと転写が上がる
ZAP1,COT1,2026-10-04,10856230;12556516,転写（並行の作業へ）。読んだ論文に Zap1 が COT1 を制御するとの一文はない
MAC1,CTR3,2026-10-04,9188496,転写（並行の作業へ）。Mac1 が CuRE を介して CTR3 の転写を銅の欠乏で活性化・銅で抑制する
CUP2,CTR1,2026-10-04,9188496,PubMed で組の論文なし。CTR1・CTR3 の銅による制御は Mac1 が担い、Ace1（CUP2）の記述はない（転写なら並行の作業へ）
CUP2,CTR3,2026-10-04,9188496,CUP2 → CTR1 と同じ
SNF1,CCC1,2026-10-04,28760824,転写（並行の作業へ）。Snf1 が Msn2/Msn4 などを介して CCC1 の転写と鉄耐性を高める
MSN2,CCC1,2026-10-04,28760824,転写（並行の作業へ）。注意: 論文は Msn2/Msn4 が Snf1 による CCC1 の転写に寄与する（促進）とするが、DB の転写の行は inhibit
AFT1,SMF3,2026-10-04,11829747,転写（並行の作業へ）。SMF3 の鉄による制御はプロモーター（Aft1 の結合部位）で、aft1 aft2 で大きく下がる
AFT2,SMF3,2026-10-04,11829747,転写（並行の作業へ）。AFT1 → SMF3 と同じ
RSP5,SMF2,2026-10-04,,PubMed で組の論文なし（Smf2 の分解は Bsd2 の行で登録済み）
UPF1,MAC1,2026-10-04,38709348,NMD が MAC1 mRNA を通常の最少培地で分解するとあるが、要旨に Upf1 の名前がなく本文も PMC にない
HUG1,DIF1,2026-10-04,21369983,Hug1 は Dif1 に似るが、Hug1 が Dif1 に作用するとの記述はない
RAD53,CEP3,2026-10-04,40742805;38948692,Cep3 をリン酸化するのは Dun1 で、Rad53 による直接のリン酸化の記述はない
RAD53,CTF4,2026-10-04,21505101;18245327,網羅的なデータだけ。21505101 は ctf18Δ で Ctf4 のクロマチン結合が増えるとあるだけで、Rad53 による Ctf4 のリン酸化の記述はない
RAD53,RAD27,2026-10-04,29741650;15121837,網羅的なデータだけ。Rad27 の過剰発現で Rad53 がリン酸化されるとの記述（逆向き）だけで、Rad53 による Rad27 のリン酸化の記述はない
RAD53,UBP10,2026-10-04,36058129,網羅的なデータだけ。要旨は H2B のユビキチン化と Rad53 の活性化で、Rad53 による Ubp10 のリン酸化の記述はない
SNF1,ZRT1,2026-10-04,42372300,網羅的なデータだけ（総説が 1 件あるのみ）
CDC28,SIT1,2026-10-04,,網羅的なデータだけ。PubMed で両方の名前（題名・要旨、酵母）で検索して 0 件。DB の effect none の確認のため
CMK1,GRX4,2026-10-04,,網羅的なデータだけ。PubMed で両方の名前（題名・要旨、酵母）で検索して 0 件。DB の effect none の確認のため
DUN1,PCK1,2026-10-04,,網羅的なデータだけ。PubMed で両方の名前（題名・要旨、酵母）で検索して 0 件。DB の effect none の確認のため
DUN1,PFS1,2026-10-04,,網羅的なデータだけ。PubMed で両方の名前（題名・要旨、酵母）で検索して 0 件。DB の effect none の確認のため
DUN1,SCT1,2026-10-04,,網羅的なデータだけ。PubMed で両方の名前（題名・要旨、酵母）で検索して 0 件。DB の effect none の確認のため
DUN1,CHA4,2026-10-04,,網羅的なデータだけ。PubMed で両方の名前（題名・要旨、酵母）で検索して 0 件。DB の effect none の確認のため
DUN1,VHR2,2026-10-04,,網羅的なデータだけ。PubMed で両方の名前（題名・要旨、酵母）で検索して 0 件。DB の effect none の確認のため
DUN1,CUP9,2026-10-04,,網羅的なデータだけ。PubMed で両方の名前（題名・要旨、酵母）で検索して 0 件。DB の effect none の確認のため
DUN1,YLR001C,2026-10-04,,網羅的なデータだけ。PubMed で両方の名前（題名・要旨、酵母）で検索して 0 件。DB の effect none の確認のため
DUN1,YJR056C,2026-10-04,,網羅的なデータだけ。PubMed で両方の名前（題名・要旨、酵母）で検索して 0 件。DB の effect none の確認のため
DUN1,AKR1,2026-10-04,,網羅的なデータだけ。PubMed で両方の名前（題名・要旨、酵母）で検索して 0 件。DB の effect none の確認のため
DUN1,YER079W,2026-10-04,,網羅的なデータだけ。PubMed で両方の名前（題名・要旨、酵母）で検索して 0 件。DB の effect none の確認のため
DUN1,CCT7,2026-10-04,,網羅的なデータだけ。PubMed で両方の名前（題名・要旨、酵母）で検索して 0 件。DB の effect none の確認のため
DUN1,GTT3,2026-10-04,,網羅的なデータだけ。PubMed で両方の名前（題名・要旨、酵母）で検索して 0 件。DB の effect none の確認のため
DUN1,HTD2,2026-10-04,,網羅的なデータだけ。PubMed で両方の名前（題名・要旨、酵母）で検索して 0 件。DB の effect none の確認のため
DUN1,SPS1,2026-10-04,,網羅的なデータだけ。PubMed で両方の名前（題名・要旨、酵母）で検索して 0 件。DB の effect none の確認のため
DUN1,HSP42,2026-10-04,,網羅的なデータだけ。PubMed で両方の名前（題名・要旨、酵母）で検索して 0 件。DB の effect none の確認のため
DUN1,CAB1,2026-10-04,,網羅的なデータだけ。PubMed で両方の名前（題名・要旨、酵母）で検索して 0 件。DB の effect none の確認のため
DUN1,YML083C,2026-10-04,,網羅的なデータだけ。PubMed で両方の名前（題名・要旨、酵母）で検索して 0 件。DB の effect none の確認のため
HAL5,SMF1,2026-10-04,,網羅的なデータだけ。PubMed で両方の名前（題名・要旨、酵母）で検索して 0 件。DB の effect none の確認のため
KIN2,CTH1,2026-10-04,,網羅的なデータだけ。PubMed で両方の名前（題名・要旨、酵母）で検索して 0 件。DB の effect none の確認のため
KSP1,MAC1,2026-10-04,,網羅的なデータだけ。PubMed で両方の名前（題名・要旨、酵母）で検索して 0 件。DB の effect none の確認のため
KSP1,CCC1,2026-10-04,,網羅的なデータだけ。PubMed で両方の名前（題名・要旨、酵母）で検索して 0 件。DB の effect none の確認のため
MCK1,SML1,2026-10-04,,網羅的なデータだけ。PubMed で両方の名前（題名・要旨、酵母）で検索して 0 件。DB の effect none の確認のため
MEK1,SML1,2026-10-04,,網羅的なデータだけ。PubMed で両方の名前（題名・要旨、酵母）で検索して 0 件。DB の effect none の確認のため
RAD53,VHR2,2026-10-04,,網羅的なデータだけ。PubMed で両方の名前（題名・要旨、酵母）で検索して 0 件。DB の effect none の確認のため
RAD53,SES1,2026-10-04,,網羅的なデータだけ。PubMed で両方の名前（題名・要旨、酵母）で検索して 0 件。DB の effect none の確認のため
RAD53,SLA1,2026-10-04,,網羅的なデータだけ。PubMed で両方の名前（題名・要旨、酵母）で検索して 0 件。DB の effect none の確認のため
RAD53,UBP9,2026-10-04,,網羅的なデータだけ。PubMed で両方の名前（題名・要旨、酵母）で検索して 0 件。DB の effect none の確認のため
RAD53,AMD1,2026-10-04,,網羅的なデータだけ。PubMed で両方の名前（題名・要旨、酵母）で検索して 0 件。DB の effect none の確認のため
RAD53,CMR3,2026-10-04,,網羅的なデータだけ。PubMed で両方の名前（題名・要旨、酵母）で検索して 0 件。DB の effect none の確認のため
RAD53,ARC1,2026-10-04,,網羅的なデータだけ。PubMed で両方の名前（題名・要旨、酵母）で検索して 0 件。DB の effect none の確認のため
RAD53,FRT2,2026-10-04,,網羅的なデータだけ。PubMed で両方の名前（題名・要旨、酵母）で検索して 0 件。DB の effect none の確認のため
RAD53,AIM3,2026-10-04,,網羅的なデータだけ。PubMed で両方の名前（題名・要旨、酵母）で検索して 0 件。DB の effect none の確認のため
RAD53,YGR210C,2026-10-04,,網羅的なデータだけ。PubMed で両方の名前（題名・要旨、酵母）で検索して 0 件。DB の effect none の確認のため
RAD53,SHE3,2026-10-04,,網羅的なデータだけ。PubMed で両方の名前（題名・要旨、酵母）で検索して 0 件。DB の effect none の確認のため
RAD53,NVJ2,2026-10-04,,網羅的なデータだけ。PubMed で両方の名前（題名・要旨、酵母）で検索して 0 件。DB の effect none の確認のため
RAD53,GUS1,2026-10-04,,網羅的なデータだけ。PubMed で両方の名前（題名・要旨、酵母）で検索して 0 件。DB の effect none の確認のため
RAD53,ALY2,2026-10-04,,網羅的なデータだけ。PubMed で両方の名前（題名・要旨、酵母）で検索して 0 件。DB の effect none の確認のため
RAD53,HEL2,2026-10-04,,網羅的なデータだけ。PubMed で両方の名前（題名・要旨、酵母）で検索して 0 件。DB の effect none の確認のため
RAD53,SSD1,2026-10-04,,網羅的なデータだけ。PubMed で両方の名前（題名・要旨、酵母）で検索して 0 件。DB の effect none の確認のため
RAD53,YLR257W,2026-10-04,,網羅的なデータだけ。PubMed で両方の名前（題名・要旨、酵母）で検索して 0 件。DB の effect none の確認のため
RAD53,ADK1,2026-10-04,,網羅的なデータだけ。PubMed で両方の名前（題名・要旨、酵母）で検索して 0 件。DB の effect none の確認のため
RAD53,YPL150W,2026-10-04,,網羅的なデータだけ。PubMed で両方の名前（題名・要旨、酵母）で検索して 0 件。DB の effect none の確認のため
RAD53,GLO3,2026-10-04,,網羅的なデータだけ。PubMed で両方の名前（題名・要旨、酵母）で検索して 0 件。DB の effect none の確認のため
RAD53,LAS17,2026-10-04,,網羅的なデータだけ。PubMed で両方の名前（題名・要旨、酵母）で検索して 0 件。DB の effect none の確認のため
RAD53,OSH2,2026-10-04,,網羅的なデータだけ。PubMed で両方の名前（題名・要旨、酵母）で検索して 0 件。DB の effect none の確認のため
RAD53,VHS2,2026-10-04,,網羅的なデータだけ。PubMed で両方の名前（題名・要旨、酵母）で検索して 0 件。DB の effect none の確認のため
RAD53,NCL1,2026-10-04,,網羅的なデータだけ。PubMed で両方の名前（題名・要旨、酵母）で検索して 0 件。DB の effect none の確認のため
RAD53,PBS2,2026-10-04,,網羅的なデータだけ。PubMed で両方の名前（題名・要旨、酵母）で検索して 0 件。DB の effect none の確認のため
RAD53,SAS10,2026-10-04,,網羅的なデータだけ。PubMed で両方の名前（題名・要旨、酵母）で検索して 0 件。DB の effect none の確認のため
RAD53,RNH70,2026-10-04,,網羅的なデータだけ。PubMed で両方の名前（題名・要旨、酵母）で検索して 0 件。DB の effect none の確認のため
PTK2,FRA1,2026-10-04,,網羅的なデータだけ。PubMed で両方の名前（題名・要旨、酵母）で検索して 0 件。DB の effect none の確認のため
TPK1,FRA1,2026-10-04,,網羅的なデータだけ。PubMed で両方の名前（題名・要旨、酵母）で検索して 0 件。DB の effect none の確認のため
TPK3,SIT1,2026-10-04,,網羅的なデータだけ。PubMed で両方の名前（題名・要旨、酵母）で検索して 0 件。DB の effect none の確認のため
YCK2,SMF1,2026-10-04,,網羅的なデータだけ。PubMed で両方の名前（題名・要旨、酵母）で検索して 0 件。DB の effect none の確認のため
PKP2,FRA1,2026-10-04,,網羅的なデータだけ。PubMed で両方の名前（題名・要旨、酵母）で検索して 0 件。DB の effect none の確認のため
RAD53,NUP60,2026-10-04,,網羅的なデータだけ。PubMed で両方の名前（題名・要旨、酵母）で検索して 0 件。DB の effect none の確認のため
PHO85,ARN1,2026-10-04,,網羅的なデータだけ。PubMed で両方の名前（題名・要旨、酵母）で検索して 0 件。DB の effect none の確認のため
PHO85,SML1,2026-10-04,,網羅的なデータだけ。PubMed で両方の名前（題名・要旨、酵母）で検索して 0 件。DB の effect none の確認のため
STE20,RAD53,2026-10-04,,網羅的なデータだけ。PubMed で両方の名前（題名・要旨、酵母）で検索して 0 件。DB の effect none の確認のため
RAD53,CPR5,2026-10-04,,網羅的なデータだけ。PubMed で両方の名前（題名・要旨、酵母）で検索して 0 件。DB の effect none の確認のため
RAD53,DEF1,2026-10-04,,網羅的なデータだけ。PubMed で両方の名前（題名・要旨、酵母）で検索して 0 件。DB の effect none の確認のため
RAD53,ENP1,2026-10-04,,網羅的なデータだけ。PubMed で両方の名前（題名・要旨、酵母）で検索して 0 件。DB の effect none の確認のため
RAD53,ESC1,2026-10-04,,網羅的なデータだけ。PubMed で両方の名前（題名・要旨、酵母）で検索して 0 件。DB の effect none の確認のため
RAD53,HPC2,2026-10-04,,網羅的なデータだけ。PubMed で両方の名前（題名・要旨、酵母）で検索して 0 件。DB の effect none の確認のため
DUN1,IRR1,2026-10-04,,網羅的なデータだけ。PubMed で両方の名前（題名・要旨、酵母）で検索して 0 件。DB の effect none の確認のため
RAD53,ITC1,2026-10-04,,網羅的なデータだけ。PubMed で両方の名前（題名・要旨、酵母）で検索して 0 件。DB の effect none の確認のため
DUN1,MRP8,2026-10-04,,網羅的なデータだけ。PubMed で両方の名前（題名・要旨、酵母）で検索して 0 件。DB の effect none の確認のため
RAD53,NSP1,2026-10-04,,網羅的なデータだけ。PubMed で両方の名前（題名・要旨、酵母）で検索して 0 件。DB の effect none の確認のため
RAD53,NUG1,2026-10-04,,網羅的なデータだけ。PubMed で両方の名前（題名・要旨、酵母）で検索して 0 件。DB の effect none の確認のため
DUN1,NUP159,2026-10-04,,網羅的なデータだけ。PubMed で両方の名前（題名・要旨、酵母）で検索して 0 件。DB の effect none の確認のため
RAD53,PGM2,2026-10-04,,網羅的なデータだけ。PubMed で両方の名前（題名・要旨、酵母）で検索して 0 件。DB の effect none の確認のため
DUN1,RCO1,2026-10-04,,網羅的なデータだけ。PubMed で両方の名前（題名・要旨、酵母）で検索して 0 件。DB の effect none の確認のため
DUN1,RLP7,2026-10-04,,網羅的なデータだけ。PubMed で両方の名前（題名・要旨、酵母）で検索して 0 件。DB の effect none の確認のため
RAD53,RPA14,2026-10-04,,網羅的なデータだけ。PubMed で両方の名前（題名・要旨、酵母）で検索して 0 件。DB の effect none の確認のため
RAD53,TAF2,2026-10-04,,網羅的なデータだけ。PubMed で両方の名前（題名・要旨、酵母）で検索して 0 件。DB の effect none の確認のため
RAD53,USO1,2026-10-04,,網羅的なデータだけ。PubMed で両方の名前（題名・要旨、酵母）で検索して 0 件。DB の effect none の確認のため
RAD53,YRB2,2026-10-04,,網羅的なデータだけ。PubMed で両方の名前（題名・要旨、酵母）で検索して 0 件。DB の effect none の確認のため
SSN3,ZAP1,2026-10-04,,網羅的なデータだけ。PubMed で両方の名前（題名・要旨、酵母）で検索して 0 件。DB の effect none の確認のため
VPS34,ZAP1,2026-10-04,,網羅的なデータだけ。PubMed で両方の名前（題名・要旨、酵母）で検索して 0 件。DB の effect none の確認のため
SKY1,ZRT1,2026-10-04,,網羅的なデータだけ。PubMed で両方の名前（題名・要旨、酵母）で検索して 0 件。DB の effect none の確認のため
SPA2,BNI1,2026-10-04,9571251;11154270,ポラリソームの中の関係（同じ複合体）
INN1,CHS2,2026-10-04,26891268;22956544,同じ複合体の構成因子どうしで、Inn1 の C 末端は早すぎる活性化を止めるとも書かれる
CYK3,INN1,2026-10-04,19707790,分裂溝の陥入を進める複合体の構成因子どうし（同じ複合体）
IQG1,HOF1,2026-10-04,24895401,分裂溝の陥入を進める複合体の構成因子どうし（同じ複合体）
MYO1,HOF1,2026-10-04,23468521,分裂溝の陥入を進める複合体の構成因子どうし（同じ複合体）
GIC1,CDC10,2026-10-04,24286829,Gic1 が Cdc10 に結合してセプチン繊維を束ね、GTP 型 Cdc42 が Gic1 を外すという電子顕微鏡の試験管内の結果だけ
CDC42,AXL2,2026-10-04,37712304,活性型 Cdc42 が Axl2 を Bud3-Bud4 複合体に運ぶというのは「we propose」のモデル
CDC28,BUD4,2026-10-04,22185758,Bud4 の働きが Cdk1 で調節されるとあるが、要旨では向きが書かれていない（PMC なし）
BEM2,RHO4,2026-10-04,23264647,Bem2 は GTP 型 Rho4 に結合するが、「might be a novel GAP」と推測だけ
BOI1,BUD6,2026-10-04,31964708,Boi1/2 と Bud6 の結合を壊すとアクチン繊維の形成が損なわれるが、Bud6 の局在や活性への作用は要旨にない（PMC なし）
RHO1,CDC55,2026-10-04,26728856,Zds1/Zds2-PP2A(Cdc55) を Rho1 の効果器とするのは「strongly suggest」で、Rho1 が Cdc55 の局在・活性を変える一文がない
SEC15,MYO2,2026-10-04,22172676,Myo2 と Sec15 の直接の結合と、結合を壊すと分泌小胞がたまることだけ（どちらがどちらを調節するかは書かれていない）
SAT4,FUR4,2026-10-04,17548466;32191698,本文の一文が「suggesting」を含み、Fur4 に主に効くのは Hal4 かどうか決めきれない
CNA1,PMC1,2026-10-04,8628289,転写（並行の作業へ）。カルシニューリン・カルモジュリン・Ca2+ に依存して pmc1::lacZ が最大 500 倍に誘導される（発現の調節で、Pmc1 の働きへの翻訳後の作用は書かれていない）
CNA1,PMR1,2026-10-04,8628289,転写（並行の作業へ）。高 Mn2+ で PMR1 がカルシニューリン依存に誘導される「may」とあるだけで、翻訳後の作用は書かれていない
SNF1,GPD1,2026-10-04,22988299,Snf1 がリン酸化して抑えるのは Gpd2（SNF1 ⊣ GPD2 は記録済み）。Gpd1 は Ypk1・Ypk2 の標的と書かれ、Snf1 による Gpd1 の制御は書かれていない
SNF1,TPS1,2026-10-04,27189362,逆の関係の論文。tps1Δ の欠陥は SNF1 の欠失で戻り、T6P/TPS は SNF1 の下流・独立に糖新生を止めると書くが、Snf1 が Tps1 を制御する記述はない
CMK2,NTH1,2026-10-04,11743609,CMK1 → NTH1（searched_not_found）と同じ。cmk1 cmk2 で PKA による Nth1 の活性化が下がる（試験管内）が、標的はトレハラーゼ自体ではないとモデルで述べる
CMK2,CMP2,2026-10-04,30665402,CMK2 → CNA1（searched_not_found）と同じ。Cmk2 はカルシウム・カルシニューリン経路の負のフィードバックだが、カルシニューリンを直接抑えるかは書かれていない
FAB1,PMC1,2026-10-04,32388897,"PI(3,5)P2 が少量では Ca2+ の取り込みに要り、多いと放出を止める（量で向きが変わる）。Pmc1 を欠くと過剰な PI(3,5)P2 の作用が消えるが、まとめは「suggest」"
COS3,NHA1,2026-10-04,14718542,Cos3 は Nha1 の C 末端と結合し塩耐性を高めるが、Nha1 の輸送活性を上げるかは「possibly activating」の推測で、活性の測定がない
ENT1,ENA1,2026-10-04,32694166,Ena1 はエプシン（Ent1・Ent2）に特異的な積み荷で、取り込みの機構の関係（信号の伝達ではない）。Ena1 の働きへの作用は書かれていない
ENT2,ENA1,2026-10-04,32694166,ENT1 → ENA1 と同じ（エンドサイトーシスの積み荷の関係）
PPZ1,GLN3,2026-10-04,21237705,ppz1Δ で Gln3 が核にたまる（カフェイン耐性の検索、ppz1Δ の背景だけ）。題名は「likely regulating its phosphorylation state」で、Gln3 のリン酸化は sat4・hal5 で下がるのに核移行も消えるなど仕組みが合わず、向きを決めない
SAT4,GLN3,2026-10-04,21237705,PPZ1 → GLN3 と同じ。ppz1Δ の背景での核移行が sat4 で消えるだけで、野生型での作用は書かれていない
HAL5,GLN3,2026-10-04,21237705,PPZ1 → GLN3 と同じ。ppz1Δ の背景での核移行が hal5 で消えるだけで、野生型での作用は書かれていない
PPZ1,EFB1,2026-10-04,11278758,Ppz が EF1Bα の S86 のリン酸化状態を調節するが、翻訳の正確さへの作用は「may」「suggesting」で、EF1Bα の働きへの向きは書かれていない
CDC28,VNX1,2026-10-04,14574415;19520826,網羅的な論文だけ（個別の論文が見つからない）。14574415 は Cdk1 の基質の網羅的な探索、19520826 は NLS の予測で Vnx1 は要旨に出てこない
CDC28,PTK2,2026-10-04,14574415,網羅的な論文だけ（個別の論文が見つからない）。14574415 は Cdk1 の基質の網羅的な探索
DOA4,SNF7,2026-10-04,32184262;28057764,Doa4 は ESCRT-III を安定にする一方で膜の切り離しを抑え、向きが一つに決まらない
HSE1,RSP5,2026-10-04,17079730,アダプターとして呼び込むという解釈で、Rsp5 の働きへの作用は書かれていない
YCK1,SEC2,2026-10-04,26700316,Yck1/Yck2 は Sec2 をリン酸化し Sec15 との結合を促し Ypt32 との結合を妨げる（相手により向きが逆）。Sec2 の働きを促すというのは「We propose」のモデル（YCK2→SEC2 の判断と同じ）
PHO85,LDB19,2026-10-04,31618110,Pho85 の働きはサイクリンで逆（Clg1 は Art1 を抑え、Pho80 は活性化する）で、本文は Pho85 による直接のリン酸化ではなく間接と書く
PHO85,ALY1,2026-10-04,23824189;35454122;20739461,Aly1 の働きへの Pho85 の作用を述べた論文が見つからない（カルシニューリン・Npr1/Sit4 の調節は書かれるが Pho85 はない）
PHO85,YPT7,2026-10-04,,Pho85 と Ypt7 の論文が PubMed で見つからない（網羅解析のみ）
VPS21,MON1,2026-10-04,32391792;37463208;42715149,Vps21-GTP が Mon1-Ccz1 の膜結合と Ypt7 への GEF 活性を上げるのはリポソームでの再構成（試験管内）だけ。結合は弱く、主な相手は Ypt10。体内は vps21Δ ypt52Δ での Ypt7 の局在の変化のみ
ARF1,GGA1,2026-10-04,11124697,Gga1 が GTP 型の Arf1 と結合する（効果分子）ことだけ。Arf1 が Gga1 の局在・働きを変えるという酵母の実験は見つからない
ARF1,GGA2,2026-10-04,11124697,ARF1→GGA1 と同じ
ARF1,SEC21,2026-10-04,22304919,Arf1-GTP がコートマーに結合する構造研究（試験管内）。酵母の体内での向きの記述なし
ARL1,SEC7,2026-10-04,25220393,Arl1 による Sec7 のリポソームへの呼び込み・活性の上昇は試験管内だけ（タグを付けた Arl1 は働かず体内の解析は Ypt1・Ypt31 に限った）
RSP5,ALY1,2026-10-04,20739461;28298493,Aly1 のユビキチン化が局在・働きを変えるのは「may」。分解の調節は Ubp2/Ubp15 の論文で示されるが Rsp5 の効果としての記述ではない
RSP5,ALY2,2026-10-04,20739461,RSP5→ALY1 と同じ（「may regulate their localization/function」）
SCH9,ROD1,2026-10-04,26920760;40945725,Rod1 を負に調節するキナーゼとして示されたのは Snf1 と Ypk1。Sch9 による調節の論文は見つからない
TPK1,ROD1,2026-10-04,26920760,PKA による Rod1 の調節の論文は見つからない
YPK1,ALY1,2026-10-04,34562280;35454122,Ypk1 による Aly1 の調節の論文は見つからない（Ypk1 は Rod1 で示されている）
MSB3,YPT7,2026-10-04,22593206,Msb3 は Vps21 の GAP。Ypt7 にも働くことは「suggesting」（msb3Δ の液胞が融合しやすい）
YPT1,USO1,2026-10-04,9545229;11879636,Ypt1 が Uso1 の膜結合を調節するのは試験管内の膜で「suggesting」
VPS2,VPS4,2026-10-04,20110351,Vps4 は Vps2・Snf7 との結合で ESCRT-III に呼ばれるが、Complex Portal で Vps4 は ESCRT-III 複合体の一員（同じまとまりの中の関係）。網の目は重複が大きく単独の結合は必須でない
INP51,MSS4,2026-10-04,25057013;25268174,"Inp51/52 は Mss4 の産物 PI(4,5)P2 を分解するが、Mss4 タンパク質そのものの働きを変える記述はない（脂質を介した拮抗）"
PTC1,SEC2,2026-10-04,26700316,Ptc1 による Sec2 の脱リン酸化の論文は見つからない（Sec2 は出芽の後期に脱リン酸化されるとあるが酵素は書かれない）
ZAP1,COT1,2026-10-04,10856230;12556516,転写の候補（44 回目から）。要旨に Zap1 が COT1 を制御するとの一文がない
CNA1,PMR1,2026-10-04,8628289,転写の候補（44 回目から）。高 Mn2+ で PMR1 がカルシニューリンに依存して誘導される「may」とあるだけ
CRM1,SWI6,2026-10-04,35189816,核外移行シグナル（NES）が推定の段階
SRP1,SWI6,2026-10-04,14998990,「相関する」という記述だけ
YRB1,GSP1,2026-10-04,7489726;10921930;9121474,Yrb1 は Rna1 存在下で Gsp1 の GTP 加水分解を促し、Prp20・Mog1 によるヌクレオチドの放出を妨げるが、どれも試験管内。yrb1 変異は核輸送に欠けるが、体内での Gsp1 の GTP 状態への作用は書かれていない
MSN5,CLN2,2026-10-04,22889732,Msn5 に依存する NES で Cln2 が核から出され、細胞質での働きが増え核での働きが損なわれる。働きの場所で向きが分かれる
PSE1,CDH1,2026-10-04,12456658,Cdh1 が Pse1 に結合するとだけ書かれ、Pse1 が Cdh1 の核への取り込みに要るかは要旨にない
MSN5,RFA1,2026-10-04,11266464;21332387,Msn5/Kap142 が RPA を取り込むという報告（11266464）と、msn5 欠損で RPA の局在は変わらず Kap95 が主な受容体とする報告（21332387）が食い違う
KAP114,SPT15,2026-10-04,32484313;10535958,Kap114 は TBP の核への取り込み受容体だが、塩ストレスでは TBP のプロモーターへの結合を抑える（trans-repression）。状態で向きが逆になる
HRR25,SWI6,2026-10-04,9012827,Hrr25 は試験管内で Swi6 を結合・リン酸化し、DNA 損傷での転写誘導に働くことを「示唆」とするだけで、Swi6 への作用の向きは書かれていない
YRB1,STE5,2026-10-04,11238397,yrb1ts で Ste5 が細胞質にずれ接合の欠損を抑圧するが、Ste5 の核への再取り込みが接合応答を下げるのは「示唆」にとどまる
DBP5,MEX67,2026-10-04,33002012,Dbp5 が核膜孔の細胞質側で mRNP を作り変え Mex67・Nab2 を外すことは既知の枠組みとしての記述で、この論文は近接を示すだけ（推測）
PHO85,CRZ1,2026-10-04,,Pho85 が Crz1 をリン酸化し核外輸送を促すという個別の原著を PubMed の検索（Pho85 Crz1 / Pho85 Pcl Crz1）で見つけられなかった
CDC10,BNI4,2026-10-04,9314530,局在がセプチン全般に依存することまでで、Cdc10 だけの寄与は分からない
WSC3,FKS1,2026-10-04,12399379,多コピーでの抑圧（過剰発現）だけの根拠
MTL1,FKS1,2026-10-04,12399379,多コピーでの抑圧（過剰発現）だけの根拠
SMI1,FKS1,2026-10-04,8289782,論文は「グルカン合成酵素の活性が下がる」とだけ書き、Fks1 とは特定していない
GLC7,CHS3,2026-10-04,18480405;12529424,Bni4-Glc7 が CSIII の出芽部への集積に要るが、Glc7 の基質と Chs3 への作用の向きは「示唆」止まり（BNI4 → CHS3 に partner GLC7 として記録）
BNI4,GLC7,2026-10-04,12529424;18480405;20197406,Bni4 は Glc7（PP1）の調節サブユニット（同じ複合体）なので取り込まない
HSL1,BNI4,2026-10-04,12529424,hsl1 欠失で出芽部の Bni4-GFP が増えるという観察だけで、Hsl1 の作用（リン酸化か）と向きが書かれていない
YPT32,CHS3,2026-10-04,16303210,Ypt32 の過剰発現・機能喪失のどちらでも Chs3-GFP の局在が変わる。向きを決める文がない
APL4,CHS3,2026-10-04,11879634,AP-1 の欠損で Chs3 が細胞膜へ運ばれる（AP-1 は Chs3 を TGN に引き戻す）が、要旨でどのサブユニット遺伝子かが特定できない
ROM2,FKS1,2026-10-04,12399379,rom2 欠失でグルカン合成が下がるが、ROM2 → RHO1 → FKS1 として既に経路で表せるので重ねない
SLG1,FKS1,2026-10-04,12399379,wsc1 欠失でグルカン合成が下がるが、SLG1 → ROM2 → RHO1 → FKS1 で既に表せるので重ねない
WSC2,SLT2,2026-10-04,9391108;11589572;10348843,WSC1-3 をまとめて欠いた株の結果で、WSC2 単独の Slt2 への作用が書かれていない
MID2,FKS1,2026-10-04,12399379,"MID2 は Pkc1 を正に調節するが 1,3-β-グルカン合成には影響しない（関係なし）"
PKC1,KRE6,2026-10-04,7929594,Kre6 の過剰発現が pkc1 の溶菌を抑えるという遺伝学だけで、Pkc1 の Kre6 への作用は書かれていない
KRE5,KRE6,2026-10-04,22447934,"カルネキシン回路の相同体（kre5 など）の変異で β-1,6-グルカン合成が欠けるが、Kre6 への作用は書かれていない"
SMI1,CHS3,2026-10-04,10206705,KNR4（SMI1）の過剰発現で CHS1・CHS2・CHS3 の mRNA が減る。転写（並行の作業へ）
SMI1,CHS1,2026-10-04,10206705,KNR4（SMI1）の過剰発現で CHS1 の mRNA が減る。転写（並行の作業へ）
SWI4,FKS1,2026-10-04,,SBF（Swi4-Swi6）の標的遺伝子。転写（並行の作業へ）
RLM1,FKS1,2026-10-04,,Rlm1 の標的遺伝子（細胞壁の遺伝子群）。転写（並行の作業へ）
MPT5,SLT2,2026-10-04,11805047,MPT5 と SSD1・PKC1 経路は並行して細胞壁を保つという遺伝学だけ。Mpt5 の直接の標的 mRNA の向きは LRG1 だけ確認（MPT5 → LRG1 として記録）
UTR2,CRH1,2026-10-04,17302808;25495733,Crh1・Crh2（Utr2）は同じ働きの酵素で調節関係ではない。Crh1/Utr2/Gas1 の活性を調節する上流は一次論文で見つからなかった
RAD57,RAD51,2026-10-04,22020281,試験管内の結果と遺伝学だけで、細胞内で直接示した文がない
POL30,SRS2,2026-10-04,23395907;15931174,一次の論文は「モデルを示唆」止まりで、言い切っているのは後の論文の背景の文
RAD14,RAD1,2026-10-04,29660012;42745665,根拠は後の論文の背景として書かれた文（一次の論文の一文ではない）
MSH2,RAD1,2026-10-04,29660012,根拠は後の論文の背景として書かれた文（一次の論文の一文ではない）
SLX4,RTT107,2026-10-04,16267268;21647453,Slx4 は Mec1 による Rtt107 のリン酸化に要る（16267268）が、Rtt107 の DSB への集まりには Slx4 は要らない（21647453）。リン酸化が Rtt107 の働きをどちらに変えるかの明記はなく、Slx4 の作用の向きは決められない
BMH1,EXO1,2026-10-04,21533173;30622624,14-3-3 は Exo1 の核への移行に要る（30622624）一方、14-3-3 欠損では止まったフォークで Exo1 依存の ssDNA ギャップが溜まる（21533173、抑える向き）。論文で向きが逆
MEC1,EXO1,2026-10-04,21533173;30622624,複製ストレスでの Exo1 の高リン酸化は Mec1 依存（21533173）だが、実際のキナーゼは Rad53 で局在には影響しない（30622624）。リン酸化の働きは書かれていない
ESC2,MUS81,2026-10-04,27694623;33184279,Esc2 は試験管内で Mus81 複合体の活性を高め、体内で関わる「可能性」とぼかした書き方（27694623）。一方 Esc2 は Slx5/8・Cul8 とともに分裂期の後に Mms4 を分解へ向ける（33184279）。時期で向きが逆
CDC5,SAE2,2026-10-04,20098491,Sae2 が Cdc5 に「調節される」証拠があるとだけ書かれ、向きと仕組みの記述なし
RAD16,RAD4,2026-10-04,15226437;30840920,Rad7-Rad16（NEF4）は E3 として UV で Rad4 をユビキチン化し量を下げる（15226437・30840920）一方、Rad4 と協同して損傷を認識する（30840920）。RAD7→RAD4 と同じく向きは決められない
NEJ1,DNL4,2026-10-04,21149442,Nej1 は試験管内で Dnl4-Lif1 の連結を促すだけ。Dnl4-Lif1-Nej1 は 1 つの複合体（DNA リガーゼ IV）として扱われ、同じ複合体の中の関係のため取り込まない
XRN1,TOR1,2026-10-04,37808861,根拠が査読前の bioRxiv だけ
LSG1,NMD3,2026-10-04,15660131;28179369,Lsg1 は 60S から Nmd3 を外し（核へ戻して再利用させる）、lsg1 変異で Nmd3 の往復が止まる。Nmd3 の働きを高めるか下げるか（60S からの解離＝外す、再利用＝促す）が一つに決まらない
IGO1,XRN1,2026-10-04,20471941;21289492,Igo1/2 は Rim15 にリン酸化されて Dhh1 と結合し、新しい mRNA を 5′→3′ 分解の経路から守る。Xrn1 そのものへの作用は書かれていない（IGO1→DHH1 は探して見つからず済み）
IGO2,XRN1,2026-10-04,20471941;21289492,IGO1→XRN1 と同じ。Ccr4・Lsm-Pat1・Dhh1 による脱キャップの活性化に対抗するとあるが Xrn1 への直接の作用は示されていない
KSP1,PBP1,2026-10-04,31455721,Ksp1 に依存する Pbp1 S436 のリン酸化はリン酸化プロテオミクスで見つかり、ksp1Δ で Pbp1 の顆粒が増える。Pbp1 の働きを上げるか下げるかは書かれていない
SSD1,SIM1,2026-10-04,24465507;19962308,Ssd1 は細胞壁の成長のタンパク質の翻訳を抑え、CTS1・SIM1・UTH1 の 3′ UTR が Cbk1 依存の翻訳の調節に十分とある。遺伝子ごとに Ssd1 が抑えると明記した一文がない（CTS1・UTH1 も同じ）
PUB1,SEC53,2026-10-04,15964806,pub1Δ で 573 遺伝子の mRNA 半減期が下がり、SEC53・RPS16B の Pub1 依存の安定化は 3′ UTR に要るとあるが、向きを遺伝子ごとに書いた文がない（全体では Pub1 が安定化）
CDC33,DCP2,2026-10-04,10944120;12054793,eIF4E が eIF4G による Dcp1 の活性化を妨げるのは試験管内。生体内では切り詰めた eIF4E が半減期を変えず、キャップへの近づきやすさは単純な競合ではないとある
NAM7,SKI7,2026-10-04,12881429,Upf1 は Ski7 の N 末端と結合し、3′→5′ の NMD の活性化はこの結合によると「示唆」する（suggest）だけ
TPK2,TIF4631,2026-10-04,22899713,PKA が Rpg1 と eIF4G1 のタンパク質量を制御するとあるが向きの記載がない（Tpk2・Tpk3 は Pab1 と結合し、グルコース飢餓で P-body に移る）
KAP95,RFA1,2026-10-04,21332387,要旨は「Kap95 is likely the primary」という推測の書き方
KAP95,RFA2,2026-10-04,21332387,要旨は「Kap95 is likely the primary」という推測の書き方
KAP95,RFA3,2026-10-04,21332387,要旨は「Kap95 is likely the primary」という推測の書き方
CDC28,GPH1,2026-10-04,27203179,試験管内では CDK で活性が上がらず、著者も「seem to be activated」と控えめ
MSN5,SWI5,2026-10-04,22374135;30739521,Msn5 は Swi5 の核外輸出に要るが、msn5 では Swi5 の合成も落ち（量が減る）、Swi5 による転写は欠けない。輸出（抑制）と量の維持（促進）が逆向きで決めない
NUP2,SRP1,2026-10-04,10725229;32734712,nup2Δ で Srp1 が核に溜まり Nup2 が Srp1 の輸出の足場とされるが、Srp1 の働きへの作用は要旨に書かれていない
SUS1,HTB1,2026-10-04,16855026;19269973;14718168,Sus1 は SAGA の H2B 脱ユビキチン化に「関わる」とあるが、欠失で H2Bub が増えると明記した一文が要旨にない（ヒストンの規則で決めない）
SUS1,HTB2,2026-10-04,16855026;19269973,SUS1→HTB1 と同じ理由
CRM1,SPC72,2026-10-04,18573877,Xpo1 は Spc72 の NES に RanGTP 依存で結合するが、Spc72 の働きへの作用は提案（propose）にとどまる
KAP104,CDC14,2026-10-04,12524331,kap104-E604K 変異で Cdc14 が核小体から一部外れ分裂期の終了が進むが、Kap104 による直接の作用か不明
KAP104,FUS3,2026-10-04,12556475,Kap104 の積み荷結合域の欠失で Gpa1・Msg5 による Fus3 の局在変化が消えるが、Kap104 が Fus3 を運ぶかは書かれていない
KAP120,ELP1,2026-10-04,12940988,KAP120 欠失でザイモシン耐性になり Elongator の核への取り込みが要ると「示唆」されるだけ
TOM1,YRA1,2026-10-04,20810649,Tom1 による Yra1 のユビキチン化は輸出前の mRNP からの解離を促す。品質管理の一部で、Yra1 の働きを上げるか下げるか決められない
SRP1,UPF3,2026-10-04,12196393,Srp1 が Upf3 の取り込みを担うが、NMD の働きには Upf3 の輸出が要り、取り込みと働きの関係が要旨では決まらない（NMD は信号伝達の外）
MSN5,GLN3,2026-10-04,,PubMed で Msn5 と Gln3・Gat1・Rtg1 の輸送を述べた原著が見つからない（11076970 は Rtg の制御で Msn5 の輸送ではない）
PSE1,MSN2,2026-10-04,,Msn2・Msn4 の核への取り込み受容体（Pse1・Kap95・Kap123・Nmd5・Srp1）を特定した原著が見つからない
KAP95,GAT1,2026-10-04,,Gat1・Rtg1・Rtg3 の取り込み受容体を特定した原著が見つからない
CRM1,MOT3,2026-10-04,,Mot3 の核外輸出（Crm1）を述べた原著が見つからない
MOG1,BRE1,2026-10-04,30249596,Mog1 は Rad6・Bre1・Rtf1 の遺伝子本体への動員に要るとあるが、Ran の結合蛋白質としての間接作用で、今回は登録を見送った
CDC28,ISR1,2026-10-04,33063175,分裂期の停止細胞での Isr1 の不安定化は CDK1 によると「示唆」されるだけ
CDC28,SLA1,2026-10-04,22787279,Cdc28-Cln3 による Sla1 のリン酸化は Candida albicans の論文で、出芽酵母ではない
CDC28,VHS2,2026-10-04,24646733,Cdk1 が Vhs2 のリン酸化を制御するが、Vhs2 の働きへの作用は要旨にない
CDC28,BNI4,2026-10-04,19458192,Bni4 をリン酸化して局在を決めるのは Pcl-Pho85（PHO85→BNI4 として登録）。Cdc28 による作用は要旨にない
PHO85,DMA1,2026-10-04,23264631,Pho85 がリン酸化するのは Pcl1 で、それが Dma1 との結合を促す。Pho85→Dma1 の作用ではない
CDC28,BIK1,2026-10-04,30072442,Swe1・Mih1 が Bik1 のリン酸化に関わるとあるが、Cdc28 による Bik1 への作用は書かれていない
CDC28,CIP1,2026-10-04,28771906,Cip1 は Cdk1 の阻害因子とされるが、Cdc28 から Cip1 への作用は要旨にない
CDC28,PKC1,2026-10-04,23510481,見つかった論文は Pkc1 による Mih1 の制御（示唆）で、Cdc28→Pkc1 の作用はない
KSP1,GSP1,2026-10-04,8676864,KSP1 の過剰発現は prp20-10 を抑圧するが、ksp1 欠失は Prp20 のリン酸化に影響しない。Gsp1 への作用は書かれていない
KSP1,SRP1,2026-10-04,8676864,Srp1 への作用を述べた論文がない（網羅的リン酸化データのみ）
CMK1,MSN5,2026-10-04,,DB では effect none（網羅的なリン酸化データ）。PubMed で両方の遺伝子名を含む論文が見つからない
FUS3,RNA1,2026-10-04,,DB では effect none（網羅的なリン酸化データ）。PubMed で両方の遺伝子名を含む論文が見つからない
FRK1,RNA1,2026-10-04,,DB では effect none（網羅的なリン酸化データ）。PubMed で両方の遺伝子名を含む論文が見つからない
KIN2,YRB2,2026-10-04,,DB では effect none（網羅的なリン酸化データ）。PubMed で両方の遺伝子名を含む論文が見つからない
KIN4,YRB1,2026-10-04,,DB では effect none（網羅的なリン酸化データ）。PubMed で両方の遺伝子名を含む論文が見つからない
MCK1,YRB1,2026-10-04,,DB では effect none（網羅的なリン酸化データ）。PubMed で両方の遺伝子名を含む論文が見つからない
TOS3,THP1,2026-10-04,,DB では effect none（網羅的なリン酸化データ）。PubMed で両方の遺伝子名を含む論文が見つからない
PRK1,SAC3,2026-10-04,,DB では effect none（網羅的なリン酸化データ）。PubMed で両方の遺伝子名を含む論文が見つからない
PTK1,NUP60,2026-10-04,,DB では effect none（網羅的なリン酸化データ）。PubMed で両方の遺伝子名を含む論文が見つからない
ALK2,NUP2,2026-10-04,,DB では effect none（網羅的なリン酸化データ）。PubMed で両方の遺伝子名を含む論文が見つからない
MPS1,MLP2,2026-10-04,,DB では effect none（網羅的なリン酸化データ）。PubMed で両方の遺伝子名を含む論文が見つからない
STE20,GSP1,2026-10-04,,DB では effect none（網羅的なリン酸化データ）。PubMed で両方の遺伝子名を含む論文が見つからない
TPK1,SRP1,2026-10-04,,DB では effect none（網羅的なリン酸化データ）。PubMed で両方の遺伝子名を含む論文が見つからない
YCK1,GSP1,2026-10-04,,DB では effect none（網羅的なリン酸化データ）。PubMed で両方の遺伝子名を含む論文が見つからない
YCK1,SRP1,2026-10-04,,DB では effect none（網羅的なリン酸化データ）。PubMed で両方の遺伝子名を含む論文が見つからない
SKY1,CRZ1,2026-10-04,,DB では effect none（網羅的なリン酸化データ）。PubMed で両方の遺伝子名を含む論文が見つからない
RSP5,NPL3,2026-10-04,,DB では effect none（網羅的なリン酸化データ）。PubMed で両方の遺伝子名を含む論文が見つからない
CDC28,MLP1,2026-10-04,,DB では effect none（網羅的なリン酸化データ）。PubMed で両方の遺伝子名を含む論文が見つからない
CDC28,SRM1,2026-10-04,,DB では effect none（網羅的なリン酸化データ）。PubMed で両方の遺伝子名を含む論文が見つからない
CDC28,POM152,2026-10-04,,DB では effect none（網羅的なリン酸化データ）。PubMed で両方の遺伝子名を含む論文が見つからない
STE24,CHS3,2026-10-04,20505074,Chs4 の切断を介するという仕組みが推測の段階
CNA1,GSC2,2026-10-04,7565718;9447998,カルシニューリンは Ca2+・フェロモン・fks1 欠失で FKS2（GSC2）の転写を誘導する（Crz1 を介する）。転写（並行の作業へ）
CNA1,FKS1,2026-10-04,7565718,FKS1 の転写は細胞周期で調節されるという記述だけで、カルシニューリンの FKS1 への作用は書かれていない。転写の話なら転写（並行の作業へ）
SNF1,GSC2,2026-10-04,9447998,グルコースが尽きたときの FKS2 誘導は SNF1 と MIG1 の支配。転写（並行の作業へ）
STE11,GSC2,2026-10-04,22114773,活性型 Ste11 が FKS2-lacZ を誘導する。転写（並行の作業へ）
KSS1,BNI4,2026-10-04,27400980,Kss1 の過剰発現で Bni4 のリン酸化が増え局在異常が戻るという過剰発現の抑圧だけで、生理的な作用の向きは決められない
CBK1,SEC3,2026-10-04,37647291,Cbk1 が Sec3 の N 末端をリン酸化する（試験管内）が、Sec3 の働きへの作用は「would」「might」の推測止まり
RAM1,SKT5,2026-10-04,20505074,Chs4（SKT5）のプレニル化（ファルネシル化）の役割は Grabinska 2007 と Reyes 2007 で結論が食い違う（20505074 の本文が両論を紹介）
STE24,SKT5,2026-10-04,20505074,Ste24 が Chs4 の CaaX を切断するというのは遺伝学からの推測。Chs4 の膜への結合は Ste24 に依存しない
PMT4,SLG1,2026-10-04,19767735,pmt4 欠失で Wsc1 のばね特性が変わるという AFM の観察だけで、信号の向きは書かれていない
CRH1,GAS1,2026-10-04,19793924,Crh1・Crh2 が Gas1 をキチン環・出芽痕に繋ぎ止めるのに要る。細胞壁の架橋（構造）で信号の流れではない
CHS3,GAS1,2026-10-04,19793924,chs3Δ でキチン環と架橋された Gas1 が無くなる。基質の有無（構造）で信号の流れではない
SSD1,SRL1,2026-10-04,21339329,Ssd1 は SRL1 mRNA の偏った局在に要るが、Cbk1 のリン酸化の有無で局在（皮層）と抑制（P ボディ）が逆になり向きが一つに決まらない
CDC28,BNI4,2026-10-04,19779198;19458192,Cdk1 の網羅的なリン酸化部位解析（T410）だけ。Bni4 の局在を決めるのは Pcl-Pho85 と書かれている
CDC28,PKC1,2026-10-04,14574415;22451696,Cdk1 の網羅的な基質スクリーニングだけ。22451696 は Pkc1 が Cdk1 の上流（Swe1 経由）という逆向きの話
CDC28,SSD1,2026-10-04,16319894;19779198,タンパク質チップと網羅的なリン酸化部位解析だけで、Ssd1 への作用は書かれていない
ESA1,CHS5,2026-10-04,19303850,NuA4 のタンパク質マイクロアレイのアセチル化の網羅的データだけ（論文は Pck1 が主題）
SIT4,CHS5,2026-10-04,21177495,キナーゼ・ホスファターゼ欠損株の網羅的なリン酸化プロテオミクスだけ
GAS1,SIR2,2026-10-04,19541632;24981510,Gas1 の欠失でテロメアのサイレンシングが弱まり rDNA のサイレンシングが強まる。部位で逆の効果で、Sir2 への作用の向きが一つに決まらない
ATG1,SSD1,2026-10-04,16319894,タンパク質チップでの試験管内リン酸化の網羅的データだけで、作用の向きを書いた一次論文が見つからない
ATG1,SKT5,2026-10-04,16319894,タンパク質チップでの試験管内リン酸化の網羅的データだけで、作用の向きを書いた一次論文が見つからない
DBF2,SSD1,2026-10-04,16319894,タンパク質チップでの試験管内リン酸化の網羅的データだけで、作用の向きを書いた一次論文が見つからない
PSK1,SSD1,2026-10-04,16319894,タンパク質チップでの試験管内リン酸化の網羅的データだけで、作用の向きを書いた一次論文が見つからない
HAL5,SSD1,2026-10-04,16319894,タンパク質チップでの試験管内リン酸化の網羅的データだけで、作用の向きを書いた一次論文が見つからない
IRE1,SSD1,2026-10-04,16319894,タンパク質チップでの試験管内リン酸化の網羅的データだけで、作用の向きを書いた一次論文が見つからない
IRE1,CHS1,2026-10-04,16319894,タンパク質チップでの試験管内リン酸化の網羅的データだけで、作用の向きを書いた一次論文が見つからない
KSP1,SLT2,2026-10-04,16319894,タンパク質チップでの試験管内リン酸化の網羅的データだけで、作用の向きを書いた一次論文が見つからない
KSP1,SKT5,2026-10-04,16319894,タンパク質チップでの試験管内リン酸化の網羅的データだけで、作用の向きを書いた一次論文が見つからない
MCK1,SSD1,2026-10-04,16319894,タンパク質チップでの試験管内リン酸化の網羅的データだけで、作用の向きを書いた一次論文が見つからない
PTK2,SSD1,2026-10-04,16319894,タンパク質チップでの試験管内リン酸化の網羅的データだけで、作用の向きを書いた一次論文が見つからない
SKM1,SWI6,2026-10-04,16319894,タンパク質チップでの試験管内リン酸化の網羅的データだけで、作用の向きを書いた一次論文が見つからない
SNF1,SSD1,2026-10-04,16319894,タンパク質チップでの試験管内リン酸化の網羅的データだけで、作用の向きを書いた一次論文が見つからない
SNF1,SKT5,2026-10-04,16319894,タンパク質チップでの試験管内リン酸化の網羅的データだけで、作用の向きを書いた一次論文が見つからない
STE20,SSD1,2026-10-04,16319894,タンパク質チップでの試験管内リン酸化の網羅的データだけで、作用の向きを書いた一次論文が見つからない
SWE1,CHS1,2026-10-04,16319894,タンパク質チップでの試験管内リン酸化の網羅的データだけで、作用の向きを書いた一次論文が見つからない
SWE1,CHS7,2026-10-04,16319894,タンパク質チップでの試験管内リン酸化の網羅的データだけで、作用の向きを書いた一次論文が見つからない
SWE1,SKT5,2026-10-04,16319894,タンパク質チップでの試験管内リン酸化の網羅的データだけで、作用の向きを書いた一次論文が見つからない
TOS3,CHS1,2026-10-04,16319894,タンパク質チップでの試験管内リン酸化の網羅的データだけで、作用の向きを書いた一次論文が見つからない
TPK1,SKT5,2026-10-04,16319894,タンパク質チップでの試験管内リン酸化の網羅的データだけで、作用の向きを書いた一次論文が見つからない
TPK1,SSD1,2026-10-04,16319894,タンパク質チップでの試験管内リン酸化の網羅的データだけで、作用の向きを書いた一次論文が見つからない
YCK1,SKT5,2026-10-04,16319894,タンパク質チップでの試験管内リン酸化の網羅的データだけで、作用の向きを書いた一次論文が見つからない
YCK1,SSD1,2026-10-04,16319894,タンパク質チップでの試験管内リン酸化の網羅的データだけで、作用の向きを書いた一次論文が見つからない
YCK2,CHS1,2026-10-04,16319894,タンパク質チップでの試験管内リン酸化の網羅的データだけで、作用の向きを書いた一次論文が見つからない
YCK2,SKT5,2026-10-04,16319894,タンパク質チップでの試験管内リン酸化の網羅的データだけで、作用の向きを書いた一次論文が見つからない
YCK2,SSD1,2026-10-04,16319894,タンパク質チップでの試験管内リン酸化の網羅的データだけで、作用の向きを書いた一次論文が見つからない
YCK2,PKC1,2026-10-04,16319894,タンパク質チップでの試験管内リン酸化の網羅的データだけで、作用の向きを書いた一次論文が見つからない
PKP2,SSD1,2026-10-04,16319894,タンパク質チップでの試験管内リン酸化の網羅的データだけで、作用の向きを書いた一次論文が見つからない
PHO85,SKT5,2026-10-04,16319894,タンパク質チップでの試験管内リン酸化の網羅的データだけで、作用の向きを書いた一次論文が見つからない
PHO85,SSD1,2026-10-04,16319894,タンパク質チップでの試験管内リン酸化の網羅的データだけで、作用の向きを書いた一次論文が見つからない
BCK1,GSR1,2026-10-04,16319894,タンパク質チップでの試験管内リン酸化の網羅的データだけで、作用の向きを書いた一次論文が見つからない
BCK1,MPC54,2026-10-04,16319894,タンパク質チップでの試験管内リン酸化の網羅的データだけで、作用の向きを書いた一次論文が見つからない
BCK1,VAS1,2026-10-04,16319894,タンパク質チップでの試験管内リン酸化の網羅的データだけで、作用の向きを書いた一次論文が見つからない
BCK1,CRN1,2026-10-04,16319894,タンパク質チップでの試験管内リン酸化の網羅的データだけで、作用の向きを書いた一次論文が見つからない
BCK1,BZZ1,2026-10-04,16319894,タンパク質チップでの試験管内リン酸化の網羅的データだけで、作用の向きを書いた一次論文が見つからない
BCK1,PBP2,2026-10-04,16319894,タンパク質チップでの試験管内リン酸化の網羅的データだけで、作用の向きを書いた一次論文が見つからない
BCK1,EUC1,2026-10-04,16319894,タンパク質チップでの試験管内リン酸化の網羅的データだけで、作用の向きを書いた一次論文が見つからない
BCK1,GUS1,2026-10-04,16319894,タンパク質チップでの試験管内リン酸化の網羅的データだけで、作用の向きを書いた一次論文が見つからない
BCK1,IPA1,2026-10-04,16319894,タンパク質チップでの試験管内リン酸化の網羅的データだけで、作用の向きを書いた一次論文が見つからない
BCK1,ADH4,2026-10-04,16319894,タンパク質チップでの試験管内リン酸化の網羅的データだけで、作用の向きを書いた一次論文が見つからない
BCK1,BUD27,2026-10-04,16319894,タンパク質チップでの試験管内リン酸化の網羅的データだけで、作用の向きを書いた一次論文が見つからない
BCK1,FPR1,2026-10-04,16319894,タンパク質チップでの試験管内リン酸化の網羅的データだけで、作用の向きを書いた一次論文が見つからない
BCK1,RRP1,2026-10-04,16319894,タンパク質チップでの試験管内リン酸化の網羅的データだけで、作用の向きを書いた一次論文が見つからない
BCK1,GIR2,2026-10-04,16319894,タンパク質チップでの試験管内リン酸化の網羅的データだけで、作用の向きを書いた一次論文が見つからない
BCK1,MIY2,2026-10-04,16319894,タンパク質チップでの試験管内リン酸化の網羅的データだけで、作用の向きを書いた一次論文が見つからない
BCK1,DOM34,2026-10-04,16319894,タンパク質チップでの試験管内リン酸化の網羅的データだけで、作用の向きを書いた一次論文が見つからない
BCK1,HBT1,2026-10-04,16319894,タンパク質チップでの試験管内リン酸化の網羅的データだけで、作用の向きを書いた一次論文が見つからない
BCK1,APJ1,2026-10-04,16319894,タンパク質チップでの試験管内リン酸化の網羅的データだけで、作用の向きを書いた一次論文が見つからない
BCK1,SPT16,2026-10-04,16319894,タンパク質チップでの試験管内リン酸化の網羅的データだけで、作用の向きを書いた一次論文が見つからない
BCK1,YNL034W,2026-10-04,16319894,タンパク質チップでの試験管内リン酸化の網羅的データだけで、作用の向きを書いた一次論文が見つからない
BCK1,FYV6,2026-10-04,16319894,タンパク質チップでの試験管内リン酸化の網羅的データだけで、作用の向きを書いた一次論文が見つからない
BCK1,BUD4,2026-10-04,16319894,タンパク質チップでの試験管内リン酸化の網羅的データだけで、作用の向きを書いた一次論文が見つからない
BCK1,URN1,2026-10-04,16319894,タンパク質チップでの試験管内リン酸化の網羅的データだけで、作用の向きを書いた一次論文が見つからない
BCK1,YBR225W,2026-10-04,16319894,タンパク質チップでの試験管内リン酸化の網羅的データだけで、作用の向きを書いた一次論文が見つからない
BCK1,SRO7,2026-10-04,16319894,タンパク質チップでの試験管内リン酸化の網羅的データだけで、作用の向きを書いた一次論文が見つからない
BCK1,CUZ1,2026-10-04,16319894,タンパク質チップでの試験管内リン酸化の網羅的データだけで、作用の向きを書いた一次論文が見つからない
BCK1,ELO1,2026-10-04,16319894,タンパク質チップでの試験管内リン酸化の網羅的データだけで、作用の向きを書いた一次論文が見つからない
BCK1,RTK1,2026-10-04,16319894,タンパク質チップでの試験管内リン酸化の網羅的データだけで、作用の向きを書いた一次論文が見つからない
BCK1,KKQ8,2026-10-04,16319894,タンパク質チップでの試験管内リン酸化の網羅的データだけで、作用の向きを書いた一次論文が見つからない
BCK1,MSB3,2026-10-04,16319894,タンパク質チップでの試験管内リン酸化の網羅的データだけで、作用の向きを書いた一次論文が見つからない
BCK1,YMC1,2026-10-04,16319894,タンパク質チップでの試験管内リン酸化の網羅的データだけで、作用の向きを書いた一次論文が見つからない
BCK1,VPS27,2026-10-04,16319894,タンパク質チップでの試験管内リン酸化の網羅的データだけで、作用の向きを書いた一次論文が見つからない
BCK1,SEC2,2026-10-04,16319894,タンパク質チップでの試験管内リン酸化の網羅的データだけで、作用の向きを書いた一次論文が見つからない
BCK1,RPB10,2026-10-04,16319894,タンパク質チップでの試験管内リン酸化の網羅的データだけで、作用の向きを書いた一次論文が見つからない
BCK1,CDC15,2026-10-04,16319894,タンパク質チップでの試験管内リン酸化の網羅的データだけで、作用の向きを書いた一次論文が見つからない
BCK1,RCM1,2026-10-04,16319894,タンパク質チップでの試験管内リン酸化の網羅的データだけで、作用の向きを書いた一次論文が見つからない
BCK1,LIP5,2026-10-04,16319894,タンパク質チップでの試験管内リン酸化の網羅的データだけで、作用の向きを書いた一次論文が見つからない
BCK1,YML083C,2026-10-04,16319894,タンパク質チップでの試験管内リン酸化の網羅的データだけで、作用の向きを書いた一次論文が見つからない
BCK1,OSH2,2026-10-04,16319894,タンパク質チップでの試験管内リン酸化の網羅的データだけで、作用の向きを書いた一次論文が見つからない
BCK1,NCL1,2026-10-04,16319894,タンパク質チップでの試験管内リン酸化の網羅的データだけで、作用の向きを書いた一次論文が見つからない
BCK1,BMS1,2026-10-04,16319894,タンパク質チップでの試験管内リン酸化の網羅的データだけで、作用の向きを書いた一次論文が見つからない
BCK1,SLA1,2026-10-04,16319894,タンパク質チップでの試験管内リン酸化の網羅的データだけで、作用の向きを書いた一次論文が見つからない
BCK1,YMR155W,2026-10-04,16319894,タンパク質チップでの試験管内リン酸化の網羅的データだけで、作用の向きを書いた一次論文が見つからない
BCK1,LFT1,2026-10-04,16319894,タンパク質チップでの試験管内リン酸化の網羅的データだけで、作用の向きを書いた一次論文が見つからない
BCK1,ESBP6,2026-10-04,16319894,タンパク質チップでの試験管内リン酸化の網羅的データだけで、作用の向きを書いた一次論文が見つからない
BCK1,DFM1,2026-10-04,16319894,タンパク質チップでの試験管内リン酸化の網羅的データだけで、作用の向きを書いた一次論文が見つからない
BCK1,MAM33,2026-10-04,16319894,タンパク質チップでの試験管内リン酸化の網羅的データだけで、作用の向きを書いた一次論文が見つからない
BCK1,ARC1,2026-10-04,16319894,タンパク質チップでの試験管内リン酸化の網羅的データだけで、作用の向きを書いた一次論文が見つからない
BCK1,RRP5,2026-10-04,16319894,タンパク質チップでの試験管内リン酸化の網羅的データだけで、作用の向きを書いた一次論文が見つからない
BCK1,UBP10,2026-10-04,16319894,タンパク質チップでの試験管内リン酸化の網羅的データだけで、作用の向きを書いた一次論文が見つからない
BCK1,AIM3,2026-10-04,16319894,タンパク質チップでの試験管内リン酸化の網羅的データだけで、作用の向きを書いた一次論文が見つからない
BCK1,DUS1,2026-10-04,16319894,タンパク質チップでの試験管内リン酸化の網羅的データだけで、作用の向きを書いた一次論文が見つからない
BCK1,RGS2,2026-10-04,16319894,タンパク質チップでの試験管内リン酸化の網羅的データだけで、作用の向きを書いた一次論文が見つからない
BCK1,BDF2,2026-10-04,16319894,タンパク質チップでの試験管内リン酸化の網羅的データだけで、作用の向きを書いた一次論文が見つからない
BCK1,EAF7,2026-10-04,16319894,タンパク質チップでの試験管内リン酸化の網羅的データだけで、作用の向きを書いた一次論文が見つからない
BCK1,ADK1,2026-10-04,16319894,タンパク質チップでの試験管内リン酸化の網羅的データだけで、作用の向きを書いた一次論文が見つからない
BCK1,SCT1,2026-10-04,16319894,タンパク質チップでの試験管内リン酸化の網羅的データだけで、作用の向きを書いた一次論文が見つからない
BCK1,CDC13,2026-10-04,16319894,タンパク質チップでの試験管内リン酸化の網羅的データだけで、作用の向きを書いた一次論文が見つからない
BCK1,RPA12,2026-10-04,16319894,タンパク質チップでの試験管内リン酸化の網羅的データだけで、作用の向きを書いた一次論文が見つからない
BCK1,GLO3,2026-10-04,16319894,タンパク質チップでの試験管内リン酸化の網羅的データだけで、作用の向きを書いた一次論文が見つからない
BCK1,DRS1,2026-10-04,16319894,タンパク質チップでの試験管内リン酸化の網羅的データだけで、作用の向きを書いた一次論文が見つからない
BCK1,YAK1,2026-10-04,16319894,タンパク質チップでの試験管内リン酸化の網羅的データだけで、作用の向きを書いた一次論文が見つからない
MKK1,REC104,2026-10-04,16319894,タンパク質チップでの試験管内リン酸化の網羅的データだけで、作用の向きを書いた一次論文が見つからない
MKK1,VHR2,2026-10-04,16319894,タンパク質チップでの試験管内リン酸化の網羅的データだけで、作用の向きを書いた一次論文が見つからない
MKK1,YBR138C,2026-10-04,16319894,タンパク質チップでの試験管内リン酸化の網羅的データだけで、作用の向きを書いた一次論文が見つからない
MKK1,CDC15,2026-10-04,16319894,タンパク質チップでの試験管内リン酸化の網羅的データだけで、作用の向きを書いた一次論文が見つからない
MKK1,FAP7,2026-10-04,16319894,タンパク質チップでの試験管内リン酸化の網羅的データだけで、作用の向きを書いた一次論文が見つからない
MKK1,YML083C,2026-10-04,16319894,タンパク質チップでの試験管内リン酸化の網羅的データだけで、作用の向きを書いた一次論文が見つからない
MKK1,RET1,2026-10-04,16319894,タンパク質チップでの試験管内リン酸化の網羅的データだけで、作用の向きを書いた一次論文が見つからない
MKK1,PUT3,2026-10-04,16319894,タンパク質チップでの試験管内リン酸化の網羅的データだけで、作用の向きを書いた一次論文が見つからない
DDC1,EXO1,2026-10-04,25925573;25122752,9-1-1 は Rad9 を通して削り込みを抑える面もあり、向きが一つに決まらない
DDC1,DNA2,2026-10-04,25925573;25122752,9-1-1 は Rad9 を通して削り込みを抑える面もあり、向きが一つに決まらない
RAD53,SAE2,2026-10-04,15121837;41444448,Sae2 の DNA 損傷によるリン酸化は Mec1・Tel1 に依存し、Rad53 と Chk1・Rad9・Mrc1 には依存しない（15121837）。Rad53 が Sae2 に働く記述はない（41444448 は Sae2 が Rad53 を抑える向き）
TEL1,EXO1,2026-10-04,18756267,Exo1 のリン酸化は Mec1・Rad53・Rad9 に依存し Tel1 には大きく依存しない（18756267）。Tel1 から Exo1 への作用を書いた論文は見つからない
TEL1,RAD55,2026-10-04,,Tel1 による Rad55 のリン酸化・調節を書いた論文は見つからない（Rad55 のリン酸化は Mec1・Rad53 の論文のみで、既に未決定）
SGS1,DNA2,2026-10-04,20811461,Dna2・Sgs1・RPA は削り込みの最小の複合体として試験管内で再構成され、Sgs1 がほどいた中間体を Dna2 が切る（20811461）。1 つの複合体として働き、試験管内だけなので取り込まない。Exo1 とは並行の経路で、制御の関係ではない
POL30,RAD30,2026-10-04,16611731;19264809,論文が食い違う。PCNA のモノユビキチン化は Pol η の PCNA への結合を高めない（16611731、試験管内）。19264809 は K164 のモノユビキチン化と Pol η の UBZ が 8-oxoG の変異を防ぐのに要るとするが、Pol η の呼び込みは「would favor」と提案止まり
POL30,REV1,2026-10-04,16611731;22829782,PCNA のユビキチン化は Rev1 の PCNA への結合を変えない（16611731、試験管内）。ubp10Δ で PCNA と Rev1 の結合が増える（22829782）だけで、作用の向きを書いた文はない
RAD54,RAD51,2026-10-04,19074197;20864034;21558173,Rad54 は鎖の侵入のあとヘテロ二重鎖から Rad51 を外して DNA 合成を始めさせ（19074197、試験管内）、損傷に伴う Rad51 の点を体内で除く（20864034）。一方で鎖の侵入を促す（21558173）。Rad51 を外すことと働かせることの両面があり、向きを 1 つに決められない
RDH54,RAD51,2026-10-04,20864034;36099310;21558173,Rdh54 は損傷のないクロマチンから有害な Rad51 を外す（20864034・21558173）一方、D ループでは Rad51 を安定にする（36099310）。状態で向きが逆
RAD54,SRS2,2026-10-04,35042797,Rad54 と Rdh54 が Srs2 による Rad51 フィラメントの解体を協同して強く抑えるのは DNA カーテン（試験管内）の結果のみ。「suggest」止まりで、体内の記述なし
RDH54,SRS2,2026-10-04,35042797,RAD54→SRS2 と同じ論文で、試験管内（DNA カーテン）の結果のみ
MPH1,RAD51,2026-10-04,19136626,Mph1 が抑えるのは交叉（非交叉へ振り向ける）で、試験管内で Rad51 が作った D ループを解く（19136626）。標的は組換え中間体で Rad51 の働きそのものへの作用ではないため、遺伝子の組としては決められない
CDC28,MSH6,2026-10-04,,BioGRID の根拠は質量分析・試験管内の大規模な基質探索のみ。PubMed で組み合わせを探したが、リン酸化の働きを書いた一次の論文が見つからない
PHO85,RAD51,2026-10-04,,BioGRID の根拠は質量分析・試験管内の大規模な基質探索のみ。PubMed で組み合わせを探したが、リン酸化の働きを書いた一次の論文が見つからない
IME2,YKU70,2026-10-04,,BioGRID の根拠は質量分析・試験管内の大規模な基質探索のみ。PubMed で組み合わせを探したが、リン酸化の働きを書いた一次の論文が見つからない
MEC1,RAD17,2026-10-04,,BioGRID の根拠は質量分析・試験管内の大規模な基質探索のみ。PubMed で組み合わせを探したが、リン酸化の働きを書いた一次の論文が見つからない
MEC1,MEC3,2026-10-04,,BioGRID の根拠は質量分析・試験管内の大規模な基質探索のみ。PubMed で組み合わせを探したが、リン酸化の働きを書いた一次の論文が見つからない
MEC1,MLH1,2026-10-04,,BioGRID の根拠は質量分析・試験管内の大規模な基質探索のみ。PubMed で組み合わせを探したが、リン酸化の働きを書いた一次の論文が見つからない
MEC1,MSH6,2026-10-04,,BioGRID の根拠は質量分析・試験管内の大規模な基質探索のみ。PubMed で組み合わせを探したが、リン酸化の働きを書いた一次の論文が見つからない
MEC1,RAD23,2026-10-04,,BioGRID の根拠は質量分析・試験管内の大規模な基質探索のみ。PubMed で組み合わせを探したが、リン酸化の働きを書いた一次の論文が見つからない
NAM7,EST2,2026-10-04,12582130;24563826,要旨は転写か分解かを分けておらず、分解だという根拠は別の論文の仕組み（2 本をつないだ推定）
XRN1,ATG8,2026-10-04,29465287,xrn1Δ で ATG mRNA が増えオートファジーが高まる（要旨）が、どの ATG 遺伝子かは要旨になく、PMC の本文も取れなかった
WHI3,ZAP1,2026-10-04,24386330,whi3Δ で ZAP1 mRNA が 1.5 倍に増えるだけで、分解（転写後）か転写かを分けていない
CCR4,RFX1,2026-10-04,17158920,Ccr4 が CRT1 mRNA の poly(A) 長を調節し Crt1 タンパク質量に「わずかに影響するかもしれない」とあるだけ。向きは遺伝学からの推定
PAT1,ATG9,2026-10-04,30527663,pat1Δ で ATG9 mRNA は減るが、Pat1 の非リン酸化変異では mRNA が増えてもタンパク質は増えず、ski3Δ でも同じ。タンパク質への作用が一つに決まらない
NAM7,STN1,2026-10-04,12582130,upf 変異で STN1 mRNA は増えるが半減期は変わらず、NMD に制御される転写因子を介するとある。転写（並行の作業へ）
DCP2,HRR25,2026-10-04,27182950,Hrr25 の P-body への移動に Dcp2 が要り、移動は Hrr25 を分解から守る一方で活性型を細胞質から隔離するとある。働きを上げるか下げるかが一つに決まらない。PMC の本文は取れなかった
FUS3,DHH1,2026-10-04,35835957,Fus3 の過剰発現で Dhh1-Puf6 結合と Ste12 量が変わるとあるが、Fus3 が Dhh1 をリン酸化するとも向きも書かれていない
SNF1,CCR4,2026-10-04,,Snf1 と Ccr4-Not の組み合わせで PubMed を探したが、Snf1 が Ccr4-Not を調節する一次論文は見つからなかった
SNF1,PAH1,2026-10-04,,DB では作用が none（網羅的なリン酸化データ）。2 つの名前で PubMed を探したが、作用を書いた一次論文は見つからなかった
SNF1,PFK26,2026-10-04,,DB では作用が none（網羅的なリン酸化データ）。2 つの名前で PubMed を探したが、作用を書いた一次論文は見つからなかった
TPK3,OPI1,2026-10-04,,DB では作用が none（網羅的なリン酸化データ）。2 つの名前で PubMed を探したが、作用を書いた一次論文は見つからなかった
YAK1,SEF1,2026-10-04,,DB では作用が none（網羅的なリン酸化データ）。2 つの名前で PubMed を探したが、作用を書いた一次論文は見つからなかった
OCA1,PUF3,2026-10-04,,DB では作用が none（網羅的なリン酸化データ）。2 つの名前で PubMed を探したが、作用を書いた一次論文は見つからなかった
SIW14,TIF4631,2026-10-04,,DB では作用が none（網羅的なリン酸化データ）。2 つの名前で PubMed を探したが、作用を書いた一次論文は見つからなかった
KSP1,NGR1,2026-10-04,,DB では作用が none（網羅的なリン酸化データ）。2 つの名前で PubMed を探したが、作用を書いた一次論文は見つからなかった
PHO85,SSD1,2026-10-04,,DB では作用が none（網羅的なリン酸化データ）。2 つの名前で PubMed を探したが、作用を書いた一次論文は見つからなかった
SNF1,RSP5,2026-10-04,,DB では作用が none（網羅的なリン酸化データ）。2 つの名前で PubMed を探したが、作用を書いた一次論文は見つからなかった
SNF1,ALY2,2026-10-04,,DB では作用が none（網羅的なリン酸化データ）。2 つの名前で PubMed を探したが、作用を書いた一次論文は見つからなかった
SNF1,BUL2,2026-10-04,,DB では作用が none（網羅的なリン酸化データ）。2 つの名前で PubMed を探したが、作用を書いた一次論文は見つからなかった
SNF1,GZF3,2026-10-04,,DB では作用が none（網羅的なリン酸化データ）。2 つの名前で PubMed を探したが、作用を書いた一次論文は見つからなかった
SNF1,SSD1,2026-10-04,,DB では作用が none（網羅的なリン酸化データ）。2 つの名前で PubMed を探したが、作用を書いた一次論文は見つからなかった
ATG1,SCD6,2026-10-04,,DB では作用が none（網羅的なリン酸化データ）。2 つの名前で PubMed を探したが、作用を書いた一次論文は見つからなかった
MCK1,EDC3,2026-10-04,,DB では作用が none（網羅的なリン酸化データ）。2 つの名前で PubMed を探したが、作用を書いた一次論文は見つからなかった
PHO85,PAN3,2026-10-04,,DB では作用が none（網羅的なリン酸化データ）。2 つの名前で PubMed を探したが、作用を書いた一次論文は見つからなかった
YCK1,NAB2,2026-10-04,,DB では作用が none（網羅的なリン酸化データ）。2 つの名前で PubMed を探したが、作用を書いた一次論文は見つからなかった
SNF1,RTK1,2026-10-04,,DB では作用が none（網羅的なリン酸化データ）。2 つの名前で PubMed を探したが、作用を書いた一次論文は見つからなかった
BCK1,YAK1,2026-10-04,,DB では作用が none（網羅的なリン酸化データ）。2 つの名前で PubMed を探したが、作用を書いた一次論文は見つからなかった
SNF1,PFK2,2026-10-04,,DB では作用が none（網羅的なリン酸化データ）。2 つの名前で PubMed を探したが、作用を書いた一次論文は見つからなかった
YAK1,DCS1,2026-10-04,,DB では作用が none（網羅的なリン酸化データ）。2 つの名前で PubMed を探したが、作用を書いた一次論文は見つからなかった
CMK1,LSM1,2026-10-04,,DB では作用が none（網羅的なリン酸化データ）。2 つの名前で PubMed を探したが、作用を書いた一次論文は見つからなかった
SNF1,SCP160,2026-10-04,,DB では作用が none（網羅的なリン酸化データ）。2 つの名前で PubMed を探したが、作用を書いた一次論文は見つからなかった
SNF1,PDS1,2026-10-04,,DB では作用が none（網羅的なリン酸化データ）。2 つの名前で PubMed を探したが、作用を書いた一次論文は見つからなかった
ATG1,SSD1,2026-10-04,,DB では作用が none（網羅的なリン酸化データ）。2 つの名前で PubMed を探したが、作用を書いた一次論文は見つからなかった
HSL1,CDC33,2026-10-04,,DB では作用が none（網羅的なリン酸化データ）。2 つの名前で PubMed を探したが、作用を書いた一次論文は見つからなかった
RIM15,UBP3,2026-10-04,,DB では作用が none（網羅的なリン酸化データ）。2 つの名前で PubMed を探したが、作用を書いた一次論文は見つからなかった
SNF1,HCR1,2026-10-04,,DB では作用が none（網羅的なリン酸化データ）。2 つの名前で PubMed を探したが、作用を書いた一次論文は見つからなかった
SNF1,VHS3,2026-10-04,,DB では作用が none（網羅的なリン酸化データ）。2 つの名前で PubMed を探したが、作用を書いた一次論文は見つからなかった
SNF1,TEF2,2026-10-04,,DB では作用が none（網羅的なリン酸化データ）。2 つの名前で PubMed を探したが、作用を書いた一次論文は見つからなかった
